ST_CASE,VEH_NO,PER_NO,P1,P2,P3,P4,P5,P6,P7,P8,P9,P10
10669,1,1,0,0,0,0,0,0,0,0,0,0
10669,2,1,0,0,0,0,0,0,0,0,0,0
10670,1,1,0,12,0,0,21,11,0,0,0,0
10671,1,1,29,22,25,17,26,18,20,2,13,23
10672,1,1,0,0,0,0,0,0,0,0,0,0
10672,2,1,0,0,0,0,0,0,8,0,0,0
10673,1,1,48,15,23,13,23,17,18,5,8,17
10674,1,1,10,10,10,10,10,10,10,10,10,10
10675,1,1,0,0,0,0,0,0,0,0,0,0
10676,1,1,0,0,0,0,0,0,0,0,0,0
10677,1,1,0,22,20,11,23,10,0,35,34,32
10678,1,1,17,0,10,16,21,23,31,28,29,25
10679,1,1,24,24,24,24,24,24,24,24,24,24
10679,2,1,24,24,24,24,24,24,24,24,24,24
10680,1,1,0,0,0,0,0,0,0,0,0,0
10681,1,1,0,0,0,0,0,0,0,0,0,0
10681,2,1,0,0,0,0,0,0,0,0,0,0
10681,3,1,0,0,0,0,0,0,0,0,0,0
10682,1,1,0,0,0,0,0,0,0,0,0,0
10682,2,1,0,0,0,0,0,0,0,0,0,0
10683,1,1,0,0,0,0,0,0,0,0,0,0
10683,2,1,0,0,0,0,0,0,0,0,0,0
10684,1,1,0,0,0,0,0,0,0,0,0,0
10684,2,1,0,0,0,0,0,0,0,0,0,0
10685,1,1,0,0,0,0,0,0,0,0,0,0
10685,2,1,0,0,0,0,0,0,0,0,0,0
10686,1,1,0,0,0,0,0,0,0,0,0,0
10686,2,1,0,0,0,0,0,0,0,0,0,0
10687,1,1,0,0,0,0,0,0,0,0,0,0
10688,1,1,0,0,0,0,0,0,0,0,0,0
10688,2,1,0,0,0,0,0,7,0,0,0,0
10689,1,1,12,13,0,14,0,5,12,0,0,17
10690,1,1,0,0,0,0,0,0,32,0,0,0
10690,2,1,0,0,0,0,0,0,0,0,0,0
10691,1,1,12,18,0,6,6,7,19,19,12,21
10692,1,1,25,0,10,14,10,0,28,24,0,26
10693,1,1,0,0,0,0,0,0,0,0,0,0
10693,2,1,0,0,0,0,0,0,0,0,0,0
10694,1,1,0,0,0,0,0,0,0,0,0,0
10694,2,1,0,0,0,0,0,12,0,0,0,0
10695,1,1,0,0,0,0,0,0,0,0,0,0
10695,2,1,0,0,0,0,0,0,0,0,0,0
10696,1,1,0,0,12,9,0,0,0,0,0,0
10696,2,1,0,0,0,0,0,2,0,0,0,0
10697,1,1,0,23,0,0,0,0,0,0,0,0
10698,1,1,7,7,7,7,7,7,7,7,7,7
10699,1,1,0,0,0,0,0,0,0,0,0,0
10699,2,1,0,0,0,0,0,0,0,0,0,0
10700,1,1,11,11,11,11,11,11,11,11,11,11
10701,1,1,18,18,18,18,18,18,18,18,18,18
10702,1,1,19,19,19,19,19,19,19,19,19,19
10703,1,1,0,0,0,0,0,0,0,0,0,0
10703,2,1,0,0,0,0,0,0,0,0,0,0
10704,1,1,0,0,0,0,0,0,0,0,0,0
10705,1,1,0,0,0,0,0,0,0,0,0,0
10705,2,1,0,0,0,0,0,0,0,0,0,0
10706,1,1,0,0,0,0,0,0,0,0,0,0
10706,2,1,0,0,0,0,0,0,0,0,0,16
10707,1,1,0,0,0,0,0,0,0,0,0,0
10708,1,1,0,21,0,0,0,22,0,0,0,0
10709,0,1,0,0,0,0,0,0,0,0,0,0
10709,1,1,0,0,0,0,0,0,0,0,0,0
10710,1,1,10,23,29,22,18,20,22,32,10,13
10711,1,1,13,27,15,18,13,17,8,13,9,13
10712,1,1,5,0,14,0,0,0,0,0,6,0
10713,1,1,0,0,0,0,0,0,0,0,0,0
10713,2,1,0,0,0,0,0,0,0,0,0,0
10714,1,1,31,31,31,31,31,31,31,31,31,31
10715,1,1,0,0,0,0,0,0,0,0,0,0
10715,2,1,0,0,0,0,0,0,0,0,0,0
10716,0,1,0,0,0,0,0,0,0,0,0,0
10716,1,1,0,0,0,0,0,0,0,0,0,0
10717,0,1,17,33,0,0,0,0,0,0,0,0
10717,1,1,0,0,0,0,0,0,0,0,0,0
10718,1,1,0,34,0,3,30,0,0,0,30,0
10719,1,1,0,0,0,0,0,0,0,0,0,0
10720,1,1,13,19,17,5,23,11,16,13,3,20
10721,0,1,0,0,0,0,0,0,0,0,0,0
10721,1,1,0,0,0,0,0,0,0,0,0,0
10722,1,1,0,0,0,0,0,0,0,0,0,0
10723,1,1,12,0,0,0,12,0,0,0,0,0
10723,2,1,0,0,0,0,0,0,0,0,0,0
10724,0,1,0,17,0,31,8,20,18,0,21,0
10724,0,2,37,14,8,0,10,0,0,0,22,25
10724,1,1,0,0,0,0,0,0,0,0,0,0
10725,0,1,0,0,0,0,0,0,0,0,0,0
10725,0,2,0,0,0,0,0,0,0,0,0,0
10725,1,1,0,0,0,0,0,0,0,0,0,0
10726,0,1,0,0,0,0,0,0,0,0,0,0
10726,1,1,0,0,0,4,0,0,0,0,0,11
10727,1,1,0,0,0,0,0,0,0,0,0,0
10728,1,1,27,27,27,27,27,27,27,27,27,27
10729,1,1,6,0,0,24,14,24,11,10,17,0
10730,1,1,14,20,17,0,0,8,26,11,32,30
10730,2,1,0,0,0,0,0,0,0,0,0,0
10731,0,1,43,34,29,13,0,0,0,23,0,0
10731,1,1,0,0,0,0,0,0,0,0,0,0
10732,0,1,0,45,0,0,19,0,17,9,21,0
10732,1,1,0,0,0,0,0,0,0,0,7,0
10733,1,1,0,0,0,0,0,0,0,0,0,0
10733,2,1,30,15,9,0,0,0,0,0,0,0
10734,1,1,0,13,0,0,32,0,0,0,0,0
10734,2,1,0,0,0,0,0,0,0,0,0,0
10735,1,1,0,0,0,0,0,0,0,0,0,0
10736,1,1,16,11,13,19,6,0,16,11,0,7
10736,2,1,0,0,27,0,0,0,0,0,0,0
10737,1,1,0,0,0,0,0,0,0,0,0,15
10737,2,1,0,0,0,0,0,0,0,0,0,0
10738,1,1,0,0,0,0,0,0,0,0,0,17
10738,2,1,0,0,0,0,0,0,0,0,0,0
10739,1,1,0,0,0,0,0,0,3,0,0,0
10740,1,1,0,0,0,0,0,0,0,0,0,0
10740,2,1,0,0,0,0,0,0,0,0,0,0
10741,1,1,4,7,0,0,0,0,10,0,0,11
10741,2,1,0,0,0,0,0,0,0,0,0,0
10742,0,1,0,0,0,0,0,7,0,0,20,0
10742,1,1,5,5,5,5,5,5,5,5,5,5
10743,1,1,0,0,0,0,0,0,0,0,0,0
10743,2,1,0,0,0,0,0,0,0,0,0,0
10744,1,1,0,0,0,0,0,0,0,0,0,0
10744,2,1,0,0,0,0,0,0,0,0,0,0
10745,1,1,0,0,0,0,0,18,0,0,0,0
10746,0,1,0,0,0,0,0,0,0,0,0,0
10746,1,1,10,12,0,0,0,13,0,0,0,0
10747,1,1,12,0,20,30,14,11,26,0,0,0
10747,2,1,19,0,17,16,0,0,0,0,0,0
10748,0,1,0,0,0,0,0,0,0,0,0,0
10748,1,1,0,0,0,0,0,0,0,0,0,0
10749,1,1,0,0,0,0,0,0,0,0,0,0
10749,2,1,0,0,0,0,0,0,0,0,0,0
10750,0,1,0,13,0,27,0,0,0,0,0,0
10750,1,1,7,0,0,36,0,8,0,0,4,0
10751,1,1,11,36,27,12,9,34,8,21,22,22
10752,1,1,0,0,0,0,0,0,0,0,0,0
10752,2,1,0,0,0,0,0,0,0,0,0,0
10752,3,1,0,0,0,0,0,0,0,0,0,0
10753,1,1,0,0,0,0,0,0,0,0,0,12
10754,1,1,0,0,0,0,9,0,0,0,0,5
10754,2,1,0,0,0,0,0,0,0,0,0,0
10755,1,1,0,0,0,0,21,0,0,12,0,0
10755,2,1,0,0,0,0,0,0,0,0,0,0
10756,1,1,0,0,0,0,0,0,0,0,0,0
10756,2,1,0,0,0,0,0,0,0,0,0,0
10757,1,1,0,0,8,0,0,0,0,0,0,0
10757,2,1,0,0,0,0,34,0,0,0,0,14
10758,1,1,0,0,0,0,0,0,0,0,0,0
10758,2,1,0,0,0,0,0,0,0,0,0,0
10759,1,1,6,6,6,6,6,6,6,6,6,6
10759,2,1,13,13,13,13,13,13,13,13,13,13
10760,1,1,0,13,0,0,0,0,0,0,18,0
10760,2,1,0,0,0,0,0,0,0,0,0,0
10761,1,1,0,0,16,0,9,14,0,0,0,0
10761,2,1,0,0,0,0,0,0,0,0,0,0
10762,1,1,27,27,27,27,27,27,27,27,27,27
10762,2,1,0,0,0,0,0,0,0,0,0,0
10763,1,1,0,0,0,0,0,15,13,0,0,0
10764,1,1,0,0,4,0,0,0,0,0,0,11
10764,2,1,0,7,0,11,0,27,3,6,5,11
10765,1,1,0,0,0,0,0,0,0,0,0,0
10765,2,1,6,9,0,15,0,0,0,7,0,0
10766,0,1,18,14,0,12,25,18,20,31,0,14
10766,1,1,0,0,20,0,0,0,19,0,0,0
10767,1,1,0,0,0,0,0,0,0,0,0,0
10767,2,1,0,0,0,0,0,0,0,0,0,0
10768,1,1,27,17,18,26,11,11,13,18,0,0
10769,1,1,0,8,0,0,0,0,0,28,0,0
10770,1,1,0,34,10,17,0,29,0,7,13,18
10770,2,1,0,0,0,0,0,0,0,0,0,0
10771,1,1,0,0,0,0,0,0,0,0,0,0
10771,2,1,0,0,0,0,0,0,0,0,0,0
10772,1,1,0,0,0,0,0,0,0,0,0,0
10772,2,1,0,0,0,0,0,0,0,0,0,0
10772,3,1,0,0,0,0,0,0,0,0,0,0
10772,4,1,0,0,0,0,0,0,0,0,0,0
10773,0,1,0,0,8,18,0,0,15,0,3,23
10773,1,1,0,0,0,0,0,0,0,0,0,0
10773,2,1,0,0,0,0,0,0,0,0,0,0
10773,3,1,0,0,16,0,0,0,0,0,0,0
10773,4,1,0,0,0,0,0,0,0,0,0,0
10773,5,1,18,0,0,0,0,0,0,0,0,0
10774,1,1,0,0,0,0,0,0,0,0,0,0
10775,1,1,13,0,0,0,0,0,0,0,0,0
10776,1,1,0,0,0,0,0,0,0,0,0,0
10776,2,1,0,0,0,0,0,0,0,0,0,0
10777,1,1,24,25,22,27,23,22,11,31,15,15
10777,2,1,0,0,0,0,0,0,0,0,0,0
10778,1,1,0,0,0,0,0,0,0,0,0,0
10778,2,1,0,0,0,0,0,0,0,0,20,0
10779,0,1,22,0,0,0,0,0,0,0,11,0
10779,1,1,0,0,0,0,0,0,0,0,0,0
10780,1,1,0,0,0,0,0,0,0,0,0,3
10780,2,1,0,0,0,0,0,6,0,0,0,0
10781,1,1,34,0,10,14,14,20,0,15,26,0
10781,2,1,0,0,0,0,0,0,0,0,0,0
10781,3,1,0,0,0,0,0,0,0,0,0,0
10781,4,1,0,0,0,0,0,0,0,0,32,0
10782,1,1,0,20,0,44,11,0,26,14,16,18
10783,1,1,0,0,0,0,0,0,0,0,0,0
10784,1,1,23,23,23,23,23,23,23,23,23,23
10785,0,1,0,0,19,0,0,0,0,0,0,0
10785,2,1,13,0,0,0,0,0,0,0,0,28
10786,1,1,0,0,0,0,0,0,0,11,0,0
10786,2,1,0,0,0,0,0,0,0,0,0,0
10787,1,1,0,0,0,0,0,0,0,0,0,0
10787,2,1,19,0,27,0,0,0,0,0,0,0
10788,0,1,32,32,32,32,32,32,32,32,32,32
10788,1,1,0,0,0,9,0,0,0,0,0,0
10789,1,1,0,0,0,0,0,0,0,0,0,0
10790,1,1,0,0,0,0,0,0,0,0,0,0
10791,1,1,0,0,0,0,0,0,0,0,0,0
10791,2,1,0,0,0,0,0,0,0,0,0,0
10792,1,1,0,0,0,0,0,0,0,0,0,0
10792,2,1,9,0,0,0,0,0,0,0,0,0
10793,1,1,0,0,0,0,0,0,0,0,0,0
10794,1,1,0,0,0,0,0,0,0,0,0,0
10794,2,1,0,0,0,0,0,0,0,0,0,0
10795,1,1,12,0,32,17,0,12,0,0,19,16
10796,1,1,37,0,0,0,12,21,23,11,13,34
10797,1,1,0,0,14,0,11,0,30,6,0,6
10798,1,1,14,4,14,29,11,12,9,24,6,7
10799,1,1,41,35,0,0,11,0,0,16,0,23
10800,1,1,0,0,0,0,0,0,0,0,0,0
10801,1,1,16,0,0,0,0,0,0,0,0,0
10802,1,1,0,0,0,0,0,0,0,0,0,0
10802,2,1,0,0,0,0,0,0,0,0,0,0
10803,1,1,0,0,0,0,0,0,0,0,0,0
10803,2,1,0,0,0,0,0,0,0,0,0,0
10803,3,1,0,0,0,0,0,0,0,0,21,0
10804,1,1,0,0,0,0,0,0,0,0,0,0
10805,1,1,0,0,0,0,0,0,19,0,0,0
10805,2,1,0,0,0,0,0,0,0,0,0,0
10806,0,1,0,16,0,0,0,0,0,0,6,0
10806,1,1,0,0,0,0,0,0,0,0,0,0
10807,1,1,0,0,0,0,0,0,0,0,0,0
10807,2,1,0,0,0,0,0,0,0,0,0,0
10808,1,1,0,0,0,0,10,0,0,0,0,0
10808,2,1,0,0,0,0,0,0,0,0,0,0
10809,1,1,0,0,0,0,0,0,0,0,0,0
10809,2,1,0,0,0,0,0,0,0,0,0,0
10810,1,1,0,0,0,0,0,0,0,0,0,0
10811,1,1,0,0,0,0,0,0,0,0,0,0
10811,2,1,0,0,0,0,0,0,0,0,0,0
10812,1,1,20,20,20,20,20,20,20,20,20,20
10812,2,1,17,0,0,0,0,0,0,0,0,0
10813,1,1,0,0,0,0,0,0,0,0,5,20
10813,2,1,0,0,0,0,0,0,0,0,0,0
20001,1,1,0,0,0,0,0,0,0,0,0,0
20001,2,1,0,0,0,0,0,0,0,0,0,0
20002,1,1,0,0,0,0,0,0,0,0,0,0
20002,2,1,0,0,0,0,0,0,0,0,0,0
20003,1,1,0,0,0,0,0,0,0,0,0,0
20004,1,1,17,17,17,17,17,17,17,17,17,17
20004,2,1,7,7,7,7,7,7,7,7,7,7
20005,1,1,24,24,24,24,24,24,24,24,24,24
20006,1,1,0,0,0,0,0,0,0,0,0,0
20007,1,1,11,11,11,11,11,11,11,11,11,11
20008,0,1,0,0,0,0,0,0,0,20,0,10
20008,1,1,0,0,0,0,0,0,0,0,0,0
20009,1,1,0,0,0,0,0,0,0,0,0,0
20009,2,1,0,0,0,0,0,0,0,0,0,0
20010,1,1,0,0,0,0,0,0,0,0,0,0
20011,1,1,0,0,0,0,0,0,0,0,0,0
20011,2,1,0,0,0,0,0,0,0,0,0,0
20012,1,1,0,0,0,0,0,0,0,0,0,0
20013,0,1,0,0,0,0,0,0,0,0,0,0
20013,1,1,0,0,0,0,0,0,0,0,0,0
20014,1,1,0,0,0,0,0,0,0,0,0,0
20015,1,1,22,22,22,22,22,22,22,22,22,22
20016,1,1,0,0,0,0,0,0,0,0,0,0
20016,2,1,12,12,12,12,12,12,12,12,12,12
20017,0,1,15,15,15,15,15,15,15,15,15,15
20017,1,1,0,0,0,0,0,0,0,17,0,0
20018,1,1,0,0,0,0,0,0,0,0,0,0
20019,1,1,16,16,16,16,16,16,16,16,16,16
20020,1,1,2,2,2,2,2,2,2,2,2,2
20021,0,1,0,0,0,0,0,0,0,0,0,0
20022,1,1,0,0,0,0,0,0,0,0,0,0
20022,2,1,0,0,0,0,0,0,0,0,0,0
20023,1,1,30,30,30,30,30,30,30,30,30,30
20024,1,1,0,0,0,0,0,0,0,0,0,0
20024,2,1,0,0,0,0,5,0,0,0,0,0
20025,1,1,0,0,0,0,17,0,0,0,0,0
20025,2,1,0,0,0,0,0,0,0,9,0,0
20026,1,1,0,0,0,0,0,0,0,0,0,0
20027,0,1,0,0,0,0,0,0,0,0,0,0
20027,0,2,0,0,0,0,0,0,0,0,0,0
20027,1,1,0,0,0,0,0,0,0,0,0,0
20028,0,1,8,0,0,0,0,0,0,0,0,0
20028,1,1,0,0,0,0,0,0,0,0,0,0
20029,0,1,0,0,0,0,0,0,0,0,0,0
20029,1,1,0,0,0,6,0,0,0,0,0,0
20030,1,1,25,25,25,25,25,25,25,25,25,25
20031,1,1,0,0,0,0,0,0,0,0,0,0
20031,2,1,0,0,0,0,0,0,0,0,0,0
20031,3,1,0,0,0,0,0,0,0,0,0,0
20032,1,1,0,0,0,0,0,0,0,0,0,0
20032,2,1,0,0,0,0,0,0,0,0,0,0
20033,1,1,0,0,0,0,0,0,0,0,0,0
20033,2,1,0,0,0,0,0,0,0,0,0,0
20033,3,1,0,0,0,0,0,0,0,0,0,0
20034,1,1,2,2,2,2,2,2,2,2,2,2
20035,1,1,7,7,7,7,7,7,7,7,7,7
20036,1,1,0,0,0,0,0,0,0,0,0,0
20037,0,1,0,0,0,0,0,0,0,0,0,0
20037,1,1,0,0,0,0,0,0,0,0,0,0
20038,1,1,0,0,0,0,0,0,0,0,0,0
20038,2,1,0,0,0,0,0,0,0,0,0,0
20039,1,1,6,6,6,6,6,6,6,6,6,6
20039,2,1,14,14,14,14,14,14,14,14,14,14
20040,1,1,9,9,9,9,9,9,9,9,9,9
20041,1,1,0,0,0,0,0,0,0,0,0,0
20042,1,1,0,0,0,0,0,0,0,0,0,0
20042,2,1,0,0,0,0,0,0,0,0,0,0
20043,1,1,0,0,0,0,0,0,0,0,0,0
20043,2,1,0,0,0,0,0,0,0,0,0,0
20044,1,1,13,13,13,13,13,13,13,13,13,13
20045,1,1,0,0,0,0,0,0,0,0,0,0
20046,1,1,0,0,0,0,0,0,0,0,0,0
20046,2,1,0,0,0,0,0,0,0,0,0,0
20047,0,1,0,0,0,0,0,0,0,0,0,0
20047,1,1,0,0,0,0,0,0,0,0,0,0
20048,1,1,20,20,20,20,20,20,20,20,20,20
20049,1,1,16,16,16,16,16,16,16,16,16,16
20050,1,1,22,22,22,22,22,22,22,22,22,22
20051,1,1,0,0,0,0,0,0,0,0,0,0
20051,2,1,0,0,0,0,0,0,0,0,0,0
20052,0,1,30,30,30,30,30,30,30,30,30,30
20052,1,1,0,0,16,0,0,0,0,0,0,0
20053,0,1,0,0,0,0,0,0,0,0,0,0
20053,1,1,0,0,0,0,0,0,0,0,0,0
20054,1,1,12,12,12,12,12,12,12,12,12,12
20054,2,1,0,0,0,0,0,0,0,0,0,0
20054,3,1,0,0,0,0,0,0,0,0,0,0
20055,1,1,0,0,0,0,0,0,0,0,0,0
20056,1,1,0,0,0,0,0,0,0,0,0,0
20056,2,1,0,0,0,0,0,0,0,0,0,0
20057,1,1,0,0,0,0,0,0,0,0,0,0
20057,2,1,19,19,19,19,19,19,19,19,19,19
20058,1,1,0,0,0,0,0,0,0,0,0,0
20058,2,1,0,0,0,0,0,0,0,0,0,0
20059,1,1,17,17,17,17,17,17,17,17,17,17
20060,1,1,0,0,0,0,0,0,0,0,0,0
20060,2,1,0,0,0,0,0,0,0,0,0,0
20060,3,1,0,0,0,0,0,0,0,0,0,0
20061,1,1,0,0,0,0,0,0,0,0,0,0
20061,2,1,0,0,0,0,0,0,0,0,0,0
20062,1,1,8,8,8,8,8,8,8,8,8,8
20063,1,1,0,0,0,0,0,0,0,0,0,0
20063,2,1,0,0,0,0,0,0,0,0,0,0
40001,0,1,0,0,0,0,0,0,0,0,0,0
40001,1,1,0,0,0,0,0,0,0,0,0,0
40002,1,1,0,0,0,0,0,0,0,0,0,0
40003,0,1,18,0,0,25,0,29,0,36,45,22
40003,1,1,0,0,0,0,0,0,0,0,0,0
40004,1,1,0,0,0,0,0,0,0,0,0,0
40004,2,1,0,5,0,0,0,0,0,0,0,0
40004,3,1,0,0,0,0,0,0,0,0,0,0
40004,4,1,0,0,0,0,0,0,0,0,0,0
40004,5,1,0,0,0,0,0,0,0,0,0,0
40005,1,1,16,23,0,0,0,17,0,9,17,0
40006,1,1,18,18,18,18,18,18,18,18,18,18
40007,1,1,0,0,0,0,0,0,0,0,0,0
40007,2,1,0,0,0,0,0,0,0,0,0,0
40008,1,1,2,2,2,2,2,2,2,2,2,2
40009,0,1,0,0,0,0,0,0,0,0,0,0
40009,1,1,0,0,0,0,0,0,0,0,0,0
40010,1,1,0,0,19,0,0,0,0,0,0,0
40011,1,1,0,0,0,0,0,0,0,0,0,0
40012,1,1,18,18,18,18,18,18,18,18,18,18
40012,2,1,0,0,0,0,0,0,0,0,0,0
40013,0,1,18,18,18,18,18,18,18,18,18,18
40013,1,1,0,0,0,0,0,0,0,0,0,0
40014,1,1,33,33,33,33,33,33,33,33,33,33
40015,1,1,0,0,0,0,0,0,14,0,0,0
40016,1,1,12,12,12,12,12,12,12,12,12,12
40017,1,1,0,0,0,0,0,0,0,0,0,0
40019,1,1,18,18,18,18,18,18,18,18,18,18
40019,2,1,0,0,0,0,0,0,0,0,0,0
40020,1,1,22,22,22,22,22,22,22,22,22,22
40021,1,1,23,23,23,23,23,23,23,23,23,23
40021,2,1,0,0,0,0,0,0,0,0,0,0
40022,1,1,38,38,38,38,38,38,38,38,38,38
40024,1,1,0,0,0,0,0,0,0,0,0,0
40025,1,1,0,0,0,0,0,0,0,0,0,0
40026,1,1,0,0,0,0,0,0,0,0,0,0
40026,2,1,0,0,0,0,0,0,0,0,0,0
40026,3,1,0,0,10,0,0,0,0,7,0,0
40027,0,1,11,11,11,11,11,11,11,11,11,11
40027,1,1,0,0,0,0,0,0,0,0,0,0
40028,1,1,0,0,0,0,0,0,0,0,0,0
40029,1,1,0,0,0,0,0,0,0,0,0,0
40030,1,1,11,11,11,11,11,11,11,11,11,11
40030,2,1,0,0,0,0,0,0,0,0,0,0
40031,1,1,21,21,21,21,21,21,21,21,21,21
40032,1,1,0,0,0,0,0,0,0,0,0,0
40032,2,1,0,0,0,0,0,0,0,0,0,0
40033,1,1,13,13,13,13,13,13,13,13,13,13
40034,0,1,25,25,25,25,25,25,25,25,25,25
40034,1,1,0,0,0,0,0,0,0,0,0,0
40035,0,1,36,36,36,36,36,36,36,36,36,36
40035,1,1,0,0,0,0,0,0,0,0,0,0
40035,2,1,0,0,0,7,0,0,0,0,0,0
40036,0,1,0,0,0,0,0,0,0,0,0,0
40037,0,1,22,22,22,22,22,22,22,22,22,22
40037,1,1,0,0,0,0,0,0,0,0,0,0
40038,0,1,0,0,0,0,0,0,0,0,0,0
40038,1,1,0,0,0,0,0,0,0,0,0,0
40039,0,1,0,0,0,0,0,0,0,0,0,0
40039,1,1,0,0,0,0,0,0,0,0,0,0
40040,0,1,0,0,0,0,0,0,0,0,0,0
40040,1,1,17,17,17,17,17,17,17,17,17,17
40041,0,1,0,0,0,0,0,0,0,0,0,0
40041,1,1,11,11,11,11,11,11,11,11,11,11
40042,0,1,25,25,25,25,25,25,25,25,25,25
40042,1,1,0,0,0,0,0,0,0,0,0,0
40042,2,1,0,0,0,0,0,0,0,0,0,0
40043,1,1,0,0,0,0,0,0,0,0,0,0
40043,2,1,0,0,0,17,0,0,0,0,0,0
40043,3,1,0,0,0,0,0,0,0,0,0,0
40044,1,1,0,0,0,0,0,0,0,0,0,0
40044,2,1,0,0,0,0,0,0,0,0,0,0
40045,1,1,5,10,0,0,3,0,0,11,0,24
40046,1,1,0,0,0,0,0,0,0,0,0,0
40046,2,1,0,0,0,0,0,0,0,0,0,0
40047,0,1,0,0,0,0,0,0,0,0,0,0
40047,1,1,0,0,0,0,0,0,0,0,0,0
40049,1,1,0,0,0,0,31,0,0,0,0,0
40050,1,1,0,0,0,0,0,0,0,0,0,0
40051,1,1,36,36,36,36,36,36,36,36,36,36
40052,1,1,0,0,0,0,0,0,0,0,0,0
40053,1,1,20,20,20,20,20,20,20,20,20,20
40054,1,1,0,0,18,0,0,0,0,0,0,0
40054,2,1,0,0,0,0,0,0,0,0,0,0
40054,3,1,0,0,0,0,0,0,0,0,0,0
40055,1,1,24,24,24,24,24,24,24,24,24,24
40055,2,1,0,0,0,0,0,0,0,0,0,0
40055,3,1,0,0,0,0,0,0,0,0,0,0
40055,4,1,0,0,0,0,0,0,0,0,0,0
40055,5,1,0,0,0,0,0,0,0,0,0,0
40056,1,1,0,0,0,0,0,0,0,0,0,0
40056,2,1,0,0,0,0,0,0,0,0,0,0
40057,1,1,0,0,0,0,0,0,0,0,0,0
40057,2,1,0,0,0,0,0,0,0,0,0,0
40058,1,1,0,0,0,0,0,0,0,0,0,0
40058,2,1,0,0,0,0,0,0,0,0,0,0
40058,3,1,0,0,0,0,0,0,0,0,0,0
40059,0,1,26,26,26,26,26,26,26,26,26,26
40059,1,1,0,0,0,0,0,0,0,0,0,0
40059,2,1,0,0,0,0,0,0,0,0,0,0
40060,1,1,0,0,0,0,0,0,0,0,0,0
40060,2,1,0,0,0,0,0,0,0,0,0,0
40061,1,1,0,0,0,0,0,0,0,0,0,0
40061,2,1,0,0,0,0,0,0,0,0,0,0
40062,1,1,0,0,0,0,18,0,0,0,0,0
40062,2,1,0,0,0,0,0,0,0,0,0,0
40062,3,1,0,0,0,0,0,0,0,0,0,22
40063,0,1,0,0,0,0,0,0,0,0,0,0
40063,1,1,0,0,0,0,0,0,0,0,0,0
40064,1,1,0,0,0,0,0,0,0,0,0,0
40064,2,1,0,0,0,0,0,0,0,0,0,0
40065,0,1,0,0,0,0,0,0,0,0,0,0
40065,1,1,0,0,0,0,0,0,0,0,0,0
40066,1,1,0,0,0,0,0,0,0,0,0,0
40066,2,1,0,0,0,0,0,0,0,0,0,0
40066,3,1,0,0,0,0,0,0,0,0,0,0
40067,1,1,36,9,8,5,18,9,16,24,26,19
40067,2,1,0,0,0,0,0,18,0,0,0,0
40068,1,1,0,0,0,0,0,0,0,0,0,0
40069,0,1,43,0,0,0,0,17,0,43,0,21
40069,1,1,0,0,0,0,4,0,0,0,0,0
40070,1,1,0,15,0,6,0,0,0,0,0,0
40071,1,1,0,0,0,0,0,0,0,0,0,0
40071,2,1,0,0,0,0,0,0,0,0,0,0
40072,0,1,0,0,0,0,0,0,0,0,0,0
40072,1,1,0,0,0,0,0,0,0,0,0,0
40073,1,1,0,0,0,0,0,0,0,0,0,0
40074,1,1,0,0,0,0,0,0,0,0,0,0
40074,2,1,0,0,0,0,0,0,0,0,0,0
40075,1,1,0,0,0,0,0,0,0,0,0,0
40075,2,1,0,0,0,0,0,0,0,0,0,0
40076,1,1,0,0,0,0,0,0,0,0,0,0
40077,1,1,0,0,0,0,0,0,0,0,0,0
40078,1,1,5,5,5,5,5,5,5,5,5,5
40078,2,1,0,0,0,0,0,0,0,0,0,0
40078,3,1,0,0,0,0,0,0,0,0,0,0
40078,4,1,0,0,0,0,0,0,0,0,0,0
40079,1,1,0,0,0,0,0,0,0,0,0,0
40079,2,1,0,0,20,0,0,0,0,0,0,0
40079,3,1,0,0,0,0,0,0,0,0,0,0
40080,1,1,0,0,0,0,0,0,4,0,0,0
40081,1,1,13,13,13,13,13,13,13,13,13,13
40082,1,1,19,19,19,19,19,19,19,19,19,19
40083,0,1,0,0,0,0,0,0,0,0,0,0
40083,1,1,0,0,0,0,0,0,0,0,0,0
40084,1,1,0,0,0,0,0,0,0,0,0,0
40084,2,1,0,0,0,0,0,0,0,0,0,0
40085,1,1,0,0,0,0,0,0,0,0,0,0
40086,1,1,17,0,26,24,20,46,12,15,15,17
40087,1,1,0,0,0,0,0,0,0,0,0,0
40087,2,1,0,0,0,0,0,0,0,0,0,0
40087,3,1,0,0,0,0,3,0,0,0,0,0
40087,4,1,0,0,0,0,12,30,0,0,0,0
40088,1,1,0,0,0,0,0,0,0,0,0,0
40088,2,1,0,0,0,0,0,0,0,0,0,0
40089,1,1,0,0,0,0,0,0,0,0,0,0
40089,2,1,0,0,0,0,0,0,0,0,0,0
40090,0,1,0,0,0,0,0,0,8,0,0,0
40090,0,2,19,14,0,0,0,0,0,0,0,0
40090,1,1,0,0,0,0,7,0,0,0,0,0
40091,1,1,17,17,17,17,17,17,17,17,17,17
40092,1,1,0,0,0,0,0,0,0,0,0,0
40092,2,1,0,0,10,0,0,0,0,0,0,0
40093,1,1,26,26,26,26,26,26,26,26,26,26
40094,0,1,0,0,0,0,0,0,0,0,0,0
40094,1,1,0,0,0,0,0,0,0,0,0,0
40095,1,1,0,0,0,0,0,0,0,0,0,0
40095,2,1,8,0,0,0,0,0,0,0,0,0
40096,0,1,0,0,0,0,0,0,0,0,0,0
40096,1,1,0,0,0,0,0,0,0,0,0,0
40097,1,1,0,0,0,0,0,0,0,0,0,0
40098,1,1,0,0,0,0,0,0,0,0,0,0
40099,1,1,0,0,0,10,0,0,0,0,0,0
40099,2,1,0,0,0,0,0,0,0,0,0,0
40100,1,1,0,0,9,0,0,0,0,0,0,0
40101,1,1,0,0,0,0,0,0,0,0,0,0
40102,1,1,0,0,0,0,23,0,0,0,0,0
40103,1,1,0,0,0,0,0,0,0,0,0,0
40104,0,1,0,0,0,0,0,0,0,0,0,0
40104,1,1,0,0,0,0,8,17,0,0,0,23
40105,1,1,0,0,0,0,0,19,18,0,19,17
40106,1,1,0,0,0,0,0,0,0,0,0,0