ST_CASE,VEH_NO,PER_NO,P1,P2,P3,P4,P5,P6,P7,P8,P9,P10
40106,2,1,0,0,0,0,0,0,0,0,0,0
40107,1,1,0,0,0,0,0,0,0,0,0,0
40108,0,1,25,25,25,25,25,25,25,25,25,25
40108,1,1,6,6,6,6,6,6,6,6,6,6
40109,1,1,0,0,0,0,0,0,0,0,0,0
40110,1,1,0,0,0,0,0,0,0,0,0,0
40110,2,1,0,0,0,0,0,0,0,0,0,0
40111,1,1,0,0,0,0,0,0,0,0,0,0
40111,2,1,0,0,0,0,0,0,0,0,0,0
40112,0,1,2,2,2,2,2,2,2,2,2,2
40112,1,1,0,0,0,0,0,0,0,0,0,0
40113,1,1,12,12,12,12,12,12,12,12,12,12
40114,1,1,0,0,0,0,0,0,0,0,0,0
40115,1,1,0,0,0,0,0,0,0,0,0,0
40116,1,1,0,0,0,0,0,0,0,0,0,0
40116,2,1,0,0,0,0,0,0,0,0,0,0
40117,0,1,29,29,29,29,29,29,29,29,29,29
40117,1,1,0,0,0,0,0,0,0,0,0,0
40118,1,1,0,0,0,0,0,0,0,0,0,0
40118,2,1,0,0,0,0,0,0,0,0,0,0
40119,1,1,0,0,0,0,0,0,0,0,0,0
40119,2,1,0,0,0,0,0,0,0,0,0,0
40120,0,1,0,0,0,0,0,0,0,0,0,0
40120,0,2,0,9,0,0,0,0,0,0,0,0
40120,1,1,31,31,31,31,31,31,31,31,31,31
40121,1,1,20,20,20,20,20,20,20,20,20,20
40122,0,1,0,0,0,0,0,0,0,0,0,0
40122,1,1,4,0,23,24,10,19,0,0,0,0
40123,0,1,0,14,34,19,32,26,21,0,28,23
40123,1,1,0,0,0,0,0,0,0,0,0,0
40124,1,1,0,0,0,0,0,0,0,0,0,0
40124,2,1,0,0,0,0,0,0,0,0,0,0
40124,3,1,0,0,0,0,0,0,0,0,0,0
40124,4,1,0,0,0,0,0,0,0,0,0,0
40125,1,1,0,0,0,0,0,0,12,0,0,0
40126,1,1,0,0,0,0,0,0,0,0,0,0
40126,2,1,0,0,0,0,0,0,0,0,0,0
40126,3,1,0,0,0,0,0,0,0,0,0,0
40126,4,1,0,0,0,0,0,0,0,0,0,0
40127,1,1,0,0,0,0,0,0,0,0,0,0
40127,2,1,0,0,0,0,0,0,0,0,0,0
40128,1,1,0,0,0,36,0,0,0,0,0,0
40128,2,1,0,0,0,0,0,0,0,0,0,0
40128,3,1,0,0,0,0,0,0,0,0,0,0
40129,0,1,17,0,22,31,27,0,0,0,19,0
40129,1,1,0,0,7,0,0,0,0,0,0,0
40130,1,1,0,0,0,0,0,0,0,0,0,0
40130,2,1,0,0,0,0,0,0,0,0,0,0
40130,3,1,0,0,0,0,0,0,0,0,0,0
40130,4,1,0,0,0,0,0,0,0,0,0,0
40130,5,1,0,0,0,0,0,0,0,0,0,0
40131,0,1,22,22,22,22,22,22,22,22,22,22
40131,1,1,0,0,0,0,0,0,0,0,0,0
40132,1,1,20,20,20,20,20,20,20,20,20,20
40133,0,1,0,0,0,0,0,0,0,0,0,0
40133,1,1,11,0,16,0,4,0,23,0,0,0
40134,1,1,0,0,0,0,0,0,0,0,0,0
40134,2,1,0,0,0,0,0,0,0,0,0,0
40135,1,1,27,27,27,27,27,27,27,27,27,27
40136,0,1,0,0,0,0,0,0,0,0,0,0
40136,1,1,0,0,0,0,0,0,0,0,0,0
40137,1,1,0,0,0,0,0,0,0,0,0,0
40137,2,1,0,0,0,0,0,0,0,0,0,0
40138,1,1,11,8,0,0,27,0,0,39,7,0
40139,0,1,0,5,0,13,19,18,0,24,31,0
40139,1,1,0,0,0,3,0,0,0,0,0,0
40139,2,1,0,0,0,0,0,0,0,0,0,0
40140,1,1,25,0,0,0,10,12,0,0,9,25
40140,2,1,0,0,0,0,0,0,0,0,0,0
40140,3,1,0,0,0,0,0,0,0,0,0,0
40141,1,1,30,30,30,30,30,30,30,30,30,30
40141,2,1,17,0,0,0,0,8,0,0,0,0
40143,1,1,18,23,25,17,23,10,26,9,8,33
40144,1,1,0,0,0,0,0,0,0,0,0,0
40144,2,1,0,0,0,0,0,0,0,0,0,0
40145,1,1,0,0,0,0,0,0,0,0,0,0
40145,2,1,0,0,0,0,0,0,0,0,0,0
40146,1,1,0,0,0,0,0,0,0,0,0,0
40146,2,1,0,0,0,0,0,0,0,0,0,0
40147,0,1,0,0,0,0,0,0,0,0,0,0
40147,1,1,0,0,0,0,0,0,11,0,0,0
40148,0,1,0,0,0,0,0,0,0,0,0,0
40148,1,1,0,0,0,0,0,0,0,0,0,0
40149,1,1,0,12,0,12,0,0,0,0,7,0
40149,2,1,0,0,0,0,0,0,0,0,0,0
40150,0,1,0,0,0,0,0,0,0,0,0,0
40150,1,1,26,26,26,26,26,26,26,26,26,26
40151,1,1,0,0,0,0,0,0,0,0,0,0
40151,2,1,0,0,0,0,0,0,0,0,0,0
40152,1,1,27,27,27,27,27,27,27,27,27,27
40153,1,1,7,7,7,7,7,7,7,7,7,7
40155,1,1,20,20,20,20,20,20,20,20,20,20
40156,1,1,16,20,16,26,25,19,25,26,23,6
40157,1,1,0,0,0,0,0,0,0,0,0,0
40157,2,1,0,0,0,0,0,0,0,0,0,0
40157,3,1,0,0,0,0,0,0,0,0,0,0
40158,1,1,0,0,0,0,0,0,0,0,0,0
40158,2,1,0,0,0,0,0,0,0,0,0,0
40159,1,1,0,0,0,0,0,0,0,0,0,0
40160,1,1,0,0,0,0,0,0,0,0,0,0
40160,2,1,0,0,0,0,0,7,0,0,0,0
40161,1,1,2,2,2,2,2,2,2,2,2,2
40162,1,1,0,24,14,25,26,19,12,11,14,15
40163,1,1,0,0,0,0,0,0,0,0,0,0
40164,0,1,0,0,0,0,0,0,0,0,0,0
40164,1,1,0,0,0,0,0,0,0,0,0,20
40164,2,1,0,0,0,0,0,0,0,0,0,0
40165,0,1,0,0,0,0,0,0,0,0,0,0
40165,1,1,0,0,0,0,0,0,0,0,0,0
40166,1,1,0,0,0,0,0,0,0,0,0,0
40166,2,1,0,0,0,0,0,0,0,0,0,0
40167,1,1,0,0,0,0,0,0,0,0,0,0
40167,2,1,0,0,0,0,0,0,0,0,0,0
40167,3,1,0,0,0,0,0,0,0,0,0,0
40168,1,1,0,0,0,0,0,0,0,0,0,0
40168,2,1,0,0,0,0,0,0,0,0,0,0
40169,1,1,23,23,23,23,23,23,23,23,23,23
40170,1,1,11,11,11,11,11,11,11,11,11,11
40171,0,1,0,0,0,0,0,0,0,0,0,0
40171,1,1,0,0,0,0,0,0,0,0,0,0
40172,1,1,14,14,14,14,14,14,14,14,14,14
40172,2,1,6,8,10,17,2,24,6,21,6,5
40173,1,1,0,0,0,0,0,0,0,0,0,0
40173,2,1,0,0,0,0,0,0,0,0,0,0
40173,3,1,0,0,0,10,0,0,0,4,0,0
40174,1,1,0,0,0,0,0,0,0,0,0,0
40174,2,1,0,0,0,0,0,0,0,0,0,0
40175,1,1,21,9,19,7,25,28,40,22,6,16
40175,2,1,0,0,0,0,0,0,0,0,0,0
40176,1,1,0,0,0,0,0,0,29,0,0,0
40176,2,1,0,0,0,0,0,0,0,0,0,0
40176,3,1,0,0,0,3,0,0,0,0,0,0
40176,4,1,0,0,0,0,0,0,0,0,0,0
40177,1,1,0,0,0,0,0,0,0,0,0,0
40178,1,1,0,0,0,0,0,0,0,0,0,0
40179,1,1,16,16,16,16,16,16,16,16,16,16
40180,1,1,15,15,15,15,15,15,15,15,15,15
40180,2,1,0,0,0,0,0,0,0,0,0,0
40181,1,1,0,0,0,0,0,0,0,0,0,0
40181,2,1,0,0,0,0,0,0,0,0,0,0
40181,3,1,0,0,0,0,0,0,0,0,0,0
40182,1,1,18,18,18,18,18,18,18,18,18,18
40183,1,1,0,0,0,0,0,0,0,0,0,0
40183,2,1,0,0,0,0,0,0,0,0,0,0
40184,1,1,0,0,0,0,0,0,0,0,0,0
40184,2,1,0,0,0,0,0,0,0,0,0,0
40185,1,1,0,0,0,0,0,0,0,0,0,0
40185,2,1,0,0,0,0,0,0,0,0,0,0
40186,1,1,0,0,7,0,14,5,17,14,0,11
40187,1,1,15,15,15,15,15,15,15,15,15,15
40188,1,1,0,19,0,11,0,0,0,0,0,0
40188,2,1,0,0,0,0,0,0,0,0,0,0
40188,3,1,0,0,0,0,0,0,0,0,0,0
40189,0,1,9,9,9,9,9,9,9,9,9,9
40189,1,1,0,0,0,0,7,0,0,3,13,0
40190,0,1,8,8,8,8,8,8,8,8,8,8
40190,1,1,0,0,0,0,0,0,0,0,0,0
40191,1,1,0,26,0,0,0,0,0,0,0,0
40191,2,1,0,0,0,0,0,0,0,0,0,0
40192,1,1,21,21,21,21,21,21,21,21,21,21
40193,1,1,0,0,0,0,0,0,0,0,0,0
40194,1,1,0,0,0,0,0,0,0,0,0,0
40194,2,1,0,0,0,0,0,0,0,0,0,0
40195,1,1,0,0,0,0,0,0,0,0,0,0
40195,2,1,0,17,0,0,0,0,0,0,0,11
40195,3,1,0,0,0,0,0,0,0,0,0,0
40195,4,1,0,0,0,0,0,0,0,0,0,0
40196,1,1,26,0,0,0,0,0,0,0,0,0
40196,2,1,19,19,19,19,19,19,19,19,19,19
40197,1,1,0,0,0,0,0,1,0,0,0,0
40197,2,1,0,0,0,0,0,0,0,0,0,0
40198,1,1,0,0,0,0,0,0,0,0,0,0
40198,2,1,0,0,0,0,0,0,0,0,0,0
40199,0,1,0,0,0,0,0,0,0,0,0,0
40199,1,1,0,0,0,0,0,0,0,0,0,0
40200,1,1,23,23,23,23,23,23,23,23,23,23
40201,1,1,0,0,0,0,0,0,0,0,0,0
40202,1,1,0,0,0,0,0,0,0,0,0,0
40203,1,1,0,0,0,0,0,0,0,0,0,0
40203,2,1,0,0,0,0,0,0,0,0,0,0
40204,0,1,0,0,0,0,0,0,0,0,0,0
40204,1,1,0,0,0,0,0,0,0,0,0,0
40205,1,1,24,24,24,24,24,24,24,24,24,24
40205,2,1,0,0,0,0,0,0,0,0,0,0
40206,1,1,0,0,0,0,0,0,0,0,0,0
40207,1,1,0,0,0,0,0,0,0,0,0,0
40207,2,1,12,12,12,12,12,12,12,12,12,12
40208,1,1,0,0,0,0,0,0,0,0,0,0
40209,1,1,33,18,14,8,10,18,24,29,19,2
40209,2,1,0,0,0,0,0,0,0,0,0,0
40210,0,1,0,0,0,0,0,0,0,0,0,0
40210,0,2,0,0,0,0,0,0,0,0,0,0
40210,1,1,20,20,20,20,20,20,20,20,20,20
40211,1,1,0,0,0,0,0,0,0,0,0,0
40211,2,1,0,0,0,0,0,0,0,0,0,0
40212,0,1,0,0,0,0,0,0,0,0,0,0
40212,1,1,0,0,0,0,0,0,0,0,0,0
40212,2,1,0,8,16,8,0,8,0,0,0,18
40213,1,1,21,21,21,21,21,21,21,21,21,21
40214,0,1,0,0,0,0,0,0,0,0,0,0
40214,0,2,0,0,0,0,0,0,0,0,0,0
40214,1,1,0,0,0,0,0,0,0,0,0,0
40215,1,1,0,0,0,0,0,0,0,0,0,0
40215,2,1,0,0,0,0,0,0,0,0,0,0
40216,1,1,0,0,0,0,0,0,0,0,0,0
40217,1,1,0,0,0,0,0,0,0,0,0,0
40218,1,1,19,19,19,19,19,19,19,19,19,19
40218,2,1,0,0,0,0,0,0,0,0,0,0
40219,1,1,0,0,0,0,0,0,0,0,0,0
40220,1,1,0,0,0,0,0,0,0,0,0,0
40220,2,1,0,0,0,0,0,0,0,0,0,0
40220,3,1,0,0,0,0,0,0,0,0,0,0
40221,1,1,14,14,14,14,14,14,14,14,14,14
40221,2,1,0,0,0,0,0,0,0,0,0,0
40222,1,1,0,0,0,0,0,0,0,0,10,0
40223,1,1,0,0,0,23,0,0,0,0,0,0
40224,1,1,6,6,6,6,6,6,6,6,6,6
40225,1,1,9,15,0,24,0,0,8,22,18,0
40226,1,1,0,0,0,0,0,0,0,0,0,0
40227,1,1,24,24,24,24,24,24,24,24,24,24
40228,1,1,6,6,6,6,6,6,6,6,6,6
40228,2,1,0,0,0,0,0,0,0,0,0,0
40229,0,1,0,0,0,0,0,0,0,0,0,0
40229,1,1,0,0,0,0,0,0,0,18,0,0
40230,1,1,0,0,0,0,0,0,0,0,0,0
40231,1,1,0,0,0,0,0,0,0,0,0,0
40232,1,1,0,0,0,0,0,0,0,0,0,0
40232,2,1,0,0,0,0,0,0,0,0,0,0
40233,1,1,30,12,8,13,15,10,10,14,13,22
40233,2,1,0,0,0,0,0,0,0,0,0,0
40234,1,1,0,0,0,0,0,0,0,0,0,0
40235,1,1,0,0,0,0,0,0,0,0,0,0
40235,2,1,0,0,0,0,0,0,0,0,0,0
40235,3,1,0,0,0,0,0,0,0,0,0,0
40235,4,1,0,0,0,0,0,0,0,0,0,0
40236,0,1,0,0,0,0,0,0,0,0,0,0
40236,1,1,0,0,0,0,0,0,0,0,0,0
40237,1,1,0,0,0,0,0,0,0,0,0,0
40238,1,1,0,0,0,0,0,0,0,0,0,0
40239,0,1,0,0,0,0,0,0,0,0,0,0
40239,2,1,0,0,0,0,0,0,0,0,15,0
40240,1,1,0,0,0,0,0,0,0,0,0,0
40241,1,1,0,0,0,0,0,0,0,0,0,0
40241,2,1,0,0,0,0,0,0,0,0,0,0
40242,1,1,0,0,0,0,0,0,0,0,0,0
40242,2,1,0,0,0,0,0,0,0,0,0,0
40243,1,1,0,0,0,0,0,0,0,0,0,0
40243,2,1,11,0,0,0,0,0,0,0,0,0
40245,0,1,17,17,17,17,17,17,17,17,17,17
40245,1,1,0,0,0,0,0,0,0,0,0,0
40245,2,1,0,0,0,0,0,0,0,0,0,0
40246,0,1,18,18,18,18,18,18,18,18,18,18
40246,1,1,15,15,15,15,15,15,15,15,15,15
40247,1,1,0,0,0,0,0,0,0,0,0,0
40247,2,1,0,0,0,9,23,0,0,0,0,0
40248,1,1,0,0,0,0,0,0,0,0,0,0
40248,2,1,0,0,0,0,0,0,0,0,0,0
40249,0,1,0,0,0,21,5,21,10,26,0,0
40249,1,1,0,0,0,0,0,13,0,0,3,0
40250,1,1,19,11,0,0,21,0,27,0,8,0
40251,1,2,0,0,0,0,0,0,0,0,0,0
40252,1,1,0,0,0,0,0,0,0,0,0,0
40252,2,1,0,0,0,0,0,0,0,0,0,0
40253,1,1,0,0,0,0,0,0,0,0,0,0
40254,1,1,0,0,6,0,25,0,8,29,0,0
40255,1,1,26,26,26,26,26,26,26,26,26,26
40256,1,1,0,0,0,0,0,0,0,0,0,0
40256,2,1,0,0,0,0,0,0,0,0,0,0
40257,1,1,0,0,0,0,0,0,0,0,0,0
40258,1,1,18,6,11,0,14,5,22,23,17,0
40259,1,1,0,0,0,0,0,0,0,0,0,0
40259,2,1,0,0,0,0,0,0,0,0,0,0
40260,0,1,21,21,21,21,21,21,21,21,21,21
40260,1,1,0,0,0,0,0,0,0,4,0,15
40261,1,1,17,17,17,17,17,17,17,17,17,17
40262,1,1,0,0,0,0,0,0,0,0,0,0
40262,2,1,0,0,0,0,0,0,0,0,0,0
40263,1,1,27,0,7,23,0,0,25,0,0,14
40264,1,1,0,0,0,0,0,0,0,0,0,0
40264,2,1,0,0,0,0,0,0,0,13,0,0
40265,0,1,0,0,0,0,0,0,0,0,0,0
40265,2,1,0,0,0,0,0,0,0,0,0,0
40266,1,1,0,40,65,79,0,16,24,21,0,0
40267,0,1,6,6,6,6,6,6,6,6,6,6
40267,1,1,0,0,0,0,0,0,0,0,0,0
40268,0,1,27,27,27,27,27,27,27,27,27,27
40268,1,1,0,0,0,0,0,0,0,0,0,0
40269,0,1,0,0,0,0,0,0,0,0,0,0
40269,1,1,21,10,0,9,15,12,11,23,20,7
40270,1,1,0,0,0,0,0,0,0,0,0,0
40270,2,1,0,0,0,0,0,0,0,0,0,0
40271,1,1,6,6,6,6,6,6,6,6,6,6
40271,2,1,0,0,0,0,0,0,0,0,0,0
40272,1,1,0,0,0,0,0,0,0,0,0,0
40272,2,1,0,0,0,0,0,0,0,0,0,0
40273,1,1,0,0,0,0,0,0,0,0,0,0
40273,2,1,0,0,0,0,0,0,0,0,0,0
40274,1,1,0,0,0,0,0,0,0,0,0,0
40274,2,1,0,0,0,0,0,0,0,0,0,0
40274,3,1,0,0,0,0,0,0,0,0,0,0
40275,1,1,0,0,0,0,0,0,0,0,0,0
40276,1,1,15,15,15,15,15,15,15,15,15,15
40276,2,1,0,0,0,0,0,0,0,0,0,0
40277,1,1,0,0,0,0,0,0,0,0,0,0
40278,1,1,0,0,0,0,0,0,0,0,0,0
40278,2,1,0,0,0,0,0,30,0,0,0,0
40279,1,1,0,0,0,0,0,0,0,0,0,0
40279,2,1,0,0,0,0,0,0,0,0,0,0
40280,1,1,14,0,0,0,0,0,0,0,0,0
40281,0,1,0,0,0,0,0,0,0,0,0,0
40281,1,1,0,0,0,0,0,0,0,0,0,0
40282,1,1,0,0,0,0,0,0,0,0,0,25
40282,2,1,0,0,0,0,0,0,0,0,0,0
40283,1,1,0,0,0,0,0,0,0,0,0,0
40283,2,1,2,2,2,2,2,2,2,2,2,2
40285,1,1,0,0,0,0,0,0,0,0,0,0
40286,1,1,9,15,0,0,0,0,0,0,0,0
40286,2,1,0,0,0,0,0,0,0,0,0,0
40287,1,1,34,34,34,34,34,34,34,34,34,34
40287,2,1,0,0,0,0,0,0,0,0,0,0
40287,3,1,0,0,0,0,0,0,0,0,0,0
40287,4,1,0,0,0,0,0,0,0,0,0,0
40288,1,1,0,0,0,0,0,0,0,0,0,0
40288,2,1,0,0,0,0,0,0,0,0,0,0
40289,1,1,0,0,0,0,0,0,0,0,0,0
40289,2,1,0,0,0,0,0,0,0,0,0,0
40290,1,1,13,13,13,13,13,13,13,13,13,13
40290,2,1,0,0,0,0,0,0,0,0,0,0
40290,3,1,0,0,0,0,0,0,0,0,0,0
40291,1,1,0,0,0,0,0,0,0,0,0,0
40292,1,1,0,0,0,0,0,0,0,0,0,0
40292,2,1,0,0,0,0,0,0,0,0,0,0
40293,1,1,25,25,25,25,25,25,25,25,25,25
40294,1,1,0,0,0,0,0,0,0,0,0,0
40295,0,1,0,0,0,0,0,0,0,0,0,0
40295,1,1,0,0,0,0,0,0,11,0,0,0
40296,1,1,0,0,0,0,0,0,0,0,0,0
40296,2,1,0,0,0,0,0,0,0,0,0,0
40296,3,1,0,0,0,0,0,0,0,0,0,0
40297,1,1,0,0,0,0,0,0,0,0,0,0
40297,2,1,0,0,0,0,0,0,0,0,0,0
40298,1,1,11,11,11,11,11,11,11,11,11,11
40299,1,1,26,26,26,26,26,26,26,26,26,26
40300,0,1,25,25,25,25,25,25,25,25,25,25
40300,1,1,0,0,0,0,0,0,0,0,0,0
40301,1,1,0,0,0,0,0,0,0,0,0,0
40301,2,1,0,0,0,14,0,0,0,0,0,0
40302,1,1,5,5,5,5,5,5,5,5,5,5
40303,1,1,14,12,13,18,8,12,13,15,0,3
40304,1,1,0,0,0,0,0,0,0,0,0,0
40304,2,1,0,0,0,0,0,0,0,0,0,0
40304,3,1,0,6,0,0,0,0,0,0,0,0
40305,1,1,5,5,5,5,5,5,5,5,5,5
40306,1,1,11,11,11,11,11,11,11,11,11,11
40306,2,1,0,0,0,0,0,0,0,0,0,0
40306,3,1,0,0,0,0,0,0,0,0,0,0
40307,1,1,9,9,9,9,9,9,9,9,9,9
40307,2,1,0,0,0,0,0,0,0,0,0,0
40308,1,1,0,0,0,0,0,0,0,0,0,0
40308,2,1,0,0,0,0,0,0,0,0,0,0
40309,1,1,0,0,0,0,0,0,0,0,0,0
40309,2,1,0,0,0,0,0,0,13,0,0,0
40310,1,1,0,0,0,0,0,0,0,0,0,0
40311,1,1,24,24,14,5,33,0,0,0,0,0
40312,1,1,0,0,0,0,0,0,0,0,0,0
40312,2,1,18,0,0,0,0,14,0,0,0,0
40313,1,1,0,0,0,0,0,0,0,0,0,0
40313,2,1,0,0,0,0,0,0,0,0,0,0
40313,3,1,0,0,0,0,0,0,0,0,0,0
40314,1,1,0,0,0,0,0,0,0,0,0,0
40314,2,1,0,0,0,0,0,0,0,0,0,0
40315,1,1,14,14,14,14,14,14,14,14,14,14
40316,1,1,0,0,0,0,0,0,0,0,0,0
40316,2,1,0,0,0,0,0,0,0,0,0,0
40316,3,1,0,0,0,0,0,0,0,0,0,0
40317,1,1,13,13,13,13,13,13,13,13,13,13
40318,1,1,0,0,0,0,0,0,0,0,0,0
40318,2,1,3,0,0,0,0,0,0,0,0,0
40319,1,1,0,0,0,0,0,18,6,0,0,0
40320,0,1,0,0,0,0,0,0,0,0,0,0
40320,1,1,0,0,0,0,0,0,0,0,0,0
40321,1,1,0,0,0,0,0,0,0,0,0,0
40321,2,1,0,0,0,0,0,0,0,0,0,0
40322,1,1,0,0,0,0,0,0,0,0,0,0
40322,2,1,24,24,24,24,24,24,24,24,24,24
40323,1,1,22,22,22,22,22,22,22,22,22,22
40324,1,1,20,20,20,20,20,20,20,20,20,20
40325,1,1,4,4,4,4,4,4,4,4,4,4
40326,1,1,0,0,0,0,0,0,0,0,0,0
40326,2,1,0,0,0,0,0,0,0,0,0,0
40327,1,1,36,36,36,36,36,36,36,36,36,36
40327,2,1,0,0,0,0,0,20,0,0,0,0
40328,1,1,2,0,17,16,0,0,0,0,0,0
40329,1,1,0,0,0,0,0,0,0,0,0,0
40330,1,1,22,22,22,22,22,22,22,22,22,22
40331,0,1,0,0,0,0,0,0,0,0,0,0
40331,1,1,0,0,0,0,0,0,0,0,0,0
40332,1,1,0,0,0,0,0,0,0,0,0,0
40333,1,1,0,0,0,0,0,0,0,0,0,0
40334,0,1,15,26,19,20,0,11,16,19,6,10
40334,1,1,0,0,0,0,0,0,0,0,0,0
40335,1,1,21,0,29,20,3,0,24,25,14,13
40336,1,1,0,0,0,0,0,0,0,0,0,0
40337,1,1,0,0,0,0,0,0,0,0,0,0
40337,2,1,0,0,0,0,0,0,0,0,0,0
40338,1,1,0,0,0,0,0,0,0,0,0,0
40339,1,1,19,19,19,19,19,19,19,19,19,19
40339,2,1,27,27,27,27,27,27,27,27,27,27
40340,1,1,19,19,19,19,19,19,19,19,19,19
40341,1,1,0,16,0,0,0,0,0,23,0,0
40342,0,1,26,26,26,26,26,26,26,26,26,26
40342,1,1,0,0,0,0,0,6,0,0,0,0
40343,1,1,14,14,14,14,14,14,14,14,14,14
40344,0,1,7,0,0,0,0,7,0,0,0,0
40344,1,1,0,0,0,0,0,0,0,0,0,0
40345,1,1,5,5,5,5,5,5,5,5,5,5
40346,1,1,0,0,0,0,0,0,0,0,0,0
40347,1,1,0,0,0,0,0,0,0,0,0,0
40348,1,1,0,0,0,0,0,0,0,0,0,0
40349,1,1,18,18,18,18,18,18,18,18,18,18
40350,1,1,0,0,0,0,0,0,0,0,0,0
40351,1,1,24,24,24,24,24,24,24,24,24,24
40351,2,1,0,0,0,0,0,0,0,0,0,0
40352,1,1,0,0,0,0,0,0,0,0,0,0
40352,2,1,0,0,0,0,0,0,0,0,0,0
40353,1,1,24,11,26,6,15,33,0,16,34,25
40354,1,1,0,0,15,0,0,15,0,0,16,0
40355,1,1,0,0,0,0,0,0,0,0,0,0
40356,1,1,0,0,0,0,0,0,0,0,0,0
40356,2,1,0,0,0,0,0,0,0,0,0,0
40357,1,1,16,16,16,16,16,16,16,16,16,16
40357,2,1,0,0,0,0,10,0,0,0,0,0
40358,1,1,0,0,0,0,0,0,0,0,0,0
40359,1,1,0,0,0,0,0,19,0,0,0,0
40360,1,1,0,0,0,0,0,0,0,0,0,0
40361,1,1,23,23,23,23,23,23,23,23,23,23
40361,2,1,0,0,0,0,0,0,0,0,0,0
40362,1,1,20,22,0,18,0,12,0,0,0,0
40362,2,1,0,0,0,0,0,18,0,0,0,0
40363,1,1,0,0,0,0,0,0,0,0,0,0
40364,1,1,0,0,0,0,0,0,0,0,0,0
40365,1,1,0,13,0,0,13,0,12,15,4,0
40366,1,1,0,0,0,0,0,0,0,0,0,0
40366,2,1,0,0,0,0,0,0,0,0,0,0
40367,1,1,0,0,0,0,0,0,0,0,0,0
40368,1,3,0,0,0,8,0,0,15,17,20,0
40369,1,1,0,0,0,0,0,0,0,0,0,0
40370,1,1,0,0,0,0,0,0,0,0,0,0
40370,2,1,0,0,0,0,0,0,0,0,0,0
40371,1,1,24,24,24,24,24,24,24,24,24,24
40372,1,1,0,0,0,0,0,0,0,0,0,0
40372,2,1,0,6,0,0,0,0,0,0,0,0
40372,3,1,0,0,28,0,25,0,0,0,0,15
40373,1,1,0,0,17,0,0,0,0,4,0,6
40374,1,1,0,0,0,0,0,0,0,0,0,0
40374,2,1,0,0,0,0,0,0,0,0,0,0
40375,1,1,0,5,0,0,0,0,19,0,23,0
40376,1,1,19,19,19,19,19,19,19,19,19,19
40377,1,1,0,0,0,0,0,0,0,0,0,0
40377,2,1,0,0,0,0,0,0,27,0,0,0
40378,1,1,0,0,0,0,0,0,5,0,0,0
40378,2,1,0,0,0,9,0,0,0,0,0,0
40379,0,1,0,0,0,0,0,0,0,0,0,0
40379,1,1,0,0,0,0,0,0,0,0,0,0
40380,0,1,29,29,29,29,29,29,29,29,29,29
40380,1,1,0,0,20,0,0,0,0,0,0,0
40381,0,1,28,28,28,28,28,28,28,28,28,28
40381,0,2,23,0,12,0,34,16,44,0,23,0
40381,1,1,0,0,0,0,0,33,0,0,0,0
40382,1,1,0,0,0,0,0,0,0,0,0,0
40382,2,1,0,0,0,0,0,0,0,0,0,0
40383,0,1,0,0,0,0,0,0,0,0,0,0
40383,1,1,0,13,0,0,0,0,0,0,0,0
40384,0,1,12,12,12,12,12,12,12,12,12,12
40384,1,1,0,0,0,0,0,0,0,0,0,0
40385,1,1,0,0,0,0,0,0,0,0,0,0
40386,1,1,0,0,0,18,29,0,0,0,0,0
40386,2,1,0,0,3,0,0,18,0,0,0,0
40386,3,1,0,0,0,0,10,0,0,0,0,16
40386,4,1,0,0,0,0,0,0,0,0,0,0
40387,1,1,0,0,0,0,0,0,0,0,0,0
40388,1,1,28,28,28,28,28,28,28,28,28,28
40388,2,1,0,0,0,0,0,0,0,0,0,0
40389,0,1,7,9,0,0,0,0,0,30,17,17
40389,1,1,0,0,0,0,0,0,0,0,0,16
40390,0,1,19,19,19,19,19,19,19,19,19,19
40390,1,1,0,0,0,0,0,0,0,0,0,0
40391,1,1,0,18,0,0,12,0,0,0,0,0
40392,1,1,11,11,11,11,11,11,11,11,11,11
40392,2,1,0,0,0,9,0,0,0,0,0,0
40393,1,1,0,0,0,0,32,0,0,0,0,0
40394,1,1,20,0,0,0,0,0,20,0,0,0
40395,0,1,0,0,0,0,0,0,0,0,0,0
40395,1,1,0,0,0,0,0,0,0,0,0,0
40396,1,1,0,0,14,6,0,0,0,0,0,0
40397,1,1,0,0,0,0,0,0,0,0,0,0
40398,1,1,0,0,0,0,0,0,0,0,0,0
40399,1,1,21,21,21,21,21,21,21,21,21,21
40399,2,1,0,0,0,0,0,0,0,0,0,0
40400,1,1,6,5,22,13,40,23,5,21,16,14
40400,2,1,0,0,0,0,0,0,0,0,0,0
40400,3,1,0,0,0,0,0,0,0,0,0,0
40401,1,1,0,0,0,0,0,0,14,27,0,0
40402,1,1,0,0,0,0,0,0,0,0,0,0
40402,2,1,0,0,0,0,0,0,0,0,0,0
40402,3,1,0,0,0,0,0,0,0,0,0,0
40403,0,1,24,24,24,24,24,24,24,24,24,24
40403,1,1,0,0,0,0,0,0,0,0,0,0
40404,1,1,26,26,26,26,26,26,26,26,26,26
40405,0,1,15,0,0,0,0,0,0,0,0,0
40405,1,1,0,0,0,0,0,0,0,0,0,0
40406,0,1,0,0,0,0,0,0,0,0,0,0
40406,1,1,0,0,0,0,0,0,0,0,0,0
40407,1,1,0,0,0,0,0,0,0,0,0,0
40407,2,1,0,0,0,0,0,0,0,0,0,0
40408,1,1,0,0,0,0,0,0,0,0,0,0
40408,2,1,0,0,0,0,0,0,0,0,0,0
40409,0,1,19,19,19,19,19,19,19,19,19,19
40409,1,1,0,0,0,0,0,0,0,0,0,0
40410,1,1,3,3,3,3,3,3,3,3,3,3
40411,0,1,6,6,6,6,6,6,6,6,6,6
40411,1,1,0,0,0,0,0,0,0,0,0,0
40412,1,1,0,0,0,0,0,0,0,0,0,0
40412,2,1,0,0,0,0,0,0,0,0,0,0
40413,1,1,0,0,0,0,0,0,0,0,0,0
40414,0,1,16,16,16,16,16,16,16,16,16,16
40414,1,1,0,5,0,0,0,0,0,22,0,0
40415,1,1,0,0,0,0,0,0,0,0,0,0