ST_CASE,VEH_NO,PER_NO,P1,P2,P3,P4,P5,P6,P7,P8,P9,P10
40415,2,1,0,0,0,0,0,0,0,0,0,0
40416,1,1,0,0,0,0,0,0,0,0,0,0
40417,1,1,0,0,0,0,0,0,0,0,0,0
40417,2,1,0,0,0,0,0,0,0,0,0,0
40418,1,1,0,0,0,0,0,0,0,0,0,0
40419,1,1,0,0,0,0,0,0,0,0,0,0
40420,1,1,35,35,35,35,35,35,35,35,35,35
40420,2,1,0,0,0,0,0,0,0,0,0,0
40421,1,1,0,0,0,15,0,28,10,22,17,0
40422,1,1,0,0,0,0,0,0,0,0,0,0
40422,2,1,0,0,0,0,0,0,0,0,0,0
40424,1,1,27,27,27,27,27,27,27,27,27,27
40425,1,1,10,10,10,10,10,10,10,10,10,10
40425,2,1,0,0,0,0,0,0,0,0,0,0
40426,1,1,19,19,19,19,19,19,19,19,19,19
40426,2,1,0,0,0,0,0,0,0,0,0,0
40427,1,1,0,0,0,0,0,15,0,16,0,0
40428,1,1,0,0,0,0,0,0,0,0,0,0
40428,2,1,0,0,0,0,0,0,0,0,0,0
40428,3,1,0,0,0,0,0,0,0,0,0,0
40428,4,1,0,0,0,0,0,0,0,0,0,0
40428,5,1,0,0,0,0,0,0,0,0,0,0
40428,6,1,0,0,0,0,0,0,0,0,0,0
40428,7,1,0,0,0,0,0,0,0,0,0,0
40429,1,1,0,0,0,0,0,0,0,0,0,0
40430,1,1,0,0,0,0,0,0,0,0,0,0
40431,1,1,0,0,0,0,0,0,0,0,0,0
40431,2,1,0,0,0,0,0,0,0,0,0,0
40431,3,1,0,0,0,0,0,0,0,0,0,0
40432,1,1,0,0,0,0,0,0,0,0,0,0
40432,2,1,0,0,0,0,0,0,0,0,0,0
40433,1,1,0,0,0,0,0,0,0,0,0,0
40433,2,1,0,0,0,0,0,0,0,0,0,0
40433,3,1,0,0,0,0,0,0,0,0,0,0
40434,1,1,0,0,0,0,0,0,0,0,0,0
40435,1,1,0,0,0,0,0,0,10,0,0,0
40435,2,1,0,0,0,0,0,0,0,0,0,0
40436,1,1,39,39,39,39,39,39,39,39,39,39
40437,1,1,0,0,0,19,0,0,21,0,0,22
40437,2,1,0,0,0,0,0,0,0,0,0,0
40438,1,1,12,12,12,12,12,12,12,12,12,12
40439,1,1,11,11,11,11,11,11,11,11,11,11
40439,2,1,0,0,0,0,0,0,0,0,0,20
40440,1,1,0,0,0,0,0,0,0,0,0,0
40441,1,1,0,0,0,0,0,0,0,0,0,0
40442,1,1,18,18,18,18,18,18,18,18,18,18
40443,1,1,14,14,14,14,14,14,14,14,14,14
40444,0,1,28,28,28,28,28,28,28,28,28,28
40444,1,1,0,0,0,0,0,0,0,0,0,0
40445,1,1,0,0,0,0,0,0,0,0,0,0
40446,1,1,0,0,0,0,0,0,0,0,0,0
40447,1,1,15,24,25,13,4,6,0,0,12,13
40447,2,1,0,0,0,0,0,0,0,0,0,0
40448,1,1,16,16,16,16,16,16,16,16,16,16
40449,1,1,0,0,0,0,0,0,0,0,0,0
40449,2,1,5,0,0,0,0,0,0,0,0,0
40450,1,1,0,0,0,0,0,0,0,0,0,0
40451,1,1,2,2,2,2,2,2,2,2,2,2
40451,2,1,0,0,0,0,0,0,0,0,0,0
40452,1,1,0,0,0,0,0,0,8,0,0,0
40453,1,1,15,15,15,15,15,15,15,15,15,15
40453,2,1,0,0,0,0,0,0,0,0,0,0
40454,0,1,26,26,26,26,26,26,26,26,26,26
40454,1,1,0,0,0,0,0,0,0,0,0,0
40455,1,1,6,6,6,6,6,6,6,6,6,6
40456,1,1,0,0,0,0,0,0,0,0,0,0
40456,2,1,0,0,0,0,0,0,0,0,0,0
40457,1,1,13,13,13,13,13,13,13,13,13,13
40457,2,1,0,0,0,0,0,0,0,0,0,0
40458,1,1,0,8,0,0,26,0,7,3,39,22
40459,1,1,31,31,31,31,31,31,31,31,31,31
40460,0,1,0,0,0,0,0,0,0,0,0,0
40460,1,1,0,0,0,0,0,0,0,0,0,0
40461,1,2,4,17,7,0,13,14,0,17,25,19
40462,1,1,6,0,0,0,0,0,0,0,0,0
40463,0,1,0,0,0,0,0,0,0,0,0,0
40463,1,1,0,0,0,0,0,0,0,0,0,0
40464,1,1,0,17,0,33,12,30,0,28,46,25
40465,1,1,7,18,0,16,15,25,22,36,15,0
40466,1,1,17,17,17,17,17,17,17,17,17,17
40467,1,1,0,0,0,0,0,0,0,0,0,0
40468,1,1,14,0,0,0,0,0,0,0,0,0
40468,2,1,0,0,0,0,0,0,0,0,0,0
40469,0,1,0,0,0,0,0,0,0,0,0,0
40469,1,1,0,0,0,0,0,0,0,0,0,0
40470,1,1,0,0,0,0,0,0,0,0,0,0
40471,0,1,0,0,0,0,0,0,0,0,0,0
40471,1,1,0,0,0,0,0,0,0,0,0,0
40472,0,1,0,0,0,0,0,0,0,0,0,0
40472,0,2,0,0,0,0,0,0,0,0,0,0
40472,1,1,2,2,2,2,2,2,2,2,2,2
40473,1,1,0,0,0,0,0,0,0,0,0,0
40473,2,1,0,0,0,0,0,0,0,0,0,0
40473,3,1,29,0,0,0,0,0,12,0,0,20
40473,4,1,0,0,0,0,0,0,0,0,0,0
40474,1,1,13,13,13,13,13,13,13,13,13,13
40475,1,1,0,0,0,0,0,0,0,0,0,0
40476,1,1,42,42,42,42,42,42,42,42,42,42
40477,0,1,20,20,20,20,20,20,20,20,20,20
40477,1,1,0,0,0,0,0,0,0,0,0,0
40478,1,1,0,0,0,0,0,0,0,0,0,0
40479,1,1,3,3,3,3,3,3,3,3,3,3
40479,2,1,0,0,0,0,0,0,0,0,0,0
40480,1,1,0,0,0,0,0,0,0,0,0,0
40480,2,1,0,0,0,0,0,0,0,0,0,0
40481,1,1,0,0,0,0,0,0,0,0,0,0
40481,2,1,0,0,0,0,0,0,0,0,0,0
40482,1,1,0,0,0,0,0,0,0,0,11,0
40482,2,1,0,0,0,0,0,0,0,0,0,0
40483,1,1,0,0,0,0,0,0,0,0,0,0
40483,2,1,0,0,0,0,0,0,0,0,0,0
40484,0,1,3,3,3,3,3,3,3,3,3,3
40484,1,1,8,8,8,8,8,8,8,8,8,8
40485,1,1,0,0,0,0,0,0,0,0,0,0
40485,2,1,0,0,0,0,0,0,0,0,0,0
40486,1,1,0,0,0,0,0,0,0,0,0,0
40486,2,1,0,0,0,0,0,0,0,0,0,0
40487,0,1,28,28,28,28,28,28,28,28,28,28
40487,0,2,19,0,0,0,0,0,24,0,12,0
40487,1,1,0,0,0,0,0,0,0,0,0,0
40488,1,1,0,0,0,0,0,0,0,0,0,0
40488,2,1,0,0,0,0,0,0,0,0,0,0
40489,1,1,16,0,14,0,0,0,0,0,0,0
40489,2,1,0,0,0,0,0,0,0,0,0,0
40490,1,1,0,0,0,0,0,0,0,0,0,0
40490,2,1,0,0,0,0,0,0,0,0,0,0
40490,3,1,0,0,0,0,0,0,0,0,0,0
40491,1,1,0,0,0,0,0,0,0,0,0,0
40491,2,1,0,0,0,0,0,0,0,0,0,0
40492,1,1,5,5,5,5,5,5,5,5,5,5
40492,2,1,0,0,0,0,0,0,0,0,0,0
40493,0,1,0,0,0,0,0,0,0,0,0,0
40493,1,1,0,0,0,0,0,0,0,0,0,0
40494,0,1,40,14,0,21,10,32,31,20,33,35
40494,1,1,0,0,0,0,0,0,0,0,0,0
40495,1,1,0,0,0,0,0,0,0,0,0,0
40495,2,1,0,0,0,0,0,0,0,0,0,0
40495,3,1,0,0,0,0,0,0,0,0,0,0
40496,0,1,0,0,0,0,0,0,0,0,0,0
40496,1,1,0,0,0,0,0,0,0,0,0,0
40497,0,1,14,0,8,18,20,0,0,0,0,13
40497,1,1,0,0,0,0,0,0,0,0,0,0
40498,1,1,0,0,0,0,0,0,0,0,0,0
40498,2,1,0,0,0,0,0,0,0,0,0,0
40499,1,1,14,14,14,14,14,14,14,14,14,14
40500,0,1,0,0,0,0,0,0,0,0,0,0
40500,0,2,0,0,0,0,0,0,0,0,0,0
40500,1,1,0,0,0,0,0,0,0,0,0,0
40501,1,1,34,34,34,34,34,34,34,34,34,34
40502,1,1,0,0,0,0,0,0,0,0,0,0
40503,0,1,0,0,0,0,0,0,0,0,0,0
40503,1,1,0,0,0,0,0,0,0,0,0,0
40504,0,1,0,0,0,0,0,0,0,0,0,0
40504,1,1,0,0,0,0,0,0,0,0,0,0
40505,1,1,21,21,21,21,21,21,21,21,21,21
40506,1,1,0,0,0,0,0,0,0,0,0,0
40506,2,1,0,0,0,0,0,0,0,0,0,0
40507,1,1,3,3,3,3,3,3,3,3,3,3
40507,2,1,0,0,0,0,0,0,0,0,0,0
40508,1,1,12,12,12,12,12,12,12,12,12,12
40509,0,1,0,0,0,0,0,0,0,0,0,0
40509,1,1,23,23,23,23,23,23,23,23,23,23
40510,1,1,10,10,10,10,10,10,10,10,10,10
40511,1,1,0,0,0,0,0,0,0,0,0,12
40512,0,1,0,0,0,0,0,0,0,0,0,0
40512,1,1,0,0,0,0,0,0,0,0,0,0
40512,2,1,0,0,0,0,0,0,0,0,0,0
40513,1,1,0,0,0,0,0,0,0,0,0,0
40513,2,1,0,0,0,0,0,0,0,0,0,0
40514,1,1,13,13,13,13,13,13,13,13,13,13
40515,0,1,19,19,19,19,19,19,19,19,19,19
40515,1,1,0,0,0,0,0,0,13,0,0,0
40516,0,1,0,0,0,0,0,0,0,0,0,0
40516,1,1,0,0,0,0,0,0,0,0,0,0
40517,1,1,8,8,8,8,8,8,8,8,8,8
40518,1,1,10,10,10,10,10,10,10,10,10,10
40518,2,1,0,0,0,0,0,0,0,0,0,0
40519,1,1,26,0,22,13,0,0,0,0,4,6
40519,2,1,0,0,0,0,0,0,0,0,0,0
40520,1,1,0,0,0,0,0,0,0,0,0,0
40520,2,1,0,0,0,0,0,0,0,0,0,0
40521,1,1,0,0,0,0,0,0,0,0,0,0
40522,0,1,3,3,3,3,3,3,3,3,3,3
40522,1,1,0,0,0,0,0,0,0,0,0,0
40523,1,1,0,0,0,0,0,0,0,0,0,0
40524,1,1,0,0,0,0,0,0,0,0,0,0
40525,1,1,0,0,0,0,0,0,0,0,0,0
40526,1,1,0,0,0,0,0,0,0,0,0,0
40527,0,1,0,0,0,0,0,0,0,0,0,0
40527,1,1,0,0,0,0,0,0,0,0,0,0
40528,1,1,0,0,0,0,0,0,0,0,0,0
40528,2,1,0,0,0,0,0,0,0,0,4,0
40529,1,1,0,0,0,0,0,0,0,0,0,0
40530,0,1,26,26,26,26,26,26,26,26,26,26
40530,1,1,0,0,0,0,0,0,0,0,0,0
40531,1,1,0,0,0,0,0,0,0,0,0,0
40532,1,1,11,11,11,11,11,11,11,11,11,11
40533,0,1,20,20,20,20,20,20,20,20,20,20
40533,1,1,0,0,0,0,0,0,0,0,0,0
40534,1,1,23,23,23,23,23,23,23,23,23,23
40534,2,1,0,0,15,0,0,0,0,0,11,0
40535,1,1,18,18,18,18,18,18,18,18,18,18
40536,0,1,31,0,24,0,10,28,13,34,0,0
40536,1,1,25,25,25,25,25,25,25,25,25,25
40537,1,1,0,0,0,0,0,0,0,0,0,0
40538,1,1,0,0,0,0,0,0,0,0,0,0
40539,1,1,0,0,0,0,0,0,0,0,0,0
40539,2,1,0,0,0,0,0,0,0,0,0,0
40540,1,1,16,16,16,16,16,16,16,16,16,16
40541,1,1,0,4,0,0,0,11,0,0,0,10
40542,1,1,0,0,0,0,0,0,0,0,0,0
40543,1,1,2,2,2,2,2,2,2,2,2,2
40544,1,1,0,0,0,0,0,0,0,0,0,0
40544,2,1,0,0,0,0,0,0,0,0,0,0
40545,0,1,0,0,0,0,0,0,0,0,0,0
40545,1,1,0,0,0,0,0,0,0,0,0,0
40546,1,1,18,18,18,18,18,18,18,18,18,18
40547,1,1,0,0,0,0,0,0,0,0,0,0
40547,2,1,0,0,0,0,0,0,0,0,0,0
40548,1,1,0,0,0,0,0,0,0,0,0,0
40549,0,1,10,10,10,10,10,10,10,10,10,10
40549,1,1,0,0,0,0,0,0,0,0,0,0
40550,1,1,8,8,8,8,8,8,8,8,8,8
40550,2,1,0,0,0,0,0,0,0,0,0,0
40551,1,1,0,0,0,0,0,0,0,0,0,0
40551,2,1,0,0,0,0,0,0,0,0,0,0
40552,1,1,0,0,0,0,0,0,0,0,0,0
40552,2,1,0,0,0,0,0,0,0,0,0,34
40553,1,1,0,0,0,0,0,0,0,0,0,0
40554,0,1,0,0,0,0,0,0,0,0,0,0
40554,1,1,7,7,7,7,7,7,7,7,7,7
40555,1,1,15,11,25,7,7,6,0,10,10,11
40555,2,1,17,8,2,16,20,13,18,20,2,15
40556,1,1,0,0,0,0,0,0,0,0,11,0
40556,2,1,0,0,0,0,0,0,0,0,0,0
40557,1,1,0,0,0,0,0,0,0,0,0,0
40557,2,1,18,18,18,18,18,18,18,18,18,18
40558,1,1,0,0,0,0,0,0,0,0,0,0
40559,1,1,0,0,0,0,0,0,0,0,0,0
40560,1,1,3,3,3,3,3,3,3,3,3,3
40560,2,1,0,7,0,0,0,0,0,0,0,0
40561,1,1,0,0,0,0,0,0,0,0,0,0
40561,2,1,0,0,0,0,0,0,0,0,0,0
40562,1,1,46,46,46,46,46,46,46,46,46,46
40563,1,1,11,11,11,11,11,11,11,11,11,11
40564,1,1,0,0,0,0,0,0,0,0,0,0
40564,2,1,0,0,0,0,0,5,0,0,0,0
40565,1,1,0,0,0,0,0,0,0,0,0,0
40566,1,1,0,0,0,0,0,0,0,0,0,0
40567,0,1,0,0,0,0,0,0,0,0,0,0
40567,1,1,2,2,2,2,2,2,2,2,2,2
40568,1,1,0,0,0,0,0,0,0,0,0,0
40569,1,1,21,21,21,21,21,21,21,21,21,21
40570,0,1,0,0,0,0,0,0,0,0,0,0
40570,1,1,0,0,0,0,0,0,0,0,0,0
40571,1,1,0,0,0,0,0,0,0,0,0,0
40571,2,1,0,0,0,0,0,0,0,0,0,0
40572,1,1,0,0,0,0,0,0,0,0,0,0
40572,2,1,1,1,1,1,1,1,1,1,1,1
40573,0,1,20,20,20,20,20,20,20,20,20,20
40573,1,1,0,0,0,0,0,0,0,0,0,0
40573,2,1,22,0,0,0,0,29,0,30,0,0
40574,1,1,3,3,3,3,3,3,3,3,3,3
40574,2,1,0,0,0,0,0,0,0,0,0,0
40574,3,1,0,0,0,0,0,0,0,0,0,0
40575,1,1,0,0,0,0,0,0,0,0,0,0
40576,1,2,14,0,47,23,8,0,30,13,0,6
40577,1,2,0,0,24,12,7,0,0,0,0,28
40578,1,1,24,24,24,24,24,24,24,24,24,24
40579,1,1,0,0,0,0,0,0,0,0,10,0
40580,1,1,0,0,0,0,0,0,0,0,0,0
40581,1,1,0,0,0,16,0,0,0,0,0,0
40582,1,1,11,11,11,11,11,11,11,11,11,11
40583,0,1,0,0,0,0,9,0,0,27,0,15
40583,1,1,0,0,0,0,0,0,0,0,0,0
40584,1,1,9,9,9,9,9,9,9,9,9,9
40585,1,2,0,0,22,24,47,0,0,0,0,0
40586,1,2,0,0,0,0,0,0,11,0,22,0
40587,1,1,0,0,0,0,0,0,0,0,0,0
40587,2,1,0,0,0,0,0,0,0,0,16,0
40588,1,2,0,0,0,0,0,0,32,0,49,16
40589,0,1,0,0,0,0,0,0,0,0,0,0
40589,1,1,0,0,0,0,0,0,0,0,0,0
40590,1,1,17,17,17,17,17,17,17,17,17,17
40591,1,1,0,0,0,0,0,0,0,0,0,0
40592,1,1,20,20,20,20,20,20,20,20,20,20
40593,1,1,0,0,0,0,0,0,0,0,0,0
40593,2,1,0,0,0,0,0,0,0,0,0,0
40594,1,2,0,0,11,19,39,10,0,0,5,0
40595,0,1,22,22,22,22,22,22,22,22,22,22
40596,1,1,0,0,0,0,0,0,0,0,0,0
40597,1,1,0,0,0,0,0,0,0,0,0,0
40597,2,1,0,0,0,0,0,0,0,0,0,0
40598,1,4,0,0,0,27,22,0,14,0,0,1
40599,1,1,0,0,0,0,0,0,0,0,0,0
40600,1,1,2,2,2,2,2,2,2,2,2,2
40600,2,1,0,0,0,0,0,0,0,0,0,0
40601,1,1,0,0,0,0,0,0,0,0,0,0
40601,2,1,0,0,0,0,0,0,0,0,0,0
40602,1,1,61,61,61,61,61,61,61,61,61,61
40602,2,1,0,0,0,0,0,0,0,0,0,0
40602,3,1,0,0,0,0,11,0,0,0,0,0
40602,4,1,0,0,0,0,0,0,0,19,0,0
40602,5,1,0,0,0,0,0,0,0,0,0,0
40602,6,1,0,0,0,0,0,0,0,0,0,0
40602,7,1,0,0,4,17,0,0,0,0,0,0
40603,1,1,0,0,0,0,0,0,0,0,0,0
40603,2,1,0,0,0,0,0,0,0,0,0,0
40604,0,1,44,44,44,44,44,44,44,44,44,44
40604,1,1,0,0,0,0,0,0,0,0,0,0
40605,0,1,0,0,0,0,0,0,0,0,0,0
40605,1,1,0,0,0,0,0,0,0,0,0,0
40606,0,1,20,25,0,0,12,0,0,0,0,0
40606,1,1,0,0,0,0,0,0,0,0,0,0
40607,1,1,13,13,13,13,13,13,13,13,13,13
40608,1,1,16,16,16,16,16,16,16,16,16,16
40608,2,1,0,15,16,0,0,18,9,0,0,0
40609,1,4,0,0,0,0,0,19,0,0,0,0
40610,1,2,17,0,0,0,0,0,0,0,0,0
40611,1,1,0,0,0,19,0,0,0,0,29,0
40612,1,1,0,0,0,0,0,0,0,0,0,0
40612,2,1,0,0,0,0,0,0,0,0,0,0
40612,3,1,0,0,0,0,0,0,0,0,0,0
40612,4,1,0,0,0,0,0,0,0,0,0,0
40612,5,1,0,0,0,0,0,0,0,0,0,0
40613,0,1,0,0,0,0,0,0,0,0,0,15
40613,1,1,0,0,0,0,0,5,0,0,0,0
40614,0,1,24,24,24,24,24,24,24,24,24,24
40614,1,1,0,0,0,0,0,0,0,0,0,0
40614,2,1,0,0,0,0,0,0,0,0,0,0
40615,1,1,9,9,9,9,9,9,9,9,9,9
40616,1,3,0,0,0,0,0,0,5,0,0,0
40617,0,1,0,0,0,0,0,0,0,0,0,0
40617,1,1,0,0,0,0,0,0,0,0,0,0
40618,1,1,0,0,0,0,0,0,0,0,0,0
40618,2,1,0,0,0,0,0,0,0,0,0,0
40619,1,1,13,13,13,13,13,13,13,13,13,13
40620,0,1,0,0,0,0,0,0,0,0,0,0
40620,1,1,0,0,0,0,0,0,0,0,0,16
40621,1,1,33,33,33,33,33,33,33,33,33,33
40621,2,1,0,0,0,0,0,0,0,0,8,0
40621,3,1,0,0,0,0,0,0,0,0,0,0
40621,4,1,0,0,0,0,0,0,0,0,0,0
40622,0,1,18,18,18,18,18,18,18,18,18,18
40622,1,1,0,0,0,0,0,0,0,0,0,0
40623,0,1,25,25,25,25,25,25,25,25,25,25
40623,1,1,0,0,0,0,0,0,0,0,0,0
40624,1,1,0,0,0,0,0,0,0,0,0,0
40624,2,1,3,3,3,3,3,3,3,3,3,3
40625,1,1,15,15,15,15,15,15,15,15,15,15
40626,1,1,12,12,12,12,12,12,12,12,12,12
40626,2,1,0,0,0,0,0,0,0,0,0,0
40627,1,1,0,0,0,0,0,0,0,0,0,0
40627,2,1,0,0,0,0,0,0,0,0,0,0
40628,1,1,0,0,0,0,0,0,0,0,0,0
40628,2,1,0,0,0,0,0,0,0,0,0,0
40628,3,1,0,0,0,0,0,0,9,0,0,0
40629,1,1,0,0,0,0,0,0,0,0,0,0
40630,1,1,23,23,23,23,23,23,23,23,23,23
40631,1,1,0,0,0,23,0,34,9,0,0,0
40632,1,1,0,0,0,0,0,0,0,0,0,0
40633,1,1,0,0,0,0,0,0,0,0,0,0
40633,2,1,21,0,0,16,0,0,10,0,0,0
40634,1,1,0,0,0,0,0,0,0,0,0,0
40635,0,1,28,28,28,28,28,28,28,28,28,28
40635,1,1,0,0,0,0,0,0,0,0,0,0
40636,1,1,14,14,14,14,14,14,14,14,14,14
40637,1,1,0,0,0,0,0,0,0,0,0,0
40638,1,1,0,0,29,0,0,0,0,0,0,0
40639,0,1,26,26,26,26,26,26,26,26,26,26
40639,1,1,0,0,0,0,0,0,0,0,0,0
40641,0,1,11,11,11,11,11,11,11,11,11,11
40641,1,1,0,24,0,0,0,0,0,0,0,0
40642,0,1,0,0,0,0,0,0,0,0,0,0
40642,1,1,0,0,0,0,0,0,0,0,0,0
40643,1,1,4,4,4,4,4,4,4,4,4,4
40643,2,1,0,0,0,0,0,0,0,0,0,0
40644,0,1,24,24,24,24,24,24,24,24,24,24
40644,1,1,0,0,0,0,0,0,0,0,0,0
40645,1,1,0,0,0,0,0,0,0,0,0,0
40645,2,1,0,0,0,0,0,0,0,0,0,0
40645,3,1,0,0,0,0,0,0,0,0,0,0
40646,0,1,12,12,12,12,12,12,12,12,12,12
40646,1,1,0,0,0,0,0,0,0,0,0,0
40647,0,1,0,0,0,0,0,0,0,0,0,0
40647,1,1,0,0,0,0,0,0,0,0,0,0
40648,1,1,0,0,0,0,0,0,0,0,0,0
40649,1,1,0,0,0,0,0,0,0,0,0,0
40651,1,1,0,0,0,0,0,0,0,0,0,0
40651,2,1,0,0,9,0,3,0,0,5,0,0
40652,1,1,4,4,4,4,4,4,4,4,4,4
40652,2,1,0,0,0,0,0,0,0,0,0,0
40653,1,1,0,0,0,0,0,0,0,0,0,12
40653,2,1,0,0,0,0,0,0,0,0,0,0
40654,1,1,0,0,3,0,0,0,0,0,0,0
40655,1,1,0,0,0,0,0,0,0,0,0,0
40656,0,1,0,0,0,0,0,0,0,0,0,0
40656,1,1,0,0,0,0,0,0,0,0,0,0
40656,2,1,0,0,0,0,14,0,0,0,0,0
40657,0,1,21,21,21,21,21,21,21,21,21,21
40657,1,1,0,0,0,0,0,0,0,0,0,0
40658,1,1,0,0,0,0,0,0,0,0,0,0
40658,2,1,0,0,0,0,0,0,0,0,0,0
40659,0,1,0,0,0,0,0,0,0,0,0,0
40659,1,1,0,0,0,0,0,14,0,0,17,0
40660,1,1,0,0,0,0,0,0,0,16,0,0
40661,1,1,0,0,0,10,0,0,4,0,0,0
40662,1,1,26,26,26,26,26,26,26,26,26,26
40663,1,1,0,0,0,0,0,0,0,0,0,0
40664,1,1,0,0,0,0,0,0,0,0,0,0
40664,2,1,0,0,0,0,0,0,0,0,0,0
40665,0,1,0,0,0,0,0,0,0,0,0,0
40665,1,1,0,0,0,0,0,0,0,0,0,0
40666,0,1,0,0,0,0,0,0,0,0,0,0
40666,1,1,0,0,0,0,0,0,0,0,0,0
40667,1,1,23,23,23,23,23,23,23,23,23,23
40668,0,1,0,0,0,0,0,0,0,0,0,0
40668,1,1,0,0,0,0,0,0,0,0,0,0
40669,0,1,0,0,0,0,0,0,0,0,0,0
40669,1,1,0,0,0,0,0,0,0,0,0,0
40670,1,1,0,0,0,0,0,0,0,0,0,0
40671,0,1,0,0,0,0,0,0,0,0,0,0
40671,1,1,0,0,0,0,0,0,0,0,0,0
40673,1,1,0,0,0,0,0,0,0,0,0,0
40674,1,1,0,0,0,0,0,0,0,0,0,0
40674,2,1,0,0,0,0,0,0,0,0,0,0
40675,1,1,0,23,0,0,26,22,0,0,0,0
40676,0,1,25,25,25,25,25,25,25,25,25,25
40676,1,1,0,0,0,0,0,0,0,0,0,0
40677,1,1,0,0,0,0,0,0,0,0,0,0
40677,2,1,0,0,0,0,0,0,0,0,0,0
40677,3,1,0,0,0,0,0,0,0,0,0,0
40677,4,1,0,0,0,0,0,0,0,0,0,0
40678,0,1,43,43,43,43,43,43,43,43,43,43
40678,1,1,0,0,0,0,15,0,0,0,0,5
40679,1,1,0,0,0,0,0,0,0,0,0,0
40680,0,1,19,19,19,19,19,19,19,19,19,19
40680,1,1,0,0,0,0,0,0,0,0,0,0
40681,1,1,0,0,0,0,0,0,0,0,0,0
40681,2,1,0,0,0,0,0,0,0,0,0,0
40682,0,1,36,36,36,36,36,36,36,36,36,36
40682,1,1,0,0,15,25,0,9,0,0,0,0
40683,0,1,23,23,23,23,23,23,23,23,23,23
40683,1,1,0,0,0,0,0,0,0,0,0,0
40683,2,1,0,0,0,0,0,0,0,0,0,0
40684,1,1,0,0,0,0,0,0,0,0,0,0
40684,2,1,0,0,0,0,0,0,0,0,0,0
40684,3,1,0,0,0,0,0,0,0,0,0,0
40685,1,1,0,0,0,0,0,0,0,0,0,0
40685,2,1,0,0,0,0,0,0,0,0,19,3
40686,1,1,0,0,0,0,0,0,0,0,0,0
40687,1,1,21,21,21,21,21,21,21,21,21,21
40690,1,1,0,0,0,0,0,0,0,0,0,0
40691,1,1,0,0,0,0,0,0,0,0,20,0
40692,1,1,0,0,0,0,0,0,0,0,0,0
40693,1,1,0,0,0,0,0,0,0,0,0,0
40693,2,1,0,0,0,0,0,0,0,0,0,0
40694,0,1,17,49,0,27,14,0,0,0,0,0
40694,1,1,0,0,0,0,0,0,0,0,0,0
40696,1,1,0,0,0,0,0,0,0,0,0,0
40696,2,1,0,0,0,0,0,0,0,0,0,0
40697,1,1,0,0,0,0,0,0,0,0,0,0
40697,2,1,9,9,9,9,9,9,9,9,9,9
40697,3,1,0,0,0,0,0,0,0,0,0,0
40697,4,1,0,0,0,0,0,0,0,0,0,0
40698,0,1,0,0,0,0,0,0,0,0,0,0
40698,1,1,0,0,0,0,0,0,0,0,0,0
40699,0,1,13,0,0,0,0,0,0,0,0,0
40699,1,1,33,33,33,33,33,33,33,33,33,33
40700,1,1,0,0,0,0,0,0,0,0,0,0
40700,2,1,0,0,0,0,0,0,0,0,0,0
40701,1,1,0,0,0,0,0,0,0,0,0,0
40701,2,1,0,0,0,0,0,0,0,0,0,0
40702,1,1,13,0,0,0,25,37,0,0,0,0
40703,0,1,0,0,0,0,0,0,0,0,0,0
40703,1,1,0,0,0,0,0,0,0,0,0,0
40704,0,1,0,0,0,0,0,0,0,0,0,0
40704,1,1,0,0,0,0,0,0,0,0,0,0
40705,0,1,42,42,42,42,42,42,42,42,42,42
40705,1,1,3,3,3,3,3,3,3,3,3,3
40706,1,1,13,13,13,13,13,13,13,13,13,13
40706,2,1,0,0,0,0,0,0,0,0,0,0
40707,0,1,0,0,0,0,0,0,0,0,0,0
40707,1,1,0,0,0,0,0,0,0,0,0,0
40708,0,1,0,0,0,0,0,0,0,0,0,0
40708,1,1,0,0,0,0,0,0,0,0,0,0
40709,1,1,12,12,12,12,12,12,12,12,12,12
40711,1,1,0,0,0,0,0,0,0,0,0,0
40711,2,1,0,0,0,0,0,0,0,0,0,0
40712,0,1,23,23,23,23,23,23,23,23,23,23
40712,1,1,0,0,0,0,0,0,0,0,0,0
40713,1,1,0,0,0,0,0,0,0,0,0,0
40713,2,1,0,0,0,0,0,0,0,0,0,0
40714,1,1,0,0,0,0,0,0,0,0,0,0
40714,2,1,0,0,0,0,0,0,0,0,0,0
40715,1,1,0,0,0,0,0,0,0,0,0,0
40715,2,1,10,10,10,10,10,10,10,10,10,10
40715,3,1,0,0,0,0,0,0,0,0,0,0
40716,1,1,0,0,0,0,0,0,0,0,0,0
40716,2,1,0,0,0,0,0,0,0,0,0,0
40718,0,1,27,27,27,27,27,27,27,27,27,27
40718,1,1,0,20,0,0,12,25,0,0,0,0
40719,1,1,6,6,6,6,6,6,6,6,6,6
40720,1,1,0,0,0,0,0,0,0,0,0,0
40720,2,1,0,0,0,0,2,0,0,0,0,0
40721,1,1,0,0,0,24,0,0,0,0,0,0
40722,0,1,29,29,29,29,29,29,29,29,29,29
40722,1,1,0,0,0,0,0,0,0,0,0,0
40723,1,1,14,14,14,14,14,14,14,14,14,14
40724,1,1,0,0,0,0,0,0,0,0,0,0
40725,1,2,0,0,8,9,18,0,9,0,15,0
40726,1,1,0,0,0,0,0,0,0,0,0,0
40727,1,1,0,0,0,0,0,0,0,0,0,0
40727,2,1,0,0,0,0,0,0,0,0,0,0
40728,1,1,10,10,10,10,10,10,10,10,10,10
40728,2,1,0,0,0,0,0,0,0,0,0,0
40728,3,1,0,0,0,0,0,0,0,0,0,0
40728,4,1,0,0,0,0,0,0,0,0,0,0
40729,1,1,0,0,0,0,0,0,0,0,0,0
40730,1,1,0,8,0,6,0,0,0,0,0,0
40730,2,1,0,0,0,0,0,0,0,0,0,0
40731,0,1,2,2,2,2,2,2,2,2,2,2
40731,1,1,0,0,0,0,0,0,0,0,0,0
40732,1,1,0,0,0,0,0,0,0,0,0,0
40733,0,1,0,0,0,0,0,0,0,0,0,0
40733,1,1,0,0,0,16,5,0,0,0,0,0
40734,1,1,0,0,0,0,0,0,0,0,0,0
40735,0,1,14,14,14,14,14,14,14,14,14,14