ST_CASE,VEH_NO,PER_NO,P1,P2,P3,P4,P5,P6,P7,P8,P9,P10
40735,1,1,0,19,0,0,0,0,0,0,0,0
40736,1,2,0,0,0,0,0,2,6,0,7,0
40737,1,2,0,0,0,0,0,0,0,0,0,0
40738,0,1,5,5,5,5,5,5,5,5,5,5
40738,1,1,1,1,1,1,1,1,1,1,1,1
40739,0,1,0,0,0,0,0,0,0,0,0,0
40739,1,1,0,0,0,0,0,0,0,0,0,0
40740,1,1,0,0,0,0,0,0,0,0,0,0
40740,2,1,0,0,0,0,0,0,0,0,0,0
40741,1,1,0,0,0,0,0,0,0,0,0,0
40742,1,1,23,23,23,23,23,23,23,23,23,23
40743,1,1,0,0,0,12,0,6,0,9,12,0
40743,2,1,0,0,0,0,0,0,0,0,0,0
40744,1,1,26,26,26,26,26,26,26,26,26,26
40744,2,1,0,0,0,0,0,0,0,0,0,0
40745,0,1,24,31,29,49,32,38,9,37,15,0
40745,1,1,0,0,0,0,0,0,0,0,0,0
40746,1,1,0,0,0,0,0,0,0,0,0,0
40746,2,1,0,0,0,0,0,0,0,0,0,0
40747,1,1,0,0,0,0,0,0,0,0,0,0
40748,1,2,0,0,0,2,0,0,0,0,0,5
40749,0,1,0,0,0,0,0,0,0,0,0,0
40749,1,1,0,0,0,0,0,0,0,0,0,0
40750,1,1,18,18,18,18,18,18,18,18,18,18
40751,0,1,25,25,25,25,25,25,25,25,25,25
40751,1,1,0,0,0,0,0,0,0,0,0,0
40752,0,1,0,0,0,0,0,0,0,0,0,0
40752,1,1,2,2,2,2,2,2,2,2,2,2
40752,2,1,0,0,0,0,0,0,0,0,0,0
40753,0,1,0,0,0,0,0,0,0,0,0,0
40753,0,2,0,0,0,0,0,0,0,0,0,0
40753,1,1,0,0,0,0,0,0,0,0,0,0
40754,0,1,7,7,7,7,7,7,7,7,7,7
40754,0,2,0,0,0,0,0,0,0,0,0,0
40754,1,1,0,0,0,0,0,0,0,0,0,0
40755,0,1,0,0,0,0,0,0,0,0,0,0
40755,1,1,0,0,0,0,0,0,0,0,0,0
40756,1,1,0,0,0,0,2,18,0,0,0,0
40756,2,1,0,0,0,0,0,0,0,0,0,0
40757,1,1,16,16,16,16,16,16,16,16,16,16
40757,2,1,0,0,0,0,0,0,0,0,0,0
40758,1,1,25,25,25,25,25,25,25,25,25,25
40759,1,1,29,19,40,36,49,39,22,38,8,29
40760,1,1,0,0,0,0,0,0,0,0,0,0
40761,0,1,0,0,0,0,0,0,0,0,0,0
40761,1,1,0,0,0,0,0,0,0,0,0,0
40762,1,1,0,0,0,0,0,0,0,0,0,0
40762,2,1,0,0,0,0,0,0,0,0,0,0
40763,1,2,13,24,16,0,22,12,7,0,0,5
40764,0,1,17,0,0,0,5,0,28,0,12,0
40764,1,1,0,0,0,0,0,0,0,0,0,0
40765,1,1,5,0,20,0,14,0,3,25,12,4
40766,0,1,43,30,32,31,26,39,18,21,14,13
40766,1,1,0,0,0,0,0,0,0,0,0,0
40767,1,2,0,0,0,0,0,6,0,0,0,0
40768,0,1,16,0,0,7,22,0,0,12,0,12
40768,1,1,0,0,26,0,0,0,0,0,0,0
40769,0,1,0,0,0,35,0,0,0,0,10,0
40769,1,1,0,0,0,0,0,0,0,0,0,0
40770,1,1,0,0,0,9,0,0,0,0,0,0
40771,1,1,0,0,0,0,0,0,0,0,11,0
50001,1,1,0,0,0,0,0,0,0,0,0,0
50002,1,1,0,0,0,0,0,0,0,0,0,0
50002,2,1,0,0,0,0,0,0,0,0,0,0
50003,1,1,22,0,0,0,0,0,0,0,0,0
50004,1,1,0,0,0,0,0,0,0,0,0,0
50005,0,1,0,15,0,0,0,0,0,0,0,0
50005,1,1,0,0,0,0,0,0,0,0,0,0
50006,1,1,12,12,12,12,12,12,12,12,12,12
50007,1,1,0,0,0,0,0,0,0,0,0,0
50007,2,1,0,0,0,0,0,0,0,0,0,0
50008,1,1,4,4,4,4,4,4,4,4,4,4
50008,2,1,0,0,0,0,0,8,0,0,0,0
50009,1,1,0,0,0,0,0,0,0,0,0,0
50009,2,1,0,0,0,0,0,0,0,0,0,0
50010,1,1,0,2,0,0,0,0,0,0,0,0
50010,2,1,0,0,0,0,0,0,0,0,0,0
50010,3,1,0,0,0,0,0,13,0,0,0,0
50011,1,1,0,0,0,0,0,0,0,0,0,0
50011,2,1,0,0,0,0,0,0,0,0,0,0
50011,3,1,0,0,0,0,0,0,0,0,0,0
50011,4,1,0,0,0,0,0,0,0,0,0,0
50012,1,1,21,21,21,21,21,21,21,21,21,21
50013,1,1,0,0,0,0,0,0,0,0,0,0
50013,2,1,0,0,0,0,0,0,0,0,0,0
50014,1,1,25,0,13,21,0,33,23,0,9,0
50015,1,1,0,0,0,0,0,0,0,0,0,0
50015,2,1,0,0,0,0,0,0,0,0,0,0
50015,3,1,0,0,0,0,0,0,0,0,0,0
50015,4,1,0,0,0,0,0,0,0,0,0,0
50016,1,1,0,0,0,0,0,0,0,0,0,0
50016,2,1,20,20,20,20,20,20,20,20,20,20
50017,1,1,16,16,16,16,16,16,16,16,16,16
50018,1,1,0,24,34,23,0,38,22,31,14,15
50019,1,1,0,0,0,0,0,0,0,0,0,0
50019,2,1,0,0,0,0,0,0,0,0,0,0
50021,1,1,17,17,17,17,17,17,17,17,17,17
50022,1,1,0,0,0,0,0,0,0,0,0,0
50023,1,1,0,0,0,0,0,0,0,0,0,0
50023,2,1,0,0,0,0,0,6,0,0,0,0
50023,3,1,0,0,0,0,0,0,0,0,0,0
50024,1,1,24,24,24,24,24,24,24,24,24,24
50025,1,1,0,0,0,0,0,0,0,0,0,0
50025,2,1,0,0,0,0,0,0,0,0,0,0
50026,1,1,0,0,0,0,0,0,0,0,0,0
50026,2,1,0,0,0,0,0,0,0,0,0,0
50027,1,1,25,25,25,25,25,25,25,25,25,25
50028,1,1,0,0,0,0,0,0,0,0,0,0
50028,2,1,9,9,9,9,9,9,9,9,9,9
50029,1,1,22,22,22,22,22,22,22,22,22,22
50030,1,1,1,1,1,1,1,1,1,1,1,1
50030,2,1,0,0,0,0,0,0,0,0,0,0
50032,0,1,0,16,24,5,25,4,3,17,18,38
50032,1,1,7,0,0,0,0,0,0,0,0,0
50033,0,1,0,0,0,0,0,3,0,0,0,0
50033,0,2,0,0,0,0,0,0,0,0,0,0
50033,1,1,0,0,0,0,0,0,0,0,0,0
50034,1,1,13,13,13,13,13,13,13,13,13,13
50035,1,1,0,0,0,0,0,0,0,0,0,0
50036,1,1,0,0,0,0,0,0,0,0,0,0
50036,2,1,24,24,24,24,24,24,24,24,24,24
50037,1,1,0,0,0,0,0,0,0,0,0,0
50037,2,1,0,0,0,0,0,0,0,0,0,0
50038,1,1,0,0,0,0,0,0,0,0,0,0
50038,2,1,0,0,0,0,0,0,0,0,0,0
50039,1,1,0,0,0,0,0,0,0,0,0,0
50039,2,1,0,0,0,0,0,0,0,0,0,0
50040,1,1,0,0,0,0,0,0,0,0,0,0
50040,2,1,0,0,0,0,0,0,0,5,0,0
50041,1,1,0,0,0,0,0,0,0,0,0,0
50042,1,1,0,0,0,0,0,0,0,0,0,0
50043,1,1,23,23,23,23,23,23,23,23,23,23
50044,1,1,0,0,0,0,0,0,0,0,0,0
50045,1,1,0,0,0,0,0,0,0,0,0,0
50045,2,1,0,0,0,0,0,0,0,0,0,0
50045,3,1,0,0,0,0,0,0,0,0,0,0
50045,4,1,0,0,0,0,0,0,0,0,0,0
50045,5,1,11,0,0,0,0,0,0,0,0,0
50046,1,1,1,1,1,1,1,1,1,1,1,1
50046,2,1,2,0,0,0,0,0,0,0,0,0
50046,3,1,0,0,0,0,0,0,0,0,0,0
50047,1,1,0,0,0,0,0,0,0,0,0,0
50048,1,1,0,0,0,0,0,0,0,0,0,0
50048,2,1,0,0,0,0,0,0,0,0,0,0
50049,1,1,18,18,18,18,18,18,18,18,18,18
50050,1,1,0,0,0,0,0,0,0,0,0,0
50050,2,1,0,0,0,0,0,0,0,0,0,0
50051,1,1,0,0,0,0,0,0,0,0,0,0
50051,2,1,0,0,0,0,0,0,0,0,0,0
50052,0,1,31,31,31,31,31,31,31,31,31,31
50052,1,1,0,0,0,0,13,0,0,0,0,0
50053,0,1,0,0,0,0,0,0,0,0,0,0
50053,1,1,0,0,0,0,0,0,0,0,0,0
50054,1,1,22,22,22,22,22,22,22,22,22,22
50054,2,1,0,0,0,0,0,0,0,0,0,0
50055,1,1,0,0,0,0,0,0,0,0,0,0
50056,1,1,0,0,0,0,0,0,0,0,0,0
50057,1,1,21,21,21,21,21,21,21,21,21,21
50058,1,1,7,0,5,18,3,0,0,2,0,4
50058,2,1,0,0,0,0,0,0,0,0,0,0
50059,1,1,14,14,14,14,14,14,14,14,14,14
50059,2,1,0,15,0,0,0,29,0,0,0,0
50060,1,1,0,0,0,0,0,0,0,0,0,0
50061,1,1,0,0,0,0,0,0,0,0,0,0
50062,1,1,0,0,0,0,0,0,0,0,0,0
50062,2,1,0,0,0,0,0,0,0,0,0,0
50063,1,1,30,30,30,30,30,30,30,30,30,30
50064,1,1,0,0,0,0,0,0,0,6,0,0
50065,0,1,0,0,0,0,0,0,27,0,0,0
50065,1,1,0,0,0,0,0,0,0,0,0,0
50066,1,1,0,0,0,0,0,0,0,0,0,0
50066,2,1,0,0,0,0,0,0,0,0,0,0
50067,1,1,0,0,0,0,0,0,0,0,0,0
50067,2,1,0,0,0,0,0,0,0,0,0,0
50068,1,1,13,13,13,13,13,13,13,13,13,13
50069,1,1,0,0,0,0,0,0,0,0,0,0
50070,1,1,0,0,0,0,0,0,0,0,0,0
50070,2,1,0,0,0,0,0,0,0,0,0,0
50070,3,1,0,0,0,0,0,0,0,0,0,0
50071,1,1,0,0,0,0,0,0,0,0,0,0
50071,2,1,0,0,0,0,0,0,0,0,0,0
50072,1,1,0,0,0,0,0,0,0,0,0,0
50072,2,1,0,0,0,0,0,0,0,0,0,0
50073,1,1,0,0,0,0,0,0,0,0,0,0
50073,2,1,0,0,0,0,0,0,0,0,0,0
50074,0,1,11,11,11,11,11,11,11,11,11,11
50074,1,1,0,0,0,0,0,0,0,0,0,0
50075,1,1,17,17,17,17,17,17,17,17,17,17
50076,1,1,15,15,15,15,15,15,15,15,15,15
50077,1,1,19,19,19,19,19,19,19,19,19,19
50078,1,1,0,0,0,0,0,0,0,0,0,0
50078,2,1,0,0,0,0,0,0,0,0,0,0
50079,1,1,0,0,14,0,0,0,0,0,0,0
50080,1,1,7,7,7,7,7,7,7,7,7,7
50081,1,1,0,0,0,0,0,0,0,0,0,0
50081,2,1,0,0,0,0,0,0,0,0,0,0
50082,1,1,0,0,0,0,0,0,0,0,0,0
50082,2,1,0,0,0,0,0,0,0,0,0,0
50083,1,1,22,22,22,22,22,22,22,22,22,22
50083,2,1,0,0,0,0,0,0,0,0,0,0
50084,0,1,0,0,0,0,0,0,0,0,0,0
50084,1,1,0,0,0,0,0,0,0,0,0,0
50085,1,1,2,2,2,2,2,2,2,2,2,2
50086,1,1,1,1,1,1,1,1,1,1,1,1
50087,1,1,27,27,27,27,27,27,27,27,27,27
50087,2,1,0,0,0,0,0,0,0,0,0,0
50088,1,1,26,26,26,26,26,26,26,26,26,26
50088,2,1,21,21,21,21,21,21,21,21,21,21
50089,1,1,1,1,1,1,1,1,1,1,1,1
50089,2,1,0,0,0,0,0,0,0,0,0,0
50090,1,1,8,8,8,8,8,8,8,8,8,8
50090,2,1,0,0,0,0,0,0,0,0,0,0
50090,3,1,0,0,0,0,0,0,0,0,0,0
50091,1,1,0,0,0,0,0,0,0,0,0,0
50091,2,1,0,0,0,0,0,0,0,0,0,0
50092,1,1,14,14,14,14,14,14,14,14,14,14
50093,1,1,0,0,0,0,0,0,0,0,0,0
50093,2,1,0,0,0,0,0,0,24,0,0,0
50094,1,1,31,31,31,31,31,31,31,31,31,31
50095,1,1,0,0,0,0,0,0,0,0,0,0
50096,1,1,0,0,0,0,0,0,0,0,0,0
50097,1,1,0,0,0,0,3,0,0,0,0,20
50098,1,1,0,0,0,0,0,0,0,0,0,0
50098,2,1,0,0,0,0,0,0,0,0,0,0
50099,1,1,23,23,23,23,23,23,23,23,23,23
50100,1,1,0,0,0,0,0,0,0,0,0,0
50100,2,1,0,0,0,0,0,0,0,0,0,0
50101,1,1,0,0,0,0,0,0,0,0,0,0
50101,2,1,0,0,0,0,0,0,0,0,0,0
50102,1,1,16,16,16,16,16,16,16,16,16,16
50103,1,1,17,17,17,17,17,17,17,17,17,17
50104,1,1,0,0,0,0,0,0,0,0,0,0
50105,1,1,0,0,0,0,0,0,0,0,0,0
50106,1,1,27,0,9,0,0,22,0,0,0,0
50107,1,1,31,31,31,31,31,31,31,31,31,31
50108,1,1,10,10,10,10,10,10,10,10,10,10
50108,2,1,0,9,0,0,0,0,0,0,0,0
50109,1,1,0,0,0,0,0,0,0,0,0,0
50109,2,1,7,7,7,7,7,7,7,7,7,7
50110,1,1,0,0,0,0,11,0,0,0,0,0
50111,1,1,0,0,0,0,0,0,0,0,0,0
50112,1,1,10,10,10,10,10,10,10,10,10,10
50113,0,1,0,0,0,0,0,0,0,0,0,0
50113,1,1,10,10,10,10,10,10,10,10,10,10
50114,1,1,12,12,12,12,12,12,12,12,12,12
50115,1,1,30,30,30,30,30,30,30,30,30,30
50116,1,1,0,0,0,0,0,0,0,0,0,0
50117,1,1,0,41,0,9,0,0,0,0,8,11
50118,1,1,1,1,1,1,1,1,1,1,1,1
50119,1,1,22,22,22,22,22,22,22,22,22,22
50120,1,1,0,0,0,0,0,0,0,0,0,0
50121,0,1,28,28,28,28,28,28,28,28,28,28
50121,1,1,0,0,0,0,0,0,0,0,0,0
50122,1,1,0,0,0,0,0,0,0,0,0,0
50122,2,1,0,0,0,0,0,0,0,0,0,0
50122,3,1,0,0,0,0,0,0,0,0,0,0
50122,4,1,0,0,0,0,0,0,0,0,0,0
50123,1,1,14,14,14,14,14,14,14,14,14,14
50124,1,1,0,0,0,0,0,0,0,0,0,0
50124,2,1,0,0,0,0,0,0,0,0,0,0
50124,3,1,0,0,0,0,0,0,0,0,0,0
50125,1,1,5,0,0,16,22,11,0,0,24,16
50126,1,1,0,0,0,0,0,0,0,0,0,0
50126,2,1,0,0,0,0,0,0,15,0,7,0
50126,3,1,0,0,0,0,0,0,0,0,0,0
50127,1,1,22,0,7,27,25,18,30,19,0,13
50128,1,1,16,16,16,16,16,16,16,16,16,16
50129,1,1,0,0,0,0,0,0,0,0,0,0
50130,1,1,17,17,17,17,17,17,17,17,17,17
50131,1,1,0,0,0,0,0,0,0,0,0,0
50132,1,1,20,20,20,20,20,20,20,20,20,20
50133,0,1,0,0,0,0,0,0,0,0,0,0
50133,0,2,21,36,31,0,0,8,0,21,0,18
50133,1,1,0,0,0,0,23,0,0,0,0,0
50134,1,1,31,31,31,31,31,31,31,31,31,31
50135,1,1,28,28,28,28,28,28,28,28,28,28
50136,0,1,0,0,0,0,25,0,0,0,0,0
50136,1,1,0,0,0,0,0,0,0,0,0,0
50137,1,1,0,0,0,0,0,0,0,0,0,0
50137,2,1,0,0,0,0,0,0,0,0,0,0
50138,1,1,0,0,0,0,0,0,0,0,0,0
50138,2,1,0,0,0,0,0,0,0,0,0,0
50139,1,1,1,1,1,1,1,1,1,1,1,1
50140,1,1,0,0,0,0,0,0,0,0,0,0
50141,1,1,0,0,0,0,0,0,0,0,0,0
50141,2,1,27,27,27,27,27,27,27,27,27,27
50142,1,1,0,0,0,0,0,0,0,0,0,0
50143,1,1,0,0,0,0,0,0,0,0,0,0
50143,2,1,7,7,7,7,7,7,7,7,7,7
50144,1,1,0,0,0,0,0,0,0,0,0,0
50144,2,1,0,0,0,0,0,0,0,0,0,0
50145,1,1,0,0,0,0,0,0,0,0,0,0
50146,0,1,0,0,0,0,0,0,0,0,0,0
50146,1,1,0,0,0,0,0,0,0,0,0,0
50146,2,1,0,0,0,12,0,0,2,0,0,0
50147,0,1,19,19,19,19,19,19,19,19,19,19
50147,1,1,0,0,0,0,0,0,0,0,0,0
50148,0,1,0,0,0,0,0,0,0,0,0,0
50148,1,1,0,0,0,0,0,0,0,0,0,0
50149,1,1,0,0,0,0,0,0,0,0,0,0
50150,1,1,0,0,0,0,0,0,0,0,0,0
50151,1,1,0,0,0,0,0,0,0,0,0,0
50152,1,1,1,1,1,1,1,1,1,1,1,1
50153,1,1,0,0,0,0,0,0,0,0,0,0
50155,1,2,0,0,17,21,0,0,0,20,0,0
50156,1,1,0,0,0,0,0,0,0,0,0,0
50157,0,1,0,0,0,0,0,0,21,0,0,0
50158,1,1,37,37,37,37,37,37,37,37,37,37
50159,1,1,0,0,0,0,0,0,0,0,0,0
50159,2,1,0,0,0,16,0,11,5,0,0,0
50160,1,1,15,15,15,15,15,15,15,15,15,15
50161,1,1,23,23,23,23,23,23,23,23,23,23
50161,2,1,0,0,0,0,0,0,0,0,0,0
50162,1,1,0,0,0,0,0,0,0,0,0,0
50163,1,1,0,0,0,0,0,0,0,0,0,0
50163,2,1,0,0,0,0,0,0,0,0,0,0
50164,1,1,0,0,0,0,0,0,0,0,0,0
50165,1,1,0,0,0,0,0,0,0,0,0,0
50165,2,1,0,0,0,0,0,0,0,0,0,0
50166,1,1,0,0,0,0,0,0,0,0,0,0
50167,1,1,0,0,0,0,0,0,0,0,0,0
50167,2,1,0,0,0,13,0,0,0,0,0,0
50168,1,1,0,0,0,0,0,0,0,0,0,0
50168,2,1,0,0,0,0,0,0,0,0,0,0
50168,3,1,0,0,0,0,0,0,0,0,0,0
50169,1,1,0,0,0,0,0,0,0,0,0,0
50169,2,1,8,0,0,0,0,0,0,0,0,0
50170,1,1,17,17,17,17,17,17,17,17,17,17
50171,1,1,0,0,0,0,0,0,0,0,0,0
50171,2,1,0,0,0,0,0,0,0,0,0,0
50172,1,1,20,20,20,20,20,20,20,20,20,20
50173,1,1,19,19,19,19,19,19,19,19,19,19
50174,1,1,13,13,13,13,13,13,13,13,13,13
50175,1,1,0,0,0,0,0,0,0,0,0,0
50176,1,1,0,0,0,0,0,0,0,0,0,0
50176,2,1,0,0,0,0,0,0,0,0,0,0
50177,1,1,0,0,0,0,0,0,0,0,0,0
50177,2,1,0,0,0,0,0,0,0,0,0,0
50177,3,1,0,0,0,0,0,0,0,0,0,0
50178,1,1,0,0,0,0,0,0,0,0,0,0
50180,1,1,21,21,21,21,21,21,21,21,21,21
50181,1,1,0,0,0,0,0,0,0,0,0,0
50181,2,1,0,0,0,0,0,0,0,0,0,0
50182,0,1,0,0,0,0,0,0,0,0,0,0
50182,1,1,0,14,0,0,0,13,0,9,0,0
50183,1,1,0,0,0,0,0,0,0,0,0,0
50184,1,1,18,18,18,18,18,18,18,18,18,18
50184,2,1,0,0,0,0,0,0,0,0,0,0
50185,0,1,0,0,0,0,0,0,0,0,0,0
50185,1,1,0,0,0,0,0,0,0,0,0,0
50186,1,1,0,0,0,0,0,0,0,0,0,0
50186,2,1,0,0,0,0,0,0,0,0,0,0
50187,1,1,22,22,22,22,22,22,22,22,22,22
50188,1,1,16,16,16,16,16,16,16,16,16,16
50188,2,1,10,10,10,10,10,10,10,10,10,10
50189,1,1,0,0,0,0,0,0,0,0,0,0
50190,1,1,0,0,0,0,0,0,0,0,0,0
50190,2,1,0,0,0,0,0,0,0,0,0,0
50191,0,1,0,0,0,0,0,0,0,0,0,0
50191,1,1,36,0,0,0,9,0,0,0,0,22
50192,1,1,0,0,0,0,0,0,0,0,0,0
50192,2,1,0,0,0,0,0,0,0,0,0,0
50193,1,1,32,32,32,32,32,32,32,32,32,32
50194,1,1,23,23,23,23,23,23,23,23,23,23
50195,1,1,0,0,0,0,0,0,0,0,0,0
50195,2,1,0,0,0,0,0,0,0,0,0,0
50195,3,1,0,0,0,0,0,0,0,0,0,0
50196,1,1,6,6,6,6,6,6,6,6,6,6
50197,1,1,0,0,0,0,0,0,0,0,0,0
50197,2,1,0,0,0,0,0,0,0,0,0,0
50197,3,1,0,0,0,0,0,0,0,0,0,0
50197,4,1,0,0,0,0,0,0,0,0,0,0
50197,5,1,0,0,0,0,0,0,0,0,0,0
50197,6,1,0,0,0,0,0,0,0,0,0,0
50198,1,1,0,8,12,36,0,0,0,0,0,0
50199,0,1,35,0,15,32,26,0,0,0,0,19
50199,1,1,0,16,0,7,17,4,0,24,0,0
50200,1,1,24,24,24,24,24,24,24,24,24,24
50201,0,1,0,0,0,0,0,0,0,0,0,0
50201,1,1,0,0,0,0,0,0,0,0,0,0
50202,0,1,0,0,0,0,0,0,0,0,0,0
50202,1,1,0,0,0,0,0,0,0,0,0,0
50203,1,1,0,0,0,0,0,0,0,0,0,0
50204,1,1,0,0,0,0,0,0,0,0,0,0
50204,2,1,12,12,12,12,12,12,12,12,12,12
50205,0,1,12,12,12,12,12,12,12,12,12,12
50205,1,1,0,0,0,25,0,0,0,0,0,0
50206,1,1,4,4,4,4,4,4,4,4,4,4
50206,2,1,0,0,0,0,0,0,0,0,0,0
50207,1,1,13,0,0,0,0,0,0,0,0,0
50208,1,1,0,0,0,0,0,0,0,0,0,0
50208,2,1,0,0,0,0,0,0,0,0,0,0
50209,1,1,0,0,0,0,0,0,0,0,0,0
50209,2,1,0,0,0,0,0,0,0,0,0,0
50210,1,1,0,0,0,0,0,0,0,0,0,0
50211,1,1,24,24,24,24,24,24,24,24,24,24
50212,1,1,3,9,11,10,0,9,10,24,14,21
50213,1,1,37,37,37,37,37,37,37,37,37,37
50214,1,1,0,0,0,0,0,0,0,0,0,0
50215,1,1,0,0,11,0,0,0,0,0,0,0
50216,1,1,0,0,0,0,0,0,0,0,0,0
50217,1,1,0,0,0,0,26,0,0,0,7,0
50217,2,1,5,0,0,0,0,0,0,0,0,0
50218,1,1,0,0,0,0,0,0,0,0,0,0
50218,2,1,0,0,0,0,0,0,0,0,0,0
50219,1,1,0,0,0,23,0,0,0,0,0,0
50220,1,1,0,0,0,0,0,0,0,0,0,0
50220,2,1,0,0,0,0,0,0,0,0,0,0
50221,1,1,0,0,0,0,0,0,0,0,0,0
50222,1,1,0,0,0,0,0,0,0,0,0,0
50223,1,1,0,0,0,0,0,0,0,0,0,0
50223,2,1,0,0,0,0,0,0,0,0,0,0
50224,1,1,27,27,27,27,27,27,27,27,27,27
50225,1,1,0,0,0,0,0,0,0,0,0,0
50225,2,1,10,10,10,10,10,10,10,10,10,10
50226,1,1,18,18,18,18,18,18,18,18,18,18
50227,1,1,15,15,15,15,15,15,15,15,15,15
50227,2,1,0,0,0,0,0,0,0,0,0,0
50228,0,1,0,0,0,0,0,0,0,0,0,0
50228,1,1,0,0,0,20,0,0,0,0,0,0
50229,0,1,0,0,0,0,0,0,0,0,0,0
50229,1,1,15,15,15,15,15,15,15,15,15,15
50230,1,1,0,0,0,0,0,0,0,0,0,0
50230,2,1,0,0,0,0,0,0,0,0,0,0
50231,1,1,14,14,14,14,14,14,14,14,14,14
50232,1,1,0,0,0,0,0,0,0,0,0,0
50232,2,1,0,0,0,30,24,12,0,0,0,0
50233,1,1,0,0,0,0,0,0,0,0,0,0
50233,2,1,0,0,0,0,0,0,0,0,0,0
50234,1,1,0,0,8,0,28,12,7,2,14,10
50234,2,1,0,0,0,0,0,0,0,0,0,0
50235,1,1,0,0,0,0,0,0,0,0,0,0
50235,2,1,0,0,0,0,0,0,0,0,0,0
50236,1,1,0,0,0,0,0,0,0,0,0,0
50237,1,1,0,0,0,0,0,0,0,0,0,0
50237,2,1,0,0,0,0,0,0,0,0,0,0
50238,1,1,0,0,0,0,25,0,0,0,0,0
50239,1,1,0,0,0,0,0,0,0,0,0,0
50240,1,1,8,8,8,8,8,8,8,8,8,8
50241,1,1,26,26,26,26,26,26,26,26,26,26
50242,1,1,15,15,15,15,15,15,15,15,15,15
50243,1,1,0,0,0,0,0,0,0,0,0,0
50243,2,1,0,0,0,0,0,0,0,0,0,0
50244,0,1,0,0,0,0,0,0,0,0,0,0
50244,1,1,1,1,1,1,1,1,1,1,1,1
50244,2,1,0,0,0,0,0,0,0,0,0,0
50245,0,1,0,0,12,0,0,0,0,0,0,0
50245,1,1,0,0,0,0,0,0,0,0,0,0
50246,1,1,0,0,0,0,0,0,0,0,0,0
50247,1,1,13,13,13,13,13,13,13,13,13,13
50248,1,1,0,0,0,0,0,0,0,0,0,0
50248,2,1,2,2,2,2,2,2,2,2,2,2
50249,1,1,28,28,28,28,28,28,28,28,28,28
50250,1,1,0,0,0,0,0,0,0,0,0,0
50250,2,1,0,0,0,0,0,0,0,0,0,0
50251,1,1,0,0,0,0,0,0,0,0,0,0
50252,1,1,0,0,0,0,0,0,0,0,0,0
50252,2,1,0,0,0,0,0,0,0,0,0,0
50253,1,1,24,24,24,24,24,24,24,24,24,24
50254,1,1,25,25,25,25,25,25,25,25,25,25
50255,1,1,0,0,0,0,0,0,0,0,0,0
50256,1,1,0,0,0,0,0,0,0,0,0,0
50256,2,1,0,0,0,0,0,0,0,0,0,0
50256,3,1,0,0,0,0,0,0,0,0,0,0
50257,1,1,0,0,0,0,0,0,0,0,0,0
50259,1,1,12,12,12,12,12,12,12,12,12,12
50259,2,1,0,0,0,0,0,0,0,0,0,0
50260,1,1,0,13,0,0,0,0,0,0,32,0
50260,2,1,0,0,0,0,0,0,0,0,0,0
50261,1,1,0,0,0,0,0,0,0,0,0,0
50262,1,1,14,14,14,14,14,14,14,14,14,14
50263,1,1,0,0,0,0,0,0,0,0,0,0
50264,0,1,27,27,27,27,27,27,27,27,27,27
50264,1,1,0,0,0,0,0,0,0,0,0,0
50265,1,1,0,0,0,0,0,0,0,0,0,0
50266,1,1,0,0,0,0,0,0,0,0,0,0
50266,2,1,0,0,0,0,0,0,0,0,0,0
50266,3,1,0,0,0,0,0,0,0,0,0,0
50267,1,1,0,0,0,0,0,0,0,0,0,0
50268,1,1,12,0,13,15,15,27,0,0,14,0
50269,1,1,0,0,0,0,0,0,0,0,0,0
50269,2,1,0,0,0,0,0,0,0,0,0,0
50270,1,1,12,12,12,12,12,12,12,12,12,12
50271,1,1,0,0,0,0,0,0,0,0,0,0
50272,1,1,0,0,0,0,0,0,0,0,0,0
50272,2,1,10,0,0,0,0,0,0,0,0,0
50273,1,1,23,23,23,23,23,23,23,23,23,23
50274,1,1,0,0,0,0,33,0,0,10,0,0
50275,1,1,0,0,0,0,0,0,0,0,0,0
50275,2,1,0,0,0,0,0,0,0,0,0,0
50276,1,1,24,24,24,24,24,24,24,24,24,24
50277,1,1,0,0,0,0,0,0,0,0,0,22
50278,1,1,0,0,0,0,0,0,0,0,0,0
50279,0,1,0,0,3,0,0,0,0,0,0,0
50279,1,1,0,0,0,0,0,0,0,0,0,0
50280,1,1,0,0,0,0,0,0,0,0,0,0
50280,2,1,0,0,0,0,0,0,0,0,0,0
50281,1,1,0,0,0,0,0,11,0,9,0,0
50282,1,1,0,0,0,0,0,0,0,0,0,0
50282,2,1,0,0,0,0,0,0,0,0,0,0
50283,1,1,63,63,63,63,63,63,63,63,63,63
50284,1,1,6,6,6,6,6,6,6,6,6,6
50284,2,1,23,23,23,23,23,23,23,23,23,23
50285,1,1,11,11,11,11,11,11,11,11,11,11
50286,1,1,17,17,17,17,17,17,17,17,17,17
50287,1,1,0,0,0,0,0,0,0,0,0,0
50287,2,1,0,0,0,0,0,0,0,0,0,0
50288,1,1,0,0,0,0,0,0,0,0,0,0
50289,0,1,20,0,0,0,25,19,0,0,30,0
50289,1,1,0,0,0,0,0,0,0,0,0,0
50290,1,1,10,9,20,24,12,0,16,0,0,17
50291,1,1,0,0,0,0,0,0,0,0,0,0
50291,2,1,0,0,0,0,0,0,0,0,0,0
50292,1,1,25,25,25,25,25,25,25,25,25,25
50293,1,1,0,0,0,0,0,0,0,0,0,0
50294,1,1,0,0,0,0,0,0,0,0,0,0
50295,1,1,7,7,7,7,7,7,7,7,7,7
50296,1,1,0,0,0,0,0,0,0,0,0,0
50296,2,1,0,0,0,0,0,0,0,0,0,0
50297,1,1,0,11,0,0,0,0,0,0,0,0
50299,1,1,0,0,0,0,0,0,0,0,0,0
50299,2,1,0,0,0,0,0,0,0,0,0,0
50300,1,1,0,0,0,0,0,0,0,0,0,0
50301,1,1,0,0,0,0,0,0,0,0,0,0