ST_CASE,VEH_NO,PER_NO,P1,P2,P3,P4,P5,P6,P7,P8,P9,P10
50301,2,1,0,0,0,0,0,0,0,0,0,0
50302,1,1,0,0,0,0,0,0,0,0,0,0
50302,2,1,0,0,0,0,0,0,0,0,0,0
50303,1,1,0,0,8,0,0,0,0,15,0,0
50303,2,1,0,0,0,0,0,0,0,0,0,0
50304,0,1,11,11,11,11,11,11,11,11,11,11
50304,1,1,0,0,0,0,0,0,0,0,0,0
50305,1,1,23,23,23,23,23,23,23,23,23,23
50306,1,1,0,0,10,0,0,0,0,0,0,0
50306,2,1,0,0,0,0,0,0,0,0,0,0
50307,1,1,0,0,0,0,0,0,0,0,0,0
50307,2,1,22,22,22,22,22,22,22,22,22,22
50308,1,1,0,0,0,0,0,0,0,0,0,0
50308,2,1,7,7,7,7,7,7,7,7,7,7
50309,0,1,0,0,0,0,0,0,0,0,0,0
50309,1,1,0,0,0,0,0,0,0,0,0,0
50310,1,1,0,0,0,0,0,0,0,0,0,0
50310,2,1,0,0,0,0,0,0,0,0,0,0
50311,1,1,0,0,0,0,0,0,0,0,0,0
50312,1,1,21,21,21,21,21,21,21,21,21,21
50312,2,1,0,0,0,0,5,0,0,17,0,0
50314,1,1,0,0,0,0,0,0,0,0,0,0
50314,2,1,0,0,0,0,0,0,0,0,0,0
50315,1,1,0,0,0,0,0,0,0,0,0,0
50315,2,1,0,0,0,0,0,0,0,0,0,0
50316,1,1,0,0,0,0,0,0,0,0,0,0
50316,2,1,0,0,0,0,0,0,0,0,0,0
50317,1,1,0,0,0,0,0,0,0,0,0,0
50317,2,1,0,0,0,0,0,0,0,0,0,0
50318,1,1,0,9,0,14,0,24,14,0,17,0
50319,1,1,0,0,0,0,0,0,0,0,0,0
50320,1,1,0,0,0,0,0,0,0,0,0,0
50320,2,1,0,0,8,8,0,0,0,0,0,0
50321,0,1,10,0,0,0,0,0,0,0,0,0
50321,1,1,0,0,0,0,0,0,0,0,0,0
50322,1,1,0,0,0,0,0,0,0,0,0,0
50323,1,1,0,0,0,0,0,0,0,0,0,0
50323,2,1,0,0,0,0,0,0,0,0,0,0
50324,1,1,12,38,23,15,11,0,6,38,11,0
50325,1,1,0,0,0,0,0,0,0,0,0,0
50325,2,1,0,0,0,0,0,0,0,0,0,0
50325,3,1,0,0,0,0,0,0,0,0,0,0
50326,0,1,16,22,9,0,0,16,0,0,0,18
50326,1,1,0,0,0,0,0,0,0,0,0,0
50327,1,1,6,0,0,0,19,0,0,0,0,0
50327,2,1,0,0,0,0,0,0,0,0,0,0
50327,3,1,0,0,0,0,0,0,0,0,0,0
50328,1,1,0,0,0,0,0,0,0,0,0,0
50329,1,1,0,0,0,0,0,0,0,0,0,0
50330,1,1,0,0,0,0,0,0,0,0,0,0
50330,2,1,0,0,0,0,0,0,0,0,0,0
50331,1,1,0,0,0,0,0,0,0,0,0,0
50332,1,1,0,0,0,0,0,0,0,0,0,0
50332,2,1,0,0,0,0,0,0,0,0,0,0
50333,1,1,0,0,0,0,0,0,0,0,0,0
50334,1,1,22,22,22,22,22,22,22,22,22,22
50335,1,1,22,22,22,22,22,22,22,22,22,22
50336,1,1,16,16,16,16,16,16,16,16,16,16
50337,1,1,0,0,0,0,0,0,0,0,0,0
50338,0,1,1,1,1,1,1,1,1,1,1,1
50338,1,1,0,0,0,0,0,0,0,0,0,0
50339,0,1,0,0,0,0,0,0,0,0,0,0
50339,1,1,0,0,0,0,0,0,0,0,0,0
50340,1,1,1,1,1,1,1,1,1,1,1,1
50340,2,1,0,0,0,0,0,0,0,0,0,0
50341,1,1,19,19,19,19,19,19,19,19,19,19
50342,1,1,13,13,13,13,13,13,13,13,13,13
50342,2,1,0,0,0,0,0,0,0,0,0,0
50342,3,1,0,0,0,0,0,0,0,0,0,0
50343,1,1,20,20,20,20,20,20,20,20,20,20
50344,1,1,15,15,15,15,15,15,15,15,15,15
50345,1,1,0,0,0,0,0,0,0,0,0,0
50345,2,1,0,0,0,0,0,0,0,0,0,0
50346,1,1,4,4,4,4,4,4,4,4,4,4
50346,2,1,0,18,0,30,0,0,0,0,0,0
50347,1,1,24,24,24,24,24,24,24,24,24,24
50348,1,1,1,1,1,1,1,1,1,1,1,1
50349,1,1,0,0,0,0,0,0,0,0,0,0
50350,1,1,11,11,11,11,11,11,11,11,11,11
50351,1,1,0,0,0,0,0,0,0,0,0,0
50352,1,1,0,0,0,0,0,0,0,0,0,0
50352,2,1,0,0,0,0,0,0,0,0,0,0
50353,1,1,0,0,0,0,0,0,0,0,0,0
50353,2,1,0,0,0,0,0,0,0,0,0,0
50354,1,1,0,0,0,0,0,0,0,0,0,0
50354,2,1,0,0,0,0,0,0,0,0,0,0
50355,1,1,0,0,0,0,0,0,0,0,0,0
50355,2,1,0,0,0,0,0,0,0,0,0,0
50356,1,1,0,0,11,0,6,0,19,15,17,16
50357,1,1,0,18,0,12,0,0,0,0,0,10
50358,1,1,0,0,0,0,0,0,0,0,0,0
50359,1,1,0,0,0,0,0,0,0,0,0,0
50359,2,1,0,0,0,0,0,0,0,0,0,0
50360,1,1,0,0,0,0,0,0,0,0,0,0
50361,0,1,1,1,1,1,1,1,1,1,1,1
50361,1,1,0,0,0,6,0,0,0,0,0,0
50362,1,1,11,11,11,11,11,11,11,11,11,11
50363,1,1,0,0,0,0,0,0,0,0,0,0
50363,2,1,0,0,0,0,0,0,0,0,0,0
50364,1,1,21,21,21,21,21,21,21,21,21,21
50365,1,1,14,14,14,14,14,14,14,14,14,14
50366,1,1,0,0,0,0,0,0,0,0,0,0
50367,1,1,26,26,26,26,26,26,26,26,26,26
50368,1,1,0,0,0,0,0,0,0,0,0,0
50368,2,1,0,0,0,0,0,0,0,0,0,0
50369,0,1,0,0,0,0,9,0,28,0,0,0
50369,1,1,0,0,0,0,0,0,0,0,23,0
50371,1,1,0,0,0,0,0,0,0,0,0,0
50371,2,1,14,0,0,0,0,0,6,0,9,0
50372,1,1,8,8,8,8,8,8,8,8,8,8
50373,1,1,0,0,0,0,0,0,0,0,0,0
50374,1,1,0,0,0,0,0,0,0,0,0,0
50375,0,1,0,19,24,0,20,0,19,7,3,0
50375,1,1,0,0,0,0,0,0,0,0,0,0
50376,1,1,0,0,0,0,0,0,0,0,0,0
50376,2,1,0,0,0,0,0,0,0,0,0,0
50377,1,1,0,0,0,0,0,0,0,0,0,0
50377,2,1,0,0,0,0,0,0,0,0,0,0
50378,1,1,0,0,0,0,0,0,0,0,0,0
50379,1,1,0,0,0,0,0,0,0,0,0,0
50380,0,1,0,0,0,0,0,0,0,0,0,0
50380,1,1,0,0,0,0,0,0,0,0,0,0
50381,1,1,0,0,0,0,8,0,0,0,0,0
50382,1,1,0,0,0,0,0,0,0,0,0,0
50383,1,1,0,0,0,0,0,0,0,0,0,0
50383,2,1,18,18,18,18,18,18,18,18,18,18
50384,1,2,14,0,4,0,0,0,0,0,22,18
50385,0,1,0,0,0,0,0,0,0,0,0,0
50385,1,1,0,0,0,0,0,0,0,0,0,0
50386,0,1,0,34,0,0,0,0,0,0,0,0
50386,1,1,0,0,0,0,0,0,0,0,0,0
50387,1,1,0,0,0,0,0,0,0,0,0,0
50387,2,1,0,0,0,0,0,0,0,0,0,0
50388,1,1,0,0,0,0,0,0,0,0,0,0
50388,2,1,0,0,0,0,0,0,0,0,0,0
50389,0,1,0,0,0,0,0,0,0,0,0,0
50389,0,2,0,0,0,0,0,0,0,0,0,0
50389,1,1,0,0,0,0,0,0,0,0,0,0
50390,1,1,0,0,0,0,16,0,0,20,0,0
50390,2,1,0,0,0,0,0,0,0,0,0,0
50391,1,1,21,21,21,21,21,21,21,21,21,21
50392,1,1,4,4,4,4,4,4,4,4,4,4
50393,1,1,0,0,0,0,0,0,0,0,0,0
50394,1,1,0,0,0,0,0,0,0,0,0,0
50394,2,1,0,0,0,0,0,13,0,0,0,27
50395,1,1,11,0,19,0,0,0,0,0,0,8
50396,1,1,0,0,0,0,0,0,0,0,0,0
50397,1,1,0,0,0,0,0,0,0,0,0,0
50397,2,1,0,0,0,0,0,0,0,0,0,0
50398,1,1,0,0,0,0,0,0,0,0,0,0
50398,2,1,0,0,0,0,0,0,4,0,0,0
50399,1,1,0,0,0,0,0,0,0,0,0,0
50399,2,1,0,0,0,0,0,0,0,0,0,0
50400,1,1,17,17,17,17,17,17,17,17,17,17
50401,1,1,31,0,0,0,0,0,0,12,9,11
50402,1,1,0,0,0,0,0,0,0,0,0,0
50403,1,1,22,22,22,22,22,22,22,22,22,22
50404,0,1,0,0,0,0,0,0,0,0,0,0
50404,1,1,0,0,0,0,0,0,0,0,0,0
50405,1,1,1,1,1,1,1,1,1,1,1,1
50406,1,1,20,20,20,20,20,20,20,20,20,20
50407,1,1,0,0,0,0,0,0,0,0,0,0
50407,2,1,0,0,0,0,0,0,0,0,0,0
50408,1,1,0,0,0,0,0,0,0,0,0,0
50408,2,1,0,0,0,0,0,0,0,0,0,0
50408,3,1,0,0,0,0,0,0,0,0,0,0
50408,4,1,0,0,0,0,0,0,0,0,0,0
50409,1,1,0,0,0,0,0,0,0,0,0,0
50409,2,1,0,0,0,0,0,0,0,0,0,0
50410,1,1,14,14,14,14,14,14,14,14,14,14
50410,2,1,4,4,4,4,4,4,4,4,4,4
50411,1,1,27,27,27,27,27,27,27,27,27,27
50412,1,1,23,23,23,23,23,23,23,23,23,23
50413,1,1,0,0,0,0,0,0,0,0,0,0
50414,1,1,0,0,0,0,0,0,0,0,0,0
50415,1,1,0,0,0,0,0,0,0,0,0,0
50415,2,1,7,0,0,0,0,0,0,0,0,0
50416,1,1,0,0,0,0,0,0,0,0,0,0
50416,2,1,0,0,0,0,0,0,0,0,0,0
50416,3,1,0,0,0,0,0,0,0,0,0,0
50417,1,1,0,0,0,0,0,0,0,0,0,0
50418,1,1,0,0,0,0,0,0,0,0,0,0
50419,1,1,0,0,0,0,0,0,0,0,0,0
50419,2,1,0,0,0,0,0,0,0,0,0,0
50420,1,1,4,4,4,4,4,4,4,4,4,4
50421,1,1,9,9,9,9,9,9,9,9,9,9
50422,1,1,0,0,0,0,0,0,0,0,0,0
50423,1,1,0,0,0,0,0,0,0,0,0,0
50424,1,1,14,14,14,14,14,14,14,14,14,14
50425,0,1,4,4,4,4,4,4,4,4,4,4
50425,1,1,8,8,8,8,8,8,8,8,8,8
50426,1,1,16,16,16,16,16,16,16,16,16,16
50427,1,1,0,0,0,0,0,0,0,0,0,0
50427,2,1,0,0,0,0,0,0,0,0,0,0
50428,1,1,0,0,0,0,0,0,0,0,0,0
50429,1,1,22,22,22,22,22,22,22,22,22,22
50430,1,1,4,4,4,4,4,4,4,4,4,4
50431,1,1,0,0,0,0,0,0,0,0,0,0
50432,1,1,18,18,18,18,18,18,18,18,18,18
50433,1,1,0,0,0,0,0,0,0,0,0,0
50433,2,1,0,0,0,0,0,0,0,0,0,0
50433,3,1,0,0,0,0,0,0,0,0,0,0
50434,1,1,0,0,0,0,0,0,0,0,0,0
50434,2,1,0,0,0,0,0,0,0,0,0,0
50434,3,1,0,0,0,0,0,0,0,0,0,0
50435,1,1,0,0,0,0,0,0,0,0,0,0
50436,1,1,0,0,0,0,0,0,0,0,0,0
50437,1,1,0,0,0,0,0,0,0,0,0,0
50437,2,1,0,0,0,0,0,0,0,0,0,0
50438,1,1,0,0,0,0,0,0,0,0,0,0
50439,1,1,0,0,0,0,0,0,0,0,0,0
50439,2,1,0,0,0,0,0,0,0,0,0,0
50440,1,1,30,30,30,30,30,30,30,30,30,30
50441,1,1,0,0,0,0,0,0,0,0,0,0
50442,1,1,14,14,14,14,14,14,14,14,14,14
50443,0,1,26,26,26,26,26,26,26,26,26,26
50443,1,1,0,0,0,0,23,0,0,0,0,0
50444,1,1,23,23,23,23,23,23,23,23,23,23
50444,2,1,0,0,0,0,0,0,0,0,0,0
50445,1,1,23,23,23,23,23,23,23,23,23,23
50446,1,1,5,21,8,13,14,14,0,17,20,8
50447,1,1,1,1,1,1,1,1,1,1,1,1
50448,1,1,25,25,25,25,25,25,25,25,25,25
50448,2,1,0,0,0,0,0,0,0,0,0,0
50448,3,1,0,0,0,0,0,0,0,0,0,0
50449,1,1,0,19,17,24,17,12,45,0,25,17
50450,1,1,4,4,4,4,4,4,4,4,4,4
50451,1,1,0,0,0,0,0,0,0,0,0,0
50451,2,1,0,0,0,0,0,0,0,0,0,0
50452,1,1,0,0,0,0,0,0,0,0,0,0
50452,2,1,0,0,0,0,0,0,0,0,0,0
50453,1,1,20,20,20,20,20,20,20,20,20,20
50453,2,1,0,0,0,0,0,0,0,0,0,0
50454,1,1,12,12,12,12,12,12,12,12,12,12
50455,0,1,0,0,0,0,0,0,0,0,0,0
50455,1,1,0,0,0,0,0,0,0,0,0,0
50455,2,1,0,0,0,0,0,0,0,0,0,0
50455,3,1,0,0,0,0,0,0,0,0,0,0
50456,1,1,0,0,0,0,0,0,0,0,0,0
50456,2,1,0,0,0,0,0,0,0,0,0,0
50457,1,1,0,0,0,0,0,0,0,0,0,0
50457,2,1,0,0,0,0,0,0,0,0,7,0
50458,1,1,0,0,0,0,0,0,0,0,0,0
50459,1,1,0,0,0,0,0,0,0,0,0,0
50460,1,1,0,0,0,0,0,0,0,0,0,0
50460,2,1,0,0,0,0,0,0,0,0,0,0
50461,1,1,0,0,0,0,0,0,0,0,0,0
50462,1,1,0,0,0,0,0,0,0,0,0,0
50463,0,1,0,0,0,0,0,0,0,0,0,0
50463,1,1,0,0,0,0,0,0,0,0,0,0
50464,1,1,0,0,0,0,0,0,0,0,0,0
50464,2,1,23,20,14,10,31,7,0,10,25,23
50465,1,1,0,0,0,0,0,0,0,0,0,0
50466,1,1,0,0,0,0,0,0,0,0,0,0
50466,2,1,0,0,0,0,0,0,0,0,0,0
50467,1,1,0,0,0,0,0,0,0,9,0,13
50467,2,1,0,0,0,0,0,0,0,0,0,0
50468,1,1,0,0,0,0,0,0,0,0,0,0
50468,2,1,0,0,0,0,0,0,0,0,0,0
50469,1,1,0,0,0,0,0,0,0,0,0,0
50470,1,1,0,0,0,0,0,0,0,0,0,0
50471,1,1,0,0,0,0,0,0,0,0,0,0
50471,2,1,0,0,0,0,0,0,0,0,0,0
50472,1,1,0,0,0,0,0,0,0,0,0,0
50472,2,1,0,0,0,0,0,0,0,0,0,0
50473,1,1,0,0,0,0,0,0,0,0,0,0
50473,2,1,0,0,0,0,0,0,0,0,0,0
50474,1,1,0,0,0,0,0,0,0,0,0,0
50474,2,1,0,0,0,0,0,0,0,0,0,0
50475,1,1,0,0,0,0,0,0,0,0,0,0
50476,1,1,0,0,0,0,0,0,0,0,0,0
50476,2,1,0,0,0,0,0,0,0,0,0,0
50477,0,1,0,0,0,0,0,0,0,0,0,0
50477,1,1,0,0,0,0,0,0,0,0,0,0
50478,1,1,27,27,27,27,27,27,27,27,27,27
50479,1,1,25,25,25,25,25,25,25,25,25,25
50480,1,1,0,0,0,0,0,0,0,0,0,0
50481,1,1,6,6,6,6,6,6,6,6,6,6
50482,1,1,0,0,0,0,0,0,0,0,0,0
50483,1,1,16,0,0,0,0,0,0,0,0,0
50484,1,1,9,9,9,9,9,9,9,9,9,9
50485,1,1,0,0,0,0,0,0,0,0,0,0
50485,2,1,0,0,0,0,0,0,0,0,0,0
50486,1,1,0,0,0,0,0,0,0,0,0,0
50486,2,1,0,0,0,0,0,0,0,0,0,0
50487,1,1,0,0,0,0,0,0,0,0,0,0
50488,1,1,0,0,0,0,0,0,0,0,0,0
50488,2,1,0,0,0,0,0,0,0,0,0,0
50489,1,1,28,28,28,28,28,28,28,28,28,28
50490,1,1,0,0,0,0,0,0,0,0,0,0
50491,1,1,0,0,0,0,0,0,0,0,0,0
50492,1,1,0,0,0,0,0,0,0,0,0,0
50492,2,1,0,0,0,0,0,0,0,0,0,0
50493,1,1,0,0,0,0,0,24,0,10,17,0
50494,1,1,0,0,0,0,0,0,0,0,0,0
50494,2,1,0,0,0,0,0,0,0,0,0,0
50494,3,1,0,0,0,0,0,0,0,0,0,0
50496,1,1,0,0,0,0,0,0,0,0,0,0
50497,1,1,0,0,0,0,0,0,0,0,0,0
50499,1,1,0,0,0,0,0,0,0,0,0,0
50500,1,1,5,5,5,5,5,5,5,5,5,5
50501,0,1,18,18,18,18,18,18,18,18,18,18
50501,1,1,0,0,0,15,0,0,0,0,0,16
50502,1,1,0,0,0,0,0,0,0,0,0,0
50502,2,1,0,0,0,0,0,0,0,0,0,0
50502,3,1,0,0,0,0,0,0,0,0,0,0
50503,1,1,0,0,0,0,0,0,0,0,0,0
50504,1,1,0,0,0,0,0,0,0,0,0,0
50505,1,1,0,0,0,0,0,0,0,0,0,0
50505,2,1,0,0,0,0,0,0,0,0,0,0
50506,1,1,0,0,0,0,0,0,0,0,0,0
50507,1,1,18,18,18,18,18,18,18,18,18,18
50508,0,1,30,30,30,30,30,30,30,30,30,30
50508,1,1,0,0,0,0,0,0,0,0,0,0
50509,1,1,17,21,20,0,0,0,16,6,0,0
50510,1,1,0,17,16,15,0,0,0,0,0,20
50511,1,1,0,0,0,0,0,0,0,0,0,10
50512,1,1,10,10,10,10,10,10,10,10,10,10
50513,1,1,0,0,0,0,0,0,0,0,0,0
50514,1,1,0,0,0,0,0,0,0,0,0,0
50514,2,1,0,0,0,0,0,0,0,0,0,0
50515,1,1,0,0,0,0,0,0,0,0,0,0
50515,2,1,0,0,0,0,0,0,0,0,0,0
50516,1,1,0,0,0,0,0,0,0,0,0,0
50517,1,1,0,25,0,0,0,35,0,18,29,0
50518,1,1,0,0,0,0,0,0,0,0,0,0
50518,2,1,0,0,0,0,0,0,0,0,0,0
50519,1,1,0,0,0,0,0,0,0,0,0,0
80001,1,1,0,0,0,0,0,0,0,0,0,0
80002,1,1,0,0,0,0,0,0,0,0,0,0
80003,1,1,0,0,0,0,0,0,0,0,0,0
80004,1,1,25,25,25,25,25,25,25,25,25,25
80005,1,1,28,28,28,28,28,28,28,28,28,28
80006,1,1,8,8,8,8,8,8,8,8,8,8
80007,0,1,0,0,0,0,0,0,0,0,0,0
80007,1,1,12,12,12,12,12,12,12,12,12,12
80007,2,1,0,0,0,0,0,0,0,0,0,0
80008,1,1,26,12,0,0,0,0,0,0,19,0
80008,2,1,0,0,11,0,24,0,0,0,0,0
80009,1,1,0,0,0,0,0,0,0,0,0,0
80009,2,1,0,0,0,0,0,0,0,0,0,0
80010,0,1,36,36,36,36,36,36,36,36,36,36
80010,1,1,25,0,0,0,0,0,0,0,0,0
80011,1,1,23,23,23,23,23,23,23,23,23,23
80012,0,1,0,0,0,0,0,0,0,0,0,0
80012,1,1,0,0,0,0,0,0,0,0,0,0
80013,1,1,0,0,0,0,0,0,13,0,0,0
80013,2,1,12,0,0,0,0,0,0,0,0,0
80014,0,1,0,0,0,0,0,0,0,0,0,0
80014,1,1,0,0,0,0,0,0,0,0,0,0
80015,1,1,0,0,0,0,0,0,0,0,0,0
80015,2,1,0,0,0,0,0,0,0,0,0,0
80016,1,1,19,19,19,19,19,19,19,19,19,19
80017,1,1,7,7,7,7,7,7,7,7,7,7
80017,2,1,0,0,0,0,0,0,0,0,0,0
80018,0,1,0,0,0,0,0,0,0,0,0,0
80018,0,2,0,0,0,0,0,0,0,0,0,0
80018,1,1,7,0,0,37,20,0,9,13,11,13
80019,1,1,8,8,8,8,8,8,8,8,8,8
80019,2,1,0,0,0,0,0,0,0,0,0,0
80020,1,1,0,0,0,0,0,0,0,0,0,0
80020,2,1,0,0,0,0,0,0,0,0,0,0
80021,1,1,0,0,0,0,0,0,0,0,0,0
80022,1,1,0,0,0,0,0,0,0,19,0,0
80023,0,1,15,15,15,15,15,15,15,15,15,15
80023,1,1,0,0,21,0,0,0,0,12,0,0
80024,1,1,0,0,0,0,0,0,0,0,0,0
80025,1,1,20,20,20,20,20,20,20,20,20,20
80025,2,1,0,0,0,0,0,0,0,0,0,0
80026,1,1,15,15,15,15,15,15,15,15,15,15
80026,2,1,0,0,0,0,0,0,0,0,0,0
80027,1,1,0,0,0,0,0,0,0,0,0,0
80027,2,1,0,0,0,0,0,0,0,0,0,0
80028,1,1,1,1,1,1,1,1,1,1,1,1
80028,2,1,0,0,0,0,0,0,0,0,0,0
80029,0,1,0,0,0,0,0,0,0,0,0,0
80029,1,1,0,0,0,0,0,0,0,0,0,0
80030,1,1,0,0,0,0,0,0,0,0,0,0
80030,2,1,0,0,0,0,0,0,0,0,0,0
80030,3,1,0,0,0,0,0,0,0,0,0,0
80030,4,1,0,0,0,0,0,0,0,0,0,0
80030,5,1,0,0,0,0,0,0,0,0,11,0
80031,1,1,0,0,0,0,0,0,0,0,0,0
80031,2,1,0,0,0,0,0,0,0,0,0,4
80032,1,1,22,22,22,22,22,22,22,22,22,22
80033,0,1,0,0,0,0,32,0,0,0,0,0
80033,1,1,0,0,0,0,0,0,0,0,0,0
80033,2,1,0,0,0,0,0,0,0,14,0,0
80033,3,1,0,0,0,0,0,0,0,0,0,0
80034,1,1,23,23,23,23,23,23,23,23,23,23
80034,2,1,0,0,0,0,0,0,0,0,0,0
80035,1,1,0,0,0,0,0,0,0,0,0,0
80035,2,1,0,0,0,0,0,0,0,0,0,0
80036,0,1,0,0,0,0,0,0,0,0,0,0
80036,1,1,0,0,0,0,0,0,0,0,0,0
80037,1,1,13,13,13,13,13,13,13,13,13,13
80038,0,1,27,27,27,27,27,27,27,27,27,27
80038,1,1,0,0,0,0,21,0,0,0,15,0
80039,1,1,5,12,8,21,9,6,8,14,15,12
80039,2,1,21,21,21,21,21,21,21,21,21,21
80040,1,1,0,0,0,0,0,0,0,0,0,0
80040,2,1,10,15,14,10,19,3,14,22,21,16
80041,0,1,0,0,0,0,0,0,0,0,0,0
80041,1,1,0,0,0,0,0,0,0,0,0,0
80042,1,1,0,0,0,0,0,0,0,0,0,0
80043,1,1,0,0,0,0,0,0,0,0,0,0
80043,2,1,0,0,0,0,0,0,0,0,0,0
80044,1,1,0,0,0,0,0,0,0,0,0,0
80045,0,1,29,29,29,29,29,29,29,29,29,29
80045,1,1,0,0,0,0,0,0,0,0,0,0
80046,1,1,0,0,0,0,0,0,0,0,0,0
80047,1,1,0,0,0,0,0,0,0,0,0,0
80047,2,1,33,33,33,33,33,33,33,33,33,33
80047,3,1,0,0,0,0,0,0,0,0,0,0
80047,4,1,0,0,0,0,0,0,0,0,0,0
80047,5,1,0,0,0,0,0,0,0,0,0,0
80048,1,1,0,0,0,0,0,0,0,0,0,0
80049,1,1,0,0,0,0,0,0,0,0,0,0
80050,1,1,0,0,0,0,0,0,0,0,0,0
80051,1,1,0,0,0,0,0,0,0,0,0,0
80052,1,1,15,15,15,15,15,15,15,15,15,15
80053,0,1,0,0,0,0,0,0,0,0,0,0
80053,1,1,0,0,0,0,0,0,0,0,0,0
80054,1,1,0,0,0,0,0,0,0,0,0,0
80054,2,1,0,0,0,0,0,0,0,0,0,0
80055,1,1,0,0,0,0,0,0,0,0,0,0
80055,2,1,0,0,0,0,0,0,0,0,0,0
80056,1,1,0,0,0,0,0,0,0,0,0,0
80057,1,1,0,0,0,0,0,0,0,0,0,0
80058,1,1,2,2,2,2,2,2,2,2,2,2
80059,1,1,0,0,0,0,0,0,0,0,0,0
80059,2,1,0,0,0,0,0,0,0,0,0,0
80060,0,1,0,0,0,0,0,0,0,0,0,0
80060,1,1,0,0,0,0,0,0,0,0,0,0
80061,1,1,0,3,34,39,10,0,0,0,0,0
80062,0,1,24,24,24,24,24,24,24,24,24,24
80062,1,1,19,19,19,19,19,19,19,19,19,19
80063,0,1,0,0,11,0,27,21,0,0,0,4
80063,1,1,18,18,18,18,18,18,18,18,18,18
80064,1,1,16,16,16,16,16,16,16,16,16,16
80065,1,1,17,17,17,17,17,17,17,17,17,17
80066,1,1,22,22,22,22,22,22,22,22,22,22
80067,1,1,0,0,0,0,0,0,0,0,0,0
80067,2,1,0,0,0,0,15,0,0,0,0,0
80068,1,1,10,10,10,10,10,10,10,10,10,10
80069,1,1,18,18,18,18,18,18,18,18,18,18
80070,1,1,12,12,12,12,12,12,12,12,12,12
80070,2,1,0,0,0,0,0,0,0,0,0,0
80071,1,1,19,19,19,19,19,19,19,19,19,19
80072,1,1,0,0,0,0,0,0,0,0,0,0
80072,2,1,0,0,0,0,0,0,0,0,0,0
80073,1,1,0,0,0,0,0,0,0,0,0,0
80074,1,1,15,15,15,15,15,15,15,15,15,15
80075,1,1,17,17,17,17,17,17,17,17,17,17
80075,2,1,0,0,0,0,0,0,0,0,0,0
80076,1,1,0,0,0,0,0,0,0,0,0,0
80076,2,1,0,0,0,0,0,0,0,0,0,0
80076,3,1,0,0,0,0,0,0,0,0,0,0
80077,1,1,0,0,0,0,0,0,0,0,0,0
80077,2,1,0,0,0,0,0,0,0,0,0,0
80077,3,1,0,0,0,0,25,0,0,0,0,0
80077,4,1,0,0,0,0,27,0,0,0,0,0
80078,1,1,0,0,0,0,0,0,0,0,0,0
80078,2,1,0,0,0,0,0,0,0,0,0,0
80079,1,1,0,0,0,0,0,0,0,0,0,0
80079,2,1,0,15,0,32,7,32,0,0,0,0
80080,1,1,14,0,0,0,0,0,26,0,11,36
80081,1,1,27,27,27,27,27,27,27,27,27,27
80082,1,1,13,13,13,13,13,13,13,13,13,13
80083,1,1,19,19,19,19,19,19,19,19,19,19
80083,2,1,0,0,0,0,0,0,0,0,0,0
80084,1,1,29,29,29,29,29,29,29,29,29,29
80084,2,1,0,0,0,0,0,0,0,0,0,0
80085,1,1,0,0,0,0,0,0,0,0,0,0
80085,2,1,0,0,0,0,0,0,0,0,0,0
80086,1,1,6,6,6,6,6,6,6,6,6,6
80086,2,1,0,0,0,0,0,0,0,0,0,0
80087,1,1,0,0,0,0,0,0,0,0,0,0
80088,1,1,20,20,20,20,20,20,20,20,20,20
80089,1,1,20,20,20,20,20,20,20,20,20,20
80090,1,1,0,0,0,0,0,0,0,0,0,0
80090,2,1,0,0,0,0,5,0,0,0,0,0
80091,1,1,0,0,0,0,0,0,0,0,0,0
80092,1,1,0,0,0,0,0,0,0,0,0,0
80093,1,1,0,0,0,0,0,0,0,0,0,0
80093,2,1,0,0,0,0,0,0,0,0,0,0
80094,1,1,0,0,0,28,0,4,0,0,13,0
80094,2,1,1,0,0,0,0,0,0,0,0,0
80095,1,1,2,2,2,2,2,2,2,2,2,2
80096,1,1,0,0,0,0,0,0,0,0,0,0
80097,0,1,29,29,29,29,29,29,29,29,29,29
80097,1,1,0,0,0,0,0,0,0,0,0,0
80098,1,1,0,0,0,0,0,0,0,0,0,0
80099,1,1,13,13,13,13,13,13,13,13,13,13
80100,1,1,0,0,0,0,0,0,0,0,0,0
80100,2,1,0,0,0,0,0,0,0,0,0,0
80101,1,1,0,0,0,0,20,3,0,0,0,0
80102,0,1,0,0,0,0,0,0,0,0,0,0
80102,1,1,0,0,0,0,0,0,0,0,0,0
80103,1,1,12,12,12,12,12,12,12,12,12,12
80103,2,1,0,0,0,0,0,0,0,0,0,0
80104,1,1,0,0,0,0,0,0,0,0,0,0
80104,2,1,0,0,0,0,0,0,9,0,0,18
80105,1,1,12,12,12,12,12,12,12,12,12,12
80106,1,1,24,24,24,24,24,24,24,24,24,24
80107,1,1,0,0,0,0,0,5,0,8,0,0
80108,1,1,21,21,21,21,21,21,21,21,21,21
80108,2,1,0,0,0,0,0,25,30,18,23,21
80108,3,1,0,0,0,0,0,0,0,0,0,0
80109,1,1,33,33,33,33,33,33,33,33,33,33
80110,1,1,18,18,18,18,18,18,18,18,18,18
80111,1,1,15,15,15,15,15,15,15,15,15,15
80112,1,1,16,16,16,16,16,16,16,16,16,16
80113,0,1,0,0,0,0,0,0,0,0,0,0
80113,1,1,0,0,0,0,0,0,0,0,0,0
80114,0,1,0,0,0,0,0,0,0,0,0,0
80114,1,1,0,0,0,0,0,0,0,0,0,0
80115,1,1,0,0,0,0,0,0,0,0,0,0
80115,2,1,0,0,0,0,0,0,0,0,0,0
80116,1,1,21,21,21,21,21,21,21,21,21,21
80117,1,1,0,0,0,0,0,0,0,0,0,0
80118,0,1,0,0,0,0,0,0,0,0,0,0
80118,1,1,0,0,0,0,0,0,0,0,0,0
80119,1,1,0,0,0,0,0,0,0,0,0,0
80119,2,1,0,0,0,0,0,0,0,0,0,0
80120,1,1,27,27,27,27,27,27,27,27,27,27