ST_CASE,VEH_NO,PER_NO,P1,P2,P3,P4,P5,P6,P7,P8,P9,P10
80121,1,1,13,13,13,13,13,13,13,13,13,13
80122,1,1,0,0,0,0,0,14,16,0,0,0
80123,1,1,29,29,29,29,29,29,29,29,29,29
80124,1,1,5,5,5,5,5,5,5,5,5,5
80125,0,1,28,22,43,45,18,29,16,12,13,0
80125,1,1,0,0,0,0,0,58,0,0,0,0
80126,0,1,0,0,0,0,0,0,0,0,0,0
80126,1,1,0,0,0,0,0,0,0,0,0,0
80127,1,1,11,11,11,11,11,11,11,11,11,11
80128,1,1,10,10,10,10,10,10,10,10,10,10
80129,1,1,0,0,0,0,0,0,0,0,0,0
80130,1,1,9,9,9,9,9,9,9,9,9,9
80131,1,1,0,0,19,26,0,0,0,28,0,19
80131,2,1,0,0,0,0,0,0,0,0,0,0
80131,3,1,0,0,0,0,0,0,0,0,11,0
80132,0,1,7,10,22,32,11,11,20,21,15,35
80132,1,1,0,0,0,0,0,0,25,0,0,0
80133,1,1,21,21,21,21,21,21,21,21,21,21
80134,1,1,0,0,0,0,0,0,0,0,0,0
80135,1,1,16,16,16,16,16,16,16,16,16,16
80136,1,1,0,0,0,0,0,0,0,0,0,0
80136,2,1,0,0,0,0,0,0,0,0,0,0
80137,1,1,13,13,13,13,13,13,13,13,13,13
80138,1,1,11,11,11,11,11,11,11,11,11,11
80139,1,1,27,27,27,27,27,27,27,27,27,27
80139,2,1,0,0,0,0,0,0,0,0,0,0
80140,0,1,40,40,40,40,40,40,40,40,40,40
80140,1,1,0,0,0,0,0,0,0,0,0,0
80141,1,1,0,0,0,0,0,0,0,0,0,0
80142,1,1,0,0,0,0,0,0,0,0,0,19
80143,1,1,0,0,23,0,0,0,14,0,0,0
80144,1,1,0,0,0,0,0,0,0,0,0,0
80144,2,1,0,0,0,0,0,0,0,0,0,0
80145,1,1,0,0,0,0,0,0,0,0,0,0
80145,2,1,2,0,0,0,0,0,0,0,0,0
80146,1,1,0,0,0,0,0,0,0,0,0,0
80146,2,1,0,0,0,20,0,0,0,0,0,0
80147,1,1,0,0,0,5,10,20,23,0,0,0
80148,0,1,0,0,0,0,0,0,0,0,0,0
80148,1,1,0,0,0,0,0,0,0,0,0,0
80149,1,1,0,0,0,0,0,0,0,0,0,0
80150,1,1,16,16,16,16,16,16,16,16,16,16
80151,1,1,0,0,0,0,0,0,0,0,0,0
80152,1,1,0,0,14,0,0,0,7,0,0,0
80153,1,1,19,19,19,19,19,19,19,19,19,19
80154,1,1,0,0,22,0,0,0,0,0,0,0
80154,2,1,0,0,0,0,0,0,0,0,0,0
80155,1,1,0,0,0,0,0,0,0,0,0,0
80155,2,1,0,0,0,0,0,0,0,0,0,0
80156,0,1,0,0,0,0,0,0,0,0,0,0
80156,1,1,24,11,0,7,7,18,15,0,6,10
80157,1,1,0,0,0,0,0,0,0,0,0,0
80158,1,1,1,1,1,1,1,1,1,1,1,1
80158,2,1,0,0,0,0,0,0,0,0,0,0
80159,1,1,0,0,0,0,0,0,0,0,0,0
80159,2,1,0,0,0,0,0,0,0,0,0,0
80160,1,1,18,18,18,18,18,18,18,18,18,18
80161,1,1,22,22,22,22,22,22,22,22,22,22
80162,1,1,0,0,0,0,0,0,0,0,0,0
80162,2,1,0,0,0,0,0,0,0,0,0,0
80162,3,1,0,0,0,0,0,0,0,0,0,0
80163,1,1,0,0,0,0,0,0,0,0,0,0
80164,1,1,22,22,22,22,22,22,22,22,22,22
80164,2,1,0,0,0,0,0,0,0,0,0,0
80165,1,1,24,24,24,24,24,24,24,24,24,24
80165,2,1,0,0,0,0,0,0,0,0,0,0
80166,1,1,0,0,0,0,0,0,0,0,0,0
80166,2,1,0,0,0,0,0,0,0,0,0,0
80167,0,1,21,21,21,21,21,21,21,21,21,21
80167,1,1,0,0,0,0,0,0,0,0,0,0
80168,1,1,0,0,4,0,0,0,0,0,0,0
80169,1,1,0,0,0,0,0,0,0,0,0,0
80170,1,1,0,0,0,0,0,0,0,0,0,0
80171,1,1,26,26,26,26,26,26,26,26,26,26
80172,0,1,13,25,32,19,24,22,40,14,6,19
80172,1,1,0,0,0,0,0,0,17,0,0,0
80173,1,1,0,0,0,0,0,0,0,0,0,0
80173,2,1,0,0,0,0,0,0,0,0,0,0
80174,1,1,0,0,0,0,0,0,0,0,0,0
80175,0,1,22,27,27,24,6,9,39,37,24,0
80175,1,1,0,0,0,0,0,0,0,0,0,0
80176,0,1,15,15,15,15,15,15,15,15,15,15
80176,1,1,0,0,0,0,0,0,0,3,0,0
80177,1,1,0,0,0,0,0,0,0,0,0,0
80177,2,1,0,0,0,0,0,0,0,0,0,0
80178,1,1,0,0,0,0,0,0,0,0,0,0
80178,2,1,0,0,0,0,0,0,0,0,0,0
80179,1,1,0,0,0,0,0,0,0,0,0,0
80179,2,1,0,0,0,0,0,0,0,0,0,0
80180,1,1,0,0,0,0,0,0,0,0,0,0
80181,1,1,26,26,26,26,26,26,26,26,26,26
80182,1,1,25,25,25,25,25,25,25,25,25,25
80183,1,1,0,0,0,0,0,0,0,0,0,0
80184,1,1,0,0,0,0,0,0,0,0,0,0
80184,2,1,0,0,0,0,0,0,0,0,0,0
80185,1,1,0,0,0,0,0,0,0,0,0,0
80186,1,1,0,0,0,0,0,0,0,0,0,0
80186,2,1,0,0,0,0,0,0,0,0,0,0
80187,1,1,0,0,0,0,0,0,0,0,0,0
80187,2,1,0,0,0,0,0,0,0,0,0,0
80188,1,1,0,0,0,0,0,0,0,0,0,0
80188,2,1,0,0,0,0,0,0,0,0,0,0
80189,1,1,0,0,0,0,0,0,0,0,0,0
80189,2,1,0,0,0,0,0,0,0,0,0,0
80190,0,1,0,0,0,0,0,0,0,0,0,0
80190,1,1,0,0,0,0,0,0,0,22,21,0
80191,1,1,0,0,0,0,0,0,0,0,0,0
80191,2,1,0,0,0,0,0,0,0,0,3,0
80192,1,1,0,0,0,0,0,0,0,0,0,0
80192,2,1,0,0,0,0,0,0,0,0,0,0
80193,1,1,0,0,0,0,0,0,0,0,0,0
80193,2,1,0,0,0,0,0,0,0,0,0,0
80193,3,1,0,0,0,0,0,0,0,0,0,0
80194,1,1,0,0,0,0,0,0,0,0,0,0
80195,1,1,35,35,35,35,35,35,35,35,35,35
80196,1,1,27,27,27,27,27,27,27,27,27,27
80197,1,1,13,13,13,13,13,13,13,13,13,13
80198,1,1,27,27,27,27,27,27,27,27,27,27
80199,1,1,9,9,9,9,9,9,9,9,9,9
80200,1,1,31,31,31,31,31,31,31,31,31,31
80201,1,1,0,0,0,0,0,0,0,0,0,0
80202,1,1,0,0,0,0,0,0,0,0,0,0
80203,1,1,16,16,16,16,16,16,16,16,16,16
80204,1,1,0,14,23,21,22,22,18,20,17,0
80205,1,1,18,18,18,18,18,18,18,18,18,18
80206,0,1,0,0,0,0,0,0,0,0,0,0
80206,1,1,0,0,0,0,0,0,0,0,0,0
80207,1,1,0,0,0,0,0,0,0,0,0,0
80208,1,1,0,0,0,0,0,0,0,0,0,0
80209,1,1,0,0,0,0,0,31,26,0,0,0
80210,1,1,2,2,2,2,2,2,2,2,2,2
80211,1,1,22,22,22,22,22,22,22,22,22,22
80211,2,1,0,0,0,0,0,0,0,0,0,0
80212,1,1,0,0,0,0,0,0,0,0,0,0
80212,2,1,0,0,0,0,0,0,0,0,0,0
80213,1,1,0,0,0,0,0,0,0,0,0,0
80214,1,1,31,31,31,31,31,31,31,31,31,31
80215,1,1,29,29,29,29,29,29,29,29,29,29
80215,2,1,0,0,0,0,0,0,0,0,0,0
80216,1,1,9,9,9,9,9,9,9,9,9,9
80216,2,1,0,0,0,0,0,0,0,0,0,0
80217,1,1,23,23,23,23,23,23,23,23,23,23
80218,1,1,0,0,0,0,0,0,0,0,0,0
80219,1,1,14,14,14,14,14,14,14,14,14,14
80220,0,1,0,0,8,37,0,22,0,17,0,27
80220,1,1,19,19,19,19,19,19,19,19,19,19
80221,0,1,23,23,23,23,23,23,23,23,23,23
80221,1,1,0,0,0,0,0,0,0,0,0,0
80222,1,1,0,0,0,0,0,0,0,0,0,0
80222,2,1,0,5,0,0,0,0,0,0,22,0
80223,1,1,12,13,17,25,18,17,4,12,21,18
80223,2,1,0,0,0,0,0,0,0,0,0,0
80224,1,1,0,0,0,0,0,0,0,0,0,0
80224,2,1,0,0,0,0,0,0,0,0,0,0
80225,1,1,0,0,0,0,0,0,0,0,0,0
80226,1,1,0,0,0,0,0,0,0,0,0,0
80226,2,1,0,0,0,0,0,0,0,0,0,0
80227,1,1,0,0,0,0,0,0,0,0,0,0
80227,2,1,0,0,0,0,0,0,0,0,0,0
80228,1,1,18,18,18,18,18,18,18,18,18,18
80229,1,1,0,0,0,0,0,0,0,0,0,0
80229,2,1,0,0,0,0,0,0,0,0,0,0
80230,1,1,0,0,0,0,0,0,0,0,0,0
80230,2,1,0,0,0,0,0,0,0,0,0,0
80231,1,1,0,0,0,0,0,0,0,0,0,0
80232,1,1,11,11,11,11,11,11,11,11,11,11
80233,1,1,0,0,0,0,0,0,0,0,0,0
80233,2,1,0,0,0,0,0,0,0,0,0,0
80234,1,1,0,0,0,0,0,0,0,0,0,0
80234,2,1,0,0,0,0,0,0,0,0,0,0
80235,1,1,0,0,0,14,19,0,0,33,13,15
80236,1,1,13,13,13,13,13,13,13,13,13,13
80237,1,1,0,0,0,0,0,0,0,0,0,0
80237,2,1,0,0,0,0,0,0,0,0,0,0
80238,1,1,0,0,0,0,0,0,0,0,0,0
80238,2,1,0,0,0,0,0,0,0,0,0,0
80238,3,1,0,0,0,0,0,0,0,0,0,0
80239,1,1,0,0,0,0,0,0,0,0,0,0
80239,2,1,0,0,0,0,0,0,0,0,0,0
80240,1,1,0,0,0,0,0,0,0,0,0,0
80240,2,1,0,0,0,0,0,0,0,0,0,0
80240,3,1,0,0,0,0,0,0,0,0,0,0
80241,1,1,17,17,17,17,17,17,17,17,17,17
80242,1,1,20,20,20,20,20,20,20,20,20,20
80243,1,1,0,0,0,6,0,0,0,0,0,0
80244,1,1,10,10,10,10,10,10,10,10,10,10
80244,2,1,8,8,8,8,8,8,8,8,8,8
80245,1,1,12,12,12,12,12,12,12,12,12,12
80246,1,1,0,0,0,0,0,0,0,0,0,0
80247,0,1,16,16,16,16,16,16,16,16,16,16
80247,1,1,0,0,0,14,0,0,7,0,0,0
80247,2,1,0,0,0,0,0,0,0,0,0,0
80248,1,1,21,21,21,21,21,21,21,21,21,21
80249,1,1,0,0,0,0,0,0,0,0,0,0
80249,2,1,0,0,0,0,0,0,0,0,0,0
80250,1,1,0,0,0,0,0,0,0,0,0,0
80251,1,1,0,0,0,0,0,0,0,0,0,0
80252,1,1,0,0,0,0,0,0,0,0,0,0
80252,2,1,0,0,0,0,0,0,0,0,0,0
80253,1,1,11,7,8,36,0,13,16,15,15,13
80253,2,1,19,19,19,19,19,19,19,19,19,19
80254,1,1,0,0,0,0,0,0,0,0,0,0
80254,2,1,0,0,0,0,0,0,0,0,0,0
80255,1,1,0,0,4,0,0,0,0,0,11,18
80256,1,1,0,0,0,0,0,0,0,0,0,17
80257,1,1,0,0,0,0,0,0,0,0,0,0
80257,2,1,0,0,0,0,0,0,0,0,0,0
80258,1,1,0,0,0,0,0,0,0,0,0,0
80258,2,1,0,0,0,0,0,0,0,0,0,0
80258,3,1,0,0,0,0,0,0,0,0,0,0
80258,4,1,0,0,0,0,0,0,0,0,0,0
80259,1,1,0,0,0,0,0,0,0,0,0,0
80259,2,1,0,0,0,0,0,0,0,0,0,0
80260,1,1,19,19,19,19,19,19,19,19,19,19
80261,1,1,0,0,0,0,0,0,0,0,0,0
80261,2,1,0,0,0,0,0,0,0,0,0,0
80262,1,1,0,0,0,7,0,0,0,0,0,0
80263,1,1,38,38,38,38,38,38,38,38,38,38
80263,2,1,0,0,0,0,0,0,0,0,0,0
80264,1,1,0,0,0,0,0,0,0,0,0,0
80265,1,1,16,16,16,16,16,16,16,16,16,16
80266,1,1,0,0,0,0,0,0,0,0,0,0
80267,1,1,0,0,0,0,0,0,0,0,0,0
80267,2,1,0,0,0,0,0,0,0,0,0,0
80268,1,1,0,0,0,0,0,0,0,0,0,0
80268,2,1,0,0,0,0,0,0,0,0,0,0
80269,1,1,0,0,0,0,0,0,0,0,0,0
80269,2,1,0,0,0,0,0,0,0,0,0,0
80270,1,1,25,25,25,25,25,25,25,25,25,25
80271,0,1,0,0,0,0,0,0,0,0,0,0
80271,1,1,0,0,0,0,0,0,0,0,0,0
80272,1,1,13,13,13,13,13,13,13,13,13,13
80272,2,1,0,0,0,0,0,0,0,0,0,0
80273,1,1,0,0,0,0,0,0,0,0,0,0
80273,2,1,0,0,0,19,0,0,0,0,0,0
80274,1,1,0,0,0,0,0,0,0,0,0,0
80275,1,1,19,19,19,19,19,19,19,19,19,19
80276,1,1,17,17,17,17,17,17,17,17,17,17
80276,2,1,0,20,24,25,13,19,29,0,0,0
80277,1,1,0,0,0,0,0,0,0,0,0,0
80278,1,1,0,0,0,0,0,0,0,0,0,0
80278,2,1,0,0,0,0,0,0,0,0,0,0
80278,3,1,0,0,0,0,0,0,0,0,0,0
80279,1,1,20,20,20,20,20,20,20,20,20,20
80280,1,1,35,14,8,30,13,13,8,10,17,12
80281,1,1,27,27,27,27,27,27,27,27,27,27
80282,1,1,21,21,21,21,21,21,21,21,21,21
80282,2,1,0,0,0,0,0,0,0,0,0,0
80283,0,1,0,0,0,0,0,0,0,0,0,0
80283,1,1,0,0,0,0,0,0,0,0,0,0
80284,1,1,25,25,25,25,25,25,25,25,25,25
80285,1,1,0,0,0,0,0,0,0,0,0,0
80286,1,1,0,0,0,0,0,0,0,0,0,0
80286,2,1,0,0,0,0,0,0,0,0,0,0
80287,1,1,28,0,11,13,21,22,4,0,8,28
80288,1,1,1,1,1,1,1,1,1,1,1,1
80289,0,1,0,0,0,0,0,0,0,0,0,0
80289,1,1,0,0,0,0,0,0,0,0,0,0
80290,1,1,0,0,0,0,0,0,0,0,0,0
80290,2,1,0,0,0,0,0,0,0,0,0,0
80291,1,1,31,31,31,31,31,31,31,31,31,31
80291,2,1,4,4,4,4,4,4,4,4,4,4
80291,3,1,0,0,0,0,0,0,0,0,0,0
80292,1,1,0,0,0,0,0,0,0,0,0,0
80293,0,1,17,17,17,17,17,17,17,17,17,17
80293,1,1,0,0,0,0,0,0,0,0,0,0
80293,2,1,0,0,0,0,27,0,0,0,0,0
80294,1,1,0,0,0,0,0,0,0,0,0,0
80295,1,1,0,0,0,0,0,0,0,0,0,0
80295,2,1,0,0,0,0,0,0,0,0,0,0
80296,1,1,0,0,0,0,0,0,0,0,0,0
80297,1,1,16,9,17,13,17,18,15,36,11,41
80298,1,1,0,0,0,0,0,0,0,0,0,0
80298,2,1,0,0,0,0,0,0,9,0,0,0
80299,1,1,14,14,14,14,14,14,14,14,14,14
80300,1,1,0,0,0,0,0,0,0,0,0,0
80300,2,1,0,0,0,0,0,0,0,0,0,0
80301,1,1,0,0,0,0,0,0,0,0,0,0
80301,2,1,0,0,0,0,0,0,0,0,0,0
80302,1,1,0,0,0,0,0,0,0,0,0,0
80302,2,1,13,0,0,0,13,0,0,0,0,0
80303,1,1,0,0,0,0,0,0,0,0,0,0
80303,2,1,0,0,0,0,0,0,0,0,0,0
80304,1,1,0,0,0,0,0,0,0,0,0,0
80305,1,1,0,0,0,0,0,0,0,0,0,0
80306,1,1,0,0,0,0,0,0,0,0,0,0
80307,0,1,0,0,0,0,0,0,0,0,0,0
80307,1,1,0,0,0,0,0,0,0,0,0,0
80308,1,1,0,0,0,0,0,0,0,0,0,0
80308,2,1,0,0,0,0,0,0,0,0,0,0
80309,1,1,0,0,0,0,0,0,0,0,0,0
80310,1,1,0,0,0,0,0,0,0,0,0,0
80311,1,1,0,0,0,0,0,0,0,0,0,0
80312,1,1,26,26,26,26,26,26,26,26,26,26
80313,1,1,0,0,0,0,0,0,0,0,0,0
80314,1,1,19,19,19,19,19,19,19,19,19,19
80315,1,1,0,0,0,0,0,0,0,0,0,0
80315,2,1,0,0,0,0,0,0,0,0,0,0
80316,1,1,0,0,0,0,0,0,0,0,0,0
80317,1,1,24,24,24,24,24,24,24,24,24,24
80317,2,1,13,13,13,13,13,13,13,13,13,13
80318,1,1,0,0,0,0,0,0,0,0,0,0
80318,2,1,0,0,0,0,0,0,0,0,0,0
80319,0,1,0,0,0,0,0,0,0,0,0,0
80319,1,1,0,0,0,0,0,0,0,0,0,0
80320,1,1,18,18,18,18,18,18,18,18,18,18
80321,0,1,0,0,0,0,0,0,0,0,0,0
80321,1,1,0,0,0,0,0,0,0,0,0,0
80322,0,1,0,0,0,12,0,0,0,0,0,0
80322,0,2,0,0,0,0,0,0,6,0,0,0
80322,0,3,0,0,0,0,0,3,0,0,0,0
80322,1,1,13,0,0,0,18,8,21,23,11,19
80323,1,1,0,0,0,0,0,0,0,0,0,0
80323,2,1,0,0,0,0,0,0,0,0,0,0
80324,1,1,18,18,18,18,18,18,18,18,18,18
80325,1,1,0,0,0,0,0,0,0,0,0,0
80325,2,1,0,0,0,0,0,0,0,0,0,0
80326,1,1,0,0,0,0,0,0,0,0,0,0
80327,1,1,0,0,0,0,0,0,0,0,0,0
80328,0,1,0,0,0,0,0,0,0,0,0,0
80328,1,1,0,0,0,0,0,0,0,0,0,0
80329,1,1,28,15,0,19,23,11,15,14,16,3
80329,2,1,0,0,0,20,0,0,0,0,0,0
80330,1,1,14,14,14,14,14,14,14,14,14,14
80331,1,1,10,10,10,10,10,10,10,10,10,10
80332,0,1,0,0,0,0,0,0,0,0,0,0
80332,1,1,0,0,0,0,0,0,19,0,0,0
80333,1,1,0,0,0,0,0,0,0,0,0,0
80333,2,1,0,0,0,0,0,0,0,0,0,0
80334,1,1,0,0,0,0,0,0,0,0,0,0
80335,1,1,0,0,0,13,0,0,0,0,0,20
80336,1,1,0,0,0,0,0,0,10,0,0,0
80337,1,1,0,0,0,0,0,0,0,0,0,0
80338,0,1,13,13,13,13,13,13,13,13,13,13
80338,1,1,0,0,0,0,0,0,0,0,0,0
80339,0,1,41,41,41,41,41,41,41,41,41,41
80339,1,1,0,0,0,0,0,0,0,0,0,0
80339,2,1,0,0,0,0,0,0,0,0,0,0
80340,1,1,0,0,0,0,0,0,0,0,14,0
80341,0,1,0,0,0,0,0,0,0,0,0,0
80341,1,1,0,0,0,0,0,0,0,0,0,0
80342,1,1,0,0,0,0,0,0,0,0,0,0
80343,1,1,0,0,0,0,0,0,0,0,0,0
80344,0,1,23,23,23,23,23,23,23,23,23,23
80344,1,1,12,0,0,0,0,0,0,0,0,0
80345,1,1,11,11,11,11,11,11,11,11,11,11
80345,2,1,23,23,23,23,23,23,23,23,23,23
80346,1,1,0,0,0,0,0,0,0,0,0,0
80346,2,1,0,0,0,0,0,0,0,0,0,0
80346,3,1,0,0,0,0,0,0,0,0,0,0
80347,1,1,0,0,0,0,0,0,0,0,0,0
80347,2,1,0,0,0,0,0,0,0,0,0,0
80348,1,1,0,0,0,0,0,0,0,0,0,0
80349,1,1,0,0,0,0,0,0,0,0,0,0
80350,1,1,0,0,0,0,0,0,0,0,0,0
80351,1,1,0,0,0,0,0,0,0,0,0,0
80351,2,1,0,0,0,0,0,0,0,0,0,0
80351,3,1,0,0,0,0,0,0,0,0,0,0
80352,1,1,0,0,0,0,0,0,0,0,0,0
80352,2,1,0,0,0,0,0,0,0,0,0,0
80353,1,1,0,0,0,0,6,0,0,0,0,0
80354,1,1,16,16,16,16,16,16,16,16,16,16
80354,2,1,0,0,0,0,0,0,0,0,0,0
80355,1,1,0,0,0,0,0,0,0,32,0,0
80356,0,1,0,0,0,0,0,0,0,0,0,0
80356,1,1,0,0,0,0,0,0,0,0,0,0
80357,1,1,0,0,0,0,0,0,0,0,0,0
80358,1,1,0,0,0,0,0,0,0,0,0,0
80358,2,1,0,0,0,0,0,0,0,0,0,0
80359,1,1,17,19,33,17,7,30,17,24,20,8
80360,1,1,15,15,15,15,15,15,15,15,15,15
80360,2,1,0,0,0,0,0,0,0,0,0,0
80361,0,1,0,0,0,0,0,0,0,0,0,0
80361,0,2,0,0,0,0,0,0,0,0,0,0
80361,1,1,0,0,0,0,0,0,15,0,0,0
80362,1,1,20,20,20,20,20,20,20,20,20,20
80363,1,1,0,0,0,0,0,0,0,0,0,0
80363,2,1,0,0,0,0,0,0,0,0,0,0
80363,3,1,0,0,0,0,0,0,0,0,0,0
80364,1,1,0,0,0,0,0,0,0,0,0,0
80365,0,1,35,35,35,35,35,35,35,35,35,35
80365,1,1,0,0,0,0,0,0,0,0,0,0
80365,2,1,0,0,0,0,0,0,0,0,0,0
80366,1,1,0,0,0,0,0,0,0,23,0,0
80367,1,1,23,23,23,23,23,23,23,23,23,23
80368,1,1,0,0,0,0,0,0,0,0,0,0
80368,2,1,0,0,0,0,0,0,0,0,0,0
80369,0,1,0,0,0,0,0,0,0,0,0,0
80369,1,1,0,0,0,0,0,0,0,0,0,0
80369,2,1,0,0,0,0,0,0,0,0,0,0
80370,1,1,10,10,10,10,10,10,10,10,10,10
80370,2,1,0,0,0,0,0,0,0,0,0,0
80370,3,1,0,0,0,0,0,3,0,0,0,0
80371,1,1,14,14,14,14,14,14,14,14,14,14
80372,1,1,0,0,0,0,0,0,0,0,0,25
80372,2,1,0,0,0,0,0,0,0,0,0,0
80372,3,1,0,0,0,0,0,0,0,0,0,0
80373,1,1,20,20,20,20,20,20,20,20,20,20
80374,1,1,19,19,19,19,19,19,19,19,19,19
80375,1,1,34,34,34,34,34,34,34,34,34,34
80375,2,1,0,0,0,0,0,0,14,0,0,0
80376,1,1,0,0,0,0,0,0,0,0,0,0
80376,2,1,0,0,0,0,0,0,0,0,0,0
80377,1,1,0,0,0,0,0,0,0,0,0,0
80378,1,1,29,17,17,20,3,8,11,0,20,9
80379,1,1,0,0,0,0,0,0,0,0,0,0
80379,2,1,0,0,0,0,0,0,0,0,0,14
80380,1,1,0,0,0,0,0,0,0,0,0,0
80380,2,1,0,0,0,0,0,0,0,0,0,0
80381,1,1,0,0,0,0,0,0,0,0,0,0
80382,1,1,0,0,0,0,0,0,0,0,0,0
80382,2,1,10,5,7,13,0,0,6,13,9,17
80383,1,1,16,16,16,16,16,16,16,16,16,16
80384,1,1,0,0,0,0,0,0,0,0,0,0
80384,2,1,0,0,0,0,0,0,0,0,0,0
80385,1,1,17,17,17,17,17,17,17,17,17,17
80385,2,1,0,0,0,0,0,0,0,0,0,0
80386,1,1,0,0,0,0,0,0,0,0,0,0
80387,1,1,0,0,0,0,0,0,0,0,0,0
80388,1,1,0,0,0,0,16,0,0,0,17,0
80389,1,1,0,0,0,0,0,0,0,0,0,0
80389,2,1,0,0,0,0,0,0,0,0,0,0
80389,3,1,0,0,0,0,0,0,0,0,0,0
80389,4,1,0,0,0,0,0,0,0,0,0,0
80390,1,1,0,0,0,0,0,0,0,0,0,0
80391,1,1,14,14,14,14,14,14,14,14,14,14
80392,1,1,0,0,0,0,0,0,0,0,0,0
80393,1,1,0,0,0,0,0,0,0,0,0,0
80394,1,1,0,0,0,0,0,0,0,0,0,0
80394,2,1,0,0,0,0,0,0,34,0,0,0
80394,3,1,0,0,27,0,0,0,0,0,0,0
80394,4,1,0,13,0,0,0,0,0,0,17,0
80395,1,1,0,0,0,0,0,0,0,0,0,0
80395,2,1,0,0,0,0,0,0,0,9,0,0
80396,1,1,0,0,0,0,0,0,0,0,0,0
80397,1,1,0,0,0,0,0,0,0,0,20,0
80398,1,1,0,0,0,9,0,0,12,0,35,18
80399,1,1,1,1,1,1,1,1,1,1,1,1
80400,0,1,23,16,20,0,0,0,0,0,0,4
80400,1,1,0,0,0,0,0,0,4,0,0,0
80401,1,1,25,25,25,25,25,25,25,25,25,25
80402,1,1,27,27,27,27,27,27,27,27,27,27
80403,1,1,0,0,0,0,0,0,0,0,0,0
80404,1,1,0,0,0,0,0,0,0,0,0,0
80405,0,1,0,0,0,0,0,0,0,0,0,0
80405,1,1,0,0,0,0,0,0,0,0,0,0
80406,1,1,0,0,0,0,0,0,0,0,0,0
80406,2,1,0,0,0,0,0,0,0,0,0,0
80407,0,1,19,21,15,36,32,15,4,21,18,25
80407,1,1,25,37,14,27,9,21,0,9,16,0
90001,1,1,21,21,21,21,21,21,21,21,21,21
90002,1,1,17,17,17,17,17,17,17,17,17,17
90003,1,1,0,0,0,0,0,0,0,0,0,0
90003,2,1,0,0,0,0,0,0,0,0,0,0
90003,3,1,0,0,0,0,0,0,0,0,0,0
90004,1,1,17,17,17,17,17,17,17,17,17,17
90005,1,1,3,0,0,0,0,3,0,0,0,0
90005,2,1,0,0,0,0,0,0,0,0,0,0
90006,1,1,0,0,0,0,0,0,0,0,0,0
90007,1,1,30,30,30,30,30,30,30,30,30,30
90008,1,1,24,24,24,24,24,24,24,24,24,24
90008,2,1,0,0,0,0,0,0,0,0,0,12
90009,0,1,0,0,0,0,0,0,0,0,0,0
90009,1,1,0,0,0,0,0,0,0,0,0,0
90010,0,1,0,0,0,0,0,0,0,0,0,0
90010,2,1,0,0,0,0,0,0,0,0,0,0
90011,1,1,0,0,0,0,0,0,0,0,0,0
90011,2,1,0,0,0,0,0,0,0,0,0,0
90012,1,1,23,23,23,23,23,23,23,23,23,23
90013,1,1,22,22,22,22,22,22,22,22,22,22
90013,2,1,0,0,0,0,0,0,0,0,0,0
90014,1,1,0,0,0,0,0,0,0,0,0,0
90014,2,1,0,0,0,0,0,0,0,0,0,0
90015,1,1,0,0,0,0,0,0,0,0,0,0
90016,1,1,11,11,11,11,11,11,11,11,11,11
90017,1,1,0,0,0,0,0,0,0,0,0,0
90018,0,1,0,0,0,0,0,0,0,0,0,0
90018,1,1,0,0,0,0,6,0,0,0,0,0
90019,1,1,28,11,0,0,7,6,0,20,0,0
90020,1,1,0,0,0,0,3,0,0,0,0,0
90020,2,1,21,12,21,7,14,31,14,19,13,9
90021,1,1,18,18,18,18,18,18,18,18,18,18
90022,1,1,0,0,0,0,0,0,0,0,0,0
90022,2,1,0,0,0,0,0,0,0,0,0,0
90023,1,1,2,2,2,2,2,2,2,2,2,2
90023,2,1,0,0,0,0,0,0,0,0,0,0
90023,3,1,0,0,0,0,0,0,0,0,0,0
90024,1,1,0,0,0,0,0,0,0,0,0,0
90024,2,1,22,22,22,22,22,22,22,22,22,22
90025,1,1,26,26,26,26,26,26,26,26,26,26
90025,2,1,4,0,6,0,0,0,0,0,0,0
90025,3,1,15,15,15,15,15,15,15,15,15,15
90026,1,1,0,0,0,0,0,0,0,0,0,23
90026,2,1,0,0,0,0,0,0,0,0,0,0
90027,1,1,0,0,0,0,0,0,0,0,0,0
90028,1,1,0,0,0,18,0,32,0,0,0,0
90028,2,1,0,0,0,0,0,0,0,0,0,0
90029,1,1,0,0,0,0,0,0,0,0,0,0
90029,2,1,0,0,0,0,0,0,0,0,0,0
90030,1,1,11,11,11,11,11,11,11,11,11,11
90031,1,1,0,0,38,0,0,0,0,0,0,0
90031,2,1,0,0,0,0,0,0,0,0,0,0
90031,3,1,0,0,0,0,21,0,0,25,0,0
90032,1,1,0,0,0,0,0,0,0,0,0,0
90033,1,1,0,0,0,0,12,0,8,0,14,0
90034,1,1,0,0,0,0,0,0,0,0,0,0
90034,2,1,0,0,0,0,0,0,0,0,0,0
90035,1,1,30,30,30,30,30,30,30,30,30,30
90036,2,1,14,14,14,14,14,14,14,14,14,14
90037,2,1,0,0,0,0,0,0,0,0,0,0
90038,1,1,21,0,0,17,6,0,0,8,0,0
90038,2,1,12,12,12,12,12,12,12,12,12,12
90039,1,1,20,20,20,20,20,20,20,20,20,20
90040,1,1,0,0,0,0,0,0,0,0,0,0
90040,2,1,0,0,0,25,0,13,0,0,0,0
90041,1,1,14,14,14,14,14,14,14,14,14,14
90042,1,1,0,0,0,0,0,14,0,0,0,0
90042,2,1,0,0,0,0,0,0,0,0,0,0
90042,3,1,0,0,0,0,0,0,0,0,0,0