ST_CASE,VEH_NO,PER_NO,P1,P2,P3,P4,P5,P6,P7,P8,P9,P10
90042,4,1,19,19,19,19,19,19,19,19,19,19
90043,1,1,13,13,13,13,13,13,13,13,13,13
90044,1,1,0,0,7,0,0,0,0,0,0,0
90044,2,1,5,5,5,5,5,5,5,5,5,5
90044,3,1,0,0,0,0,41,0,0,0,12,0
90045,0,1,0,0,0,0,0,0,0,0,0,0
90045,1,1,0,0,0,0,0,0,0,0,0,0
90046,1,1,7,0,0,0,0,0,0,0,0,0
90046,2,1,0,7,16,17,21,0,0,0,0,0
90046,3,1,0,0,0,0,6,0,0,0,0,0
90046,4,1,0,0,0,0,0,0,0,0,0,0
90046,5,1,0,0,0,0,17,0,0,0,10,6
90047,1,1,0,0,0,0,0,0,0,0,0,0
90047,2,1,0,0,0,0,0,0,0,0,0,0
90048,1,1,0,0,0,0,0,0,0,0,0,0
90048,2,1,0,0,0,0,0,0,0,0,0,0
90049,1,1,0,0,0,0,0,0,0,0,0,0
90050,1,1,14,18,17,15,31,0,11,24,11,14
90051,0,1,0,0,0,0,0,0,0,0,0,0
90051,1,1,0,0,0,0,0,0,0,8,0,0
90052,1,1,0,0,0,0,0,0,0,0,0,0
90053,0,1,0,0,0,0,0,0,0,0,0,0
90053,1,1,0,0,0,0,0,0,0,0,0,0
90054,1,1,0,33,29,0,23,0,0,17,0,14
90054,2,1,16,16,16,16,16,16,16,16,16,16
90056,0,1,9,9,9,9,9,9,9,9,9,9
90056,1,1,8,8,8,8,8,8,8,8,8,8
90057,1,1,27,27,27,27,27,27,27,27,27,27
90058,1,1,0,0,0,0,0,0,0,0,0,0
90058,2,1,0,0,0,0,0,0,0,0,0,0
90059,1,1,11,11,11,11,11,11,11,11,11,11
90059,2,1,0,6,0,0,0,0,9,0,0,0
90060,1,1,0,17,0,0,0,0,0,0,14,20
90061,1,1,27,30,25,16,16,9,11,6,15,15
90061,2,1,0,0,0,0,0,0,0,15,0,0
90062,1,1,0,0,0,0,0,0,0,0,0,0
90063,1,1,9,9,9,9,9,9,9,9,9,9
90064,1,1,15,15,15,15,15,15,15,15,15,15
90065,1,1,0,0,0,0,0,0,0,0,0,0
90066,1,1,0,0,0,0,0,0,0,0,0,0
90067,1,1,0,0,0,0,0,0,0,0,0,0
90067,2,1,0,0,0,0,0,0,0,0,0,0
90068,1,1,0,0,9,30,23,19,14,0,8,0
90069,1,1,19,19,19,19,19,19,19,19,19,19
90070,1,1,0,0,0,0,0,0,0,0,0,0
90070,2,1,0,0,0,0,0,0,10,0,0,0
90071,1,1,0,0,0,0,0,0,0,0,0,0
90072,1,1,0,0,0,0,0,0,0,0,0,0
90072,2,1,22,22,22,22,22,22,22,22,22,22
90073,1,1,0,0,0,0,0,0,0,0,0,0
90073,2,1,0,0,0,0,0,0,6,21,0,0
90074,1,1,0,0,0,0,0,0,0,0,0,0
90074,2,1,0,0,0,0,0,0,0,0,0,0
90075,1,1,0,0,0,0,0,0,0,0,0,0
90076,1,1,0,0,0,0,0,0,0,0,0,0
90076,2,1,0,0,0,0,0,0,0,0,0,0
90077,1,1,0,11,0,0,0,0,0,0,0,0
90078,1,1,0,0,0,0,0,0,0,5,0,0
90078,2,1,0,0,0,0,0,0,0,0,0,0
90079,1,1,0,0,0,0,0,0,0,0,0,0
90079,2,1,0,0,0,0,0,0,0,0,0,0
90080,1,1,24,24,24,24,24,24,24,24,24,24
90081,1,1,25,12,12,29,27,15,20,13,10,11
90082,0,1,0,0,0,0,0,0,0,0,0,0
90082,1,1,0,0,0,0,0,0,0,0,0,0
90083,1,1,3,3,3,3,3,3,3,3,3,3
90084,0,1,3,3,3,3,3,3,3,3,3,3
90084,1,1,18,18,18,18,18,18,18,18,18,18
90085,1,1,26,26,26,26,26,26,26,26,26,26
90086,1,1,22,22,22,22,22,22,22,22,22,22
90087,1,1,0,0,0,0,0,0,0,0,0,0
90087,2,1,0,0,0,0,0,0,0,0,0,0
90087,3,1,0,0,0,0,0,0,0,0,0,0
90088,1,1,0,0,0,0,0,0,0,0,0,0
90089,1,1,19,19,19,19,19,19,19,19,19,19
90090,1,1,22,22,22,22,22,22,22,22,22,22
90091,1,1,0,0,0,0,0,0,0,0,0,0
90092,1,1,0,0,0,0,0,0,0,0,0,0
90092,2,1,13,13,13,13,13,13,13,13,13,13
90093,1,1,19,15,3,19,15,22,13,25,13,28
90094,1,1,0,0,0,0,0,0,0,0,0,0
90094,2,1,0,0,0,0,0,0,0,0,0,0
90095,1,1,0,0,0,0,0,0,0,0,0,0
90095,2,1,0,22,0,9,0,0,0,0,0,0
90096,1,1,0,0,0,0,16,0,0,0,0,0
90096,2,1,0,0,0,0,0,0,0,0,0,0
90097,1,1,11,11,11,11,11,11,11,11,11,11
90098,1,1,3,3,3,3,3,3,3,3,3,3
90099,1,1,0,0,0,0,0,0,0,0,0,0
90100,1,1,18,18,18,18,18,18,18,18,18,18
90100,2,1,26,26,26,26,26,26,26,26,26,26
90101,1,1,23,23,23,23,23,23,23,23,23,23
90102,1,1,22,22,22,22,22,22,22,22,22,22
90103,1,1,0,26,23,28,21,19,31,0,44,39
90104,1,1,0,0,0,0,0,0,0,0,0,0
90105,1,1,0,0,0,0,0,0,0,0,0,0
90106,1,1,0,0,0,0,0,0,0,0,0,0
90107,1,1,0,0,0,0,0,0,0,0,0,0
90107,2,1,0,0,0,0,0,0,0,0,0,0
90108,1,1,0,0,0,0,0,0,0,0,0,0
90109,1,1,0,0,0,0,0,0,0,0,0,0
90109,2,1,0,0,0,0,0,0,0,0,0,0
90110,1,1,0,0,0,0,0,0,0,0,0,0
90110,2,1,33,0,24,8,0,0,0,0,16,0
90111,1,1,30,0,16,0,20,10,28,0,19,13
90112,1,1,17,17,17,17,17,17,17,17,17,17
90113,1,1,0,0,0,0,0,0,0,0,0,0
90114,0,1,0,0,0,0,0,0,0,0,0,0
90114,1,1,0,0,0,19,0,0,0,0,0,0
90115,0,1,0,9,0,0,0,0,0,0,0,0
90115,1,1,0,0,0,0,0,0,0,0,0,0
90116,1,1,0,0,0,0,0,0,0,0,0,0
90116,2,1,0,0,0,0,0,0,0,0,0,0
90117,1,1,21,0,0,0,0,0,0,0,0,0
90117,2,1,0,0,0,0,0,0,0,0,0,0
90118,1,1,0,0,0,0,0,0,0,0,0,0
90119,1,1,0,0,0,0,0,0,0,0,0,0
90120,1,1,18,18,18,18,18,18,18,18,18,18
90121,1,1,0,0,0,0,0,0,0,0,0,0
90122,1,1,11,11,11,11,11,11,11,11,11,11
90123,1,1,0,0,0,0,0,0,0,0,10,0
90124,1,1,31,31,31,31,31,31,31,31,31,31
90125,1,1,9,9,9,9,9,9,9,9,9,9
90126,1,1,0,0,0,0,0,0,0,0,0,0
90126,2,1,0,0,0,0,0,0,0,0,0,0
90127,2,1,0,0,0,0,0,0,0,0,0,0
90128,1,1,20,20,20,20,20,20,20,20,20,20
90129,0,1,0,0,0,0,0,0,0,0,0,0
90129,1,1,0,0,0,0,0,0,0,0,0,0
90129,2,1,0,0,0,0,0,0,0,0,0,0
90130,1,1,0,13,0,0,0,0,0,0,0,0
90130,2,1,0,0,0,0,0,0,0,0,0,0
90131,1,1,0,0,0,12,0,0,0,0,0,0
90131,2,1,22,22,22,22,22,22,22,22,22,22
90132,1,2,0,0,0,0,0,0,0,0,0,0
90133,0,1,0,0,0,0,0,0,0,0,0,0
90133,1,1,0,0,0,15,20,0,0,0,0,11
90134,1,1,11,11,11,11,11,11,11,11,11,11
90135,1,1,0,0,7,5,23,21,41,21,0,10
90135,2,1,0,0,16,0,0,0,0,0,0,0
90136,1,1,0,0,0,0,16,0,0,0,0,0
90136,2,1,0,0,0,0,0,0,0,0,0,0
90137,1,1,0,0,0,33,0,0,0,16,0,0
90137,2,1,0,0,0,0,0,0,0,0,0,0
90138,1,1,20,20,20,20,20,20,20,20,20,20
90138,2,1,0,0,0,0,0,0,0,0,0,0
90139,1,1,42,42,42,42,42,42,42,42,42,42
90140,0,1,0,0,0,0,0,0,0,0,0,0
90140,1,1,0,0,0,0,0,0,0,0,0,0
90141,0,1,0,0,0,0,0,0,0,0,0,0
90141,1,1,18,18,18,18,18,18,18,18,18,18
90142,0,1,0,0,0,0,0,0,0,0,0,0
90142,1,1,0,0,0,0,0,0,0,0,0,0
90143,1,1,25,25,25,25,25,25,25,25,25,25
90144,1,1,0,0,0,0,0,0,0,0,0,0
90145,0,1,0,0,0,0,0,0,0,0,0,0
90145,1,1,0,0,0,0,0,0,0,0,0,0
90146,1,1,0,0,0,0,0,0,0,0,0,0
90146,2,1,0,0,0,0,0,0,0,0,0,0
90146,3,1,0,0,0,0,0,0,0,0,0,0
90146,4,1,0,0,0,0,0,0,0,0,0,0
90147,1,1,0,0,0,0,0,0,0,0,0,0
90147,2,1,0,0,0,0,0,0,0,0,0,0
90148,1,1,0,0,13,17,28,0,20,0,10,15
90149,0,1,0,0,0,0,0,0,0,0,0,0
90149,1,1,0,0,0,21,0,0,0,0,0,0
90150,1,1,0,0,0,0,0,0,0,0,0,0
90151,1,1,27,27,27,27,27,27,27,27,27,27
90152,1,1,0,0,0,0,0,0,0,0,0,0
90152,2,1,0,0,0,0,0,0,0,0,0,0
90153,0,1,36,36,36,36,36,36,36,36,36,36
90153,1,1,0,0,0,0,0,0,0,0,0,0
90154,0,1,25,25,25,25,25,25,25,25,25,25
90154,1,1,0,0,0,0,0,0,0,0,0,0
90155,1,1,30,30,30,30,30,30,30,30,30,30
90156,0,1,0,0,0,0,0,0,0,0,0,0
90156,1,1,0,0,0,0,0,0,12,0,0,7
90157,0,1,0,0,0,0,0,0,0,0,0,0
90157,1,1,0,0,0,0,0,0,0,0,0,0
90158,0,1,0,0,0,0,0,0,0,0,0,0
90158,1,1,0,0,0,9,0,0,0,0,0,14
90159,1,1,22,22,22,22,22,22,22,22,22,22
90160,1,1,0,0,0,0,0,0,0,0,0,0
90160,2,1,0,0,0,0,18,0,0,0,0,0
90161,1,1,0,28,0,0,0,38,19,8,0,0
90162,0,1,29,29,29,29,29,29,29,29,29,29
90162,0,2,6,0,13,11,26,38,0,27,0,18
90162,1,1,16,0,0,0,0,0,23,0,0,0
90163,1,1,0,0,0,0,0,0,0,0,0,0
90163,2,1,11,0,0,0,0,0,0,0,0,0
90164,1,1,25,25,25,25,25,25,25,25,25,25
90165,1,1,0,0,0,0,0,0,0,0,0,0
90166,1,1,0,0,0,0,0,0,0,0,0,0
90166,2,1,0,0,0,0,0,0,0,0,0,0
90167,1,1,12,13,0,24,0,0,25,0,17,6
90167,2,1,21,21,21,21,21,21,21,21,21,21
90168,1,1,0,0,0,0,0,0,0,0,0,8
90168,2,1,0,0,0,0,0,0,17,0,6,0
90168,3,1,10,10,10,10,10,10,10,10,10,10
90169,0,1,0,0,0,0,0,0,0,0,0,0
90169,1,1,0,0,0,0,0,0,0,0,0,0
90170,1,1,13,0,13,27,0,16,4,0,0,16
90171,0,1,0,0,0,0,0,0,0,0,0,0
90171,1,1,0,0,0,0,0,0,0,0,0,0
90172,0,1,0,0,0,0,0,0,0,0,0,0
90172,1,1,15,14,0,34,16,47,0,11,0,11
90173,1,1,17,17,17,17,17,17,17,17,17,17
90174,0,1,0,0,0,0,0,0,0,0,0,0
90174,1,1,20,0,0,0,0,0,0,0,0,0
90174,2,1,0,0,0,0,0,0,0,0,0,0
90175,1,1,36,36,36,36,36,36,36,36,36,36
90176,1,1,0,0,0,0,0,0,0,0,0,0
90177,1,1,15,15,15,15,15,15,15,15,15,15
90178,2,1,10,10,10,10,10,10,10,10,10,10
90179,1,1,18,0,11,16,0,33,20,0,0,0
90179,2,1,3,0,0,0,0,0,0,0,0,0
90180,0,1,30,30,30,30,30,30,30,30,30,30
90180,1,1,20,30,0,0,0,9,33,20,0,22
90180,2,1,8,0,0,19,0,19,0,0,14,0
90181,0,1,26,26,26,26,26,26,26,26,26,26
90181,1,1,0,0,0,0,0,0,0,0,0,0
90182,1,1,0,11,17,13,28,10,6,23,27,23
90183,1,1,0,0,0,17,0,0,0,23,0,0
90184,1,1,0,0,0,0,0,0,5,0,0,0
90185,1,1,0,0,0,0,0,0,0,0,0,0
90186,1,1,9,10,0,0,0,17,0,0,0,25
90187,1,1,0,0,0,0,0,0,0,0,0,0
90188,1,1,23,0,0,0,0,0,0,0,17,0
90188,2,1,0,0,0,0,0,0,3,0,0,0
90189,1,1,20,0,22,14,0,29,9,10,13,21
90190,1,1,20,6,17,18,21,25,6,16,20,35
90191,1,1,0,0,0,0,0,0,0,0,0,0
90192,1,1,0,0,0,0,0,0,0,0,0,0
90192,2,1,0,0,0,0,0,0,0,0,0,0
90193,1,1,0,0,0,0,0,0,0,0,0,0
90194,0,1,4,4,4,4,4,4,4,4,4,4
90194,1,1,0,0,12,0,0,0,0,15,0,10
90195,1,1,15,11,36,4,0,0,23,0,7,14
90196,0,1,24,24,24,24,24,24,24,24,24,24
90196,1,1,0,0,0,0,0,0,0,0,0,0
90197,0,1,0,0,0,0,0,0,0,0,0,0
90197,1,1,0,24,9,0,0,0,19,19,0,0
90198,1,1,17,17,17,17,17,17,17,17,17,17
90199,0,1,16,16,16,16,16,16,16,16,16,16
90199,1,1,30,0,30,0,0,0,0,0,0,10
90200,1,1,0,0,0,0,0,0,0,0,0,0
90200,2,1,0,0,0,0,0,0,0,0,0,0
90201,1,1,3,0,0,0,3,9,12,0,0,0
90202,1,1,14,36,24,32,12,22,12,20,30,16
90203,1,1,0,0,16,0,0,0,0,0,18,0
90204,1,1,0,0,0,0,0,0,0,0,0,0
90204,2,1,0,0,0,0,0,0,0,0,0,0
90205,1,1,0,0,0,0,0,0,0,0,0,0
90206,1,1,0,0,0,0,0,0,0,0,0,0
90207,1,1,14,14,14,14,14,14,14,14,14,14
90207,2,1,0,0,0,0,0,0,0,0,0,0
90208,1,1,0,0,0,0,0,0,0,0,0,0
90209,1,1,0,22,15,13,0,0,24,0,0,7
100001,1,1,0,0,0,0,15,0,0,0,0,0
100001,2,1,21,21,21,21,21,21,21,21,21,21
100002,1,1,0,0,0,0,0,0,0,0,0,0
100002,2,1,0,0,0,0,0,0,0,0,0,0
100003,1,1,0,0,0,28,0,0,0,19,0,0
100003,2,1,0,0,0,0,0,0,0,0,0,0
100004,0,1,0,0,0,0,0,0,0,0,0,0
100004,1,1,0,0,0,0,0,0,0,0,0,0
100005,1,1,0,0,0,0,0,0,0,0,0,0
100005,2,1,0,0,0,0,0,0,0,0,3,0
100006,1,1,0,0,0,0,0,0,0,0,0,0
100007,1,1,0,0,0,0,0,0,0,7,0,0
100007,2,1,0,0,0,0,0,0,0,0,0,0
100007,3,1,0,0,0,0,0,0,0,0,0,0
100008,1,1,0,0,0,0,0,0,0,0,0,0
100009,1,1,26,26,26,26,26,26,26,26,26,26
100010,0,1,20,20,20,20,20,20,20,20,20,20
100010,1,1,0,0,0,0,0,15,0,11,0,16
100011,1,1,0,0,0,0,0,0,0,0,0,0
100011,2,1,17,17,17,17,17,17,17,17,17,17
100012,1,1,0,0,0,7,0,0,0,0,0,0
100012,2,1,0,0,0,0,0,0,0,0,0,0
100013,1,1,0,0,0,0,0,0,0,0,0,0
100013,2,1,0,0,0,0,0,0,0,0,0,0
100014,0,1,45,7,10,0,19,23,22,27,26,38
100014,1,1,0,0,20,0,0,0,0,20,8,0
100014,2,1,0,0,0,18,0,10,3,10,0,0
100014,3,1,0,0,0,6,0,0,9,0,0,0
100015,1,1,0,0,0,0,0,0,0,0,0,0
100015,2,1,0,0,0,0,6,6,0,0,9,0
100016,1,1,21,21,21,21,21,21,21,21,21,21
100017,1,1,20,20,20,20,20,20,20,20,20,20
100018,1,1,16,0,0,0,21,18,26,0,31,0
100019,1,1,12,12,12,12,12,12,12,12,12,12
100019,2,1,0,0,0,0,0,0,0,0,0,0
100020,1,1,15,15,15,15,15,15,15,15,15,15
100021,1,1,0,0,0,0,0,0,0,0,0,0
100021,2,1,0,0,0,0,0,0,13,0,0,0
100022,0,1,0,0,0,0,0,0,0,0,0,0
100022,1,1,0,0,21,0,0,0,0,0,0,0
100023,1,1,0,0,0,0,0,0,0,0,0,0
100023,2,1,0,0,0,0,0,0,0,0,0,0
100024,1,1,19,37,10,17,14,16,9,16,6,21
100025,1,1,15,15,15,15,15,15,15,15,15,15
100026,1,1,4,9,0,21,0,0,0,12,0,0
100027,1,1,0,0,0,0,0,0,0,0,0,0
100027,2,1,0,0,0,0,0,0,0,0,0,0
100028,0,1,25,15,0,0,0,0,0,0,0,0
100028,1,1,0,0,0,0,0,0,0,0,0,0
100029,1,1,25,7,10,22,13,16,21,23,22,33
100030,1,1,0,0,15,0,0,0,0,0,0,0
100031,1,1,0,0,0,0,0,0,0,0,0,0
100032,1,1,17,17,17,17,17,17,17,17,17,17
100033,0,1,17,17,17,17,17,17,17,17,17,17
100033,1,1,0,0,0,0,0,14,0,0,0,0
100034,1,1,0,0,0,0,0,0,0,0,0,0
100035,0,1,0,31,0,0,0,3,0,0,0,3
100035,1,1,0,14,0,15,0,22,0,0,0,0
100036,1,1,20,20,20,20,20,20,20,20,20,20
100037,1,1,0,0,0,0,0,0,0,0,0,0
100037,2,1,0,21,23,0,0,13,0,0,15,0
100038,1,1,0,0,0,0,0,10,16,0,0,0
100038,2,1,0,0,0,0,0,0,0,0,0,0
100039,1,1,0,0,0,0,0,0,0,0,0,0
100039,2,1,12,8,14,0,0,0,17,0,21,0
100040,0,1,0,0,0,0,0,0,0,0,0,0
100040,1,1,0,0,0,0,20,0,0,0,0,0
100041,1,1,21,21,21,21,21,21,21,21,21,21
100042,1,1,0,0,0,0,0,0,0,0,0,0
100043,1,1,0,0,0,0,0,0,0,3,0,0
100043,2,1,0,6,0,0,0,0,0,0,0,0
100044,1,1,20,20,20,20,20,20,20,20,20,20
100045,1,1,15,0,0,0,15,14,13,0,0,15
100045,2,1,25,25,25,25,25,25,25,25,25,25
100046,1,1,19,19,19,19,19,19,19,19,19,19
100047,1,1,0,0,13,0,0,0,0,0,0,0
100047,2,1,15,0,0,0,24,5,0,0,16,5
100048,1,1,17,20,18,36,16,32,14,14,11,7
100049,1,1,8,8,8,8,8,8,8,8,8,8
100050,1,1,13,25,31,9,0,0,0,19,0,0
100050,2,1,10,10,10,10,10,10,10,10,10,10
100050,3,1,26,23,21,12,10,18,11,14,5,45
100051,1,1,0,0,0,0,0,0,0,0,0,0
100051,2,1,0,0,0,0,0,0,0,0,0,0
100052,1,1,0,0,0,0,0,0,0,0,0,0
100052,2,1,0,24,0,26,0,0,0,0,0,0
100053,1,1,0,29,0,0,0,0,0,0,0,0
100054,0,1,19,20,0,0,19,10,30,14,0,16
100054,0,2,7,31,0,13,20,14,14,17,0,12
100054,1,1,0,11,0,18,0,0,11,0,28,17
100055,1,1,0,15,0,0,0,0,0,0,0,6
100055,2,1,0,0,0,0,0,0,0,0,19,0
100056,1,1,0,0,0,0,0,0,0,0,0,0
100057,1,1,0,0,0,0,0,0,0,0,0,0
100058,1,1,0,0,0,0,0,0,0,0,0,0
100058,2,1,0,0,0,0,0,0,0,0,0,0
100059,1,1,18,18,18,18,18,18,18,18,18,18
100060,1,1,0,0,0,0,0,0,9,0,0,0
100060,2,1,0,0,0,0,0,0,15,12,0,0
100061,1,1,0,18,13,34,9,0,0,20,11,0
100062,1,1,17,17,17,17,17,17,17,17,17,17
100063,0,1,20,27,0,0,0,0,0,14,0,0
100063,1,1,0,0,0,0,0,0,0,0,0,0
100064,1,1,0,0,0,0,0,0,0,0,0,2
100064,2,1,15,15,15,15,15,15,15,15,15,15
100065,0,1,35,35,35,35,35,35,35,35,35,35
100065,1,1,0,0,0,0,0,11,0,0,0,0
100066,0,1,0,0,0,0,0,0,0,0,0,0
100066,1,1,21,0,0,0,0,0,0,0,0,10
100067,1,1,0,0,0,16,0,20,13,0,0,0
100067,2,1,0,0,14,0,0,27,0,6,28,0
100068,1,1,0,0,0,0,0,0,0,0,0,0
100068,2,1,0,0,0,0,0,0,0,24,0,0
100068,3,1,0,0,0,0,0,0,0,0,18,0
100069,1,1,21,21,21,21,21,21,21,21,21,21
100069,2,1,0,0,0,0,0,0,0,0,0,0
100069,3,1,0,0,0,0,23,0,0,0,0,0
100070,0,1,31,31,31,31,31,31,31,31,31,31
100070,1,1,0,4,0,0,0,0,0,0,0,0
100071,1,1,26,26,26,26,26,26,26,26,26,26
100071,2,1,0,0,0,0,0,0,0,0,0,0
100072,1,1,0,0,0,0,0,0,0,0,0,0
100072,2,1,0,0,0,0,0,0,0,0,0,0
100072,3,1,0,0,0,0,0,0,0,0,0,0
100073,0,1,0,0,0,9,8,17,0,0,0,0
100073,1,1,0,0,0,0,16,0,0,0,0,0
100074,1,1,0,7,0,0,0,0,20,0,0,0
100074,2,1,5,5,0,9,0,7,5,25,4,15
100074,3,1,0,0,0,0,0,0,0,20,0,0
100074,4,1,20,11,5,7,23,22,7,21,22,0
100074,5,1,0,0,0,0,0,0,0,0,0,0
100074,6,1,28,28,28,28,28,28,28,28,28,28
100075,1,1,21,21,21,21,21,21,21,21,21,21
100076,1,1,4,18,15,18,4,22,25,20,14,18
100077,1,1,0,0,0,0,0,0,0,0,0,16
100077,2,1,0,0,0,0,0,0,0,0,0,0
100078,1,1,11,11,11,11,11,11,11,11,11,11
100079,1,1,0,0,0,0,0,0,0,0,0,0
100079,2,1,0,0,0,0,0,0,0,0,0,0
100080,1,1,17,17,17,17,17,17,17,17,17,17
100081,1,1,2,19,8,0,9,0,0,0,0,0
100082,0,1,20,0,0,0,0,0,0,16,0,0
100082,1,1,0,24,0,0,0,0,19,0,0,0
100083,1,1,12,12,12,12,12,12,12,12,12,12
100083,2,1,0,0,0,24,0,0,12,0,0,0
100084,0,1,0,0,0,0,0,0,0,0,0,0
100084,1,1,2,0,20,0,0,0,26,0,0,0
100085,0,1,0,0,0,0,0,0,0,0,0,0
100085,1,1,0,0,20,0,0,0,0,0,0,0
100086,1,1,17,17,17,17,17,17,17,17,17,17
100087,1,1,0,10,0,0,8,0,0,0,0,0
100087,2,1,0,0,0,0,0,0,0,0,0,0
100088,1,1,0,0,0,0,0,0,0,0,0,0
100089,1,1,0,0,0,0,0,0,0,0,0,0
100090,1,1,0,0,0,0,0,0,0,0,0,0
100091,1,1,1,1,1,1,1,1,1,1,1,1
100092,0,1,0,0,0,0,0,0,0,0,0,0
100092,1,1,0,0,0,0,0,0,0,0,0,0
100093,1,1,0,0,0,0,0,0,19,0,0,0
100094,0,1,0,0,3,8,6,13,0,0,6,0
100094,1,1,0,0,0,0,0,0,0,0,4,0
110001,1,1,10,10,10,10,10,10,10,10,10,10
110001,2,1,0,0,0,0,0,0,0,0,0,0
110002,1,1,21,21,21,21,21,21,21,21,21,21
110003,0,1,0,0,0,0,0,0,0,0,0,0
110003,1,1,0,0,0,0,0,0,0,0,0,0
110004,0,1,0,0,0,0,0,0,0,0,0,0
110004,1,1,6,12,12,11,24,5,24,22,13,12
110005,1,1,0,0,0,0,0,0,0,0,0,0
110006,1,1,0,0,17,0,0,8,0,0,0,0
110006,2,1,0,0,0,0,0,0,0,0,0,0
110007,0,1,47,7,0,24,8,23,0,23,11,0
110007,1,1,0,4,22,0,26,0,13,0,8,14
110008,0,1,0,0,0,0,0,0,0,0,0,0
110008,1,1,0,0,0,0,0,0,0,0,0,0
110009,1,1,5,5,5,5,5,5,5,5,5,5
110010,0,1,27,27,27,27,27,27,27,27,27,27
110010,1,1,4,4,4,4,4,4,4,4,4,4
110011,1,1,2,2,2,2,2,2,2,2,2,2
110011,2,1,0,0,0,0,0,0,0,0,0,0
110012,0,1,12,12,12,12,12,12,12,12,12,12
110012,1,1,0,0,0,0,0,0,0,0,0,0
110013,0,1,0,0,0,0,0,0,0,0,0,0
110013,1,1,0,0,0,0,0,0,0,0,0,0
110014,1,1,0,0,0,0,0,0,0,0,0,0
110015,1,1,13,12,16,27,40,33,17,14,4,18
110016,1,1,29,0,0,0,0,0,0,11,0,0
110016,2,1,0,0,0,0,0,16,0,0,0,0
110017,1,1,0,0,0,0,0,0,0,0,0,0
110017,2,1,0,0,0,0,0,0,0,0,0,0
110018,1,1,5,5,5,5,5,5,5,5,5,5
110019,0,1,0,0,0,0,0,0,0,0,0,0
110019,1,1,0,0,0,0,0,0,0,0,0,0
110020,0,1,0,0,0,0,0,0,0,0,0,0
110020,1,1,0,0,0,0,0,0,0,0,0,0
110021,0,1,0,0,0,0,0,0,0,0,0,0
110021,1,1,0,0,0,0,0,0,0,0,0,0
110022,1,1,0,0,0,0,0,0,0,0,0,0
110022,2,1,0,0,0,0,0,0,0,0,0,0
110022,3,1,0,0,0,18,0,0,0,0,0,0
120001,1,1,0,0,0,0,0,0,0,0,0,0
120002,1,1,0,0,0,0,0,0,0,0,0,0
120002,2,1,0,0,0,0,0,0,11,0,0,30
120003,1,1,0,0,0,0,0,0,0,0,0,0
120003,2,1,0,0,0,0,0,0,0,0,0,0
120003,3,1,0,0,0,0,0,0,0,0,0,0
120003,4,1,0,0,0,0,0,0,0,0,0,0
120004,1,1,6,6,6,6,6,6,6,6,6,6
120005,1,1,7,0,0,0,0,0,18,0,0,0
120006,1,1,15,15,15,15,15,15,15,15,15,15
120006,2,1,0,0,0,0,0,0,0,0,0,0
120007,0,1,0,0,0,0,0,0,0,0,0,0
120007,1,1,0,0,0,0,0,0,0,0,0,0
120008,1,1,0,0,0,0,0,0,0,0,0,0
120008,2,1,0,0,0,0,0,0,0,0,0,0
120009,1,1,0,0,0,0,0,0,0,0,0,0
120010,1,1,0,0,0,0,0,0,0,0,0,0
120010,2,1,0,0,0,0,0,0,0,0,0,0
120011,1,1,0,0,0,0,0,0,0,0,0,0
120011,2,1,0,0,0,0,0,11,0,0,0,0
120012,1,1,0,0,0,0,0,0,0,0,0,0
120012,2,1,0,0,0,0,0,0,0,0,0,0
120012,3,1,0,0,0,0,0,0,0,0,0,0
120012,4,1,0,0,0,0,0,0,0,0,0,0
120013,1,1,0,0,0,0,0,0,0,0,0,0
120014,1,1,0,0,0,19,0,0,22,11,21,14
120015,1,1,0,0,5,0,0,0,0,19,0,0
120016,1,1,7,7,7,7,7,7,7,7,7,7
120017,1,1,3,3,3,3,3,3,3,3,3,3
120018,1,1,0,0,0,0,0,0,0,0,0,0
120019,1,1,0,0,0,0,0,0,0,0,0,0
120019,2,1,7,33,15,10,23,10,33,16,26,0
120020,1,1,17,17,17,17,17,17,17,17,17,17
120021,1,1,15,15,15,15,15,15,15,15,15,15
120022,1,1,6,6,6,6,6,6,6,6,6,6
120022,2,1,0,0,0,0,0,0,0,0,0,0
120022,3,1,0,0,0,0,0,0,0,0,0,0
120023,0,1,0,0,0,0,0,0,0,0,0,0
120023,1,1,0,0,0,0,0,0,0,0,0,0
120024,1,1,11,11,11,11,11,11,11,11,11,11
120024,2,1,0,0,0,0,0,0,0,0,0,0
120025,0,1,0,0,0,0,23,18,0,0,0,0
120025,2,1,0,0,0,0,29,0,0,0,0,0
120025,3,1,16,0,0,0,7,14,35,0,8,0
120026,1,1,0,13,0,0,0,23,13,0,0,0
120027,1,1,0,0,0,0,0,0,0,0,0,0
120028,1,1,0,0,0,0,0,0,0,0,0,0
120029,1,1,0,0,0,0,0,0,0,0,0,0
120030,0,1,26,26,26,26,26,26,26,26,26,26
120030,1,1,0,0,20,0,0,0,0,0,0,0
120031,1,1,54,54,54,54,54,54,54,54,54,54