ST_CASE,VEH_NO,PER_NO,P1,P2,P3,P4,P5,P6,P7,P8,P9,P10
120032,1,1,0,0,0,0,0,0,0,0,0,0
120033,1,1,0,0,0,0,0,0,0,0,0,0
120033,2,1,0,0,0,0,0,0,0,0,0,0
120033,3,1,0,0,0,0,0,0,0,0,0,0
120034,1,1,0,0,0,0,0,0,0,0,0,0
120034,2,1,16,16,16,16,16,16,16,16,16,16
120035,1,1,0,0,0,0,0,0,0,0,0,0
120036,1,1,3,3,3,3,3,3,3,3,3,3
120037,1,1,0,0,0,0,0,0,0,0,0,0
120037,2,1,0,0,0,0,0,0,0,0,0,0
120038,1,1,0,0,0,0,0,0,0,0,0,0
120038,2,1,0,0,0,0,0,0,0,0,0,0
120039,0,1,21,21,21,21,21,21,21,21,21,21
120039,1,1,0,7,0,0,0,0,0,0,0,0
120039,2,1,0,15,0,0,0,0,0,0,0,0
120040,0,1,0,0,0,0,0,0,0,0,0,0
120040,1,1,0,14,0,0,0,0,0,0,0,0
120041,1,1,6,6,6,6,6,6,6,6,6,6
120042,1,1,0,0,0,15,0,0,0,0,0,0
120042,2,1,10,10,10,10,10,10,10,10,10,10
120044,1,1,0,0,0,0,0,0,0,0,0,0
120044,2,1,0,0,0,0,0,0,0,0,0,0
120045,1,1,14,14,14,14,14,14,14,14,14,14
120045,2,1,0,0,0,0,0,0,0,0,0,0
120046,1,1,10,10,10,10,10,10,10,10,10,10
120047,1,1,2,2,2,2,2,2,2,2,2,2
120048,1,1,20,20,20,20,20,20,20,20,20,20
120049,1,1,17,17,17,17,17,17,17,17,17,17
120050,1,1,21,21,21,21,21,21,21,21,21,21
120050,2,1,19,0,0,31,0,0,0,0,0,0
120051,0,1,0,0,0,0,0,0,0,0,0,0
120051,1,1,15,15,15,15,15,15,15,15,15,15
120052,1,1,0,0,0,0,0,0,0,0,0,0
120052,2,1,0,0,0,0,0,0,0,0,0,0
120053,1,1,0,0,0,0,0,0,0,0,0,0
120053,2,1,0,0,0,0,0,0,0,0,0,0
120054,0,1,0,0,0,0,0,0,0,0,0,0
120054,1,1,14,14,14,14,14,14,14,14,14,14
120055,1,1,0,0,0,0,0,0,0,0,0,0
120056,1,1,0,0,0,0,0,0,0,0,0,0
120056,2,1,0,0,0,0,0,0,0,0,0,0
120057,1,1,34,34,34,34,34,34,34,34,34,34
120058,0,1,9,9,9,9,9,9,9,9,9,9
120058,1,1,0,0,0,0,0,0,0,0,0,0
120059,1,1,0,0,0,0,0,0,0,0,0,0
120059,2,1,0,0,0,0,0,0,0,0,0,0
120060,1,1,19,19,19,19,19,19,19,19,19,19
120060,2,1,0,0,0,0,0,0,0,0,0,0
120061,1,1,0,0,0,0,0,0,0,0,0,0
120062,1,1,26,26,26,26,26,26,26,26,26,26
120062,2,1,0,0,0,0,0,0,0,0,0,0
120063,1,1,0,0,0,0,0,0,0,0,0,0
120064,1,1,0,0,0,0,0,0,0,0,0,0
120065,1,1,0,0,0,0,0,0,0,0,0,0
120065,2,1,0,0,0,0,0,0,0,0,0,0
120065,3,1,0,0,0,0,0,0,0,0,0,0
120065,4,1,0,0,0,0,0,0,0,0,0,0
120066,1,1,0,0,0,0,0,0,0,0,0,0
120066,2,1,0,0,0,0,0,0,0,0,0,0
120067,1,1,17,17,17,17,17,17,17,17,17,17
120067,2,1,0,0,0,0,0,0,0,0,0,0
120068,1,1,12,12,12,12,12,12,12,12,12,12
120069,1,1,25,25,25,25,25,25,25,25,25,25
120070,1,1,0,0,0,0,0,0,0,0,0,0
120070,2,1,0,0,0,0,0,0,0,0,0,0
120070,3,1,0,0,0,0,0,0,0,0,0,0
120071,1,1,0,0,0,0,0,0,5,0,0,0
120071,2,1,0,0,0,0,0,0,0,0,0,0
120072,1,1,0,0,0,0,0,0,0,0,0,0
120072,2,1,0,0,0,0,0,0,0,0,0,0
120073,1,1,0,0,0,0,0,0,0,0,0,0
120073,2,1,18,18,18,18,18,18,18,18,18,18
120074,1,1,0,0,0,0,0,0,0,0,0,0
120075,1,1,14,14,14,14,14,14,14,14,14,14
120077,1,1,14,14,14,14,14,14,14,14,14,14
120078,1,1,0,0,0,20,0,12,0,0,17,0
120078,2,1,0,0,0,0,0,0,0,0,0,0
120078,3,1,0,0,0,0,0,29,0,11,0,0
120079,0,1,10,10,10,10,10,10,10,10,10,10
120079,1,1,0,0,0,22,0,0,0,0,0,0
120080,0,1,0,0,0,0,0,0,0,0,0,0
120080,1,1,0,0,0,0,0,0,0,0,0,0
120081,1,1,1,1,1,1,1,1,1,1,1,1
120082,1,1,0,0,0,0,0,0,0,0,0,0
120083,1,1,0,0,0,0,0,0,0,0,0,0
120083,2,1,0,0,0,0,0,0,0,0,0,0
120083,3,1,0,32,0,0,0,0,0,0,0,0
120084,1,1,0,0,0,0,0,0,0,0,0,0
120085,1,1,8,8,8,8,8,8,8,8,8,8
120085,2,1,0,28,0,0,0,0,0,0,0,0
120085,3,1,0,0,0,0,0,0,0,0,0,0
120086,1,1,0,0,0,0,0,0,0,0,0,0
120086,2,1,0,0,0,0,0,0,0,0,0,0
120087,1,1,0,0,0,0,0,0,0,0,0,0
120088,1,1,0,0,0,0,0,0,0,0,0,0
120089,1,1,11,11,11,11,11,11,11,11,11,11
120089,2,1,0,0,0,0,0,0,0,0,0,0
120090,0,1,0,0,0,0,0,0,0,0,0,0
120090,1,1,0,0,0,0,0,0,0,0,0,0
120091,1,1,0,0,0,0,0,0,0,0,0,0
120091,2,1,0,0,0,0,0,0,0,0,0,0
120091,3,1,0,0,0,0,0,0,5,0,0,0
120092,1,1,8,8,8,8,8,8,8,8,8,8
120093,0,1,1,1,1,1,1,1,1,1,1,1
120093,1,1,0,0,0,0,0,0,0,0,0,0
120094,1,1,0,0,0,0,0,0,0,0,0,0
120095,0,1,0,0,0,0,0,0,0,0,0,0
120095,1,1,0,0,0,0,0,0,0,0,0,0
120096,0,1,0,0,0,0,0,0,0,0,0,0
120096,0,2,19,20,29,0,36,0,15,0,0,17
120096,1,1,0,0,0,0,0,0,0,0,0,0
120097,0,1,40,40,40,40,40,40,40,40,40,40
120097,1,1,4,4,4,4,4,4,4,4,4,4
120098,0,1,0,0,0,0,0,0,0,0,0,0
120098,1,1,21,21,21,21,21,21,21,21,21,21
120099,0,1,0,0,0,0,0,0,0,0,0,0
120099,0,2,0,0,0,0,0,0,0,0,0,0
120099,1,1,16,0,0,0,0,0,0,0,0,0
120100,1,1,18,18,18,18,18,18,18,18,18,18
120101,1,1,0,0,0,0,0,0,0,0,0,0
120101,2,1,0,0,0,0,0,0,0,0,0,0
120102,1,1,0,0,0,0,0,0,0,0,0,0
120102,2,1,0,0,0,0,0,0,0,0,0,0
120103,1,1,0,0,0,0,0,0,0,0,0,0
120104,1,1,0,0,0,0,0,0,0,0,0,0
120105,1,1,7,7,7,7,7,7,7,7,7,7
120106,0,1,0,0,0,0,0,0,0,0,0,0
120106,1,1,0,0,0,0,0,0,0,0,20,0
120107,1,1,23,23,23,23,23,23,23,23,23,23
120108,1,1,28,28,28,28,28,28,28,28,28,28
120108,2,1,0,0,0,0,0,0,0,0,0,0
120108,3,1,0,0,0,0,0,0,19,0,0,0
120108,4,1,0,0,0,0,0,0,0,0,0,0
120109,1,1,0,0,0,0,0,0,0,0,0,0
120109,2,1,0,0,0,0,0,0,0,0,0,0
120110,1,1,0,0,0,0,0,0,0,0,0,0
120111,1,1,36,36,36,36,36,36,36,36,36,36
120111,2,1,0,0,0,0,0,0,0,0,0,0
120112,1,1,22,22,22,22,22,22,22,22,22,22
120113,1,1,0,0,0,0,0,0,0,0,0,0
120113,2,1,0,0,0,0,0,0,0,0,0,0
120114,1,1,14,14,14,14,14,14,14,14,14,14
120115,1,1,0,0,0,0,0,0,0,0,0,0
120116,1,1,0,0,0,0,0,0,0,0,0,0
120117,0,1,0,0,0,0,0,0,0,0,0,0
120117,1,1,1,1,1,1,1,1,1,1,1,1
120118,0,1,0,0,0,0,0,0,0,0,0,0
120118,1,1,0,0,0,0,0,0,0,0,0,0
120119,1,1,0,0,0,0,0,0,0,0,0,0
120119,2,1,0,0,0,0,0,0,0,0,0,0
120121,1,1,24,24,24,24,24,24,24,24,24,24
120121,2,1,18,18,18,18,18,18,18,18,18,18
120122,1,1,16,16,16,16,16,16,16,16,16,16
120122,2,1,0,0,0,0,0,0,0,0,6,0
120123,0,1,12,12,12,12,12,12,12,12,12,12
120123,1,1,22,22,22,22,22,22,22,22,22,22
120124,1,1,24,7,19,9,3,12,0,19,0,13
120125,0,1,0,0,0,0,0,0,0,0,0,0
120125,1,1,0,0,0,0,0,0,0,0,0,0
120126,0,1,0,0,0,0,0,0,0,0,0,0
120126,1,1,0,0,0,0,0,0,0,0,0,0
120127,1,1,0,0,0,0,0,0,0,0,0,0
120127,2,1,0,0,0,0,0,0,0,0,0,0
120127,3,1,0,0,0,0,0,0,0,0,0,0
120128,1,1,2,9,0,0,0,0,0,0,0,0
120128,2,1,0,0,4,0,5,6,19,0,0,0
120128,3,1,0,0,0,11,0,0,0,0,0,10
120128,4,1,0,19,0,10,0,22,0,0,0,0
120129,1,1,0,0,0,0,0,0,0,0,0,0
120130,0,1,23,23,23,23,23,23,23,23,23,23
120130,1,1,0,0,0,0,0,0,0,0,0,0
120130,2,1,0,0,0,0,0,0,0,0,0,0
120131,1,1,0,0,0,0,0,0,0,0,0,0
120131,2,1,0,0,0,0,0,0,0,0,0,0
120131,3,1,0,0,0,0,0,0,0,0,0,0
120132,1,1,0,0,8,0,0,0,0,0,0,0
120132,2,1,0,0,0,0,0,0,0,0,0,0
120133,1,1,0,0,0,0,0,0,0,0,0,0
120134,1,1,32,32,32,32,32,32,32,32,32,32
120135,0,1,30,30,30,30,30,30,30,30,30,30
120135,1,1,13,28,0,23,16,22,11,21,0,16
120136,0,1,0,0,0,32,27,0,0,0,0,0
120136,1,1,0,0,0,0,0,0,0,0,0,0
120137,0,1,0,0,0,0,0,0,0,0,0,0
120137,1,1,0,0,0,0,0,0,0,0,0,0
120137,2,1,0,0,0,0,0,0,0,0,0,0
120138,1,1,20,20,20,20,20,20,20,20,20,20
120139,1,1,0,0,0,0,0,0,0,0,0,0
120140,0,1,1,1,1,1,1,1,1,1,1,1
120140,1,1,0,0,0,0,0,0,0,0,0,16
120141,1,1,15,15,15,15,15,15,15,15,15,15
120142,0,1,15,15,15,15,15,15,15,15,15,15
120142,1,1,0,0,0,0,0,0,0,0,0,0
120143,0,1,0,0,0,0,0,0,0,0,0,0
120143,1,1,0,0,0,0,0,0,0,0,0,0
120144,1,1,10,10,10,10,10,10,10,10,10,10
120144,2,1,0,0,0,0,0,0,0,0,0,0
120145,1,1,12,0,0,0,0,0,0,0,23,0
120145,2,1,0,0,0,0,0,0,0,0,0,0
120146,1,1,0,0,0,0,0,0,0,0,0,0
120146,2,1,0,0,0,0,0,0,0,0,0,0
120147,0,1,0,0,0,0,0,0,0,0,0,0
120147,1,1,14,14,14,14,14,14,14,14,14,14
120148,1,1,13,13,13,13,13,13,13,13,13,13
120149,1,1,0,0,0,0,0,0,0,0,0,22
120150,1,1,0,0,0,0,0,0,0,0,0,0
120151,1,1,20,20,20,20,20,20,20,20,20,20
120152,0,1,11,11,11,11,11,11,11,11,11,11
120152,1,1,0,0,0,0,0,0,0,0,0,0
120153,0,1,0,0,0,0,0,0,0,0,0,0
120153,1,1,0,0,0,0,0,0,0,0,0,0
120154,1,1,11,11,11,11,11,11,11,11,11,11
120155,1,1,22,0,35,0,0,0,0,25,0,0
120156,1,1,0,0,0,0,0,0,0,0,0,0
120156,2,1,0,0,0,0,0,0,0,0,0,0
120157,1,1,0,0,0,0,0,0,0,0,0,0
120157,2,1,0,0,0,0,0,0,0,0,0,0
120158,1,1,0,0,0,0,16,0,0,0,0,0
120158,2,1,0,0,0,0,0,0,0,0,0,0
120158,3,1,0,0,0,0,0,0,0,0,0,0
120159,1,1,0,0,0,0,0,0,0,0,0,0
120160,0,1,29,29,29,29,29,29,29,29,29,29
120160,1,1,0,0,0,0,0,0,0,0,0,0
120160,2,1,0,0,0,0,0,0,0,25,0,0
120161,1,1,0,0,0,0,0,0,0,0,0,0
120161,2,1,0,0,0,0,0,0,0,0,0,0
120162,1,1,0,0,0,0,0,0,0,0,0,0
120162,2,1,0,0,0,0,0,0,0,0,0,0
120163,1,1,0,0,0,0,0,0,0,0,0,0
120164,1,1,0,0,0,0,0,0,0,0,0,0
120164,2,1,8,0,0,0,0,0,0,15,0,0
120165,1,1,15,15,15,15,15,15,15,15,15,15
120165,2,1,0,0,0,0,0,0,0,0,0,0
120166,1,1,0,31,0,0,0,0,0,0,0,0
120166,2,1,0,0,0,0,0,0,0,0,0,0
120167,1,1,0,0,0,0,0,0,0,0,0,0
120168,0,1,0,0,0,0,0,0,0,0,0,0
120168,1,1,0,0,0,0,0,0,0,0,0,0
120170,1,1,0,0,0,0,0,0,0,0,0,0
120170,2,1,0,0,0,0,0,0,0,0,0,0
120171,1,1,7,7,7,7,7,7,7,7,7,7
120171,2,1,0,0,0,0,0,0,0,0,0,0
120172,1,1,28,28,28,28,28,28,28,28,28,28
120173,1,1,0,0,0,0,0,0,0,0,0,0
120173,2,1,0,0,0,0,0,0,0,0,0,0
120174,1,1,0,0,0,0,0,0,0,0,0,0
120174,2,1,0,0,0,0,0,0,0,0,0,0
120175,1,1,0,0,0,0,0,0,0,0,0,0
120175,2,1,0,0,0,0,0,0,0,0,0,0
120176,1,1,0,0,0,0,0,0,0,0,0,0
120176,2,1,0,0,0,0,0,0,0,0,0,0
120177,1,1,0,40,0,23,10,0,0,27,0,0
120179,1,1,23,23,23,23,23,23,23,23,23,23
120180,1,1,0,0,0,0,0,0,0,0,0,0
120180,2,1,0,0,0,0,0,0,0,0,0,0
120181,1,1,0,0,0,0,0,0,0,0,0,0
120181,2,1,0,0,0,0,0,0,0,0,0,0
120181,3,1,0,0,0,0,0,0,0,0,0,0
120182,0,1,0,0,0,0,0,0,0,0,0,0
120182,1,1,0,0,0,0,0,0,0,0,0,0
120183,0,1,0,0,0,0,0,0,0,0,0,0
120183,1,1,0,0,0,0,0,0,0,0,0,0
120184,0,1,25,25,25,25,25,25,25,25,25,25
120184,1,1,0,0,0,0,0,0,0,0,0,0
120185,1,1,20,20,20,20,20,20,20,20,20,20
120186,0,1,31,31,31,31,31,31,31,31,31,31
120186,1,1,0,0,0,0,0,0,0,0,0,0
120187,1,1,16,16,16,16,16,16,16,16,16,16
120187,2,1,0,0,0,0,0,0,0,0,0,0
120187,3,1,0,0,0,0,0,0,0,0,0,0
120188,1,1,9,0,20,0,0,14,29,0,0,26
120189,1,1,8,8,8,8,8,8,8,8,8,8
120189,2,1,0,0,0,0,0,0,0,0,0,0
120190,1,1,0,0,0,0,0,0,0,0,0,0
120190,2,1,0,0,0,0,0,0,0,0,0,0
120191,0,1,0,0,0,0,0,0,0,0,0,0
120191,1,1,0,0,0,0,0,0,0,0,0,0
120192,1,1,0,0,0,0,0,0,0,0,0,0
120192,2,1,0,0,0,0,0,0,0,0,0,0
120193,1,1,0,0,0,0,0,5,0,0,0,0
120194,0,1,25,25,25,25,25,25,25,25,25,25
120194,1,1,0,0,0,0,0,0,0,0,0,0
120195,0,1,0,0,0,0,0,0,0,0,0,0
120195,1,1,12,12,12,12,12,12,12,12,12,12
120195,2,1,0,0,23,0,0,0,0,0,14,0
120196,1,1,0,0,0,0,0,0,0,0,0,0
120196,2,1,0,0,0,0,0,0,0,0,0,0
120197,1,1,22,22,22,22,22,22,22,22,22,22
120198,1,1,7,7,7,7,7,7,7,7,7,7
120199,0,1,32,32,32,32,32,32,32,32,32,32
120199,1,1,0,0,0,0,0,0,0,0,0,0
120200,1,1,0,0,0,0,0,0,0,0,0,0
120200,2,1,0,0,0,0,0,0,0,0,0,0
120200,3,1,0,0,0,0,2,0,0,0,0,0
120201,1,1,0,0,0,0,0,0,0,0,0,0
120201,2,1,0,0,0,0,0,0,0,0,0,0
120202,1,1,18,18,18,18,18,18,18,18,18,18
120203,1,1,0,0,0,0,0,0,0,0,0,0
120204,1,1,0,0,0,0,0,0,0,0,0,0
120205,1,1,0,0,0,0,0,0,0,0,0,0
120206,0,1,0,23,34,0,0,0,0,0,0,4
120206,1,1,0,0,0,0,0,0,0,0,0,0
120207,0,1,14,19,0,18,0,0,0,15,0,13
120207,1,1,0,0,14,0,0,10,0,0,0,0
120208,1,1,0,0,0,0,0,0,0,0,0,0
120208,2,1,0,0,0,0,0,0,0,0,0,0
120209,1,1,0,0,0,0,0,0,0,0,0,0
120210,1,1,0,0,0,0,0,0,0,0,0,0
120211,1,1,2,2,2,2,2,2,2,2,2,2
120211,2,1,0,0,0,0,0,0,0,0,0,0
120212,1,1,0,0,0,0,0,0,0,0,0,0
120213,1,1,0,0,0,0,0,0,0,0,0,0
120213,2,1,0,0,0,0,0,0,0,0,0,0
120214,1,1,16,16,16,16,16,16,16,16,16,16
120214,2,1,0,0,0,4,0,0,0,0,0,0
120215,0,1,11,11,11,11,11,11,11,11,11,11
120215,1,1,0,0,0,0,0,0,14,0,0,0
120216,1,1,0,0,0,0,0,0,0,0,0,0
120217,1,1,0,0,0,0,0,0,0,0,0,0
120217,2,1,0,0,0,0,0,0,0,0,0,0
120218,1,1,0,0,0,0,0,5,41,0,0,0
120218,2,1,0,0,0,0,0,0,0,0,0,0
120219,1,1,0,0,0,0,0,0,0,0,0,0
120220,1,1,23,0,0,6,0,0,0,0,0,0
120220,2,1,0,0,0,15,0,0,0,0,0,0
120221,1,1,15,15,15,15,15,15,15,15,15,15
120221,2,1,0,0,0,0,0,0,0,0,0,10
120222,1,1,0,0,0,0,0,0,0,0,0,0
120223,1,1,27,27,27,27,27,27,27,27,27,27
120224,0,1,31,31,31,31,31,31,31,31,31,31
120224,1,1,0,0,0,0,0,0,0,0,0,0
120224,2,1,0,0,0,0,0,0,0,0,0,0
120224,3,1,0,0,0,0,0,0,0,0,0,0
120224,4,1,0,0,0,0,0,0,0,0,0,0
120224,5,1,0,0,0,0,0,0,0,0,0,0
120225,1,1,11,11,11,11,11,11,11,11,11,11
120226,1,1,0,0,0,0,0,0,0,0,0,0
120227,1,1,0,0,0,0,0,0,0,0,0,0
120227,2,1,0,0,0,0,0,0,0,0,0,0
120228,0,1,14,13,0,17,0,0,11,22,0,0
120228,1,1,0,0,0,0,0,0,0,0,0,0
120229,1,1,0,0,0,0,0,0,0,0,0,0
120230,1,1,10,10,10,10,10,10,10,10,10,10
120231,1,1,0,0,0,0,0,0,0,0,0,0
120231,2,1,21,21,21,21,21,21,21,21,21,21
120232,0,1,9,9,9,9,9,9,9,9,9,9
120232,1,1,0,0,0,0,0,0,0,0,0,0
120233,1,1,18,18,18,18,18,18,18,18,18,18
120235,1,1,27,27,27,27,27,27,27,27,27,27
120235,2,1,0,0,0,0,0,0,0,0,0,0
120236,1,1,0,0,0,0,0,0,0,0,0,0
120236,2,1,0,0,0,0,0,0,0,0,0,0
120236,3,1,0,0,0,0,0,0,0,0,0,0
120237,1,1,0,0,0,0,0,0,0,0,0,0
120237,2,1,0,0,0,0,0,0,0,0,0,0
120238,1,1,11,11,11,11,11,11,11,11,11,11
120238,2,1,0,30,0,0,0,0,0,0,0,0
120239,1,1,0,0,0,0,0,0,0,0,0,0
120239,2,1,0,0,0,0,0,0,0,0,0,0
120240,1,1,21,21,21,21,21,21,21,21,21,21
120240,2,1,0,0,0,0,0,0,0,0,0,0
120241,1,1,0,0,0,0,0,0,0,0,0,0
120242,1,1,0,0,0,0,0,0,0,0,0,0
120242,2,1,0,0,0,0,0,0,0,0,0,0
120243,1,1,0,0,0,0,0,0,0,0,0,0
120243,2,1,0,0,0,0,0,0,0,0,0,0
120244,1,1,0,0,0,0,0,0,0,0,0,0
120244,2,1,28,0,0,0,0,0,0,0,0,0
120245,1,1,41,41,41,41,41,41,41,41,41,41
120246,1,1,2,2,2,2,2,2,2,2,2,2
120246,2,1,0,0,0,0,0,0,0,0,0,0
120247,1,1,26,26,26,26,26,26,26,26,26,26
120248,0,1,35,35,35,35,35,35,35,35,35,35
120248,1,1,0,0,0,0,0,0,0,0,0,0
120249,0,1,0,0,0,0,0,0,0,0,0,0
120249,1,1,0,0,0,0,0,0,0,0,0,0
120250,1,1,0,0,0,0,0,0,0,0,0,0
120251,1,1,0,0,0,12,0,0,0,0,0,0
120251,2,1,0,0,0,0,0,0,0,0,0,0
120252,1,1,15,15,15,15,15,15,15,15,15,15
120253,0,1,0,0,0,0,0,0,0,0,0,0
120253,1,1,0,10,0,0,0,28,37,13,0,0
120254,0,1,0,0,0,0,0,3,0,0,0,0
120254,1,1,0,0,0,0,0,0,0,0,0,0
120255,1,1,0,0,0,0,0,0,0,0,0,0
120256,1,1,17,17,17,17,17,17,17,17,17,17
120257,0,1,0,0,0,0,0,0,0,6,0,0
120257,1,1,0,0,0,0,0,0,19,0,0,0
120258,1,1,29,29,29,29,29,29,29,29,29,29
120259,1,1,0,0,0,0,0,0,0,0,0,0
120260,1,1,0,0,0,0,0,0,0,0,0,0
120260,2,1,0,0,0,0,0,0,0,0,0,0
120261,1,1,0,0,0,0,8,0,0,0,0,0
120262,1,1,1,1,1,1,1,1,1,1,1,1
120262,2,1,0,0,0,0,0,0,0,0,0,0
120263,1,1,0,0,0,0,0,0,0,0,0,0
120264,1,1,0,0,0,0,0,0,0,0,0,0
120264,2,1,0,0,0,0,0,0,0,0,0,0
120264,3,1,0,0,8,0,0,0,0,0,0,0
120265,1,1,0,0,0,0,0,0,0,0,0,0
120266,0,1,0,0,0,0,0,0,0,0,0,0
120266,1,1,2,2,2,2,2,2,2,2,2,2
120267,0,1,26,26,26,26,26,26,26,26,26,26
120267,1,1,0,0,0,14,0,0,0,0,0,0
120267,2,1,0,0,0,0,0,0,0,0,0,0
120268,0,1,0,0,0,0,0,0,0,0,0,0
120268,0,2,15,15,9,0,17,0,0,22,9,0
120268,0,3,11,0,0,0,0,0,16,0,0,0
120268,1,1,3,3,3,3,3,3,3,3,3,3
120268,2,1,0,0,0,21,0,0,0,0,0,0
120269,0,1,0,0,0,0,0,0,0,0,0,0
120269,1,1,0,0,0,0,0,0,0,0,0,0
120270,1,1,26,4,33,27,23,22,23,6,17,12
120272,1,1,0,0,0,0,0,0,0,0,0,0
120272,2,1,0,0,0,0,0,0,0,0,0,0
120273,1,1,0,0,0,19,0,0,0,0,0,0
120273,2,1,0,0,0,0,0,0,0,0,0,0
120274,0,1,0,0,0,0,0,0,0,0,0,0
120274,1,1,0,0,0,0,0,0,0,0,0,0
120275,1,1,0,0,0,0,0,0,0,0,0,0
120276,1,1,21,21,21,21,21,21,21,21,21,21
120276,2,1,0,0,0,0,0,0,16,0,6,0
120277,0,1,0,0,20,0,0,0,0,0,0,18
120277,0,2,22,0,0,39,24,0,0,0,0,26
120277,0,3,0,0,0,22,0,0,0,0,0,0
120277,0,4,0,29,37,22,0,0,0,0,0,0
120277,0,5,0,17,0,0,0,0,0,4,0,0
120277,1,1,13,13,13,13,13,13,13,13,13,13
120278,1,1,16,16,16,16,16,16,16,16,16,16
120278,2,1,0,0,0,0,0,0,0,0,0,0
120278,3,1,0,0,0,0,0,0,0,0,0,0
120279,0,1,34,34,34,34,34,34,34,34,34,34
120279,1,1,0,16,0,0,0,0,21,0,0,9
120280,1,1,0,0,0,0,0,0,0,0,0,0
120280,2,1,0,0,0,0,0,0,0,0,0,0
120281,1,1,8,8,8,8,8,8,8,8,8,8
120281,2,1,0,0,0,0,0,0,0,0,0,0
120282,1,1,0,0,0,0,0,0,0,0,0,0
120282,2,1,0,0,0,0,0,0,0,0,0,0
120283,0,1,0,0,0,0,0,0,0,0,0,0
120283,1,1,0,0,0,0,0,0,0,0,0,0
120284,1,1,1,1,1,1,1,1,1,1,1,1
120285,0,1,0,0,0,0,0,0,0,0,0,0
120285,1,1,10,10,10,10,10,10,10,10,10,10
120286,0,1,12,12,12,12,12,12,12,12,12,12
120286,1,1,0,0,0,0,0,0,0,0,12,0
120287,1,1,0,0,0,0,0,0,0,0,0,0
120289,0,1,0,0,0,0,0,0,0,0,0,0
120289,1,1,0,0,0,0,0,0,0,0,0,0
120290,1,1,15,15,15,15,15,15,15,15,15,15
120291,1,1,0,0,0,0,0,0,0,0,0,0
120292,1,1,0,0,0,0,0,0,0,0,0,0
120292,2,1,0,0,0,0,0,0,0,0,0,0
120294,1,1,0,0,0,0,0,0,0,0,0,0
120294,2,1,0,0,0,0,0,0,0,0,0,0
120295,0,1,30,30,30,30,30,30,30,30,30,30
120295,1,1,28,0,0,0,0,0,32,0,0,23
120296,1,1,0,0,0,0,0,0,0,0,0,0
120296,2,1,0,0,0,0,0,0,0,0,0,0
120297,1,1,2,2,2,2,2,2,2,2,2,2
120299,1,1,0,0,0,0,0,0,0,0,0,0
120299,2,1,6,6,6,6,6,6,6,6,6,6
120300,1,1,22,22,22,22,22,22,22,22,22,22
120300,2,1,0,0,27,0,0,0,0,0,0,0
120301,1,1,0,0,0,0,0,0,0,0,0,0
120301,2,1,0,0,0,0,0,0,0,0,0,0
120302,1,1,0,0,0,0,0,0,0,0,0,0
120302,2,1,0,0,0,0,0,0,0,0,0,0
120304,1,1,25,0,0,0,0,0,0,0,0,0
120304,2,1,0,0,36,0,0,0,0,0,0,0
120305,1,1,0,0,0,0,0,0,0,0,0,0
120305,2,1,0,0,0,0,0,0,0,0,0,0
120306,1,1,0,0,0,0,0,0,0,0,0,0
120306,2,1,0,0,0,0,0,0,0,2,0,0
120307,1,1,12,0,0,0,0,0,0,0,0,0
120307,2,1,0,0,0,0,0,0,0,0,0,0
120308,0,1,0,6,25,0,0,0,0,12,26,0
120308,1,1,0,0,0,0,0,0,0,0,0,0
120309,1,1,0,0,0,0,0,0,0,0,0,0
120310,0,1,2,2,2,2,2,2,2,2,2,2
120310,1,1,0,0,0,0,0,0,0,0,0,12
120311,1,1,0,0,0,0,0,0,0,0,0,0
120312,1,1,15,15,15,15,15,15,15,15,15,15
120314,1,1,5,5,5,5,5,5,5,5,5,5
120315,0,1,28,28,28,28,28,28,28,28,28,28
120315,1,1,10,10,10,10,10,10,10,10,10,10
120315,2,1,0,0,0,0,0,0,0,20,15,0
120316,0,1,0,0,26,17,0,0,20,33,0,0
120316,1,1,0,0,0,0,0,0,10,0,0,0
120317,1,1,16,16,16,16,16,16,16,16,16,16
120318,1,1,0,0,0,0,0,0,11,0,0,0
120319,1,1,21,9,29,22,22,20,23,16,0,33
120319,2,1,0,0,0,0,0,0,0,0,4,0
120320,1,1,10,10,10,10,10,10,10,10,10,10
120320,2,1,0,0,0,0,0,0,0,0,0,0
120321,1,1,0,0,0,0,0,0,15,0,0,0
120321,2,1,0,0,0,0,0,0,0,0,0,0
120322,1,1,0,0,0,0,0,0,0,0,0,0
120322,2,1,0,0,0,0,0,0,0,0,0,0
120323,1,1,0,0,0,0,0,0,0,0,0,0
120324,0,1,16,16,16,16,16,16,16,16,16,16
120324,1,1,0,0,0,0,0,0,0,0,0,0
120325,1,1,22,22,22,22,22,22,22,22,22,22
120326,0,1,0,0,0,0,0,0,0,0,0,0
120326,1,1,0,0,0,0,0,0,0,0,0,0
120327,0,1,0,0,0,0,0,0,0,0,0,0
120327,1,1,0,0,0,0,0,0,0,0,0,0
120328,1,1,0,0,0,0,0,0,0,0,0,0