ST_CASE,VEH_NO,PER_NO,P1,P2,P3,P4,P5,P6,P7,P8,P9,P10
120328,2,1,0,0,0,0,4,0,0,0,0,0
120329,1,1,0,0,0,0,0,0,0,0,0,0
120329,2,1,0,0,0,0,0,0,0,0,0,0
120330,1,1,0,7,0,0,0,0,0,0,0,0
120330,2,1,0,0,0,0,0,0,0,0,0,0
120331,1,1,0,0,0,0,0,0,0,0,0,0
120331,2,1,0,0,0,22,0,0,0,0,0,0
120331,3,1,0,0,0,0,0,0,0,0,0,0
120332,0,1,21,21,21,21,21,21,21,21,21,21
120332,1,1,0,0,0,0,0,0,0,0,0,0
120333,1,1,0,0,0,0,0,0,0,0,0,0
120333,2,1,0,0,0,0,0,0,0,0,0,0
120334,1,1,0,0,0,0,0,0,0,0,0,0
120334,2,1,0,0,0,0,0,0,0,0,0,0
120336,0,1,14,14,14,14,14,14,14,14,14,14
120336,1,1,0,0,0,0,0,0,0,0,0,0
120337,1,1,23,23,23,23,23,23,23,23,23,23
120337,2,1,0,0,0,0,0,0,0,0,0,0
120338,0,1,0,0,0,0,0,0,0,0,0,0
120338,1,1,0,0,0,0,0,0,0,0,0,0
120339,1,1,20,5,12,0,0,0,0,0,12,13
120339,2,1,0,0,0,0,10,0,0,0,0,0
120340,1,1,0,0,0,0,0,0,0,0,0,0
120341,0,1,12,12,12,12,12,12,12,12,12,12
120341,1,1,0,0,0,0,0,0,0,0,0,0
120342,1,1,0,0,0,0,0,0,0,0,0,0
120343,0,1,14,14,14,14,14,14,14,14,14,14
120343,1,1,0,0,0,0,0,0,0,0,0,0
120344,1,1,0,0,0,0,0,0,0,0,0,0
120345,1,1,0,0,0,0,0,0,0,0,0,0
120345,2,1,0,0,0,0,0,0,0,0,0,0
120346,1,1,0,0,0,0,0,0,0,0,0,0
120347,1,1,15,15,15,15,15,15,15,15,15,15
120348,1,1,36,36,36,36,36,36,36,36,36,36
120348,2,1,0,0,0,0,0,0,0,0,0,5
120349,1,1,0,0,0,0,0,0,0,0,0,0
120350,1,1,19,19,19,19,19,19,19,19,19,19
120351,1,1,29,29,29,29,29,29,29,29,29,29
120351,2,1,3,0,0,0,3,0,0,0,0,2
120352,0,1,26,26,26,26,26,26,26,26,26,26
120352,1,1,0,0,0,0,0,0,0,0,0,17
120353,1,1,18,20,2,0,0,0,18,3,0,21
120354,1,1,0,0,0,0,0,0,0,0,0,0
120354,2,1,0,0,0,0,0,0,0,0,0,0
120355,1,1,23,25,8,11,19,0,8,23,0,0
120356,1,1,0,0,0,0,0,0,0,0,0,0
120356,2,1,0,0,0,0,0,0,0,0,0,0
120357,1,1,0,0,0,0,0,13,42,0,0,0
120358,1,1,0,0,0,0,0,0,0,0,0,0
120358,2,1,0,0,0,0,0,0,0,0,0,0
120359,0,1,0,0,0,0,0,0,15,21,0,0
120359,1,1,14,12,24,2,28,0,9,15,0,0
120360,1,1,13,13,13,13,13,13,13,13,13,13
120360,2,1,0,0,0,0,0,0,0,0,0,0
120361,1,1,0,0,0,0,0,0,0,0,0,0
120361,2,1,0,0,0,0,0,0,0,0,0,0
120362,1,1,0,0,0,0,0,0,0,0,0,0
120362,2,1,0,0,0,0,0,0,0,0,0,0
120363,1,1,0,0,0,0,0,0,0,0,0,0
120363,2,1,0,0,0,0,0,0,0,0,0,0
120364,1,1,0,0,0,0,17,0,0,0,0,9
120364,2,1,0,0,0,0,0,0,0,0,0,0
120364,3,1,0,0,0,0,0,0,0,0,0,0
120365,1,1,6,6,6,6,6,6,6,6,6,6
120366,1,1,0,0,0,0,0,0,0,0,0,0
120366,2,1,17,17,17,17,17,17,17,17,17,17
120366,3,1,0,0,0,0,10,0,0,0,0,0
120367,1,1,0,0,0,0,0,0,0,0,0,0
120368,1,1,0,0,0,0,0,0,0,0,0,0
120368,2,1,0,0,0,0,0,0,0,0,0,0
120369,1,1,0,0,0,0,0,0,0,0,0,0
120369,2,1,14,14,14,14,14,14,14,14,14,14
120370,1,1,0,0,0,0,0,0,0,0,0,0
120370,2,1,0,0,0,0,0,0,0,0,0,0
120371,0,1,20,20,20,20,20,20,20,20,20,20
120371,1,1,0,0,0,0,0,0,0,0,16,4
120372,0,1,0,0,0,0,0,0,0,0,0,0
120372,1,1,0,0,0,0,0,0,0,0,0,0
120373,1,1,5,5,5,5,5,5,5,5,5,5
120374,1,1,24,24,24,24,24,24,24,24,24,24
120375,1,1,0,0,0,0,0,0,0,0,0,0
120375,2,1,0,0,0,0,0,0,0,0,0,0
120376,1,1,0,0,0,0,0,0,0,0,0,0
120376,2,1,0,0,0,0,0,0,0,0,0,0
120377,1,1,0,0,0,0,2,0,0,0,28,0
120377,2,1,0,0,0,0,0,0,0,0,0,0
120378,1,1,0,0,0,0,0,0,0,0,0,0
120378,2,1,0,0,0,0,0,0,0,0,0,0
120379,1,1,0,0,0,0,0,0,0,0,0,0
120379,2,1,0,0,0,0,0,0,0,0,0,0
120380,1,1,0,0,0,0,0,0,0,0,0,0
120380,2,1,0,0,0,0,0,0,0,0,0,0
120380,3,1,0,0,0,0,0,0,0,0,0,0
120381,1,1,9,9,9,9,9,9,9,9,9,9
120381,2,1,15,0,16,6,13,0,0,0,15,2
120382,1,1,10,10,10,10,10,10,10,10,10,10
120383,0,1,0,0,0,0,0,0,0,0,0,0
120383,1,1,0,0,0,0,0,0,0,0,7,0
120384,0,1,32,32,32,32,32,32,32,32,32,32
120384,1,1,0,0,0,0,0,0,0,0,0,0
120385,1,1,0,0,0,0,0,0,0,0,0,0
120385,2,1,0,0,0,0,0,0,0,0,0,0
120386,1,1,0,0,0,0,0,0,0,0,0,0
120386,2,1,0,0,0,0,0,0,0,0,0,0
120387,0,1,13,13,13,13,13,13,13,13,13,13
120387,1,1,0,7,0,0,0,0,0,0,0,0
120390,1,1,24,24,24,24,24,24,24,24,24,24
120391,1,1,0,0,0,0,0,0,0,0,0,0
120391,2,1,0,0,0,0,0,0,0,0,0,0
120392,1,1,14,14,14,14,14,14,14,14,14,14
120393,1,1,0,0,0,0,0,0,0,0,0,0
120394,1,1,21,21,21,21,21,21,21,21,21,21
120395,1,1,0,0,0,0,0,0,0,0,0,0
120396,1,1,24,24,24,24,24,24,24,24,24,24
120396,2,1,39,0,13,0,0,0,0,31,0,9
120397,1,1,8,8,10,16,19,11,6,9,20,20
120397,2,1,13,0,0,16,0,0,17,6,0,0
120398,1,1,0,0,0,0,0,0,0,0,0,0
120398,2,1,0,0,0,0,0,0,0,0,0,0
120399,0,1,0,0,0,0,0,0,0,0,0,0
120399,1,1,0,0,0,0,0,0,0,0,0,0
120400,1,1,0,6,0,0,0,0,0,0,0,0
120400,2,1,0,0,0,0,0,0,0,0,0,0
120401,0,1,0,0,0,0,0,0,0,0,0,0
120401,1,1,0,0,0,0,10,0,0,0,0,0
120402,1,1,0,0,0,0,0,16,0,0,0,0
120402,2,1,0,0,0,0,0,18,0,0,0,0
120403,1,1,0,0,0,0,0,0,0,0,0,0
120403,2,1,6,6,6,6,6,6,6,6,6,6
120404,1,1,1,1,1,1,1,1,1,1,1,1
120404,2,1,1,1,1,1,1,1,1,1,1,1
120405,1,1,0,0,0,0,0,0,0,0,0,0
120405,2,1,15,15,15,15,15,15,15,15,15,15
120406,1,1,28,28,28,28,28,28,28,28,28,28
120407,1,1,21,21,21,21,21,21,21,21,21,21
120408,1,1,0,0,0,0,0,0,0,0,0,0
120408,2,1,0,0,13,21,0,14,0,0,0,0
120409,0,1,0,0,0,0,0,0,0,0,0,0
120409,1,1,0,0,0,0,0,0,0,0,0,0
120410,0,1,20,20,20,20,20,20,20,20,20,20
120410,1,1,0,0,0,0,0,0,0,0,0,0
120411,1,1,0,0,0,0,0,0,0,0,0,0
120411,2,1,0,0,0,0,0,0,0,0,0,0
120412,0,1,0,0,0,0,0,0,0,0,0,0
120412,1,1,0,0,0,0,0,0,0,0,0,0
120413,1,1,0,0,0,0,0,0,0,0,0,0
120415,0,1,0,0,0,0,0,0,0,0,0,0
120415,1,1,1,1,1,1,1,1,1,1,1,1
120416,0,1,0,0,0,0,0,0,0,0,0,0
120416,1,1,0,0,0,0,0,0,0,0,0,0
120417,0,1,0,0,0,0,0,0,0,0,0,0
120417,0,2,0,0,0,0,0,0,0,0,0,0
120417,0,3,0,0,0,0,0,0,0,0,0,0
120417,0,4,0,0,0,0,0,0,0,0,0,0
120417,1,1,0,0,0,0,0,0,0,14,0,0
120417,2,1,0,0,0,0,0,0,0,0,0,0
120418,1,1,21,21,21,21,21,21,21,21,21,21
120419,1,1,13,13,13,13,13,13,13,13,13,13
120420,1,1,2,2,2,2,2,2,2,2,2,2
120420,2,1,0,0,0,0,0,0,0,0,0,0
120421,1,1,17,0,0,0,0,0,0,0,0,0
120421,2,1,0,0,0,0,0,0,0,0,0,0
120423,1,1,24,24,24,24,24,24,24,24,24,24
120424,1,1,18,18,18,18,18,18,18,18,18,18
120425,0,1,0,0,0,0,0,0,0,0,0,0
120425,1,1,0,0,0,0,0,0,0,0,0,0
120426,0,1,31,27,21,16,29,32,14,22,28,34
120426,1,1,0,0,0,0,0,0,0,0,0,0
120427,1,1,0,0,0,0,0,0,0,0,0,0
120427,2,1,0,0,0,0,0,0,0,0,0,0
120428,1,1,14,0,7,0,0,0,0,7,0,0
120429,1,1,18,18,18,18,18,18,18,18,18,18
120429,2,1,0,0,0,0,0,0,0,26,0,0
120429,3,1,0,0,0,0,0,0,0,0,0,0
120429,4,1,0,0,0,0,3,0,0,0,0,0
120429,5,1,0,23,15,0,0,0,0,0,10,0
120430,1,1,16,16,16,16,16,16,16,16,16,16
120431,1,1,0,0,0,0,0,0,0,0,0,0
120431,2,1,0,0,0,0,0,0,0,0,0,0
120432,1,1,0,0,0,0,0,0,0,0,0,0
120432,2,1,16,16,16,16,16,16,16,16,16,16
120433,0,1,0,0,0,0,0,0,0,0,0,0
120433,1,1,0,0,0,0,0,0,0,0,0,0
120433,2,1,0,0,0,0,0,0,0,0,0,0
120433,3,1,0,0,0,0,0,0,0,0,0,0
120434,1,1,25,14,14,7,16,2,8,11,19,10
120435,1,1,4,14,17,2,11,12,13,0,20,18
120436,0,1,0,0,0,0,0,0,0,0,0,0
120436,1,1,0,0,36,0,0,0,0,0,0,0
120437,1,1,0,0,21,0,17,0,6,0,0,0
120438,1,1,25,0,17,7,0,0,0,27,27,5
120438,2,1,9,9,9,9,9,9,9,9,9,9
120439,1,1,22,22,22,22,22,22,22,22,22,22
120440,1,1,0,0,0,0,0,0,0,0,0,0
120441,0,1,0,0,0,0,0,0,0,0,0,0
120441,1,1,0,0,0,0,0,0,0,0,0,0
120442,1,1,0,0,11,0,0,0,0,0,0,0
120442,2,1,0,0,0,0,0,0,0,0,0,0
120443,0,1,0,17,14,22,13,14,0,0,0,0
120443,1,1,0,0,0,0,0,0,0,0,0,0
120444,0,1,0,14,0,29,0,0,0,0,0,0
120444,1,1,0,0,0,6,17,0,0,23,0,0
120446,0,1,0,0,0,0,0,0,0,0,0,0
120446,1,1,0,0,0,0,0,0,0,0,0,0
120448,1,1,0,0,0,0,0,0,0,0,0,0
120448,2,1,0,0,0,0,0,0,0,0,0,0
120449,1,1,27,27,27,27,27,27,27,27,27,27
120449,2,1,0,0,0,0,0,0,0,0,0,0
120451,1,1,17,17,17,17,17,17,17,17,17,17
120452,1,1,0,0,0,0,0,0,0,0,0,0
120453,1,1,0,0,0,0,0,0,0,0,0,0
120453,2,1,0,0,0,0,0,0,0,0,0,0
120454,0,1,0,0,0,0,0,0,0,0,0,0
120454,1,1,0,0,0,0,0,0,0,0,0,0
120454,2,1,0,0,0,0,0,0,0,0,0,0
120454,3,1,0,0,0,0,0,0,0,0,0,0
120455,1,1,6,6,6,6,6,6,6,6,6,6
120455,2,1,0,0,0,0,0,0,0,0,0,0
120456,1,1,17,17,17,17,17,17,17,17,17,17
120457,1,1,14,14,14,14,14,14,14,14,14,14
120457,2,1,14,14,14,14,14,14,14,14,14,14
120458,0,1,31,31,31,31,31,31,31,31,31,31
120458,1,1,0,0,0,0,0,0,0,0,0,0
120459,1,1,0,0,0,0,0,0,0,0,0,0
120459,2,1,23,23,23,23,23,23,23,23,23,23
120460,1,1,0,0,0,0,0,0,0,0,0,0
120461,0,1,0,0,0,0,0,0,0,0,0,0
120461,1,1,0,12,11,0,0,0,0,0,0,0
120462,1,1,0,0,0,0,0,0,0,0,0,0
120462,2,1,12,12,12,12,12,12,12,12,12,12
120462,3,1,0,0,0,0,0,0,0,0,0,0
120462,4,1,18,18,18,18,18,18,18,18,18,18
120463,1,1,0,0,0,0,0,0,0,0,0,0
120463,2,1,0,0,0,0,0,0,0,0,0,0
120463,3,1,0,0,0,0,0,0,0,0,0,0
120464,0,1,0,0,0,16,0,0,22,0,0,0
120464,1,1,21,0,0,0,0,0,0,0,0,0
120465,1,1,29,29,29,29,29,29,29,29,29,29
120466,1,1,0,0,0,0,0,0,0,0,0,0
120467,0,1,0,0,0,0,0,0,0,0,0,0
120467,1,1,0,0,0,0,0,0,0,0,0,0
120468,1,1,4,4,4,4,4,4,4,4,4,4
120469,0,1,0,0,0,0,0,0,0,0,0,0
120469,1,1,0,0,0,0,0,0,0,0,0,0
120470,1,1,0,0,0,0,0,0,0,0,0,0
120470,2,1,0,0,0,0,0,0,0,0,0,0
120471,1,1,0,0,0,0,0,0,0,0,0,0
120471,2,1,0,0,0,0,0,0,0,0,0,0
120472,1,1,0,0,0,0,0,0,0,0,0,0
120472,2,1,0,0,0,0,0,0,0,0,0,0
120473,1,1,0,0,0,0,0,0,0,0,0,7
120473,2,1,0,0,0,0,0,0,0,0,0,0
120473,3,1,0,0,0,0,0,0,0,0,0,0
120474,0,1,0,0,0,0,0,0,0,0,0,0
120474,1,1,0,0,0,0,0,0,0,0,0,0
120475,1,1,0,0,13,0,0,0,0,0,0,0
120475,2,1,5,5,5,5,5,5,5,5,5,5
120476,1,1,0,0,0,0,0,0,0,0,0,0
120477,1,1,0,0,0,0,0,0,0,0,0,0
120477,2,1,0,0,0,0,0,0,0,0,0,0
120478,0,1,0,33,11,0,3,25,0,9,0,13
120478,1,1,0,0,0,0,0,0,0,0,0,0
120479,0,1,32,10,0,0,0,0,10,0,0,4
120479,1,1,0,0,0,0,0,0,0,0,0,0
120480,1,1,0,0,19,0,7,0,0,0,0,0
120480,2,1,0,0,0,0,0,0,0,0,0,0
120481,1,1,0,0,0,11,0,0,0,0,0,0
120481,2,1,0,0,0,0,0,0,0,0,0,0
120482,1,1,30,30,30,30,30,30,30,30,30,30
120483,1,1,0,0,0,0,0,0,0,0,0,0
120484,1,1,0,0,0,0,0,0,0,0,0,0
120484,2,1,0,0,0,0,0,0,0,0,0,0
120485,1,1,22,22,22,22,22,22,22,22,22,22
120486,1,1,0,0,0,0,0,0,0,0,0,0
120486,2,1,0,0,0,0,0,0,0,0,0,0
120487,1,1,12,12,12,12,12,12,12,12,12,12
120488,1,1,0,0,0,0,0,0,0,0,0,0
120488,2,1,5,5,5,5,5,5,5,5,5,5
120489,0,1,17,17,17,17,17,17,17,17,17,17
120489,1,1,21,0,0,0,0,0,0,0,0,0
120490,1,1,0,16,16,26,13,19,0,20,7,0
120491,1,1,0,0,0,0,0,0,0,0,0,0
120491,2,1,0,0,0,0,0,0,0,0,0,0
120491,3,1,0,0,0,0,0,0,0,0,0,0
120491,4,1,0,0,0,0,0,0,0,0,0,0
120491,5,1,0,0,0,0,0,0,0,0,0,0
120492,1,1,0,0,0,0,0,0,0,0,0,0
120493,1,1,18,18,18,18,18,18,18,18,18,18
120494,1,1,27,27,27,27,27,27,27,27,27,27
120495,1,1,27,27,27,27,27,27,27,27,27,27
120496,0,1,14,14,14,14,14,14,14,14,14,14
120496,1,1,0,0,13,0,11,0,0,0,23,0
120497,1,1,0,0,0,0,0,0,0,0,0,0
120497,2,1,0,0,0,0,0,0,0,0,0,0
120497,3,1,0,0,0,0,0,0,0,0,0,0
120498,1,1,0,0,0,0,0,0,0,0,0,0
120499,1,1,10,10,10,10,10,10,10,10,10,10
120500,1,1,0,0,0,0,0,0,0,0,0,0
120500,2,1,0,0,0,0,0,0,0,0,0,0
120501,0,1,11,11,11,11,11,11,11,11,11,11
120501,1,1,0,0,0,0,0,0,0,0,0,0
120502,1,1,16,16,16,16,16,16,16,16,16,16
120502,2,1,0,0,0,0,0,0,8,0,0,0
120504,1,1,0,0,0,0,0,0,0,0,0,0
120504,2,1,0,0,0,0,0,0,0,0,0,0
120505,1,1,0,0,0,0,0,0,0,16,0,0
120506,1,1,0,26,12,29,15,21,0,16,22,13
120507,1,1,0,0,0,0,0,0,0,0,0,0
120507,2,1,0,0,0,0,0,0,0,0,0,0
120508,0,1,29,29,29,29,29,29,29,29,29,29
120508,1,1,0,0,0,0,0,0,0,0,0,0
120509,1,1,29,29,29,29,29,29,29,29,29,29
120510,1,1,0,0,0,0,0,0,0,0,0,0
120510,2,1,0,0,0,0,0,0,0,0,0,0
120510,3,1,0,0,0,0,0,0,0,0,0,0
120511,0,1,0,0,0,0,0,0,0,0,0,0
120511,0,2,0,0,0,0,19,0,0,0,0,0
120511,1,1,0,0,0,0,0,0,0,0,0,0
120512,1,1,19,0,0,0,14,0,12,21,0,17
120513,1,1,0,0,0,0,0,0,0,0,0,0
120513,2,1,0,0,0,0,0,0,0,0,0,0
120514,1,1,16,16,16,16,16,16,16,16,16,16
120515,1,1,27,0,14,0,17,0,0,0,0,0
120516,0,1,0,0,0,0,0,0,0,0,0,0
120516,1,1,0,0,0,0,0,0,0,0,0,0
120518,0,1,0,0,0,0,0,0,0,0,0,0
120518,1,1,0,0,0,0,0,0,0,0,0,0
120519,0,1,0,0,0,0,0,0,0,0,0,0
120519,1,1,0,0,0,0,0,0,0,0,0,0
120520,1,1,0,0,0,0,0,0,0,0,0,0
120521,1,1,0,0,3,0,0,0,0,9,0,0
120521,2,1,0,17,0,0,0,0,0,0,0,0
120522,0,1,26,26,26,26,26,26,26,26,26,26
120522,1,1,0,0,0,0,0,0,0,0,0,0
120523,1,1,0,0,0,0,0,0,0,0,0,0
120523,2,1,0,0,0,0,0,0,0,0,0,0
120524,1,1,0,0,0,0,0,0,0,0,0,0
120524,2,1,0,0,0,0,0,0,0,0,0,0
120525,1,1,0,0,0,0,0,0,0,0,0,0
120525,2,1,0,0,0,0,0,0,0,0,0,0
120526,1,1,0,0,0,0,0,0,0,0,0,0
120526,2,1,0,0,0,0,0,0,0,0,0,0
120527,1,1,0,0,0,0,0,0,0,0,0,0
120528,1,1,14,14,14,14,14,14,14,14,14,14
120529,1,1,0,0,0,0,0,0,0,19,0,4
120529,2,1,0,0,0,0,0,0,0,0,0,0
120530,1,1,0,0,0,0,0,0,0,0,0,0
120530,2,1,0,0,0,0,0,0,0,0,0,0
120531,1,1,0,0,0,0,0,0,0,0,0,0
120532,1,1,20,20,20,20,20,20,20,20,20,20
120533,1,1,0,0,0,0,9,0,0,0,0,0
120533,2,1,0,0,0,0,17,0,0,0,0,0
120534,0,1,0,0,0,0,0,0,0,0,0,0
120534,1,1,0,0,0,0,0,0,0,0,0,0
120535,0,1,23,23,23,23,23,23,23,23,23,23
120535,1,1,0,0,0,0,0,0,0,0,0,0
120536,1,1,5,7,5,8,18,0,13,8,22,20
120537,0,1,0,0,0,0,0,0,0,0,0,0
120537,1,1,0,0,0,0,0,0,0,0,0,0
120538,0,1,26,26,26,26,26,26,26,26,26,26
120538,1,1,0,0,0,0,0,0,0,0,0,0
120539,1,1,0,0,0,0,0,0,0,0,0,0
120539,2,1,0,0,0,0,0,0,0,0,0,0
120540,1,1,8,8,8,8,8,8,8,8,8,8
120540,2,1,0,20,0,0,0,0,0,0,0,0
120540,3,1,0,0,0,0,0,16,0,0,0,0
120541,0,1,0,0,0,0,0,0,0,0,0,0
120541,0,2,0,0,0,0,0,0,0,0,0,0
120541,0,3,0,0,0,0,0,0,0,0,0,0
120541,0,4,0,0,0,0,0,0,0,0,0,0
120541,1,1,0,0,0,10,0,0,0,0,0,0
120542,1,1,0,0,0,0,0,0,0,0,0,0
120542,2,1,11,11,11,11,11,11,11,11,11,11
120543,1,1,0,0,0,0,0,0,0,0,0,0
120544,1,1,12,12,12,12,12,12,12,12,12,12
120545,1,1,0,0,0,0,0,0,0,0,0,0
120545,2,1,0,0,0,0,0,0,0,8,0,0
120546,1,1,0,0,0,0,0,0,0,0,0,0
120546,2,1,0,0,0,0,0,0,0,0,0,0
120546,3,1,0,0,0,0,0,0,0,0,0,0
120546,4,1,0,0,0,0,0,0,0,0,0,0
120546,5,1,0,0,0,0,0,0,0,0,0,0
120546,6,1,0,0,0,0,0,0,0,0,0,0
120546,7,1,0,0,0,0,0,0,0,0,0,0
120546,8,1,0,0,0,0,0,0,0,0,0,0
120547,1,1,26,26,26,26,26,26,26,26,26,26
120548,0,1,0,0,0,0,0,0,0,0,0,0
120548,1,1,0,5,0,0,0,0,0,28,0,0
120549,1,1,0,9,0,0,0,0,0,0,8,0
120549,2,1,0,9,0,0,0,13,0,0,0,0
120550,0,1,8,8,8,8,8,8,8,8,8,8
120550,1,1,0,0,0,0,0,0,0,0,0,0
120551,0,1,23,23,23,23,23,23,23,23,23,23
120551,1,1,1,1,1,1,1,1,1,1,1,1
120551,2,1,0,0,0,0,0,0,0,0,0,0
120552,0,1,0,0,0,0,0,0,0,0,0,0
120552,1,1,0,0,13,0,0,0,0,0,0,0
120553,1,1,0,0,0,0,0,0,0,0,0,0
120554,1,1,0,0,0,0,0,0,0,0,0,0
120554,2,1,0,0,0,0,0,0,0,0,0,0
120555,1,1,0,0,0,0,0,0,0,0,0,0
120555,2,1,0,0,0,0,0,0,0,0,0,0
120556,1,1,0,0,0,0,0,0,0,0,0,0
120557,0,1,0,0,0,0,0,0,0,0,0,0
120557,1,1,36,36,36,36,36,36,36,36,36,36
120558,1,1,0,0,0,0,0,0,0,0,0,0
120558,2,1,0,0,0,10,0,6,0,0,0,17
120558,3,1,0,0,0,0,0,0,0,0,0,0
120559,0,1,0,0,0,0,0,0,0,0,0,0
120559,1,1,0,0,0,0,0,0,0,8,11,0
120560,1,1,37,37,37,37,37,37,37,37,37,37
120561,1,1,17,17,17,17,17,17,17,17,17,17
120562,1,1,22,22,22,22,22,22,22,22,22,22
120562,2,1,20,0,0,0,0,0,0,0,0,0
120563,0,1,0,0,0,0,0,0,0,0,0,0
120563,1,1,0,0,0,0,0,0,0,0,0,0
120564,1,1,0,0,0,0,0,0,0,0,0,0
120566,1,1,0,0,0,0,0,10,0,11,0,15
120567,0,1,0,0,0,0,0,0,0,0,0,0
120567,1,1,0,0,0,0,0,0,0,0,0,0
120568,1,1,0,0,0,0,0,0,0,0,0,0
120569,1,1,0,0,0,0,0,0,0,0,0,0
120569,2,1,0,0,0,0,0,0,0,0,0,0
120570,1,1,20,20,20,20,20,20,20,20,20,20
120571,1,1,0,0,0,0,0,0,0,0,0,0
120571,2,1,0,0,0,0,0,0,0,0,0,0
120571,3,1,0,0,0,0,0,0,0,0,0,0
120572,1,1,11,11,11,11,11,11,11,11,11,11
120572,2,1,0,0,0,0,0,0,0,0,0,22
120573,1,1,0,0,16,0,18,0,19,19,0,16
120574,0,1,19,0,0,15,27,0,0,0,0,0
120574,1,1,0,0,0,0,0,0,0,0,0,0
120575,1,1,19,19,19,19,19,19,19,19,19,19
120576,1,1,0,0,0,0,0,0,0,0,0,0
120577,0,1,10,10,10,10,10,10,10,10,10,10
120577,1,1,0,0,0,0,0,0,0,0,0,0
120578,1,1,6,6,6,6,6,6,6,6,6,6
120579,1,1,0,0,0,0,0,0,0,0,0,0
120580,1,1,19,19,19,19,19,19,19,19,19,19
120580,2,1,0,0,0,0,0,0,0,0,0,0
120581,0,1,0,0,0,0,0,0,0,0,0,0
120581,1,1,0,0,0,0,0,0,0,0,0,0
120582,0,1,0,0,0,0,0,0,0,0,0,0
120582,1,1,0,0,0,0,0,0,0,0,0,0
120583,0,1,0,0,0,0,0,0,0,0,0,0
120583,1,1,0,0,0,0,0,0,0,0,0,0
120584,1,1,0,0,0,0,0,0,0,0,0,0
120584,2,1,0,0,0,0,0,0,0,0,0,0
120585,1,1,0,0,0,0,0,0,0,0,0,0
120586,0,1,29,29,29,29,29,29,29,29,29,29
120586,1,1,0,0,0,0,0,0,0,0,0,0
120587,1,1,0,0,0,0,0,0,0,0,0,0
120588,1,1,15,15,15,15,15,15,15,15,15,15
120589,0,1,30,31,5,15,19,24,36,16,12,19
120589,0,2,35,35,35,35,35,35,35,35,35,35
120589,1,1,0,0,0,0,0,22,0,0,0,0
120590,0,1,28,28,28,28,28,28,28,28,28,28
120590,1,1,0,0,0,0,0,0,0,0,0,0
120591,1,1,0,0,0,0,0,0,0,0,0,0
120591,2,1,0,0,0,0,0,0,0,0,0,0
120592,1,1,0,0,0,0,0,0,0,0,0,0
120593,1,1,0,0,0,0,0,0,0,0,0,0
120593,2,1,0,0,0,0,0,0,0,0,0,0
120593,3,1,0,0,0,0,0,0,0,0,0,0
120594,0,1,0,0,0,0,0,0,0,0,0,0
120594,1,1,0,0,0,0,0,0,0,0,0,0
120594,2,1,0,0,0,0,0,0,19,0,0,0
120595,1,1,16,16,16,16,16,16,16,16,16,16
120595,2,1,0,0,0,0,0,0,0,0,0,0
120595,3,1,0,27,0,0,15,0,0,0,0,0
120595,4,1,0,0,0,0,0,0,0,0,0,0
120596,0,1,24,24,24,24,24,24,24,24,24,24
120596,1,1,0,0,0,0,0,0,0,0,0,0
120597,1,1,0,0,0,0,0,0,0,0,0,0
120597,2,1,0,0,0,0,0,0,0,0,0,0
120598,1,1,0,0,0,0,0,0,0,0,0,0
120599,1,1,0,0,0,0,0,0,0,0,0,0
120599,2,1,0,12,0,0,0,0,0,0,0,0
120600,1,1,0,0,0,0,0,0,0,0,0,0
120600,2,1,0,0,0,0,0,0,0,0,0,0
120601,0,1,11,11,11,11,11,11,11,11,11,11
120601,1,1,10,10,10,10,10,10,10,10,10,10
120602,1,1,0,0,0,0,0,0,0,0,0,0
120604,1,1,4,4,4,4,4,4,4,4,4,4
120604,2,1,0,0,0,0,0,0,0,0,0,0
120605,1,1,0,0,0,0,0,0,0,0,0,0
120606,1,1,0,0,0,0,0,0,9,0,13,0
120606,2,1,0,0,0,0,0,0,0,0,0,0
120606,3,1,0,0,0,0,0,0,0,0,0,0
120607,1,1,13,13,13,13,13,13,13,13,13,13
120607,2,1,0,0,0,0,0,0,0,0,0,0
120607,3,1,0,0,0,0,0,0,12,0,26,0
120607,4,1,20,0,0,26,0,0,0,0,0,0
120607,5,1,0,0,0,0,0,0,0,0,4,0
120608,0,1,12,12,12,12,12,12,12,12,12,12
120608,1,1,0,0,0,0,0,0,0,0,0,0
120609,1,1,0,0,0,0,0,0,0,0,0,0
120610,1,1,20,20,20,20,20,20,20,20,20,20
120610,2,1,0,0,0,0,0,0,0,0,0,0
120611,1,1,11,11,11,11,11,11,11,11,11,11
120611,2,1,10,10,10,10,10,10,10,10,10,10
120611,3,1,22,21,14,13,14,7,10,10,13,19
120612,1,1,0,9,28,20,7,0,26,22,9,29
120612,2,1,19,14,13,0,0,0,0,23,0,0
120613,1,1,0,0,0,0,0,0,0,0,0,0
120613,2,1,0,0,0,0,0,0,0,0,0,0
120614,1,1,0,0,0,0,0,0,0,0,0,0
120614,2,1,0,0,0,0,0,0,0,0,4,0