ST_CASE,VEH_NO,PER_NO,P1,P2,P3,P4,P5,P6,P7,P8,P9,P10
120615,0,1,19,2,37,24,18,23,34,29,38,18
120615,0,2,23,23,23,23,23,23,23,23,23,23
120615,1,1,0,0,0,0,0,0,0,0,0,0
120616,0,1,0,0,0,0,0,0,0,0,0,0
120616,1,1,0,0,0,0,0,0,0,0,0,0
120617,0,1,3,3,3,3,3,3,3,3,3,3
120617,1,1,0,0,0,0,0,0,0,0,0,0
120618,1,1,15,15,15,15,15,15,15,15,15,15
120619,1,1,13,13,13,13,13,13,13,13,13,13
120620,1,1,0,0,0,0,0,0,0,0,0,0
120620,2,1,0,0,0,0,0,0,0,0,0,0
120621,1,1,0,0,0,0,0,0,0,0,0,0
120621,2,1,0,0,0,0,0,0,0,0,0,0
120622,1,1,0,0,0,0,0,0,0,0,0,0
120623,1,1,15,15,15,15,15,15,15,15,15,15
120624,1,1,0,0,0,0,10,0,0,0,0,0
120624,2,1,0,0,0,0,0,0,0,0,0,0
120625,1,1,0,0,0,0,0,0,0,0,0,0
120626,1,1,20,20,20,20,20,20,20,20,20,20
120627,1,1,19,19,19,19,19,19,19,19,19,19
120628,1,1,0,0,0,0,0,0,0,0,0,0
120628,2,1,0,0,0,20,0,0,0,0,0,0
120628,3,1,0,0,0,0,0,0,0,0,0,0
120629,0,1,39,39,39,39,39,39,39,39,39,39
120629,1,1,0,0,0,0,0,0,0,0,0,0
120630,0,1,0,0,0,0,0,0,0,0,0,0
120630,1,1,0,0,0,0,0,0,0,0,0,0
120631,1,1,0,0,0,0,0,0,0,0,0,0
120631,2,1,0,0,0,0,0,0,0,0,0,0
120632,1,1,0,0,0,0,0,0,0,0,0,0
120633,1,1,0,0,0,0,0,0,0,0,0,0
120633,2,1,0,0,0,0,0,0,0,0,0,0
120634,1,1,13,13,13,13,13,13,13,13,13,13
120634,2,1,0,0,0,0,0,0,0,0,0,0
120635,1,1,0,0,0,0,0,0,0,0,0,0
120636,0,1,0,0,0,23,0,0,0,0,0,0
120636,1,1,0,0,0,0,0,0,0,0,0,0
120637,1,1,0,0,0,0,0,0,0,0,0,0
120637,2,1,0,0,0,0,0,0,0,0,0,0
120638,1,1,0,0,0,0,0,0,0,0,0,0
120638,2,1,0,0,0,0,0,0,0,0,0,0
120640,0,1,14,26,30,29,0,0,0,0,18,9
120640,1,1,0,0,0,0,0,0,0,0,0,0
120641,1,1,27,0,0,0,0,0,0,0,0,0
120641,2,1,10,0,0,0,0,0,0,11,0,0
120642,1,1,0,0,0,0,0,0,0,0,0,0
120643,1,1,0,0,0,0,0,0,0,0,0,0
120644,1,1,0,0,0,0,0,0,0,0,13,0
120644,2,1,0,0,0,0,0,0,0,0,0,0
120644,3,1,0,0,0,0,0,0,0,0,0,0
120646,1,1,0,0,0,0,0,0,0,0,0,0
120647,1,1,0,0,0,0,0,0,0,0,0,0
120647,2,1,0,0,0,0,0,0,0,0,0,0
120648,1,1,0,0,0,0,8,0,0,0,0,0
120648,2,1,0,0,0,0,0,0,0,0,0,0
120649,0,1,0,0,0,0,0,0,0,7,0,11
120649,1,1,0,0,16,0,0,0,0,0,0,0
120650,1,1,19,15,0,0,12,13,0,2,6,15
120650,2,1,0,0,0,0,0,0,0,0,0,0
120650,4,1,8,0,0,8,0,0,0,0,0,11
120651,1,1,0,0,0,0,0,0,0,0,0,0
120652,1,1,0,0,0,0,0,0,0,0,0,0
120652,2,1,0,0,0,0,0,0,0,0,0,0
120653,1,1,0,0,0,16,0,0,0,0,0,0
120653,2,1,0,0,0,0,0,0,0,0,0,0
120654,1,1,0,0,0,0,0,0,0,0,0,0
120654,2,1,0,0,0,0,0,0,0,0,0,0
120655,1,1,0,0,0,0,0,0,0,0,0,0
120655,2,1,0,0,0,0,0,0,0,0,0,0
120656,0,1,19,19,19,19,19,19,19,19,19,19
120656,1,1,2,2,2,2,2,2,2,2,2,2
120657,1,1,14,14,14,14,14,14,14,14,14,14
120658,1,1,13,13,13,13,13,13,13,13,13,13
120659,1,1,0,0,0,0,0,0,0,0,0,0
120660,1,1,16,16,16,16,16,16,16,16,16,16
120660,2,1,0,0,0,0,0,0,0,0,0,0
120661,1,1,19,19,19,19,19,19,19,19,19,19
120661,2,1,13,0,0,0,9,0,0,0,0,0
120661,3,1,0,17,0,0,0,0,0,0,0,0
120662,1,1,0,0,0,0,0,0,0,0,0,0
120662,2,1,0,0,0,0,0,0,0,0,0,0
120663,1,1,0,0,0,0,0,0,0,0,0,0
120663,2,1,0,0,0,0,0,0,0,0,4,0
120664,1,1,0,0,0,0,0,0,0,0,0,0
120664,2,1,0,0,0,0,0,0,0,0,0,0
120665,0,1,0,0,0,0,0,0,0,0,0,0
120665,1,1,0,0,0,0,0,0,0,0,0,0
120666,1,1,0,0,0,0,0,0,0,0,0,0
120668,1,1,0,0,0,0,0,0,0,0,0,0
120668,2,1,0,0,0,0,0,0,0,0,0,0
120668,3,1,0,0,0,0,0,21,0,0,0,6
120668,4,1,0,0,0,0,0,0,0,0,0,0
120668,5,1,0,0,0,0,0,0,0,0,0,0
120668,6,1,0,0,0,0,0,0,0,0,0,0
120669,1,1,0,0,14,0,0,0,0,0,0,0
120669,2,1,0,0,0,0,0,0,0,0,0,0
120670,0,1,18,18,18,18,18,18,18,18,18,18
120670,1,1,0,0,0,0,0,9,0,0,0,15
120671,1,1,28,28,28,28,28,28,28,28,28,28
120672,1,1,0,0,0,0,0,0,0,0,0,0
120672,2,1,0,0,0,0,0,0,0,0,0,0
120672,3,1,0,0,0,0,0,0,0,0,0,0
120672,4,1,0,0,0,0,0,0,0,0,0,0
120673,1,1,0,0,0,0,0,0,0,0,0,0
120675,1,1,0,0,0,0,0,0,0,0,0,0
120675,2,1,0,0,0,0,0,0,0,0,0,0
120676,1,1,0,9,0,22,26,20,0,19,13,19
120677,1,1,0,0,0,0,0,0,0,0,0,0
120677,2,1,0,0,4,0,13,16,0,0,0,9
120678,0,1,22,22,22,22,22,22,22,22,22,22
120678,1,1,13,0,0,0,0,0,0,0,0,0
120679,0,1,0,0,0,0,0,0,0,0,0,0
120679,1,1,0,0,0,0,0,0,0,0,0,0
120680,0,1,21,0,0,0,0,0,0,0,0,0
120680,1,1,0,0,0,0,0,0,0,0,0,0
120681,1,1,0,0,0,0,0,0,0,0,0,0
120681,2,1,12,12,12,12,12,12,12,12,12,12
120682,1,1,0,0,0,0,0,0,0,0,0,0
120682,2,1,0,0,0,0,0,0,0,0,0,0
120683,1,1,0,0,0,0,0,20,0,0,0,0
120684,1,1,0,0,0,0,0,0,0,0,0,0
120684,2,1,0,0,0,0,0,0,0,0,0,0
120685,1,1,0,0,0,0,0,0,0,0,0,0
120686,1,1,0,0,0,0,0,0,0,0,0,0
120686,2,1,0,0,0,0,0,0,0,0,0,0
120688,1,1,19,0,0,21,17,6,11,17,0,21
120689,0,1,7,7,7,7,7,7,7,7,7,7
120689,1,1,8,8,8,8,8,8,8,8,8,8
120690,1,1,18,16,0,15,36,0,12,0,12,0
120691,1,1,0,0,0,0,0,0,0,0,0,0
120691,2,1,0,0,0,0,0,0,0,0,0,0
120692,1,1,0,0,0,0,0,0,0,0,0,0
120692,2,1,0,0,0,0,0,0,0,0,0,0
120693,1,1,13,13,13,13,13,13,13,13,13,13
120694,1,1,16,16,16,16,16,16,16,16,16,16
120695,1,1,0,0,0,0,0,0,0,0,0,0
120696,1,1,18,18,18,18,18,18,18,18,18,18
120697,1,1,0,0,0,0,17,0,0,0,0,0
120697,2,1,0,0,0,0,0,0,0,0,0,0
120698,1,1,23,23,23,23,23,23,23,23,23,23
120698,2,1,0,0,0,0,0,0,0,0,0,0
120699,0,1,0,0,0,0,0,0,0,0,0,0
120699,1,1,0,0,0,0,0,0,0,0,0,0
120700,0,1,1,1,1,1,1,1,1,1,1,1
120700,1,1,0,0,0,0,0,0,0,0,0,0
120701,0,1,0,0,0,0,0,0,0,0,0,0
120701,1,1,0,0,0,0,0,0,0,0,0,0
120702,1,1,0,0,0,0,0,0,0,0,0,0
120702,2,1,0,0,0,0,0,0,0,0,0,0
120703,1,1,0,0,0,0,0,0,0,0,0,0
120703,2,1,0,0,0,0,0,0,0,0,0,0
120704,1,1,1,1,1,1,1,1,1,1,1,1
120705,1,1,15,15,15,15,15,15,15,15,15,15
120706,1,1,0,0,0,0,0,0,0,0,0,0
120706,2,1,0,0,0,0,0,0,0,0,0,0
120707,1,1,0,0,0,0,0,0,0,0,0,0
120707,2,1,0,0,0,0,0,0,0,0,0,0
120707,3,1,0,0,0,0,0,0,0,0,0,0
120708,1,1,0,0,0,0,0,0,0,0,0,0
120708,2,1,0,0,0,0,0,0,0,0,0,0
120709,1,1,0,0,0,0,0,0,0,0,0,0
120709,2,1,0,0,0,16,0,0,0,0,0,0
120711,1,1,0,0,0,0,0,0,0,0,0,0
120711,2,1,0,0,0,0,0,0,0,0,0,0
120712,1,1,0,0,0,0,0,0,0,0,0,0
120712,2,1,0,0,0,0,0,0,0,0,0,0
120713,1,1,27,27,27,27,27,27,27,27,27,27
120713,2,1,0,0,0,0,0,0,0,0,0,0
120715,1,3,16,16,21,0,0,17,18,0,21,14
120716,0,1,0,0,0,0,0,0,0,0,0,0
120716,1,1,0,0,0,0,0,0,12,0,0,0
120717,1,1,17,17,17,17,17,17,17,17,17,17
120718,1,1,0,0,0,0,0,0,0,0,0,0
120718,2,1,0,0,0,0,0,0,0,0,0,0
120719,1,1,20,20,20,20,20,20,20,20,20,20
120719,2,1,0,0,0,0,0,0,0,0,0,0
120720,1,1,26,26,26,26,26,26,26,26,26,26
120721,1,1,0,0,0,0,18,0,0,0,0,0
120722,0,1,0,0,0,0,0,0,0,0,0,0
120722,1,1,0,0,0,0,0,0,0,0,0,0
120723,1,1,26,26,26,26,26,26,26,26,26,26
120724,1,1,0,0,0,0,0,9,0,0,0,0
120726,1,1,12,12,12,12,12,12,12,12,12,12
120727,1,1,0,0,0,0,0,0,0,0,0,0
120727,2,1,0,0,0,0,0,0,0,0,0,0
120728,1,1,2,2,2,2,2,2,2,2,2,2
120728,2,1,0,0,0,0,0,0,0,0,0,0
120729,1,1,0,0,0,0,0,0,0,0,0,0
120730,0,1,22,7,20,0,0,27,20,16,19,16
120730,0,2,9,19,26,24,20,0,30,0,10,29
120730,1,1,0,0,0,0,0,13,13,0,0,0
120731,0,1,0,0,0,0,0,0,0,0,0,0
120731,1,1,0,0,0,0,0,0,0,0,0,0
120732,1,1,0,0,0,0,0,0,0,0,0,0
120732,2,1,1,1,1,1,1,1,1,1,1,1
120733,1,1,0,0,0,0,0,0,0,0,0,0
120733,2,1,0,0,0,0,0,0,0,0,0,0
120734,0,1,0,0,0,0,0,0,0,0,0,0
120734,1,1,0,0,0,0,0,0,24,0,0,0
120735,1,1,0,0,0,0,0,0,0,0,0,0
120736,1,1,0,14,11,9,0,14,0,14,0,18
120737,0,1,0,0,0,0,0,0,0,0,0,0
120737,1,1,0,0,0,0,0,0,0,0,0,0
120738,0,1,0,10,0,0,0,0,0,0,0,0
120738,1,1,0,0,0,0,0,0,0,0,0,0
120739,1,1,0,0,0,0,0,0,0,0,0,0
120740,0,1,19,0,0,0,0,0,19,0,0,6
120740,1,1,0,0,0,0,0,0,0,0,0,0
120741,0,1,0,0,0,0,0,0,0,0,0,0
120741,1,1,11,11,11,11,11,11,11,11,11,11
120743,0,1,0,0,0,0,0,0,0,0,0,0
120743,1,1,0,0,0,0,0,0,0,0,0,0
120744,1,1,0,0,0,0,0,0,0,0,0,0
120744,2,1,0,0,0,0,0,0,0,0,0,0
120745,0,1,40,40,40,40,40,40,40,40,40,40
120745,1,1,0,0,0,0,0,0,0,0,0,0
120746,1,1,0,0,0,0,0,0,0,0,0,0
120746,2,1,0,0,0,0,0,0,0,0,0,0
120747,1,1,23,23,23,23,23,23,23,23,23,23
120748,1,1,16,16,16,16,16,16,16,16,16,16
120749,1,1,0,0,0,0,0,0,16,10,0,0
120749,2,1,0,0,0,0,0,0,0,0,0,0
120750,1,1,0,0,0,0,0,0,0,0,0,0
120751,1,1,0,0,0,0,0,23,0,0,0,18
120751,2,1,0,0,0,0,0,0,0,0,0,0
120752,1,1,10,10,10,10,10,10,10,10,10,10
120752,2,1,0,18,0,0,0,0,0,0,0,0
120753,0,1,22,22,22,22,22,22,22,22,22,22
120753,1,1,0,0,0,0,0,0,0,0,0,0
120754,1,1,16,16,16,16,16,16,16,16,16,16
120754,2,1,0,0,4,0,0,0,0,0,0,0
120755,1,1,0,0,0,0,0,0,0,0,0,0
120756,1,1,16,16,16,16,16,16,16,16,16,16
120756,2,1,0,0,0,0,0,0,0,0,0,0
120757,1,1,38,38,38,38,38,38,38,38,38,38
120757,2,1,0,0,15,0,0,0,0,0,0,0
120758,0,1,25,25,25,25,25,25,25,25,25,25
120758,1,1,11,11,11,11,11,11,11,11,11,11
120759,0,1,0,0,0,0,0,0,0,0,0,0
120759,1,1,0,0,0,0,0,0,0,0,0,0
120760,1,1,0,0,0,0,0,0,0,0,0,0
120760,2,1,0,0,0,0,0,0,0,0,0,0
120761,1,1,0,0,0,0,0,0,0,0,0,0
120762,1,1,28,28,28,28,28,28,28,28,28,28
120763,1,1,0,0,0,0,0,0,0,0,0,0
120763,2,1,0,0,0,0,0,0,0,0,0,0
120765,1,1,11,11,11,11,11,11,11,11,11,11
120765,2,1,0,14,13,0,0,0,0,0,0,0
120766,1,1,0,0,0,0,0,0,0,0,0,0
120767,1,1,0,0,0,0,0,0,0,0,0,0
120767,2,1,0,0,0,0,0,0,0,0,0,0
120767,3,1,0,0,0,0,0,0,0,0,0,0
120768,1,1,9,0,0,0,0,0,0,0,0,0
120768,2,1,0,0,0,0,0,0,0,0,0,0
120769,1,1,21,0,0,11,0,0,0,0,0,0
120769,2,1,0,0,0,0,0,0,0,0,0,0
120770,1,1,25,25,25,25,25,25,25,25,25,25
120771,1,1,23,23,23,23,23,23,23,23,23,23
120772,1,1,0,0,0,0,0,0,0,0,0,0
120773,1,1,13,13,13,13,13,13,13,13,13,13
120774,1,1,8,8,8,8,8,8,8,8,8,8
120775,1,1,0,0,0,0,0,0,0,0,0,0
120776,1,1,0,0,0,0,0,0,0,0,0,0
120776,2,1,0,0,0,0,0,0,0,0,0,0
120777,0,1,0,24,35,0,0,0,0,0,0,0
120777,0,2,0,0,0,0,0,0,0,0,0,0
120777,0,3,0,0,0,0,0,0,0,0,0,0
120777,1,1,0,0,0,0,0,0,0,0,0,0
120778,0,1,35,35,35,35,35,35,35,35,35,35
120778,1,1,0,0,0,0,0,0,0,0,0,0
120779,1,1,0,0,0,0,0,0,0,0,0,0
120779,2,1,0,0,0,0,0,0,19,0,0,0
120780,1,1,0,0,0,0,0,0,0,0,0,0
120781,0,1,17,17,17,17,17,17,17,17,17,17
120781,1,1,19,12,8,19,19,11,8,4,13,7
120782,0,1,15,15,15,15,15,15,15,15,15,15
120782,1,1,0,0,0,0,0,0,0,0,0,0
120783,1,1,0,13,0,0,0,0,0,0,0,0
120783,2,1,0,0,0,0,0,0,0,0,0,0
120784,1,1,0,0,0,0,24,0,0,0,0,0
120784,2,1,0,0,0,0,0,0,0,0,0,0
120785,0,1,0,0,12,0,0,0,0,0,0,24
120785,1,1,0,0,0,0,0,0,0,15,0,0
120786,1,1,0,0,6,26,17,0,0,12,0,0
120787,0,1,0,0,15,0,0,0,0,0,0,28
120787,1,1,7,7,7,7,7,7,7,7,7,7
120788,1,2,0,0,10,14,14,18,0,6,0,18
120789,0,1,6,23,16,12,12,23,24,9,23,9
120789,1,1,0,17,0,0,0,0,0,0,0,0
120790,0,1,22,22,22,22,22,22,22,22,22,22
120790,1,1,0,0,0,0,0,0,0,0,0,0
120791,0,1,0,0,0,0,0,0,0,0,0,0
120791,1,1,0,0,0,0,0,0,0,0,0,0
120791,2,1,0,0,0,0,0,0,0,0,0,0
120792,1,1,0,9,0,0,0,0,0,0,0,0
120792,2,1,0,0,0,0,0,0,0,0,0,0
120793,1,1,16,16,16,16,16,16,16,16,16,16
120793,2,1,0,0,0,0,0,0,0,0,0,0
120794,0,1,0,0,0,0,0,0,0,0,0,0
120794,1,1,0,0,0,0,0,0,0,0,0,0
120795,1,1,22,22,22,22,22,22,22,22,22,22
120796,1,1,7,0,9,0,15,0,22,25,14,7
120797,0,1,17,0,0,0,13,12,0,11,0,0
120797,1,1,0,0,0,0,0,0,0,0,0,0
120798,1,1,0,0,0,0,0,0,0,0,0,0
120799,1,1,13,13,13,13,13,13,13,13,13,13
120800,1,1,14,14,14,14,14,14,14,14,14,14
120801,0,1,0,0,0,0,0,0,0,0,0,0
120801,1,1,0,0,0,0,0,0,0,0,0,0
120802,0,1,0,0,0,0,0,0,0,0,0,0
120802,1,1,0,0,0,0,0,0,0,0,0,0
120803,1,1,0,0,0,0,0,0,0,0,0,0
120803,2,1,0,0,0,0,0,15,0,0,0,0
120803,3,1,0,0,0,0,0,0,0,0,0,0
120803,4,1,0,0,0,0,0,0,0,0,0,0
120803,5,1,0,11,0,0,0,0,0,0,0,0
120804,1,1,0,42,0,4,0,0,30,28,16,0
120804,2,1,0,0,0,0,0,0,0,0,0,0
120805,1,1,0,0,0,0,0,0,0,0,0,0
120806,0,1,0,0,0,0,0,0,0,0,0,0
120806,1,1,0,0,0,0,0,0,0,0,0,0
120806,2,1,0,0,0,0,0,0,0,0,0,0
120806,3,1,0,0,0,13,0,0,14,0,0,0
120807,0,1,4,4,4,4,4,4,4,4,4,4
120807,1,1,0,0,0,0,0,0,0,0,0,0
120808,0,1,0,0,0,0,0,0,0,0,0,0
120808,0,2,0,0,0,0,23,0,0,0,0,0
120808,1,1,30,30,30,30,30,30,30,30,30,30
120809,1,1,0,0,0,0,0,0,0,0,0,0
120809,2,1,0,0,0,0,0,0,0,0,0,0
120810,0,1,0,0,0,0,0,0,0,0,0,0
120810,1,1,0,0,0,0,0,0,0,0,0,0
120811,0,1,12,32,20,20,29,0,0,22,0,0
120811,1,1,0,0,9,0,0,0,0,31,0,0
120812,1,1,16,16,16,16,16,16,16,16,16,16
120812,2,1,0,18,0,0,10,0,8,0,0,0
120813,0,1,0,0,0,0,0,0,0,0,0,0
120813,1,1,0,0,0,0,21,0,0,0,0,0
120814,1,1,19,18,0,13,15,13,0,26,0,0
120814,2,1,0,0,0,19,0,0,0,8,0,0
120815,1,1,0,0,0,0,0,0,0,0,0,0
120816,1,1,0,0,0,0,0,0,0,0,0,0
120816,2,1,0,0,0,0,0,0,0,0,0,0
120816,3,1,0,0,30,0,0,0,0,0,0,0
120816,4,1,0,0,0,0,0,0,0,0,0,0
120816,5,1,0,0,0,0,0,0,0,0,0,0
120816,6,1,0,0,0,0,0,0,0,0,0,0
120816,7,1,0,0,0,0,0,0,0,0,0,0
120816,8,1,0,0,0,0,0,0,0,0,0,0
120816,9,1,0,0,0,0,0,0,7,0,0,0
120816,10,1,0,0,0,0,0,0,0,0,0,0
120817,1,1,0,0,0,0,0,0,0,0,0,0
120818,1,1,0,0,0,0,0,0,0,0,0,0
120818,2,1,0,0,0,0,0,0,0,0,0,0
120819,1,1,18,18,18,18,18,18,18,18,18,18
120819,2,1,0,0,0,0,0,0,0,0,0,0
120820,0,1,21,8,33,28,32,9,43,5,25,13
120820,1,1,0,0,0,0,0,0,0,0,0,0
120821,1,1,17,17,17,17,17,17,17,17,17,17
120822,1,1,0,0,0,0,0,0,0,0,0,0
120822,2,1,0,0,0,0,0,0,0,0,0,0
120823,1,1,0,0,0,0,0,0,0,0,0,0
120824,0,1,11,0,23,0,19,0,0,8,0,0
120824,1,1,0,0,0,0,4,0,0,0,0,0
120825,1,1,0,0,0,0,0,0,0,0,0,0
120825,2,1,0,0,0,0,0,0,0,0,0,0
120826,1,1,0,0,0,0,0,0,0,0,0,0
120827,1,1,24,24,24,24,24,24,24,24,24,24
120828,1,1,15,15,15,15,15,15,15,15,15,15
120829,1,1,0,0,14,0,0,0,0,9,9,0
120830,1,1,0,0,0,0,0,0,0,0,0,0
120830,2,1,0,0,0,0,0,0,0,0,0,0
120831,1,1,0,0,0,0,0,6,0,0,0,0
120832,1,1,0,0,0,0,0,0,0,0,0,0
120832,2,1,0,0,0,0,0,0,0,0,0,0
120832,3,1,0,0,0,0,0,0,0,0,0,0
120834,1,1,0,0,0,0,0,0,0,0,0,0
120834,2,1,0,0,0,0,0,0,0,0,0,0
120835,1,1,17,17,17,17,17,17,17,17,17,17
120836,1,1,0,0,0,0,0,0,0,0,0,0
120836,2,1,0,0,4,0,0,0,0,0,0,6
120836,3,1,0,0,14,0,0,0,0,0,0,0
120837,1,1,0,0,0,0,0,0,0,0,0,0
120837,2,1,0,0,0,0,0,0,0,0,0,0
120839,1,1,0,0,0,0,0,0,0,0,0,0
120840,0,1,11,11,11,11,11,11,11,11,11,11
120840,1,1,0,0,0,0,0,0,13,5,21,0
120841,0,1,0,0,0,0,0,0,0,0,0,0
120841,1,1,0,0,0,0,0,0,31,0,0,0
120842,1,1,0,0,0,0,0,0,0,0,0,0
120842,2,1,0,0,0,0,0,0,0,0,0,0
120843,0,1,44,44,44,44,44,44,44,44,44,44
120843,1,1,0,0,0,0,0,0,0,0,0,0
120844,1,1,0,0,0,0,0,0,0,0,0,0
120844,2,1,0,0,0,0,0,0,0,0,0,0
120845,0,1,8,8,8,8,8,8,8,8,8,8
120845,1,1,0,0,0,0,0,0,0,0,0,11
120846,1,1,0,0,0,0,0,0,0,0,0,0
120846,2,1,0,0,0,0,0,0,0,0,0,0
120847,1,1,1,1,1,1,1,1,1,1,1,1
120847,2,1,0,0,0,0,0,0,0,0,0,0
120847,3,1,0,0,0,0,0,0,0,0,0,0
120848,1,1,0,0,0,0,0,0,0,0,0,0
120849,0,1,4,4,4,4,4,4,4,4,4,4
120849,1,1,4,4,4,4,4,4,4,4,4,4
120849,2,1,0,0,0,0,0,0,0,0,0,0
120850,1,1,12,12,12,12,12,12,12,12,12,12
120851,1,1,29,29,29,29,29,29,29,29,29,29
120852,1,1,4,4,4,4,4,4,4,4,4,4
120852,2,1,0,0,0,0,0,0,0,0,0,0
120853,1,1,18,18,18,18,18,18,18,18,18,18
120854,1,1,19,19,19,19,19,19,19,19,19,19
120855,1,1,0,10,0,25,0,0,0,0,0,0
120856,1,1,0,0,0,0,0,0,0,0,0,0
120856,2,1,0,0,0,0,0,0,0,0,0,0
120856,3,1,0,0,0,0,0,0,0,0,0,0
120857,0,1,21,21,21,21,21,21,21,21,21,21
120857,1,1,0,0,7,8,0,0,16,0,20,3
120858,1,1,20,20,20,20,20,20,20,20,20,20
120859,1,2,42,42,42,42,42,42,42,42,42,42
120860,0,1,0,0,0,0,0,0,0,0,0,0
120860,1,1,0,0,0,0,0,0,0,0,0,0
120861,1,1,0,0,0,0,0,0,0,0,0,0
120861,2,1,0,14,0,0,8,0,0,0,0,0
120861,3,1,0,0,0,0,0,0,0,0,0,0
120862,1,1,5,5,5,5,5,5,5,5,5,5
120863,1,1,0,0,0,0,0,0,0,0,0,0
120864,1,1,0,0,0,0,0,0,0,0,0,0
120865,0,1,0,0,0,0,0,0,0,0,0,0
120865,1,1,0,0,0,0,0,0,0,0,0,0
120866,0,1,0,0,0,0,0,0,0,0,0,0
120866,1,1,0,0,0,0,0,0,0,0,0,0
120867,1,1,0,0,0,0,0,0,0,0,0,0
120867,2,1,0,0,0,0,0,0,0,0,0,0
120868,1,1,33,33,33,33,33,33,33,33,33,33
120869,1,1,0,0,0,0,0,0,0,0,0,0
120869,2,1,3,3,3,3,3,3,3,3,3,3
120870,0,1,31,31,31,31,31,31,31,31,31,31
120870,1,1,0,0,0,0,0,0,0,0,0,0
120871,1,1,35,35,35,35,35,35,35,35,35,35
120872,1,1,0,0,0,0,0,0,0,0,0,0
120873,1,1,0,0,0,0,0,0,0,0,0,0
120873,2,1,0,0,0,0,0,0,0,0,0,0
120874,1,1,1,1,1,1,1,1,1,1,1,1
120874,2,1,0,0,0,0,0,0,0,0,0,0
120875,1,1,26,26,26,26,26,26,26,26,26,26
120875,2,1,8,8,8,8,8,8,8,8,8,8
120875,3,1,0,0,0,0,0,0,0,0,0,0
120876,1,1,0,0,0,0,0,0,0,0,0,0
120877,0,1,0,0,0,0,0,0,0,0,0,0
120877,1,1,0,0,0,0,0,0,2,16,0,0
120878,1,1,18,18,18,18,18,18,18,18,18,18
120879,1,1,0,0,0,0,0,0,0,0,0,0
120879,2,1,0,0,0,0,0,0,0,0,0,0
120880,1,1,0,0,0,0,0,0,0,0,0,0
120880,2,1,0,0,0,0,0,0,0,0,0,0
120881,1,1,6,6,6,6,6,6,6,6,6,6
120881,2,1,0,0,0,0,0,0,0,0,0,0
120882,1,1,0,0,0,0,0,0,0,0,0,0
120882,2,1,0,0,0,0,0,0,0,0,0,0
120883,1,1,0,0,0,0,0,0,0,0,0,0
120883,2,1,0,0,0,0,0,0,0,0,0,0
120884,1,1,0,0,0,0,0,0,0,0,0,0
120885,0,1,0,0,0,0,0,0,0,0,0,0
120885,1,1,9,0,0,0,0,0,0,0,0,0
120886,0,1,22,22,22,22,22,22,22,22,22,22
120886,1,1,0,4,0,0,0,0,0,0,0,0
120887,1,1,0,0,0,0,0,0,0,0,0,0
120889,1,1,0,0,0,0,0,0,0,0,0,0
120889,2,1,0,0,0,0,0,0,0,0,0,0
120890,0,1,0,0,0,0,0,0,0,0,0,0
120890,1,1,0,0,0,0,0,0,0,0,0,0
120891,0,1,0,0,0,0,0,0,0,0,0,0
120891,1,1,0,0,0,0,0,0,0,0,0,0
120892,1,1,0,0,0,0,0,0,0,0,0,0
120892,2,1,0,0,0,0,0,0,0,0,0,0
120893,1,1,23,23,23,23,23,23,23,23,23,23
120894,0,1,0,0,0,0,0,0,0,0,0,0
120894,1,1,0,0,0,0,0,0,0,0,0,0
120895,0,1,0,0,0,0,0,0,0,0,0,0
120895,1,1,0,0,0,0,0,0,0,0,0,0
120896,1,1,1,1,1,1,1,1,1,1,1,1
120896,2,1,0,0,0,0,0,0,0,0,0,0
120896,3,1,0,0,0,0,0,0,0,0,0,0
120897,0,1,16,16,16,16,16,16,16,16,16,16
120897,1,1,0,0,0,0,0,0,0,0,0,0
120898,1,1,13,13,13,13,13,13,13,13,13,13
120898,2,1,24,24,24,24,24,24,24,24,24,24
120899,1,1,0,0,0,0,0,0,0,0,0,0
120900,0,1,0,0,0,0,53,13,14,16,30,0
120900,1,1,0,0,0,0,0,0,0,0,0,0
120901,1,1,0,0,0,0,0,0,0,0,0,0
120901,2,1,0,0,0,0,0,0,0,0,0,0
120902,1,1,0,0,0,0,0,0,0,0,0,0
120902,2,1,0,0,0,0,0,0,0,0,0,0
120903,0,1,21,21,27,33,32,0,10,0,0,31
120903,1,1,0,0,0,0,0,0,0,0,0,0
120904,1,1,13,13,13,13,13,13,13,13,13,13
120905,1,1,24,24,24,24,24,24,24,24,24,24
120905,2,1,0,0,0,0,0,0,0,0,0,0
120906,1,1,40,40,40,40,40,40,40,40,40,40
120907,1,1,20,0,0,0,0,0,0,0,0,14
120908,1,1,0,0,0,0,0,0,0,0,0,0
120908,2,1,0,0,0,0,0,0,0,0,0,0
120909,1,1,0,0,0,0,0,0,0,0,0,0
120909,2,1,0,0,0,0,0,0,0,0,0,0
120909,3,1,0,0,0,0,0,0,0,0,0,0
120910,1,1,0,0,0,0,0,0,0,0,0,0
120910,2,1,0,0,0,0,0,0,0,0,0,0
120911,1,1,0,0,0,0,14,0,11,0,0,0
120912,1,1,6,6,6,6,6,6,6,6,6,6