ST_CASE,VEH_NO,PER_NO,P1,P2,P3,P4,P5,P6,P7,P8,P9,P10
120912,2,1,0,0,0,6,0,0,0,0,0,0
120913,1,1,11,11,11,11,11,11,11,11,11,11
120915,1,1,0,0,0,0,0,0,0,0,0,0
120915,2,1,0,0,0,0,0,0,0,0,0,0
120916,1,1,22,22,22,22,22,22,22,22,22,22
120916,2,1,3,3,3,3,3,3,3,3,3,3
120916,3,1,0,6,0,0,0,6,0,0,0,0
120917,1,1,11,11,11,11,11,11,11,11,11,11
120917,2,1,0,0,0,0,0,0,0,0,0,0
120917,3,1,0,0,0,0,0,0,0,0,0,0
120918,0,1,16,16,16,16,16,16,16,16,16,16
120918,1,1,0,0,0,0,0,0,0,0,0,0
120919,1,1,0,0,0,0,0,0,0,0,0,0
120920,1,1,31,31,31,31,31,31,31,31,31,31
120920,2,1,0,0,0,0,0,0,0,0,0,0
120921,1,1,0,0,0,0,0,0,0,0,0,0
120921,2,1,0,0,0,0,0,0,0,0,0,0
120922,1,1,2,2,2,2,2,2,2,2,2,2
120923,1,1,14,14,14,14,14,14,14,14,14,14
120924,1,1,54,54,54,54,54,54,54,54,54,54
120925,1,1,2,2,2,2,2,2,2,2,2,2
120926,1,1,0,0,0,0,0,0,0,0,0,0
120926,2,1,0,0,0,0,0,0,0,0,0,0
120927,1,1,17,23,0,15,0,0,6,0,0,0
120927,2,1,0,0,0,0,0,0,0,0,0,0
120928,1,1,0,0,0,0,0,0,0,0,0,0
120928,2,1,0,0,0,0,0,6,7,0,0,0
120930,1,1,0,0,0,0,0,0,0,0,0,0
120931,1,1,0,0,0,0,0,0,0,0,0,0
120931,2,1,0,0,0,0,0,0,0,0,0,0
120932,0,1,0,0,0,0,0,0,0,0,0,0
120932,1,1,34,0,0,0,0,0,0,0,0,0
120933,1,1,25,25,25,25,25,25,25,25,25,25
120934,1,1,1,1,1,1,1,1,1,1,1,1
120935,1,1,0,0,0,0,0,0,0,0,0,0
120935,2,1,0,0,0,0,0,22,0,0,0,0
120936,1,1,0,0,0,0,0,0,0,0,0,0
120936,2,1,0,0,0,0,0,0,0,0,0,0
120937,0,1,27,9,14,0,24,0,0,0,0,0
120937,1,1,0,0,0,0,0,0,0,0,0,0
120938,1,1,9,9,9,9,9,9,9,9,9,9
120938,2,1,0,0,0,0,0,36,11,0,0,0
120939,1,1,0,0,0,0,0,9,0,0,0,0
120940,1,1,0,0,0,0,0,0,0,0,0,0
120941,0,1,0,0,0,0,18,0,0,0,0,0
120941,1,1,0,0,0,0,0,0,0,0,0,0
120942,1,1,20,0,0,0,20,0,0,16,13,37
120942,2,1,0,0,0,0,0,0,0,0,8,0
120944,1,1,0,0,31,0,0,0,0,0,0,0
120944,2,1,0,0,0,0,0,0,0,0,0,0
120945,0,1,0,0,0,0,0,0,0,0,0,0
120945,1,1,26,0,0,0,0,0,0,0,0,0
120946,1,1,10,10,10,10,10,10,10,10,10,10
120946,2,1,0,0,0,0,0,0,0,0,0,0
120947,0,1,0,0,0,0,0,0,0,6,0,0
120947,1,1,0,0,0,0,0,0,0,0,0,0
120948,1,1,0,0,0,0,0,0,0,0,0,0
120948,2,1,0,0,0,0,0,0,0,0,0,0
120950,0,1,0,0,0,0,0,0,0,0,0,0
120950,1,1,10,10,10,10,10,10,10,10,10,10
120951,1,1,19,19,19,19,19,19,19,19,19,19
120952,1,1,0,0,0,0,0,0,0,0,0,0
120952,2,1,0,0,0,0,0,0,0,0,0,0
120953,1,1,0,0,0,0,0,0,0,0,0,0
120953,2,1,0,0,0,0,0,0,0,0,0,0
120954,1,1,0,0,0,0,3,0,0,0,0,0
120955,0,1,22,22,22,22,22,22,22,22,22,22
120955,1,1,0,0,0,18,0,0,0,0,0,0
120956,0,1,15,15,15,15,15,15,15,15,15,15
120956,1,1,0,0,0,13,0,0,0,0,0,0
120957,0,1,0,12,22,0,0,0,0,15,21,13
120957,1,1,0,0,0,0,0,0,17,0,0,0
120958,1,1,0,0,0,0,0,0,0,0,10,0
120958,2,1,0,9,0,0,11,0,0,0,0,0
120959,0,1,21,21,21,21,21,21,21,21,21,21
120959,1,1,0,0,0,0,0,0,0,0,0,0
120960,1,1,13,13,13,13,13,13,13,13,13,13
120961,1,1,0,0,0,0,0,0,0,0,0,0
120962,1,1,0,0,0,0,0,0,0,0,4,0
120962,2,1,0,0,0,0,0,0,5,0,0,0
120962,3,1,0,0,0,0,0,0,0,0,0,0
120963,1,1,0,0,0,0,0,0,0,0,0,0
120964,0,1,10,0,0,0,23,27,0,0,0,13
120964,1,1,0,0,0,0,0,0,0,0,0,0
120964,2,1,0,0,17,0,0,0,0,0,0,14
120965,0,1,0,0,0,0,0,0,0,0,0,0
120965,1,1,0,0,0,0,0,0,0,0,0,0
120966,1,3,25,25,25,25,25,25,25,25,25,25
120967,0,1,0,0,0,11,0,0,0,0,0,0
120967,1,1,0,0,0,0,0,10,0,0,0,0
120968,1,1,9,9,9,9,9,9,9,9,9,9
120968,2,1,0,0,0,0,0,0,0,0,0,0
120968,3,1,0,0,0,0,0,0,0,0,0,0
120969,1,1,0,0,0,0,0,0,0,0,0,0
120969,2,1,0,0,0,0,0,0,0,0,12,0
120970,1,1,0,0,0,0,0,0,0,0,0,0
120971,1,1,23,23,23,23,23,23,23,23,23,23
120972,1,1,0,0,0,0,0,0,0,0,0,0
120973,1,1,16,16,16,16,16,16,16,16,16,16
120974,1,1,13,13,13,13,13,13,13,13,13,13
120975,1,3,0,0,20,0,4,0,26,0,0,0
120977,1,1,0,0,0,0,0,0,0,0,0,0
120978,1,1,17,17,17,17,17,17,17,17,17,17
120979,0,1,0,0,0,0,0,0,0,0,12,0
120979,1,1,0,0,0,0,10,0,0,0,0,0
120980,0,1,24,24,24,24,24,24,24,24,24,24
120980,1,1,0,0,0,0,0,0,0,0,0,0
120981,0,1,0,0,0,0,0,0,0,0,0,0
120981,1,1,0,0,0,0,0,0,0,0,0,0
120982,0,1,0,0,0,0,13,7,0,18,0,0
120982,1,1,0,9,0,0,40,0,0,0,0,0
120983,1,1,26,26,26,26,26,26,26,26,26,26
120984,1,1,0,0,0,0,0,0,0,0,0,0
120984,2,1,0,0,0,0,0,0,0,0,0,0
120985,1,1,0,0,0,0,0,0,0,0,0,0
120985,2,1,0,0,0,0,0,0,0,0,0,0
120986,0,1,0,0,34,0,0,25,0,0,0,0
120986,1,1,0,0,0,0,0,0,0,0,0,0
120987,1,1,0,0,0,0,0,0,0,0,0,0
120987,2,1,0,0,0,0,0,0,0,0,0,0
120988,1,1,0,0,0,0,0,0,0,0,0,0
120988,2,1,0,0,0,0,0,0,0,0,0,0
120989,0,1,33,33,33,33,33,33,33,33,33,33
120989,0,2,0,0,0,0,0,0,22,0,0,0
120989,1,1,0,0,0,0,0,0,0,0,0,0
120989,2,1,0,0,0,0,0,0,0,0,0,0
120989,3,1,0,0,0,0,0,0,0,0,0,0
120990,1,1,23,23,23,23,23,23,23,23,23,23
120991,1,1,0,0,0,0,0,0,0,0,0,0
120991,2,1,0,0,0,0,0,0,0,0,0,0
120992,1,1,0,0,0,0,0,0,0,0,0,0
120993,0,1,30,30,30,30,30,30,30,30,30,30
120993,1,1,0,0,0,0,0,0,0,0,0,0
120994,0,1,13,13,13,13,13,13,13,13,13,13
120994,1,1,0,27,0,0,0,0,0,0,0,0
120994,2,1,0,0,0,0,0,0,0,0,0,0
120995,0,1,16,16,16,16,16,16,16,16,16,16
120995,1,1,16,0,0,0,0,0,7,0,0,0
120996,1,1,0,0,0,14,0,0,0,0,0,0
120997,1,1,0,0,0,0,0,0,0,0,0,0
120998,0,1,16,16,16,16,16,16,16,16,16,16
120998,1,1,0,0,0,0,0,0,15,0,0,0
120999,0,1,15,15,15,15,15,15,15,15,15,15
120999,1,1,0,0,0,0,0,0,0,0,0,0
121000,1,1,0,0,0,0,0,0,0,0,0,0
121000,2,1,0,0,0,0,0,0,0,0,0,0
121002,1,1,0,0,0,0,0,0,0,0,0,0
121002,2,1,0,0,0,0,0,0,0,0,0,0
121003,1,1,0,0,0,0,0,0,0,0,0,0
121003,2,1,0,0,0,0,0,0,0,0,0,0
121004,1,1,0,0,0,0,0,0,0,0,0,0
121004,2,1,0,11,0,0,22,0,11,0,0,0
121005,0,1,0,0,0,0,0,0,0,0,0,0
121005,1,1,8,8,8,8,8,8,8,8,8,8
121006,1,1,0,0,0,0,0,0,0,0,0,0
121006,2,1,0,0,0,0,0,0,0,0,0,15
121007,0,1,42,42,42,42,42,42,42,42,42,42
121007,1,1,0,0,0,0,0,0,0,0,0,0
121008,1,1,0,0,0,0,0,0,0,0,0,0
121008,2,1,0,0,0,0,0,15,0,0,0,0
121009,1,1,0,0,0,0,0,0,0,0,0,0
121010,1,1,0,0,0,0,0,0,0,0,0,0
121010,2,1,10,0,1,0,0,0,0,0,12,0
121011,0,1,24,24,24,24,24,24,24,24,24,24
121011,1,1,6,6,6,6,6,6,6,6,6,6
121012,1,1,0,0,0,0,0,0,0,0,0,0
121013,1,1,0,0,0,0,0,0,0,0,0,0
121013,2,1,0,0,0,0,0,0,0,0,0,0
121014,1,1,0,0,0,0,0,0,0,0,0,0
121015,1,1,27,27,27,27,27,27,27,27,27,27
121016,1,1,0,0,0,0,0,0,0,0,0,0
121016,2,1,0,0,0,0,0,0,0,0,0,0
121019,1,1,18,18,18,18,18,18,18,18,18,18
121021,1,1,8,8,8,8,8,8,8,8,8,8
121021,2,1,9,0,0,0,0,0,0,0,0,0
121022,1,1,0,0,0,0,0,0,0,0,0,0
121022,2,1,0,0,0,0,0,0,0,0,0,0
121023,1,1,0,0,0,0,0,0,0,0,0,0
121023,2,1,0,0,0,0,0,0,0,0,0,0
121024,1,1,29,29,29,29,29,29,29,29,29,29
121025,0,1,0,0,12,0,0,0,0,0,0,25
121025,1,1,0,0,0,0,0,0,0,0,0,0
121026,1,1,0,0,0,0,0,0,0,0,0,0
121026,2,1,0,0,0,0,0,0,0,0,0,0
121027,1,1,0,0,0,0,0,0,0,0,0,0
121027,2,1,0,2,13,0,0,0,0,0,0,0
121028,1,1,26,26,26,26,26,26,26,26,26,26
121029,1,1,19,19,19,19,19,19,19,19,19,19
121030,1,1,9,9,9,9,9,9,9,9,9,9
121030,2,1,0,6,0,0,0,0,0,0,0,0
121031,0,1,0,0,0,0,0,0,0,0,0,0
121031,1,1,0,0,0,0,0,0,0,0,0,0
121032,1,1,16,16,16,16,16,16,16,16,16,16
121032,2,1,19,19,19,19,19,19,19,19,19,19
121033,0,1,15,15,15,15,15,15,15,15,15,15
121033,1,1,0,0,0,0,0,0,0,0,0,0
121034,1,1,7,7,7,7,7,7,7,7,7,7
121034,2,1,0,0,0,0,0,0,0,0,0,0
121035,1,1,0,0,0,0,0,0,0,0,0,0
121035,2,1,0,0,0,0,0,0,0,0,0,0
121036,1,1,0,0,0,0,0,0,0,0,0,0
121036,2,1,10,10,10,10,10,10,10,10,10,10
121037,1,1,18,18,18,18,18,18,18,18,18,18
121037,2,1,0,0,0,0,0,0,0,0,0,0
121037,3,1,0,0,0,0,0,0,0,0,0,0
121037,4,1,17,0,0,0,0,0,0,0,0,0
121037,5,1,0,0,0,0,0,0,12,0,0,0
121038,0,1,37,37,37,37,37,37,37,37,37,37
121038,1,1,0,0,0,0,0,0,0,0,0,0
121039,0,1,0,0,0,0,0,0,0,0,0,0
121039,1,1,0,0,0,0,0,0,0,0,0,0
121040,1,1,12,12,12,12,12,12,12,12,12,12
121041,0,1,0,0,0,0,0,0,0,0,0,0
121041,1,1,0,0,0,0,0,0,0,0,6,0
121042,0,1,23,23,23,23,23,23,23,23,23,23
121042,1,1,0,0,0,0,0,0,9,0,0,0
121043,1,1,0,0,0,0,0,0,0,0,0,0
121043,2,1,0,0,0,0,0,0,0,0,0,0
121044,0,1,24,24,24,24,24,24,24,24,24,24
121044,1,1,18,18,18,18,18,18,18,18,18,18
121045,0,1,0,0,0,0,0,0,0,0,0,0
121045,1,1,0,0,0,0,0,0,0,0,0,0
121046,1,1,32,32,32,32,32,32,32,32,32,32
121046,2,1,2,2,2,2,2,2,2,2,2,2
121048,0,1,34,15,33,0,22,0,31,18,0,25
121048,1,1,0,0,0,0,0,0,0,0,0,0
121049,0,1,20,20,20,20,20,20,20,20,20,20
121049,1,1,0,0,0,0,0,0,0,0,0,0
121050,1,1,0,12,0,0,0,0,0,0,0,0
121050,2,1,0,0,0,0,0,0,0,0,0,0
121051,1,1,4,0,0,0,0,0,0,0,0,0
121051,2,1,0,0,0,0,0,0,0,0,0,0
121051,3,1,0,0,0,0,0,0,0,0,0,0
121052,1,1,0,0,0,0,0,0,0,0,0,0
121052,2,1,11,11,11,11,11,11,11,11,11,11
121053,1,1,22,22,22,22,22,22,22,22,22,22
121053,2,1,0,0,0,0,0,0,0,0,0,0
121054,1,1,3,3,3,3,3,3,3,3,3,3
121054,2,1,0,0,0,0,0,0,0,0,0,0
121055,0,1,0,47,0,0,0,0,0,18,0,0
121055,0,2,0,0,0,0,0,0,11,0,0,0
121055,0,3,0,0,0,0,0,12,0,0,0,0
121055,0,4,0,0,0,0,0,9,0,0,0,0
121055,1,1,21,21,21,21,21,21,21,21,21,21
121056,0,1,0,0,0,0,0,0,0,0,0,0
121056,1,1,0,0,0,0,0,0,0,0,0,0
121057,1,1,29,29,29,29,29,29,29,29,29,29
121057,2,1,0,0,0,0,0,0,0,0,0,0
121058,0,1,0,0,0,0,0,0,0,0,0,0
121058,1,1,0,0,0,0,0,0,0,0,0,0
121059,1,1,0,37,19,15,9,0,35,17,0,18
121059,2,1,0,17,0,0,0,0,0,0,0,0
121060,1,1,0,0,0,0,0,0,0,0,0,0
121061,0,1,14,14,14,14,14,14,14,14,14,14
121061,1,1,0,10,0,0,0,0,0,0,0,0
121062,1,1,0,0,0,0,0,0,0,0,0,0
121062,2,1,0,0,0,0,0,0,0,0,0,0
121063,0,1,7,12,13,15,14,12,17,31,16,28
121063,1,1,0,0,8,0,0,0,0,0,0,0
121064,1,1,0,0,0,0,0,0,0,0,0,0
121064,2,1,0,0,0,0,0,0,0,0,0,0
121065,1,1,12,12,12,12,12,12,12,12,12,12
121066,1,1,14,14,14,14,14,14,14,14,14,14
121067,1,1,5,5,5,5,5,5,5,5,5,5
121068,1,1,0,0,0,0,0,0,0,0,0,0
121068,2,1,0,0,0,0,0,0,0,0,0,0
121069,1,1,30,30,30,30,30,30,30,30,30,30
121069,2,1,0,0,0,0,0,0,0,0,0,0
121070,1,1,0,0,0,0,0,0,0,25,0,0
121070,2,1,0,0,0,0,0,0,0,0,0,0
121070,3,1,0,0,0,0,0,0,0,0,0,0
121071,1,1,26,26,26,26,26,26,26,26,26,26
121071,2,1,0,0,0,0,0,0,0,0,0,0
121072,1,1,6,6,6,6,6,6,6,6,6,6
121073,1,1,6,6,6,6,6,6,6,6,6,6
121074,1,1,0,0,0,0,0,0,0,0,0,0
121074,2,1,0,0,0,0,0,19,0,0,0,25
121075,1,1,0,0,0,0,0,0,0,0,0,0
121075,2,1,0,0,0,0,0,0,0,0,0,0
121076,1,1,0,0,0,0,0,0,0,0,0,0
121076,2,1,0,0,0,0,0,0,0,0,0,0
121077,1,1,9,9,9,9,9,9,9,9,9,9
121078,1,1,0,21,0,0,0,21,0,0,0,0
121078,2,1,0,0,0,0,0,0,0,0,0,0
121079,1,2,0,0,0,0,0,0,0,0,0,0
121080,0,1,15,15,15,15,15,15,15,15,15,15
121080,1,1,0,0,22,0,0,0,0,0,0,0
121081,1,1,16,16,16,16,16,16,16,16,16,16
121083,1,1,24,0,0,0,0,0,7,0,0,0
121084,1,1,0,0,0,0,0,0,0,0,0,0
121084,2,1,0,0,0,0,0,0,0,0,0,0
121085,0,1,0,0,0,0,0,0,0,0,30,6
121085,1,1,0,0,0,0,0,0,0,0,0,0
121086,0,1,0,0,0,0,0,0,0,0,0,0
121086,1,1,0,0,12,5,0,0,0,0,0,0
121087,0,1,12,12,12,12,12,12,12,12,12,12
121087,1,1,0,0,14,0,23,0,0,0,0,0
121088,0,1,0,0,0,0,0,0,0,0,0,0
121088,1,1,0,0,0,0,0,0,0,0,0,0
121089,0,1,41,41,41,41,41,41,41,41,41,41
121089,1,1,0,0,0,0,0,0,0,0,0,0
121090,0,1,20,0,18,13,0,21,23,0,35,0
121090,1,1,0,0,0,0,0,0,0,0,0,0
121091,1,1,0,0,0,0,0,0,0,0,0,0
121092,0,1,0,0,0,0,0,0,0,0,0,0
121092,1,1,17,17,17,17,17,17,17,17,17,17
121093,1,1,0,0,0,0,0,0,0,0,0,0
121093,2,1,0,0,0,0,0,0,0,0,0,0
121094,1,1,18,18,18,18,18,18,18,18,18,18
121094,2,1,17,0,0,8,10,8,0,0,0,0
121095,1,1,18,18,18,18,18,18,18,18,18,18
121096,1,1,0,0,0,0,0,0,0,0,0,0
121097,1,1,0,0,0,0,0,0,0,0,0,0
121098,1,1,0,0,0,0,0,0,0,0,0,0
121098,2,1,0,0,0,0,0,0,0,0,0,0
121099,1,1,0,0,0,0,0,0,0,0,0,0
121100,1,1,0,0,0,0,0,0,0,0,0,0
121100,2,1,0,0,0,0,0,0,0,0,0,0
121102,1,1,22,22,22,22,22,22,22,22,22,22
121103,1,1,21,21,21,21,21,21,21,21,21,21
121103,2,1,0,0,0,0,17,25,0,0,20,0
121104,1,1,20,20,20,20,20,20,20,20,20,20
121105,1,1,12,12,12,12,12,12,12,12,12,12
121105,2,1,0,2,0,0,0,0,0,0,0,0
121106,1,1,0,0,0,0,0,0,0,0,0,0
121107,1,1,0,0,0,0,0,0,0,0,0,0
121108,0,1,0,0,0,0,0,0,0,0,0,0
121108,1,1,3,0,0,0,0,0,24,19,0,0
121109,0,1,0,0,0,0,0,0,0,0,0,0
121109,1,1,0,0,0,0,0,0,0,0,0,0
121110,1,1,0,0,0,0,0,0,0,0,0,0
121110,2,1,0,0,0,0,0,0,0,0,0,0
121111,1,1,20,20,20,20,20,20,20,20,20,20
121111,2,1,0,0,0,0,0,0,0,0,0,0
121112,0,1,0,0,0,0,0,0,0,0,0,0
121112,1,1,0,0,0,0,0,0,0,0,20,0
121113,1,1,19,0,0,0,0,0,0,0,0,0
121114,1,1,0,0,0,0,0,0,0,0,0,0
121115,1,1,0,0,0,0,0,0,0,0,0,0
121115,2,1,0,0,0,0,0,0,0,0,0,0
121115,3,1,0,0,0,0,0,0,0,0,0,0
121116,1,1,0,0,0,0,7,0,0,0,0,0
121116,2,1,0,0,0,0,0,0,0,0,0,0
121117,1,1,16,16,16,16,16,16,16,16,16,16
121118,1,1,4,4,4,4,4,4,4,4,4,4
121119,0,1,0,0,0,0,0,0,0,0,0,0
121119,1,1,0,0,0,0,0,0,0,0,0,0
121120,1,1,0,0,0,0,0,0,0,0,0,0
121120,2,1,0,0,0,0,0,0,0,0,0,0
121121,1,1,0,0,0,0,0,0,0,0,0,0
121121,2,1,0,0,0,0,0,0,0,0,0,0
121122,0,1,15,15,15,15,15,15,15,15,15,15
121122,1,1,0,0,0,0,0,0,0,0,0,0
121123,1,1,33,33,33,33,33,33,33,33,33,33
121124,0,1,0,0,0,0,0,0,0,0,0,0
121124,1,1,0,0,0,0,0,0,0,0,0,0
121125,1,1,0,0,0,0,0,0,0,0,0,0
121125,2,1,0,0,0,0,0,0,0,0,0,0
121126,1,1,0,0,0,0,0,0,0,0,0,0
121126,2,1,0,0,0,0,0,0,0,0,0,0
121127,1,1,0,0,0,0,0,0,0,0,0,7
121128,1,1,0,0,0,0,0,0,0,0,0,0
121128,2,1,0,0,0,0,0,0,0,0,0,0
121129,0,1,0,14,0,0,0,0,0,0,34,0
121129,1,1,0,0,0,0,0,0,0,0,0,0
121130,0,1,0,0,0,0,0,0,0,0,0,0
121130,0,2,0,0,0,0,0,0,0,0,0,0
121130,1,1,0,0,0,0,0,0,0,0,0,0
121131,1,1,16,16,16,16,16,16,16,16,16,16
121132,1,1,18,18,18,18,18,18,18,18,18,18
121132,2,1,0,0,0,0,0,0,0,0,0,0
121133,1,1,10,10,10,10,10,10,10,10,10,10
121134,1,1,0,0,0,0,0,43,0,0,0,0
121134,2,1,0,0,0,0,0,0,0,0,0,0
121135,1,1,13,13,13,13,13,13,13,13,13,13
121135,2,1,0,0,0,0,0,0,0,9,0,17
121136,1,1,22,22,22,22,22,22,22,22,22,22
121136,2,1,0,0,0,0,0,0,0,0,11,0
121137,1,1,9,9,9,9,9,9,9,9,9,9
121137,2,1,0,0,0,0,0,0,0,0,0,0
121138,1,1,0,0,0,0,0,0,0,9,0,0
121138,2,1,0,0,0,0,0,0,0,0,0,0
121139,1,1,0,25,0,0,0,11,0,0,0,0
121139,2,1,0,0,0,0,15,0,0,0,0,32
121140,1,1,11,11,11,11,11,11,11,11,11,11
121141,1,1,17,17,17,17,17,17,17,17,17,17
121142,1,1,0,0,0,0,0,0,0,0,0,0
121144,1,1,0,0,0,0,0,0,0,8,0,0
121144,2,1,0,0,0,0,0,0,0,0,0,0
121145,1,1,11,11,11,11,11,11,11,11,11,11
121145,2,1,0,0,0,0,0,0,0,0,0,0
121146,1,1,0,0,0,0,0,0,0,0,0,0
121147,1,1,0,0,0,0,0,0,0,0,0,0
121147,2,1,0,0,0,0,0,0,0,0,0,0
121148,1,1,60,60,60,60,60,60,60,60,60,60
121149,0,1,0,0,0,0,0,0,0,0,0,0
121149,1,1,0,0,0,0,0,0,0,0,0,0
121150,1,1,3,3,3,3,3,3,3,3,3,3
121151,1,1,0,0,0,0,0,0,0,0,0,0
121151,2,1,0,0,0,0,0,17,0,0,19,0
121152,0,1,0,0,0,0,0,0,0,0,0,0
121152,1,1,0,0,0,0,0,0,0,0,0,0
121153,1,1,13,13,13,13,13,13,13,13,13,13
121154,0,1,0,0,0,0,0,0,0,0,0,0
121154,1,1,0,0,0,0,0,0,0,0,0,0
121155,0,1,18,18,18,18,18,18,18,18,18,18
121155,1,1,14,0,0,0,0,0,0,0,0,0
121156,1,1,0,17,0,0,0,0,0,0,0,0
121156,2,1,0,12,0,15,0,0,0,11,0,0
121157,0,1,0,0,0,0,0,0,0,0,0,0
121157,1,1,0,0,0,0,0,0,0,0,0,0
121158,0,1,0,0,0,24,0,0,0,0,0,0
121158,1,1,0,0,0,0,0,0,0,0,10,0
121159,0,1,0,9,0,0,0,0,0,0,0,0
121159,1,1,0,0,0,0,0,0,0,0,0,0
121160,1,1,24,24,24,24,24,24,24,24,24,24
121160,2,1,0,0,0,0,0,0,0,0,0,0
121161,1,1,0,0,0,0,0,0,0,0,0,0
121162,1,1,0,0,0,0,0,0,0,0,0,0
121162,2,1,32,32,32,32,32,32,32,32,32,32
121163,0,1,0,0,0,0,0,0,0,0,0,0
121163,1,1,0,0,0,0,0,0,0,0,0,0
121164,0,1,12,0,0,13,0,0,0,0,0,0
121164,1,1,0,0,0,0,0,0,0,0,0,0
121165,1,1,5,5,5,5,5,5,5,5,5,5
121166,0,1,0,0,0,0,0,0,0,0,0,0
121166,1,1,0,0,0,0,0,0,0,0,0,0
121167,1,1,0,0,0,0,0,0,0,0,0,10
121167,2,1,0,0,0,0,0,0,0,0,0,0
121168,1,1,0,0,0,0,0,0,0,0,0,0
121169,1,1,26,26,26,26,26,26,26,26,26,26
121170,1,1,0,0,0,0,0,0,0,0,0,0
121170,2,1,0,0,0,0,0,0,0,0,0,0
121171,1,1,0,0,14,0,0,0,0,0,0,0
121172,0,1,0,27,23,15,22,13,7,0,0,0
121172,1,1,0,0,0,0,0,0,0,0,0,0
121173,1,1,0,0,0,0,0,0,0,0,0,0
121174,1,1,10,10,10,10,10,10,10,10,10,10
121175,1,1,22,22,22,22,22,22,22,22,22,22
121176,1,1,0,0,0,0,0,0,0,0,0,0
121176,2,1,0,0,0,0,0,0,0,0,0,0
121176,3,1,0,0,0,0,0,0,0,0,0,0
121177,1,1,40,40,40,40,40,40,40,40,40,40
121177,2,1,0,0,0,0,0,0,0,0,0,0
121178,1,1,14,14,14,14,14,14,14,14,14,14
121178,2,1,0,0,0,0,0,0,0,0,0,0
121179,1,1,13,13,13,13,13,13,13,13,13,13
121180,1,1,0,0,0,0,0,0,0,0,0,0
121180,2,1,7,0,0,0,0,0,0,0,0,0
121181,1,1,15,15,15,15,15,15,15,15,15,15
121181,2,1,0,0,0,0,0,0,0,0,0,0
121182,1,1,0,0,0,0,0,0,0,0,0,0
121183,0,1,38,27,0,20,30,24,0,26,13,0
121183,1,1,0,0,0,0,0,0,0,0,0,0
121184,1,1,0,0,0,0,0,0,0,0,0,0
121184,2,1,0,0,0,0,0,0,0,0,0,0
121185,1,1,15,15,15,15,15,15,15,15,15,15
121186,1,1,0,0,0,0,19,0,0,0,0,0
121186,2,1,0,0,0,0,0,0,0,0,0,0
121187,1,1,0,0,0,0,0,0,0,0,0,0
121187,2,1,0,0,0,0,0,0,0,0,0,0
121188,1,1,0,0,0,0,0,0,0,0,0,0
121188,2,1,0,0,0,0,0,0,0,0,0,0
121189,1,1,0,0,0,0,0,0,0,0,0,0
121190,1,1,0,0,0,0,0,0,0,0,0,0
121191,1,1,0,0,0,0,22,0,0,0,0,0
121191,2,1,0,0,0,0,0,0,0,0,0,0
121192,0,1,0,0,0,10,0,0,0,0,0,0
121192,1,1,0,0,0,0,0,0,0,0,0,0
121193,1,1,0,0,0,0,0,0,0,0,0,0
121193,2,1,0,0,0,0,0,0,0,0,0,0
121194,1,1,0,0,0,0,0,0,0,0,0,0
121194,2,1,0,0,0,0,0,0,0,0,0,0
121195,1,1,0,0,0,0,0,0,0,0,0,0
121196,0,1,30,27,27,25,28,23,18,9,18,17
121196,1,1,0,0,0,0,0,0,0,0,0,0
121197,1,1,17,6,14,15,19,17,3,22,20,25
121198,1,1,0,0,0,0,0,0,0,0,0,0
121198,2,1,0,0,0,0,0,0,0,0,0,0
121199,0,1,0,0,0,0,0,0,0,0,0,0
121199,1,1,0,0,0,0,0,0,0,0,0,0
121200,1,1,0,0,0,0,0,0,0,0,0,0
121200,2,1,0,0,0,0,0,0,0,0,0,0
121201,1,1,14,10,18,31,12,32,17,27,27,12
121202,1,1,0,0,0,0,0,0,0,6,0,0
121202,2,1,0,0,0,0,0,0,0,0,0,0
121203,1,1,0,0,0,0,0,0,0,0,0,0
121203,2,1,0,0,0,0,0,0,0,0,0,0
121204,1,1,0,0,0,0,0,0,0,0,0,0
121205,0,1,0,0,0,0,0,0,0,0,0,0
121205,0,2,0,0,0,0,0,0,0,0,0,0
121205,1,1,0,0,4,0,0,0,0,0,0,0
121206,1,1,18,18,18,18,18,18,18,18,18,18
121207,0,1,34,34,34,34,34,34,34,34,34,34
121207,1,1,0,0,0,0,0,0,0,0,0,0
121208,1,1,24,24,24,24,24,24,24,24,24,24
121209,1,1,0,0,0,0,0,0,0,0,0,0
121209,2,1,0,0,0,0,14,0,26,0,0,0
121210,1,1,18,18,18,18,18,18,18,18,18,18
121210,2,1,0,0,0,0,0,12,0,0,0,0
121211,1,1,0,0,0,0,0,0,0,0,0,0
121212,1,1,2,2,2,2,2,2,2,2,2,2
121213,0,1,0,0,0,0,0,0,0,0,0,0
121213,1,1,0,0,28,11,0,20,13,0,0,0
121214,1,1,0,0,0,0,0,29,0,0,0,0
121214,2,1,0,0,0,0,0,0,0,0,0,0