ST_CASE,VEH_NO,PER_NO,P1,P2,P3,P4,P5,P6,P7,P8,P9,P10
121215,1,1,0,0,12,0,0,0,0,0,11,16
121216,1,1,0,0,0,0,0,0,0,0,0,0
121216,2,1,0,0,0,0,0,0,0,0,0,0
121217,0,1,1,1,1,1,1,1,1,1,1,1
121217,1,1,0,0,0,0,0,0,0,0,0,0
121219,1,1,0,0,0,0,0,0,0,0,0,0
121220,1,1,27,27,27,27,27,27,27,27,27,27
121221,1,1,0,0,0,0,0,0,0,0,0,0
121222,1,1,0,0,0,0,0,0,0,0,0,0
121222,2,1,0,0,0,0,0,0,0,0,0,0
121223,0,1,0,0,0,0,0,0,0,0,0,0
121223,1,1,0,0,0,0,0,0,0,0,0,0
121224,1,1,22,22,22,22,22,22,22,22,22,22
121225,1,1,0,0,0,0,0,0,0,0,0,0
121226,1,1,15,15,15,15,15,15,15,15,15,15
121227,1,1,23,10,26,11,12,29,0,13,12,0
121228,1,1,0,0,0,0,0,0,0,0,0,0
121229,1,1,0,0,0,0,0,0,0,0,0,0
121229,2,1,1,1,1,1,1,1,1,1,1,1
121230,1,1,0,0,18,0,0,0,0,0,0,0
121231,1,1,0,0,0,0,0,0,0,0,0,0
121232,1,1,19,19,19,19,19,19,19,19,19,19
121233,1,1,0,0,0,0,0,0,0,0,0,0
121233,2,1,0,0,0,0,0,0,0,0,0,0
121234,1,1,15,15,15,15,15,15,15,15,15,15
121234,2,1,0,11,0,0,0,0,0,0,0,0
121235,1,1,0,0,0,0,0,0,0,0,0,0
121235,2,1,0,0,0,0,0,0,0,0,0,0
121236,1,1,29,29,29,29,29,29,29,29,29,29
121237,1,1,32,32,32,32,32,32,32,32,32,32
121238,1,1,20,20,20,20,20,20,20,20,20,20
121238,2,1,0,0,0,0,0,0,0,0,0,0
121239,0,1,4,4,4,4,4,4,4,4,4,4
121239,1,1,0,0,0,0,0,0,0,0,0,0
121240,1,1,0,0,0,0,0,0,0,0,0,0
121241,1,1,24,15,0,0,36,16,19,0,0,0
121242,0,1,0,0,0,0,7,0,0,6,0,0
121242,0,2,0,0,0,0,0,13,21,0,0,0
121242,0,3,0,8,0,0,0,0,0,0,0,0
121242,0,4,0,0,0,0,0,0,21,0,0,0
121242,1,1,0,0,0,0,0,0,0,0,0,0
121242,2,1,0,0,0,0,0,0,0,0,0,0
121243,1,1,10,10,10,10,10,10,10,10,10,10
121244,1,1,0,0,0,0,0,0,0,22,0,0
121244,2,1,0,0,0,0,0,0,0,0,0,0
121245,1,1,0,0,0,0,0,0,0,0,0,0
121246,1,1,0,0,0,0,0,0,0,0,0,0
121246,2,1,0,0,0,0,0,0,0,0,0,0
121247,1,1,0,0,0,5,0,0,0,0,0,0
121248,1,1,0,0,0,0,0,0,0,0,0,0
121249,1,1,19,19,19,19,19,19,19,19,19,19
121249,2,1,22,0,0,0,8,0,0,11,0,0
121251,0,1,0,0,0,0,0,0,0,0,0,0
121251,1,1,0,0,0,0,0,0,0,0,0,0
121252,0,1,0,0,0,0,0,0,0,0,0,0
121252,1,1,0,0,0,0,0,0,0,0,0,0
121253,1,1,0,0,0,0,0,0,0,0,0,0
121253,2,1,0,0,0,0,0,0,0,0,0,0
121254,2,1,0,0,0,0,0,0,0,0,5,0
121254,3,1,0,0,0,0,0,0,0,0,0,0
121255,1,1,0,0,0,0,0,0,0,0,0,0
121255,2,1,0,0,0,0,0,0,0,0,0,0
121256,0,1,5,5,5,5,5,5,5,5,5,5
121256,1,1,0,0,0,0,9,0,0,0,0,0
121257,1,1,0,0,0,0,0,0,0,0,0,0
121257,2,1,0,0,0,0,0,0,0,0,0,0
121258,1,1,0,0,0,0,0,0,0,0,0,0
121258,2,1,0,0,0,0,0,0,0,0,0,0
121259,1,1,0,0,0,0,0,22,0,0,0,0
121259,2,1,0,0,0,0,0,0,0,0,0,0
121260,1,1,0,0,0,0,0,0,0,0,0,0
121261,1,1,0,8,0,0,0,0,0,0,0,0
121261,2,1,0,0,0,0,0,0,0,0,0,0
121262,1,1,0,0,0,0,0,0,0,0,0,0
121262,2,1,0,0,0,0,0,0,0,0,0,0
121264,0,1,0,0,0,0,0,0,0,0,0,0
121264,1,1,0,0,0,0,0,0,0,0,0,0
121264,2,1,0,0,0,0,0,0,0,0,0,0
121265,1,1,0,0,0,0,0,0,0,0,0,0
121265,2,1,0,0,0,0,0,0,0,0,0,0
121266,1,1,0,0,0,0,0,0,0,0,0,0
121266,2,1,0,0,0,0,0,0,0,0,0,0
121267,1,1,0,0,0,0,0,0,0,0,0,0
121268,0,1,0,0,0,0,0,0,0,0,0,0
121268,1,1,0,0,0,0,0,0,0,0,0,0
121269,1,1,0,0,16,31,0,0,27,0,0,0
121270,1,1,0,0,0,0,0,0,0,0,0,0
121272,1,1,0,22,0,0,0,0,0,0,0,0
121273,1,1,0,0,0,0,0,0,0,0,0,0
121274,0,1,0,0,0,0,0,0,0,0,0,0
121274,1,1,0,0,0,0,0,0,0,0,0,0
121275,0,1,0,0,0,0,0,0,0,0,0,0
121275,1,1,0,0,0,0,16,0,0,21,0,0
121276,1,1,0,0,0,0,0,0,0,0,0,0
121276,2,1,0,0,0,0,0,0,0,0,0,0
121277,1,1,0,0,0,0,0,0,0,0,0,0
121278,1,1,0,0,0,0,0,0,0,0,0,0
121279,0,1,0,0,0,0,0,0,0,0,0,0
121279,0,2,1,1,1,1,1,1,1,1,1,1
121279,1,1,0,0,0,0,0,0,0,0,0,0
121281,0,1,18,18,18,18,18,18,18,18,18,18
121281,1,1,0,0,0,0,0,0,0,0,0,0
121282,0,1,0,11,0,0,13,0,33,0,13,0
121282,1,1,0,0,0,0,0,20,16,0,0,0
121283,0,1,0,0,0,0,0,0,23,0,0,0
121283,1,1,0,0,0,0,0,0,0,0,0,0
121284,0,1,28,23,11,0,10,0,0,19,0,0
121284,1,1,0,0,0,0,18,0,0,0,0,0
121285,1,1,18,18,18,18,18,18,18,18,18,18
121286,1,1,0,0,0,0,0,0,0,0,0,0
121287,0,1,0,0,0,0,0,0,0,0,0,0
121287,1,1,0,0,0,0,0,0,0,0,0,0
121288,1,1,11,11,11,11,11,11,11,11,11,11
121289,1,1,12,12,12,12,12,12,12,12,12,12
121290,0,1,0,0,0,0,0,0,0,0,0,0
121290,1,1,0,0,0,0,0,0,0,0,0,0
121291,0,1,0,0,0,0,0,16,17,0,0,32
121291,1,1,0,0,0,0,0,0,0,0,0,0
121292,0,1,33,33,33,33,33,33,33,33,33,33
121292,1,1,0,0,0,0,0,0,0,0,0,0
121293,1,1,0,0,0,0,0,0,0,0,0,0
121293,2,1,0,0,0,0,0,0,0,0,0,0
121294,1,1,0,0,0,0,0,0,0,0,0,0
121294,2,1,0,0,0,0,0,0,0,0,0,0
121295,1,1,0,0,0,0,0,0,0,0,0,0
121295,2,1,0,0,0,0,0,0,0,0,0,0
121296,1,1,24,24,24,24,24,24,24,24,24,24
121296,2,1,0,0,0,0,0,0,0,0,0,0
121297,1,1,0,0,0,0,0,0,0,0,0,0
121298,1,1,0,0,0,0,0,0,0,0,0,0
121298,2,1,0,0,0,0,0,0,0,0,0,0
121299,1,1,24,24,24,24,24,24,24,24,24,24
121300,1,1,0,0,0,0,0,0,0,0,0,0
121300,2,1,0,0,0,0,0,0,0,0,0,0
121301,1,1,18,18,18,18,18,18,18,18,18,18
121301,2,1,0,0,0,0,0,0,0,0,0,0
121302,1,1,0,0,0,0,0,0,0,0,0,0
121303,1,1,0,0,0,0,0,0,0,0,0,0
121304,0,1,4,4,4,4,4,4,4,4,4,4
121304,1,1,0,9,0,0,0,0,0,0,0,0
121305,0,1,37,37,37,37,37,37,37,37,37,37
121305,1,1,0,0,0,0,0,0,0,0,0,13
121306,1,1,0,0,0,0,0,0,0,0,0,0
121306,2,1,0,0,0,0,0,0,0,0,14,0
121307,0,1,0,0,0,0,0,0,0,0,0,0
121307,1,1,0,0,0,0,0,0,0,0,0,0
121308,1,1,20,20,20,20,20,20,20,20,20,20
121308,2,1,17,17,17,17,17,17,17,17,17,17
121309,1,1,0,0,0,0,0,0,0,0,0,0
121309,2,1,9,0,0,0,0,0,0,7,0,13
121310,1,1,16,16,16,16,16,16,16,16,16,16
121311,1,1,0,0,0,0,0,0,0,0,0,0
121312,1,1,0,0,0,0,0,0,0,0,0,0
121312,2,1,0,0,0,0,0,0,0,0,0,0
121313,1,1,0,0,0,0,0,0,0,0,0,0
121313,2,1,0,0,21,13,0,5,0,0,0,18
121314,1,1,0,0,0,0,0,0,0,0,0,0
121314,2,1,0,0,0,0,0,0,0,0,0,0
121315,1,1,11,11,11,11,11,11,11,11,11,11
121316,0,1,0,0,0,0,0,0,0,0,0,0
121316,1,1,0,0,0,0,0,0,0,0,0,0
121317,1,1,6,6,6,6,6,6,6,6,6,6
121318,1,1,13,13,13,13,13,13,13,13,13,13
121319,0,1,20,20,20,20,20,20,20,20,20,20
121319,1,1,12,12,12,12,12,12,12,12,12,12
121320,1,1,0,0,0,0,0,0,0,0,0,0
121321,0,1,0,0,0,0,0,0,0,0,0,0
121321,1,1,0,0,0,0,0,0,0,0,0,0
121322,1,1,9,9,9,9,9,9,9,9,9,9
121323,1,1,0,0,0,0,0,0,0,0,0,0
121323,2,1,0,0,0,0,0,0,0,0,0,0
121324,0,1,0,0,0,0,0,0,0,0,0,0
121324,1,1,0,0,0,0,0,0,0,0,0,0
121325,0,1,0,0,0,0,0,0,8,11,0,0
121325,1,1,0,0,0,0,0,0,0,0,0,0
121326,0,1,0,0,33,0,0,22,0,20,17,14
121326,1,1,8,8,8,8,8,8,8,8,8,8
121327,0,1,35,7,44,27,15,14,26,0,14,20
121327,1,1,0,0,0,0,0,0,0,0,0,0
121328,1,1,0,0,0,0,0,0,0,0,0,0
121329,1,1,0,0,0,0,0,0,0,0,0,0
121329,2,1,0,0,0,0,0,0,0,0,0,0
121330,1,1,0,0,22,0,0,18,0,0,0,0
121330,2,1,0,9,0,0,0,0,0,0,0,0
121331,1,1,0,0,0,0,0,0,0,0,0,0
121331,2,1,0,0,0,0,0,0,0,0,0,0
121332,0,1,49,19,33,24,31,21,16,16,24,0
121332,1,1,0,0,0,0,0,0,0,0,0,0
121333,1,1,0,0,0,0,0,0,0,0,0,0
121333,2,1,0,0,0,0,0,0,0,0,0,0
121334,0,1,0,0,0,0,0,0,0,0,0,0
121334,1,1,0,0,0,0,0,0,0,0,0,0
121335,1,1,20,8,0,0,0,0,0,0,0,0
121335,2,1,0,0,0,0,0,0,0,0,0,0
121336,1,1,0,0,0,0,0,0,0,0,0,0
121336,2,1,0,0,0,0,0,0,0,0,0,0
121337,1,1,0,0,0,0,0,0,0,0,0,0
121338,1,1,0,0,0,0,0,0,0,0,0,0
121338,2,1,0,0,0,0,0,0,0,1,0,0
121339,1,1,20,20,20,20,20,20,20,20,20,20
121339,2,1,0,0,0,0,0,0,0,0,0,25
121340,1,1,0,0,0,0,0,0,0,0,0,0
121340,2,1,0,0,0,0,0,0,0,0,0,0
121341,1,1,0,0,0,0,0,0,0,0,0,0
121341,2,1,0,0,0,0,0,0,0,0,0,0
121342,0,1,0,0,0,0,0,0,0,0,0,0
121342,1,1,0,0,0,0,0,0,0,0,0,0
121343,1,1,25,25,25,25,25,25,25,25,25,25
121343,2,1,0,0,0,0,0,0,0,0,0,0
121344,1,1,30,30,30,30,30,30,30,30,30,30
121345,1,1,0,0,0,0,0,0,15,0,0,0
121345,2,1,0,0,0,0,0,0,0,0,0,0
121346,1,1,0,0,0,0,0,0,0,0,0,0
121346,2,1,0,0,0,0,0,0,0,0,0,0
121347,1,1,18,18,18,18,18,18,18,18,18,18
121348,1,1,0,0,0,0,0,0,0,0,0,0
121348,2,1,0,0,0,0,0,0,0,0,0,0
121349,1,1,0,0,0,0,0,0,0,0,0,0
121349,2,1,2,5,0,0,0,0,0,0,0,0
121350,1,1,15,15,15,15,15,15,15,15,15,15
121351,1,1,23,23,23,23,23,23,23,23,23,23
121351,2,1,11,11,11,11,11,11,11,11,11,11
121352,1,1,0,0,0,0,0,0,0,0,0,0
121352,2,1,0,0,0,0,0,0,0,0,0,0
121353,0,1,0,0,0,0,0,0,0,0,0,0
121353,1,1,0,0,0,0,0,0,0,0,0,0
121354,0,1,26,26,26,26,26,26,26,26,26,26
121354,1,1,0,0,0,0,0,0,0,0,0,0
121355,1,1,0,0,0,0,0,0,0,0,0,0
121357,1,1,0,0,0,0,0,0,0,0,0,0
121358,0,1,0,0,0,0,0,0,0,0,0,0
121358,1,1,0,0,0,0,0,0,0,0,0,0
121359,1,1,0,0,0,0,0,0,0,0,0,0
121360,1,1,6,6,6,6,6,6,6,6,6,6
121360,2,1,0,0,8,0,0,0,0,0,0,0
121361,1,1,8,8,8,8,8,8,8,8,8,8
121361,2,1,0,0,0,0,0,0,0,0,0,0
121362,0,1,0,0,0,0,0,0,0,0,0,0
121362,1,1,0,0,0,0,0,0,0,0,0,0
121363,1,1,10,10,10,10,10,10,10,10,10,10
121364,1,1,20,20,20,20,20,20,20,20,20,20
121364,2,1,0,0,11,0,0,0,12,0,0,0
121364,3,1,0,0,12,0,0,0,0,0,0,0
121365,1,1,0,0,0,0,0,0,0,0,0,0
121365,2,1,0,0,0,0,0,0,0,0,0,0
121366,0,1,33,33,33,33,33,33,33,33,33,33
121366,1,1,2,2,2,2,2,2,2,2,2,2
121368,0,1,2,2,2,2,2,2,2,2,2,2
121368,1,1,0,0,0,0,0,0,0,0,0,0
121369,1,1,0,0,0,0,0,0,0,0,0,0
121369,2,1,0,0,0,0,0,0,0,0,0,0
121370,0,1,0,0,0,0,0,0,0,0,0,0
121370,1,1,0,0,0,0,0,0,0,0,0,0
121371,1,1,13,13,13,13,13,13,13,13,13,13
121371,2,1,0,0,0,8,0,19,0,0,0,0
121373,1,1,0,4,0,0,0,0,12,0,0,0
121373,2,1,0,35,0,0,0,0,0,0,0,0
121374,1,1,26,26,26,26,26,26,26,26,26,26
121374,2,1,0,0,0,0,0,0,0,0,0,0
121375,1,1,0,0,14,8,0,0,29,0,0,0
121376,1,1,19,19,19,19,19,19,19,19,19,19
121377,1,1,16,16,16,16,16,16,16,16,16,16
121378,0,1,0,0,0,0,0,0,0,0,0,0
121378,1,1,0,0,0,0,0,0,0,0,0,0
121379,1,1,0,0,0,0,0,0,0,0,0,0
121379,2,1,0,0,0,0,0,0,0,0,0,0
121379,3,1,0,0,0,0,0,0,0,0,0,0
121380,1,1,0,0,0,0,0,0,0,0,0,0
121380,2,1,0,0,0,0,0,0,0,0,0,0
121382,0,1,22,22,22,22,22,22,22,22,22,22
121382,1,1,0,0,0,0,0,0,0,0,0,0
121383,1,1,0,0,0,0,0,0,0,0,0,0
121383,2,1,0,0,0,0,0,0,0,0,0,0
121383,4,1,0,0,0,0,0,0,0,0,0,0
121383,5,1,0,0,0,0,0,0,0,0,0,0
121384,0,1,0,0,0,0,0,0,0,0,0,0
121384,1,1,16,16,16,16,16,16,16,16,16,16
121385,1,1,15,15,15,15,15,15,15,15,15,15
121386,1,1,0,0,0,0,0,0,0,0,0,0
121387,1,1,0,0,0,0,0,0,0,8,0,6
121388,1,1,9,9,9,9,9,9,9,9,9,9
121388,2,1,0,0,0,0,0,0,0,0,0,0
121388,3,1,0,0,0,0,0,0,0,0,0,0
121389,1,1,0,0,0,0,0,0,0,0,0,0
121390,0,1,0,0,0,0,0,0,0,0,0,0
121390,1,1,17,0,0,0,0,0,0,0,0,6
121391,1,1,0,0,0,0,0,0,0,0,0,0
121391,2,1,0,0,0,0,0,0,0,0,0,0
121392,1,1,0,0,0,0,0,0,0,0,0,0
121392,2,1,0,0,0,0,0,0,0,0,0,0
121392,3,1,0,0,0,0,0,0,0,0,0,0
121393,1,1,7,7,7,7,7,7,7,7,7,7
121394,1,1,21,21,21,21,21,21,21,21,21,21
121395,1,1,0,0,0,3,0,0,0,0,0,0
121396,1,4,11,0,0,0,41,17,22,0,9,21
121397,0,1,0,0,0,0,0,3,0,0,0,24
121397,1,1,0,0,0,0,0,0,0,0,12,0
121398,1,1,0,0,4,0,0,0,0,0,0,0
121398,2,1,0,0,0,0,0,0,0,0,0,0
121399,0,1,25,0,26,10,18,42,0,0,0,0
121399,1,1,0,0,0,0,0,0,0,0,0,0
121400,1,1,0,0,0,0,0,0,0,0,0,0
121400,2,1,0,0,0,0,0,0,0,0,0,0
121400,3,1,0,0,0,0,0,0,0,0,0,0
121401,0,1,22,22,22,22,22,22,22,22,22,22
121401,1,1,0,0,0,0,0,0,0,0,0,0
121403,1,1,0,0,0,0,0,27,0,0,0,0
121403,2,1,0,0,0,0,0,14,16,0,0,0
121404,1,1,0,0,0,0,0,0,0,0,0,0
121404,2,1,0,0,0,0,0,0,0,0,0,0
121405,1,1,14,14,14,14,14,14,14,14,14,14
121406,1,1,0,0,0,0,0,0,0,0,0,0
121406,2,1,0,0,0,0,0,0,0,0,0,0
121407,1,1,0,0,0,0,0,0,0,0,0,0
121408,1,1,0,0,0,7,10,26,13,34,4,0
121409,1,1,0,0,0,0,0,0,0,0,0,0
121410,1,1,0,0,0,0,9,0,0,0,0,0
121410,2,1,17,0,0,0,0,0,8,0,0,0
121411,1,1,8,8,8,8,8,8,8,8,8,8
121412,1,1,18,21,15,0,0,0,0,41,0,12
121412,2,1,0,0,0,0,0,0,0,0,0,11
121413,1,1,38,38,38,38,38,38,38,38,38,38
121414,0,1,0,0,0,0,0,0,0,0,0,0
121414,1,1,0,0,0,0,0,0,0,0,0,0
121415,1,1,25,25,25,25,25,25,25,25,25,25
121416,0,1,16,40,0,28,0,0,0,0,0,0
121416,0,2,0,0,0,0,0,0,0,0,0,0
121416,1,1,0,17,0,0,0,0,0,0,0,0
121417,1,1,0,0,13,0,0,0,0,0,0,0
121417,2,1,0,0,0,0,0,0,0,0,0,0
121418,1,1,19,19,19,19,19,19,19,19,19,19
121419,1,1,24,24,24,24,24,24,24,24,24,24
121420,0,1,11,13,12,0,23,0,16,0,19,21
121420,1,1,23,23,23,23,23,23,23,23,23,23
121421,1,1,0,0,0,0,0,0,0,0,0,0
121421,2,1,0,0,0,0,3,0,0,0,0,0
121422,0,1,21,21,21,21,21,21,21,21,21,21
121422,1,1,0,0,0,0,0,0,0,0,0,0
121423,0,1,0,0,0,0,13,0,7,7,0,0
121424,0,1,36,27,10,27,33,13,22,0,17,30
121424,0,2,20,25,10,21,17,9,20,31,13,36
121424,1,1,24,26,0,18,0,28,26,17,28,21
121425,1,1,0,0,0,0,0,0,0,0,0,0
121425,2,1,0,0,0,0,0,0,0,0,0,0
121426,1,1,23,23,23,23,23,23,23,23,23,23
121426,2,1,0,0,0,0,0,0,0,0,0,0
121427,1,1,12,21,0,5,10,0,12,11,5,26
121427,2,1,11,25,0,0,0,11,12,0,8,0
121428,0,1,14,14,14,14,14,14,14,14,14,14
121428,1,1,0,0,0,0,0,0,0,0,0,0
121429,1,1,0,0,0,0,0,0,0,0,0,0
121429,2,1,0,0,0,0,0,0,0,0,0,0
121430,1,1,0,0,0,0,0,0,0,0,0,0
121431,1,1,0,0,0,0,0,0,0,0,0,0
121431,2,1,0,0,0,0,0,0,0,0,0,0
121431,3,1,0,0,0,0,0,0,0,0,0,0
121432,1,1,22,22,22,22,22,22,22,22,22,22
121433,1,1,0,0,0,0,0,0,0,0,0,0
121433,2,1,0,0,0,0,0,0,0,0,0,0
121434,0,1,0,0,0,14,0,0,3,10,40,0
121434,1,1,0,0,0,0,0,0,0,0,0,0
121435,1,1,18,18,18,18,18,18,18,18,18,18
121436,1,1,22,22,22,22,22,22,22,22,22,22
121436,2,1,0,0,0,15,0,0,0,0,0,20
121437,1,1,4,4,4,4,4,4,4,4,4,4
121438,1,1,26,26,26,26,26,26,26,26,26,26
121439,0,1,33,33,33,33,33,33,33,33,33,33
121439,1,1,0,0,0,0,0,0,0,0,0,0
121440,1,1,0,0,0,0,0,0,0,0,0,0
121441,1,1,0,0,0,0,0,0,0,0,0,0
121441,2,1,0,0,0,0,0,0,0,0,0,0
121441,3,1,0,0,0,0,0,0,0,0,0,0
121442,1,1,24,12,30,0,8,7,0,0,0,31
121443,0,1,0,0,21,0,0,0,0,0,13,5
121443,1,1,0,0,0,0,31,0,0,0,10,0
121443,2,1,0,0,0,7,0,0,0,0,0,0
121444,1,1,0,0,0,0,0,0,0,0,0,0
121444,2,1,0,0,0,0,0,0,0,0,0,0
121445,1,1,0,0,0,0,0,0,0,0,0,0
121445,2,1,22,22,22,22,22,22,22,22,22,22
121446,1,1,0,0,0,0,0,0,0,0,0,0
121446,2,1,0,0,0,0,0,0,6,0,0,0
121447,1,1,12,12,12,12,12,12,12,12,12,12
121448,0,1,0,0,0,0,0,0,0,0,0,0
121448,1,1,3,3,3,3,3,3,3,3,3,3
121449,1,1,0,6,0,0,0,0,4,0,2,6
121449,2,1,0,0,0,0,0,0,0,0,0,0
121450,1,1,0,0,0,0,12,0,0,0,0,9
121451,1,1,0,0,0,0,0,0,0,0,0,0
121451,2,1,14,0,0,0,0,6,0,4,0,14
121452,1,1,12,12,12,12,12,12,12,12,12,12
121453,1,1,20,20,20,20,20,20,20,20,20,20
121453,2,1,0,0,0,0,0,0,0,0,0,0
121454,1,1,14,14,14,14,14,14,14,14,14,14
121454,2,1,0,0,0,0,0,0,0,0,0,0
121455,1,1,0,0,0,0,0,0,0,0,0,0
121456,1,1,0,0,0,0,0,0,0,0,0,0
121457,1,1,0,0,0,0,0,0,0,0,0,0
121457,2,1,0,0,0,0,0,0,0,0,0,0
121458,0,1,7,7,7,7,7,7,7,7,7,7
121458,1,1,0,0,0,0,0,0,0,0,0,0
121459,0,1,0,0,0,0,13,0,0,0,0,0
121459,0,2,0,0,0,0,0,0,0,0,0,0
121459,1,1,0,0,0,0,0,0,0,0,0,0
121461,1,1,1,1,1,1,1,1,1,1,1,1
121462,1,1,0,0,0,0,0,0,0,0,0,0
121462,2,1,0,0,0,0,0,0,0,8,0,0
121463,1,1,0,0,0,0,0,0,0,0,0,0
121463,2,1,0,0,0,0,0,0,0,0,0,0
121464,1,1,22,22,22,22,22,22,22,22,22,22
121465,1,1,0,0,0,0,3,0,0,0,0,14
121465,2,1,0,0,0,0,0,0,0,0,0,0
121466,1,1,0,0,0,0,0,0,0,0,0,0
121467,1,1,0,0,0,0,0,0,0,0,0,0
121467,2,1,5,5,5,5,5,5,5,5,5,5
121468,1,1,0,0,0,0,0,0,0,0,0,0
121468,2,1,0,15,0,0,0,0,0,0,0,0
121469,1,1,0,17,0,0,0,0,0,0,0,20
121470,1,1,23,23,23,23,23,23,23,23,23,23
121471,0,1,0,36,0,0,0,0,0,0,0,0
121471,1,1,6,6,6,6,6,6,6,6,6,6
121472,0,1,0,0,0,0,0,0,0,0,0,0
121472,1,1,20,20,20,20,20,20,20,20,20,20
121473,1,1,0,0,0,0,0,0,0,0,0,0
121473,2,1,6,0,0,0,0,0,0,0,0,0
121473,3,1,0,0,0,0,0,0,0,0,0,0
121473,4,1,0,0,0,0,0,0,0,0,0,0
121474,0,1,0,0,0,0,0,0,0,0,0,0
121474,1,1,0,0,0,0,0,0,0,0,0,0
121475,1,1,0,0,0,0,0,0,0,0,0,0
121476,1,1,0,0,0,0,0,0,0,0,0,0
121476,2,1,0,0,0,0,0,0,0,0,0,0
121477,0,1,0,0,0,0,0,0,0,0,0,0
121477,1,1,0,0,0,0,0,0,0,0,0,0
121478,1,1,0,0,0,0,0,0,0,0,0,0
121478,2,1,0,0,0,0,0,0,0,0,0,0
121479,1,1,24,24,24,24,24,24,24,24,24,24
121480,1,1,0,0,0,0,0,0,0,0,0,0
121480,2,1,0,0,0,0,0,0,0,0,0,0
121481,1,3,19,19,19,19,19,19,19,19,19,19
121482,1,1,0,0,0,0,0,0,0,0,0,0
121482,2,1,6,0,0,0,0,0,0,0,0,0
121483,1,1,0,0,0,0,0,0,0,0,0,0
121483,2,1,0,0,0,0,0,0,0,0,0,0
121484,1,1,0,0,0,0,0,0,0,0,0,0
121484,2,1,0,0,0,0,0,0,0,0,0,0
121484,3,1,0,0,0,0,0,0,0,0,0,0
121485,0,1,0,0,0,0,0,0,10,0,0,12
121485,1,1,0,0,0,0,0,0,0,0,0,0
121486,1,1,0,25,0,0,0,0,0,0,0,0
121486,2,1,0,0,0,0,0,0,0,0,19,0
121487,0,1,0,0,0,0,0,0,0,0,0,0
121487,0,2,0,0,0,0,0,0,0,0,0,17
121487,1,1,0,0,0,10,0,9,0,0,0,0
121488,1,1,0,0,0,0,0,0,0,0,0,0
121489,1,1,0,0,0,0,0,0,0,0,0,0
121490,1,1,0,0,0,0,0,0,0,0,0,0
121490,2,1,0,0,0,0,0,0,0,0,0,0
121490,3,1,28,0,0,0,0,0,0,0,0,0
121491,0,1,22,22,22,22,22,22,22,22,22,22
121491,1,1,0,0,0,0,0,0,0,0,0,0
121492,1,1,0,0,0,0,0,0,0,0,0,0
121492,2,1,0,0,0,0,0,0,0,0,0,0
121493,1,1,0,0,0,0,0,0,0,0,0,0
121494,1,1,13,13,13,13,13,13,13,13,13,13
121494,2,1,0,0,0,0,0,0,0,0,0,0
121495,0,1,0,0,0,0,0,0,0,0,0,0
121495,1,1,0,0,0,0,0,0,5,0,0,0
121496,1,1,13,13,13,13,13,13,13,13,13,13
121496,2,1,0,0,0,0,0,0,0,0,0,0
121497,1,1,0,0,0,0,0,0,0,0,0,0
121497,2,1,0,0,0,0,0,0,0,0,0,0
121498,1,1,20,20,20,20,20,20,20,20,20,20
121501,0,1,17,17,17,17,17,17,17,17,17,17
121501,0,2,0,0,0,0,0,0,0,0,0,0
121501,0,3,16,0,13,0,0,0,27,17,0,20
121501,1,1,0,0,0,0,0,0,0,0,0,0
121502,1,1,0,0,0,0,0,0,0,0,0,0
121502,2,1,0,0,0,0,0,0,0,0,0,0
121503,1,1,0,0,0,0,0,0,0,0,0,0
121503,2,1,0,0,0,0,0,0,0,0,0,0
121504,0,1,0,0,0,0,0,0,0,0,0,26
121504,1,1,0,0,0,0,0,0,0,0,0,0
121505,1,1,17,17,17,17,17,17,17,17,17,17
121506,1,1,0,12,9,0,3,0,10,25,0,18
121507,1,1,28,28,28,28,28,28,28,28,28,28
121508,1,1,0,0,13,0,0,0,0,0,0,0
121509,1,1,0,0,0,0,0,0,0,0,0,0
121509,2,1,0,0,0,0,0,0,0,0,0,0
121510,0,1,0,0,0,13,0,0,0,0,0,0
121510,1,1,11,0,7,0,0,0,0,0,0,0
121511,0,1,0,0,0,0,0,0,0,0,0,0
121511,1,1,0,0,0,0,0,0,0,0,0,0
121512,1,1,0,0,0,0,0,0,0,0,0,0
121512,2,1,0,0,0,0,0,0,0,0,0,0
121513,1,1,0,0,0,0,0,0,0,0,0,0
121514,1,1,0,0,0,0,0,0,0,0,0,0
121514,2,1,0,0,0,0,0,0,0,0,0,0
121515,0,1,0,0,0,0,0,0,0,0,0,0
121515,1,1,0,0,0,0,0,0,0,0,0,0
121516,0,1,11,29,14,16,0,19,14,0,0,11
121516,1,1,0,0,23,0,0,0,0,0,0,0
121517,1,1,0,0,0,0,0,0,0,0,0,0
121519,0,1,0,0,0,0,0,0,0,0,0,0
121519,1,1,0,0,0,0,9,0,0,0,0,0
121520,1,1,28,28,28,28,28,28,28,28,28,28
121520,2,1,0,0,0,0,0,0,0,0,0,0
121521,1,1,0,0,0,0,0,19,0,0,12,0
121521,2,1,0,0,0,0,0,0,0,0,0,0
121522,0,1,2,2,2,2,2,2,2,2,2,2
121522,1,1,0,0,0,0,0,0,0,0,0,0
121523,1,1,0,0,0,0,0,0,0,0,0,0