ST_CASE,VEH_NO,PER_NO,P1,P2,P3,P4,P5,P6,P7,P8,P9,P10
121524,0,1,0,0,0,0,14,27,0,0,22,0
121524,1,1,0,0,0,0,0,0,0,0,24,2
121525,1,1,22,22,22,22,22,22,22,22,22,22
121526,1,1,11,6,13,0,11,17,0,0,10,0
121526,2,1,0,0,0,0,0,0,0,0,0,0
121527,1,1,22,22,22,22,22,22,22,22,22,22
121527,3,1,0,0,0,0,0,0,0,0,0,0
121528,1,1,0,0,0,0,0,0,0,0,0,0
121528,2,1,0,0,0,0,0,0,0,0,0,0
121528,3,1,0,0,0,0,0,0,0,0,0,0
121529,1,1,23,23,23,23,23,23,23,23,23,23
121530,1,1,16,16,16,16,16,16,16,16,16,16
121530,2,1,0,0,0,0,0,0,0,0,0,0
121530,3,1,9,0,0,0,0,0,0,0,14,0
121530,4,1,0,0,0,0,0,0,0,0,0,0
121531,1,1,15,15,15,15,15,15,15,15,15,15
121532,0,1,0,0,0,0,0,0,0,0,0,0
121532,1,1,0,0,0,0,0,0,0,0,0,0
121533,1,1,0,0,0,0,0,0,0,0,13,0
121535,1,1,29,29,29,29,29,29,29,29,29,29
121536,1,1,0,0,0,0,0,0,0,0,0,0
121537,1,1,0,0,0,0,0,0,0,0,0,0
121537,2,1,0,0,0,0,0,0,0,0,0,0
121538,1,1,9,9,9,9,9,9,9,9,9,9
121539,1,1,34,34,34,34,34,34,34,34,34,34
121540,0,1,0,0,0,0,0,0,0,0,0,0
121540,1,1,0,0,0,0,0,0,0,0,0,0
121541,1,1,11,11,11,11,11,11,11,11,11,11
121542,1,1,0,0,0,0,0,0,0,0,0,0
121542,2,1,0,0,0,0,0,0,0,0,0,0
121542,3,1,0,0,0,0,0,0,0,0,0,0
121543,0,1,26,26,26,26,26,26,26,26,26,26
121543,1,1,0,0,0,0,0,0,0,0,0,0
121544,1,1,0,0,0,0,0,0,0,0,0,0
121545,1,1,0,15,0,0,0,0,0,0,0,0
121545,2,1,0,0,0,0,0,0,0,0,0,0
121546,1,1,19,0,0,0,0,0,0,0,0,0
121546,2,1,0,0,0,0,0,0,0,0,0,0
121547,0,1,19,19,19,19,19,19,19,19,19,19
121547,1,1,0,0,0,0,0,0,0,0,0,0
121548,1,1,22,22,22,22,22,22,22,22,22,22
121549,1,1,2,2,2,2,2,2,2,2,2,2
121549,2,1,0,0,0,0,0,0,0,0,0,0
121550,0,1,13,13,13,13,13,13,13,13,13,13
121550,1,1,0,0,0,0,0,0,0,0,0,0
121551,1,1,25,0,0,0,0,0,0,0,0,0
121551,2,1,0,0,0,0,0,0,0,0,0,0
121552,1,1,5,5,5,5,5,5,5,5,5,5
121552,2,1,0,0,0,0,0,0,0,0,0,0
121553,1,1,0,0,0,0,0,0,0,0,0,0
121554,1,1,0,0,0,0,0,0,0,13,0,0
121555,1,1,0,0,0,0,0,0,0,0,0,0
121555,2,1,0,0,0,0,0,0,10,0,10,0
121556,1,1,15,21,0,0,35,7,22,12,22,0
121557,1,1,0,0,0,0,0,0,0,0,0,0
121557,2,1,0,0,0,0,0,0,0,0,0,0
121557,3,1,0,0,0,0,0,0,0,0,11,0
121557,4,1,0,0,0,0,0,0,0,0,0,0
121558,0,1,8,0,0,0,0,0,0,0,0,0
121558,1,1,0,0,0,0,0,0,0,0,0,0
121559,1,1,0,0,0,0,0,0,0,0,0,0
121559,2,1,0,0,0,0,0,0,0,0,0,0
121560,1,1,4,4,4,4,4,4,4,4,4,4
121560,2,1,0,0,23,0,0,0,0,0,21,0
121561,1,1,19,0,0,0,0,28,12,0,0,11
121561,2,1,0,0,0,0,0,0,0,5,0,0
121563,1,1,10,26,19,8,14,20,20,27,6,18
121564,1,1,0,0,0,0,0,0,0,0,0,0
121564,2,1,0,0,0,0,0,0,0,0,0,0
121565,1,1,0,0,0,0,0,0,0,0,0,0
121566,0,1,27,27,27,27,27,27,27,27,27,27
121566,1,1,0,0,0,0,0,0,0,0,0,0
121567,1,1,17,0,0,0,0,0,0,0,0,0
121567,2,1,0,0,0,0,0,0,9,0,8,0
121568,1,1,0,0,0,0,0,15,0,9,0,0
121569,1,1,0,0,0,0,0,0,0,0,0,0
121569,2,1,0,0,0,0,0,0,0,0,0,0
121569,3,1,0,0,0,0,0,0,0,0,0,0
121570,0,1,0,0,0,0,0,0,0,0,0,0
121570,1,1,0,0,0,0,0,0,0,0,22,0
121571,1,1,0,0,0,0,0,0,0,0,0,0
121571,2,1,0,0,0,0,0,0,0,0,0,0
121572,1,1,0,14,0,0,0,0,0,0,0,34
121572,2,1,0,0,0,0,0,0,0,0,0,0
121573,1,1,0,0,0,0,0,0,0,0,0,0
121573,2,1,0,0,0,0,0,0,14,0,6,0
121574,1,1,0,0,0,0,0,0,0,0,0,0
121574,2,1,0,15,0,0,0,0,0,0,0,0
121574,3,1,0,0,0,0,0,0,0,0,0,0
121575,0,1,0,0,16,0,0,0,0,0,0,0
121575,1,1,0,0,0,0,0,0,0,0,0,0
121576,0,1,6,6,6,6,6,6,6,6,6,6
121576,1,1,0,0,0,0,0,0,0,0,0,0
121577,1,1,24,0,0,0,0,0,14,0,0,9
121578,0,1,0,0,0,2,0,0,22,0,0,28
121578,1,1,15,0,0,0,0,5,0,0,0,19
121579,1,1,0,0,0,0,0,0,0,0,0,0
121579,2,1,0,0,0,0,0,0,0,0,0,0
121580,1,1,16,21,10,7,27,31,31,11,10,21
121581,1,1,0,0,0,0,0,0,10,0,12,0
121582,0,1,0,0,0,0,0,0,0,0,0,0
121582,1,1,0,0,0,0,0,0,0,0,0,0
121582,2,1,0,0,0,0,0,0,0,0,0,0
121583,1,1,0,0,0,0,0,0,0,0,0,0
121583,2,1,3,3,3,3,3,3,3,3,3,3
121584,0,1,8,8,8,8,8,8,8,8,8,8
121584,1,1,0,0,0,0,0,0,0,0,0,0
121585,0,1,0,0,0,0,0,0,0,0,0,0
121585,1,1,0,0,0,0,0,0,0,0,0,0
121586,1,1,0,0,0,0,0,0,0,0,0,0
121586,2,1,12,12,12,12,12,12,12,12,12,12
121587,1,1,19,19,19,19,19,19,19,19,19,19
121588,0,1,0,0,0,0,0,0,0,0,0,0
121588,1,1,0,0,0,0,0,0,0,0,0,0
121589,0,1,0,0,0,0,0,0,0,0,0,0
121589,1,1,0,0,0,0,0,0,0,0,0,0
121590,1,1,0,0,0,0,0,0,0,0,0,0
121590,2,1,0,0,0,0,0,0,0,0,0,0
121591,1,1,18,18,18,18,18,18,18,18,18,18
121592,1,1,0,0,0,0,0,0,0,0,0,0
121593,0,1,19,19,19,19,19,19,19,19,19,19
121593,1,1,0,0,0,0,0,0,0,0,0,0
121594,1,1,0,0,0,0,0,0,0,0,0,0
121594,2,1,0,0,0,0,0,0,0,0,0,0
121595,1,1,8,15,20,5,12,0,20,20,0,30
121596,1,1,0,0,0,0,0,0,0,0,0,0
121597,1,1,21,21,21,21,21,21,21,21,21,21
121598,0,1,0,15,0,0,0,0,15,0,0,0
121598,0,2,0,0,0,0,0,0,0,0,0,0
121598,1,1,0,0,0,0,0,0,0,0,0,0
121599,1,1,0,0,0,0,0,0,0,0,0,0
121599,2,1,0,0,0,0,0,0,0,0,0,0
121600,1,1,10,10,10,10,10,10,10,10,10,10
121600,2,1,0,0,0,0,0,0,0,0,0,0
121601,1,1,0,24,0,0,0,5,4,0,0,0
121601,2,1,10,0,0,12,0,0,0,0,0,30
121602,0,1,2,2,2,2,2,2,2,2,2,2
121602,1,1,0,0,0,0,0,0,0,0,0,0
121603,1,1,0,0,0,0,0,0,0,0,0,0
121603,2,1,0,0,0,0,0,0,0,0,0,0
121604,1,1,23,23,23,23,23,23,23,23,23,23
121604,2,1,0,0,0,0,0,15,0,0,0,0
121605,0,1,18,18,18,18,18,18,18,18,18,18
121605,1,1,0,0,0,0,0,0,0,0,0,0
121606,0,1,21,21,21,21,21,21,21,21,21,21
121606,1,1,22,22,22,22,22,22,22,22,22,22
121607,1,1,0,0,0,0,0,0,0,0,0,0
121608,0,1,11,11,11,11,11,11,11,11,11,11
121608,1,1,0,0,0,0,0,0,0,0,0,0
121609,1,1,16,16,16,16,16,16,16,16,16,16
121610,1,1,21,21,21,21,21,21,21,21,21,21
121611,1,1,0,0,0,0,0,0,0,0,0,0
121612,1,1,0,0,0,0,0,0,0,0,0,0
121612,2,1,0,0,0,0,0,0,0,0,0,0
121613,1,1,27,27,27,27,27,27,27,27,27,27
121614,0,1,16,16,16,16,16,16,16,16,16,16
121614,1,1,0,0,0,0,0,0,0,0,0,0
121615,0,1,12,12,12,12,12,12,12,12,12,12
121615,1,1,0,0,0,0,0,0,0,0,0,0
121616,0,1,0,13,0,26,0,16,37,16,26,0
121616,1,1,26,0,0,0,0,0,0,0,0,0
121617,1,1,15,15,15,15,15,15,15,15,15,15
121618,1,1,0,0,0,0,0,0,0,0,0,0
121618,2,1,0,0,0,0,0,0,0,6,0,0
121619,0,1,0,0,0,0,0,0,0,0,0,0
121619,1,1,0,0,0,0,0,0,0,0,0,0
121620,0,1,28,28,28,28,28,28,28,28,28,28
121620,1,1,0,0,0,0,0,0,21,0,0,0
121621,1,1,20,20,20,20,20,20,20,20,20,20
121621,2,1,0,0,0,0,0,0,0,0,0,0
121622,0,1,2,2,2,2,2,2,2,2,2,2
121622,1,1,0,0,0,0,0,0,0,0,0,0
121623,1,1,0,0,0,0,0,0,0,0,0,0
121624,1,1,0,0,0,0,0,0,0,0,0,0
121624,2,1,0,0,13,0,0,0,0,0,0,0
121625,1,1,0,0,0,0,0,0,0,0,0,0
121625,2,1,0,0,0,0,0,0,0,0,0,0
121626,1,1,0,0,0,21,0,17,12,0,0,0
121627,0,1,0,0,0,0,0,0,0,0,0,0
121627,1,1,0,0,0,0,0,0,0,0,0,0
121628,1,1,0,0,0,0,0,0,0,0,0,0
121628,2,1,0,0,0,0,0,0,0,0,0,0
121629,1,1,0,33,17,0,0,0,0,2,11,7
121630,0,1,0,0,0,0,0,0,0,0,0,0
121630,1,1,0,0,0,0,0,0,0,0,0,0
121631,1,1,19,19,19,19,19,19,19,19,19,19
121632,0,1,31,31,31,31,31,31,31,31,31,31
121632,1,1,0,0,0,0,0,0,0,0,0,0
121633,0,1,28,28,28,28,28,28,28,28,28,28
121633,1,1,0,0,0,0,0,0,0,0,0,0
121635,0,1,0,0,0,0,0,0,0,0,0,0
121635,1,1,0,0,0,0,0,0,0,0,0,17
121635,2,1,0,0,0,0,0,0,0,0,0,0
121636,0,1,0,0,0,0,0,0,0,0,0,0
121636,1,1,0,0,0,0,0,0,0,0,0,0
121637,1,1,0,0,23,0,15,0,7,10,19,0
121638,1,1,0,0,0,0,0,11,0,0,0,0
121639,1,1,0,0,0,0,0,0,0,0,0,0
121640,0,1,2,2,2,2,2,2,2,2,2,2
121640,1,1,0,0,0,0,0,0,0,0,0,0
121641,0,1,27,27,27,27,27,27,27,27,27,27
121641,1,1,0,0,0,0,0,0,0,0,0,0
121642,1,1,24,24,24,24,24,24,24,24,24,24
121642,2,1,0,0,0,0,0,0,0,0,0,0
121643,2,1,3,3,3,3,3,3,3,3,3,3
121644,0,1,31,31,31,31,31,31,31,31,31,31
121644,1,1,0,0,0,0,0,0,0,0,0,0
121645,0,1,21,21,21,21,21,21,21,21,21,21
121645,1,1,0,0,0,0,0,0,0,0,0,0
121646,1,1,18,18,18,18,18,18,18,18,18,18
121647,1,1,19,19,19,19,19,19,19,19,19,19
121648,0,1,0,16,0,10,0,0,0,12,0,0
121648,1,1,0,0,0,0,0,0,0,0,0,0
121649,1,1,15,15,15,15,15,15,15,15,15,15
121649,2,1,0,0,0,0,7,0,0,0,0,0
121650,1,1,18,18,18,18,18,18,18,18,18,18
121651,0,1,19,6,0,0,0,0,12,32,35,0
121651,1,1,0,0,0,10,0,0,0,0,0,0
121652,0,1,0,0,0,0,0,0,0,0,0,0
121652,1,1,0,0,0,0,0,0,0,0,0,0
121653,0,1,0,0,0,0,16,0,0,0,0,0
121653,1,1,0,0,0,0,0,0,0,0,0,0
121654,1,1,0,0,0,0,0,0,0,0,0,0
121654,2,1,0,0,0,0,0,0,0,0,0,0
121655,1,1,13,12,7,0,0,0,0,12,0,0
121656,1,1,0,0,0,0,0,0,0,0,0,0
121656,2,1,0,0,0,0,0,0,0,0,0,0
121657,0,1,0,0,0,0,0,0,0,0,0,0
121657,1,1,0,11,0,0,0,0,13,0,0,0
121658,1,1,22,22,22,22,22,22,22,22,22,22
121659,1,1,0,0,0,0,0,0,12,0,0,0
121660,1,1,0,0,0,0,0,0,0,0,0,0
121660,2,1,3,0,0,0,0,0,0,0,0,0
121660,3,1,0,32,0,0,0,0,0,0,0,0
121661,1,1,0,0,0,0,0,0,0,0,0,0
121661,2,1,12,12,12,12,12,12,12,12,12,12
121661,3,1,0,3,0,0,10,25,0,0,0,0
121661,4,1,19,19,19,19,19,19,19,19,19,19
121661,5,1,0,0,0,0,0,0,0,0,0,0
121661,6,1,0,0,0,0,0,0,0,0,0,19
121661,7,1,0,9,4,23,15,0,0,11,22,15
121662,1,1,14,0,0,14,9,33,8,32,14,22
121663,0,1,0,32,0,0,0,0,20,0,0,0
121663,1,1,18,18,18,18,18,18,18,18,18,18
121664,1,1,24,24,24,24,24,24,24,24,24,24
121664,2,1,0,0,0,0,0,0,0,0,0,0
121665,1,1,0,0,0,0,0,0,13,0,0,0
121665,2,1,0,0,0,0,0,0,0,0,0,0
121665,3,1,0,0,0,0,0,0,0,0,0,0
121666,1,1,0,0,0,0,0,0,0,0,0,0
121666,2,1,18,34,0,0,0,0,0,0,0,0
121667,0,1,0,0,0,0,0,0,0,0,0,0
121667,1,1,0,0,0,0,0,0,0,0,0,0
121668,1,1,0,0,0,0,0,0,0,0,0,0
121668,2,1,0,0,0,0,0,0,0,0,0,0
121669,0,1,0,0,0,0,0,0,0,0,0,0
121669,0,2,0,0,0,0,0,0,0,0,0,0
121669,1,1,0,0,0,0,0,0,0,2,0,0
121670,0,1,8,8,8,8,8,8,8,8,8,8
121670,1,1,0,0,0,0,0,0,0,0,0,0
121671,1,1,23,23,23,23,23,23,23,23,23,23
121671,2,1,0,0,0,0,0,0,26,0,0,0
121672,1,1,0,0,0,0,0,0,0,0,0,0
121673,0,1,0,0,0,0,0,0,0,0,0,0
121673,1,1,0,0,0,0,0,0,0,15,0,0
121673,2,1,0,0,0,0,0,0,0,0,0,0
121673,3,1,0,0,0,0,0,0,0,0,0,0
121674,1,1,8,8,8,8,8,8,8,8,8,8
121675,0,1,0,0,0,0,0,0,0,0,0,0
121675,1,1,0,0,0,0,0,0,0,0,0,0
121675,2,1,0,0,0,0,0,0,0,0,0,0
121677,1,1,14,14,14,14,14,14,14,14,14,14
121678,0,1,24,24,24,24,24,24,24,24,24,24
121678,1,1,0,0,0,0,0,0,0,0,0,0
121681,1,1,0,0,0,0,0,0,0,0,0,0
121681,2,1,0,0,0,0,0,0,0,0,0,0
121682,1,1,16,16,16,16,16,16,16,16,16,16
121683,1,1,23,23,23,23,23,23,23,23,23,23
121684,1,1,11,11,11,11,11,11,11,11,11,11
121684,2,1,0,0,0,0,0,0,0,0,0,0
121685,0,1,0,0,0,0,0,0,0,0,0,0
121685,1,1,0,0,0,0,0,24,0,0,0,0
121686,0,1,19,19,19,19,19,19,19,19,19,19
121686,1,1,0,0,0,0,0,0,0,0,0,0
121687,1,1,22,22,22,22,22,22,22,22,22,22
121688,0,1,0,0,0,0,0,0,0,0,0,0
121688,1,1,0,0,0,0,0,0,0,0,0,0
121689,1,1,0,0,9,0,0,0,0,0,0,0
121689,2,1,0,0,0,0,0,0,0,0,0,0
121690,1,1,0,0,0,0,0,0,0,0,8,0
121690,2,1,0,0,0,0,0,0,0,0,0,0
121691,0,1,24,24,24,24,24,24,24,24,24,24
121691,1,1,0,0,0,0,0,0,0,0,0,0
121692,1,1,0,0,0,0,0,0,0,0,0,0
121692,2,1,0,0,0,17,0,0,0,0,0,0
121693,1,1,17,17,17,17,17,17,17,17,17,17
121694,1,1,0,0,0,0,0,0,0,0,0,0
121694,2,1,0,0,0,0,0,0,0,0,0,0
121695,0,1,0,0,0,0,0,0,0,0,0,0
121695,1,1,0,0,0,0,0,0,0,0,0,0
121696,0,1,0,0,0,0,0,0,0,0,0,0
121696,1,1,0,0,0,0,0,0,0,0,0,0
121697,1,1,29,29,29,29,29,29,29,29,29,29
121699,1,1,8,8,8,8,8,8,8,8,8,8
121700,1,1,0,0,0,0,0,0,0,0,0,0
121700,2,1,0,0,0,0,0,0,0,0,0,0
121701,1,1,0,0,0,0,0,0,0,0,0,0
121702,0,1,0,0,0,0,0,0,0,0,0,0
121702,1,1,0,0,0,0,0,0,0,0,0,0
121703,1,1,3,3,3,3,3,3,3,3,3,3
121703,2,1,0,0,0,0,0,0,0,0,0,0
121704,1,1,0,0,0,0,0,0,0,0,0,0
121704,2,1,0,0,0,0,0,0,0,0,0,0
121705,0,1,0,0,0,0,0,0,0,0,0,0
121705,0,2,0,0,0,0,0,0,0,0,0,0
121705,1,1,0,0,0,0,0,0,0,0,0,0
121706,0,1,0,0,0,0,0,0,0,0,0,0
121706,1,1,0,0,0,0,0,0,0,0,0,0
121707,1,1,0,0,0,0,0,0,0,0,0,0
121707,2,1,0,0,0,0,0,0,0,0,0,0
121708,1,1,29,29,29,29,29,29,29,29,29,29
121708,2,1,0,0,0,0,0,0,0,0,0,0
121709,1,1,0,0,22,15,13,7,39,0,24,0
121711,1,1,3,3,3,3,3,3,3,3,3,3
121713,1,1,0,0,24,0,0,0,19,0,21,0
121713,2,1,0,0,0,0,0,0,0,0,0,0
121714,1,1,31,31,31,31,31,31,31,31,31,31
121714,2,1,0,0,0,0,14,0,0,0,0,0
121715,1,1,0,0,0,0,0,0,0,0,0,0
121715,2,1,12,12,12,12,12,12,12,12,12,12
121716,1,1,0,0,0,0,0,31,0,0,0,0
121716,2,1,0,0,0,0,0,0,0,0,0,0
121717,1,1,7,10,0,0,0,8,0,18,0,13
121718,0,1,20,25,8,0,0,16,39,0,12,0
121718,1,1,0,0,0,0,0,0,0,0,0,0
121719,1,1,0,0,0,0,0,0,0,0,0,0
121719,2,1,0,0,0,0,0,0,0,0,0,0
121720,0,1,36,36,36,36,36,36,36,36,36,36
121720,1,1,0,0,0,0,0,0,0,0,0,0
121721,1,1,15,15,15,15,15,15,15,15,15,15
121721,2,1,0,0,0,0,0,0,0,0,0,0
121721,3,1,0,0,0,0,0,0,0,0,0,0
121721,4,1,0,0,0,0,0,0,0,0,0,0
121721,5,1,0,0,0,0,0,0,0,0,0,0
121722,0,1,0,0,0,0,0,0,0,0,0,0
121722,1,1,0,3,0,0,0,0,0,0,0,0
121723,0,1,0,0,0,0,0,0,0,0,0,0
121723,1,1,0,0,0,0,0,31,0,0,0,0
121724,1,1,0,0,0,0,0,0,0,0,0,0
121724,2,1,0,0,0,0,5,0,11,0,0,0
121725,1,1,25,25,25,25,25,25,25,25,25,25
121725,2,1,0,0,31,0,0,0,0,0,0,0
121726,0,1,29,29,29,29,29,29,29,29,29,29
121726,1,1,0,0,0,0,0,0,0,19,0,0
121727,1,1,18,18,18,18,18,18,18,18,18,18
121727,2,1,8,8,8,8,8,8,8,8,8,8
121728,0,1,0,0,0,0,0,0,0,0,0,0
121728,1,1,0,0,0,0,0,0,0,0,0,0
121728,2,1,0,0,0,0,0,0,0,0,0,0
121729,0,1,0,0,0,0,0,26,0,0,7,0
121729,1,1,0,0,0,0,0,0,0,0,0,0
121729,2,1,0,0,0,0,0,16,0,0,0,0
121730,0,1,0,0,0,0,0,0,0,0,0,0
121730,1,1,0,0,0,0,0,0,0,0,0,0
121731,0,1,19,17,0,0,25,4,23,20,21,24
121731,1,1,0,0,0,0,0,0,0,0,0,0
121732,1,1,11,7,9,0,0,0,0,15,0,0
121732,2,1,0,0,0,0,0,0,0,0,0,0
121733,1,1,15,15,15,15,15,15,15,15,15,15
121735,0,1,0,0,0,4,0,9,0,0,0,0
121735,1,1,0,0,0,0,13,3,0,0,0,0
121736,1,1,34,34,34,34,34,34,34,34,34,34
121737,0,1,0,0,0,0,0,0,0,0,0,0
121737,1,1,0,13,0,0,0,0,0,0,0,0
121738,1,1,0,0,0,0,0,0,0,0,0,0
121738,2,1,0,0,0,0,0,0,0,0,0,0
121739,1,1,0,0,0,0,0,7,13,0,0,0
121739,2,1,0,0,0,0,0,0,0,0,0,0
121739,3,1,0,0,0,0,0,0,0,0,0,0
121740,0,1,22,0,0,0,0,0,0,0,0,0
121740,1,1,0,0,0,0,0,0,0,0,0,0
121741,0,1,30,0,0,0,0,0,0,0,15,9
121741,1,1,0,0,0,0,0,13,0,0,0,0
121743,1,1,22,22,22,22,22,22,22,22,22,22
121744,1,1,0,24,0,0,0,0,0,14,16,0
121745,0,1,21,21,21,21,21,21,21,21,21,21
121745,1,1,0,0,0,0,0,0,0,0,0,0
121746,0,1,0,0,0,0,0,0,0,0,0,0
121746,1,1,0,0,0,0,0,0,0,0,0,0
121747,0,1,19,19,19,19,19,19,19,19,19,19
121747,1,1,0,0,0,0,0,0,0,0,0,0
121748,1,1,0,0,0,0,0,0,0,0,0,0
121748,2,1,0,0,0,0,0,0,0,0,0,0
121749,1,1,0,0,0,0,0,0,0,0,0,0
121750,0,1,0,10,0,0,0,0,0,0,14,0
121750,1,1,9,0,0,0,0,0,0,0,0,0
121750,2,1,13,0,0,0,0,0,0,0,0,0
121751,1,1,0,0,0,0,0,0,0,0,0,0
121753,0,1,8,13,26,23,7,35,0,16,10,7
121753,1,1,0,0,0,0,0,0,0,0,0,8
121754,0,1,27,10,36,0,0,15,45,0,21,0
121754,1,1,31,0,13,0,0,0,0,0,0,0
121755,1,1,1,1,1,1,1,1,1,1,1,1
121755,2,1,0,0,0,0,0,14,0,0,0,0
121756,0,1,20,20,20,20,20,20,20,20,20,20
121756,1,1,0,0,0,0,0,0,0,0,0,0
121757,1,1,0,0,15,0,0,0,0,0,0,0
121757,2,1,0,4,0,0,0,0,0,0,0,0
121758,0,1,23,23,23,23,23,23,23,23,23,23
121758,1,1,0,0,0,0,0,0,0,0,15,0
121759,1,1,17,17,17,17,17,17,17,17,17,17
121760,1,1,2,2,2,2,2,2,2,2,2,2
121761,1,1,0,0,0,0,0,0,0,0,0,0
121762,1,1,0,0,0,0,0,0,0,0,0,0
121762,2,1,0,0,0,0,0,0,10,0,0,0
121763,1,1,23,12,7,0,20,4,17,9,0,0
121763,2,1,0,0,0,10,0,0,10,0,0,0
121764,1,1,0,0,0,0,0,0,0,0,0,0
121764,2,1,0,32,0,0,0,0,0,0,0,0
121765,1,1,21,6,11,30,13,27,0,0,23,0
121766,0,1,0,0,0,0,0,0,0,8,0,0
121766,1,1,0,22,0,0,0,0,0,0,0,0
121767,1,1,18,23,0,13,22,27,23,0,0,0
121768,1,1,18,18,18,18,18,18,18,18,18,18
121768,2,1,3,0,0,0,2,0,0,0,0,31
121769,1,1,0,0,0,0,0,0,0,0,0,0
121770,0,1,0,0,0,0,0,0,0,0,0,0
121770,1,1,0,0,0,0,0,0,0,0,0,0
121771,1,1,0,0,0,0,0,0,0,0,0,0
121771,2,1,0,0,0,0,0,0,0,0,0,0
121772,1,1,0,0,0,0,0,0,0,0,0,0
121772,2,1,0,0,0,0,12,0,0,0,0,0
121773,1,1,19,19,19,19,19,19,19,19,19,19
121774,1,1,25,25,25,25,25,25,25,25,25,25
121775,1,1,0,0,0,0,0,0,0,0,0,0
121775,2,1,0,0,0,0,0,0,0,0,0,0
121776,1,1,15,15,15,15,15,15,15,15,15,15
121776,2,1,0,0,0,0,0,0,0,0,0,0
121776,3,1,0,0,0,0,0,0,0,0,0,0
121777,0,1,0,11,16,0,0,0,0,0,0,0
121777,1,1,0,0,0,0,0,0,0,0,0,0
121778,1,1,19,19,19,19,19,19,19,19,19,19
121779,1,1,20,20,20,20,20,20,20,20,20,20
121779,2,1,0,0,0,0,5,0,0,0,0,0
121780,1,1,20,20,20,20,20,20,20,20,20,20
121781,1,1,13,13,13,13,13,13,13,13,13,13
121781,2,1,22,22,22,22,22,22,22,22,22,22
121782,1,1,0,0,0,0,0,0,0,0,0,0
121783,1,1,0,0,0,0,0,0,0,0,0,0
121783,2,1,0,0,0,0,0,0,0,0,0,0
121784,1,1,0,0,8,0,0,0,0,21,0,0
121785,1,1,0,0,0,0,0,0,0,0,0,0
121785,2,1,26,26,26,26,26,26,26,26,26,26
121786,0,1,31,4,0,11,12,10,8,0,18,17
121786,1,1,0,0,0,0,0,0,0,0,0,0
121787,1,1,17,21,0,17,21,7,17,12,0,0
121787,2,1,0,0,0,0,0,0,0,0,0,0
121788,1,1,2,2,2,2,2,2,2,2,2,2
121789,1,1,19,19,19,19,19,19,19,19,19,19
121790,1,1,0,0,0,0,0,0,14,0,0,0
121791,0,1,0,0,0,0,0,0,0,0,0,0
121791,1,1,0,0,0,0,0,0,0,0,0,0
121792,1,1,21,21,21,21,21,21,21,21,21,21
121793,1,1,0,0,0,0,0,0,0,0,0,0
121793,2,1,0,0,0,0,0,0,0,0,0,0
121794,1,1,0,0,0,0,0,0,0,0,0,0
121794,2,1,0,0,0,0,0,0,0,0,0,0
121795,1,1,0,0,0,0,0,0,0,0,0,0
121796,1,1,0,0,0,0,0,0,0,0,0,0
121796,2,1,0,0,0,0,0,0,0,0,0,0
121797,1,1,0,0,0,0,0,0,0,3,0,0
121797,2,1,0,0,23,0,0,0,0,0,0,0
121798,1,1,15,15,15,15,15,15,15,15,15,15
121798,2,1,0,0,7,0,0,0,0,0,0,0
121798,3,1,0,0,0,0,0,0,0,0,0,0
121799,1,1,0,0,0,0,0,0,0,0,0,0
121800,1,2,7,0,0,0,0,0,0,0,0,0
121801,1,1,0,0,0,0,0,0,0,0,0,0
121801,2,1,0,9,0,0,0,0,0,0,0,0
121802,1,1,0,0,0,0,0,0,0,0,0,0
121803,0,1,19,19,19,19,19,19,19,19,19,19
121803,1,1,0,0,0,0,0,0,0,0,0,0
121805,1,1,17,17,17,17,17,17,17,17,17,17
121806,1,1,0,0,0,0,0,0,0,0,0,0
121806,2,1,0,0,0,0,6,0,0,0,0,0
121807,1,1,0,0,0,0,0,0,0,0,0,0
121807,2,1,0,0,0,0,0,0,0,0,0,0
121808,1,1,0,0,0,0,0,0,0,0,0,0
121809,0,1,0,27,25,15,5,25,24,35,7,15
121809,1,1,0,0,0,0,0,16,0,0,0,0
121810,1,1,0,0,0,0,0,0,0,0,0,0
121810,2,1,0,0,0,0,0,0,0,0,0,0
121811,1,1,0,0,0,0,0,0,0,0,0,0
121812,1,1,0,0,0,0,0,0,0,0,0,0
121812,2,1,0,0,0,0,5,0,0,0,0,0
121813,1,1,0,0,0,0,0,0,0,0,0,0
121813,2,1,0,0,0,0,0,0,0,0,0,0
121814,1,1,4,4,4,4,4,4,4,4,4,4
121816,1,1,0,0,0,0,0,0,0,0,0,0
121817,1,1,0,0,0,0,0,0,0,0,0,0
121817,2,1,0,0,0,0,0,0,0,0,0,0
121817,3,1,0,0,0,0,0,0,0,0,0,0
121818,1,1,0,0,0,0,0,0,0,0,0,16
121818,2,1,0,0,0,0,0,0,0,0,0,0
121819,1,1,0,0,0,0,0,0,0,0,0,0
121820,1,1,0,0,0,0,0,0,0,0,0,0