ST_CASE,VEH_NO,PER_NO,P1,P2,P3,P4,P5,P6,P7,P8,P9,P10
121821,1,1,18,18,18,18,18,18,18,18,18,18
121822,0,1,25,25,25,25,25,25,25,25,25,25
121822,1,1,0,0,19,0,0,10,0,0,16,0
121823,1,1,25,0,0,0,0,0,19,0,0,0
121823,2,1,0,5,0,0,14,0,0,0,0,0
121824,1,1,0,0,16,0,0,0,0,0,0,0
121824,2,1,0,0,0,29,7,6,0,5,0,0
121825,1,1,0,0,15,0,0,0,0,0,0,0
121825,2,1,2,0,0,0,0,0,0,0,0,0
121826,1,1,0,0,0,0,0,0,0,0,0,0
121826,2,1,10,0,19,0,0,0,0,0,0,0
121826,3,1,0,0,0,0,0,0,0,0,0,0
121827,1,1,17,17,17,17,17,17,17,17,17,17
121828,1,1,19,0,0,0,0,0,0,0,0,0
121829,1,1,0,0,0,0,0,0,0,0,0,0
121829,2,1,0,0,0,0,0,0,0,0,0,0
121830,1,1,24,24,24,24,24,24,24,24,24,24
121830,2,1,0,0,0,0,0,0,0,0,0,0
121831,0,1,0,0,0,0,0,0,0,0,0,0
121831,1,1,0,0,0,0,0,0,0,0,0,0
121831,2,1,0,0,0,0,0,0,17,0,0,0
121832,1,1,0,0,0,0,14,0,0,0,0,0
121833,0,1,0,0,0,0,0,0,15,0,0,0
121833,1,1,0,0,0,0,0,0,0,0,0,0
121834,1,1,8,13,20,22,20,4,24,29,4,19
121835,1,1,20,20,20,20,20,20,20,20,20,20
121835,2,1,0,0,0,0,0,0,0,0,0,0
121836,1,1,11,11,11,11,11,11,11,11,11,11
121837,0,1,0,0,0,0,0,0,0,0,0,0
121837,0,2,0,0,0,7,0,0,0,30,0,0
121837,1,1,20,0,0,16,22,0,0,12,8,0
121838,1,1,0,0,0,0,0,0,0,0,0,0
121838,2,1,0,0,0,0,0,0,0,0,0,0
121839,0,1,0,0,0,0,0,0,0,0,0,0
121839,1,1,0,0,0,0,0,0,0,0,0,0
121840,1,1,9,0,9,0,0,18,0,0,0,0
121841,0,1,0,0,0,0,0,0,0,0,0,0
121841,1,1,0,0,0,0,0,0,0,0,0,0
121842,1,1,17,17,17,17,17,17,17,17,17,17
121842,2,1,0,0,0,0,0,0,0,0,0,0
121843,1,1,22,22,22,22,22,22,22,22,22,22
121844,1,1,0,0,0,0,0,0,0,0,0,0
121844,2,1,0,0,0,0,0,0,0,0,0,0
121844,3,1,0,0,0,0,14,0,0,0,0,0
121844,4,1,0,0,0,0,0,0,0,0,0,0
121844,5,1,0,0,0,0,0,0,0,0,0,7
121845,0,1,0,0,0,0,0,0,0,0,0,0
121845,1,1,0,0,0,26,0,0,0,0,0,0
121846,0,1,0,0,0,0,0,0,0,0,0,0
121846,1,1,25,25,25,25,25,25,25,25,25,25
121847,1,1,0,0,0,0,0,0,0,0,0,0
121847,2,1,0,0,0,0,0,2,0,0,0,0
121848,1,1,0,0,0,0,0,0,0,0,0,0
121848,2,1,0,0,0,0,0,0,0,0,0,0
121849,0,1,36,36,36,36,36,36,36,36,36,36
121849,1,1,0,0,0,0,14,0,0,0,0,0
121850,0,1,5,5,5,5,5,5,5,5,5,5
121850,1,1,0,0,0,0,0,0,0,0,5,0
121851,0,1,37,37,37,37,37,37,37,37,37,37
121851,0,2,19,19,19,19,19,19,19,19,19,19
121851,1,1,0,0,0,0,0,0,0,0,5,0
121852,0,1,0,0,0,0,0,0,0,0,0,0
121852,1,1,0,0,0,0,0,0,0,0,0,0
121853,1,1,0,0,0,0,0,0,0,0,0,0
121853,2,1,0,0,0,0,0,0,0,0,0,0
121854,0,1,0,0,0,0,0,0,0,0,0,0
121854,1,1,0,0,0,0,0,0,0,0,0,0
121855,0,1,0,0,0,0,0,0,0,0,0,0
121855,1,1,0,0,0,0,0,0,0,0,0,0
121856,0,1,38,38,38,38,38,38,38,38,38,38
121856,1,1,0,0,0,0,0,0,0,0,0,0
121857,1,1,0,0,0,0,0,0,0,0,0,0
121857,2,1,0,0,0,0,0,0,0,0,0,0
121858,1,1,0,0,0,0,0,0,0,15,0,0
121858,2,1,0,0,0,0,0,0,0,0,0,0
121859,1,1,0,0,0,0,0,0,0,0,0,0
121859,2,1,0,0,0,0,0,0,0,0,0,0
121860,0,1,0,15,0,8,0,23,0,15,0,17
121860,1,1,0,0,0,0,0,0,0,0,0,24
121861,1,1,24,24,24,24,24,24,24,24,24,24
121862,0,1,6,6,6,6,6,6,6,6,6,6
121862,1,1,0,0,0,0,0,0,0,0,0,0
121863,1,1,0,0,0,0,0,0,0,0,0,0
121863,2,1,0,0,0,0,0,0,0,0,0,0
121864,1,1,0,0,0,0,0,0,0,0,0,0
121864,2,1,0,0,0,0,0,0,0,0,0,0
121865,0,1,0,0,0,0,0,0,0,0,0,0
121865,1,1,0,0,0,0,0,0,0,0,0,0
121866,1,1,17,17,17,17,17,17,17,17,17,17
121867,0,1,35,35,35,35,35,35,35,35,35,35
121867,1,1,0,9,0,0,5,0,0,0,0,14
121868,1,1,0,0,0,0,0,0,0,8,4,0
121868,2,1,0,0,0,0,0,0,22,0,0,0
121869,1,1,0,0,0,0,0,0,0,0,0,0
121869,2,1,21,21,21,21,21,21,21,21,21,21
121870,1,1,0,0,0,0,0,0,0,0,0,0
121870,2,1,0,0,0,0,0,0,0,0,0,0
121871,1,1,0,0,0,0,0,0,0,0,0,0
121871,2,1,1,0,0,0,0,0,0,5,0,0
121872,1,1,18,25,24,19,8,6,13,12,19,11
121873,0,1,35,35,35,35,35,35,35,35,35,35
121873,1,1,0,0,0,0,0,0,0,0,0,0
121874,1,1,19,19,19,19,19,19,19,19,19,19
121874,2,1,0,0,0,0,0,0,0,0,0,0
121876,1,1,0,0,0,0,0,0,0,0,0,0
121876,2,1,0,0,0,11,0,0,0,3,4,0
121877,1,1,0,0,21,0,0,24,23,0,0,0
121878,0,1,0,0,0,14,0,0,0,0,0,0
121878,1,1,0,0,0,0,0,0,0,0,0,0
121879,0,1,34,34,34,34,34,34,34,34,34,34
121879,1,1,0,0,20,0,0,0,6,0,0,0
121880,0,1,0,0,0,0,13,0,22,0,0,0
121880,1,1,0,0,0,0,0,0,0,0,0,0
121881,1,1,0,0,0,0,0,0,0,0,0,0
121882,1,1,17,17,17,17,17,17,17,17,17,17
121882,2,1,0,0,0,0,0,0,0,0,0,0
121883,1,1,0,0,0,0,0,0,0,0,0,0
121883,2,1,0,0,0,0,0,0,0,0,0,0
121884,0,1,14,19,0,0,0,0,0,20,0,0
121884,1,1,0,0,0,0,0,0,0,0,0,0
121885,0,1,18,0,17,0,11,0,5,0,0,0
121885,1,1,0,0,0,0,0,0,0,0,0,0
121886,1,1,16,26,0,18,0,11,9,9,6,0
121887,1,1,0,0,0,0,0,0,0,0,0,0
121887,2,1,0,0,0,0,0,0,0,0,0,0
121888,1,1,0,0,0,0,0,0,0,0,0,0
121888,2,1,0,0,0,0,0,0,0,0,0,0
121888,3,1,0,0,0,0,0,0,0,0,0,0
121888,4,1,0,0,0,0,0,0,0,0,0,0
121888,5,1,0,0,0,0,0,0,0,0,0,0
121889,1,1,0,0,0,0,0,0,0,0,0,0
121889,2,1,0,0,0,0,0,0,0,0,0,0
121890,1,1,15,15,15,15,15,15,15,15,15,15
121891,1,1,0,0,0,0,0,0,0,0,0,0
121892,0,1,0,0,0,0,0,0,0,0,0,0
121892,1,1,0,0,0,0,0,0,0,0,0,0
121894,0,1,0,0,0,0,0,0,0,0,0,0
121894,1,1,2,2,2,2,2,2,2,2,2,2
121895,0,1,0,25,33,0,0,17,7,17,0,0
121895,1,1,0,0,0,0,0,0,0,0,0,0
121896,1,1,0,0,0,0,0,0,0,0,0,0
121896,2,1,0,0,23,0,0,0,0,0,0,0
121897,0,1,0,0,0,0,0,0,0,0,0,0
121897,1,1,0,0,0,12,0,0,0,0,0,0
121898,1,1,19,19,19,19,19,19,19,19,19,19
121899,0,1,0,0,0,0,0,0,0,10,0,0
121899,1,1,0,22,0,0,0,0,0,0,13,0
121900,1,1,0,0,0,0,9,4,0,0,0,0
121901,0,1,0,0,0,0,0,0,0,0,0,0
121901,1,1,0,0,17,19,0,0,0,0,0,0
121902,1,1,0,8,9,21,13,28,8,14,24,16
121903,1,1,1,1,1,1,1,1,1,1,1,1
121904,1,1,0,0,0,0,0,0,20,0,0,0
121904,2,1,0,0,0,0,0,0,0,0,0,0
121905,1,1,23,23,23,23,23,23,23,23,23,23
121905,2,1,0,0,0,0,0,0,0,0,0,0
121906,1,1,3,3,3,3,3,3,3,3,3,3
121907,1,3,23,0,20,11,18,11,19,31,20,0
121908,0,1,0,0,0,0,0,0,0,0,0,0
121908,1,1,15,15,0,33,15,0,31,26,0,0
121909,1,1,0,0,0,0,0,0,0,0,0,0
121909,2,1,6,6,6,6,6,6,6,6,6,6
121910,1,1,0,0,0,0,0,0,0,0,0,0
121910,2,1,14,14,14,14,14,14,14,14,14,14
121911,0,1,18,18,18,18,18,18,18,18,18,18
121911,1,1,0,0,0,14,0,0,0,0,0,0
121912,0,1,0,0,0,0,0,0,0,0,0,0
121912,1,1,0,0,0,0,0,0,0,0,0,0
121912,2,1,0,0,0,0,0,0,0,0,0,0
121913,1,1,0,0,0,0,0,0,0,0,0,0
121913,2,1,0,0,0,0,0,0,0,0,0,0
121914,1,1,0,0,0,0,0,0,0,0,0,0
121915,1,1,0,0,0,0,0,0,0,0,0,0
121915,2,1,0,0,0,0,0,0,0,0,0,0
121915,3,1,19,0,0,0,34,14,0,0,0,33
121916,1,1,0,0,0,0,0,0,0,0,0,0
121917,1,1,0,0,0,0,0,0,0,0,0,0
121917,2,1,0,0,0,0,0,0,0,0,0,0
121918,1,1,27,27,27,27,27,27,27,27,27,27
121919,1,1,27,27,27,27,27,27,27,27,27,27
121919,2,1,0,0,0,0,0,0,0,0,0,0
121920,1,1,0,0,0,0,0,0,0,0,0,0
121920,2,1,0,0,0,0,0,0,0,0,0,0
121921,1,1,26,26,26,26,26,26,26,26,26,26
121922,1,1,16,16,16,16,16,16,16,16,16,16
121922,2,1,0,0,8,0,0,0,0,0,0,0
121922,3,1,0,0,0,0,0,0,0,0,0,17
121922,4,1,0,0,0,0,0,0,0,0,0,0
121922,5,1,0,0,0,0,0,0,0,0,0,0
121922,6,1,0,0,0,0,0,0,0,0,0,0
121924,1,1,0,0,0,0,0,0,0,0,0,0
121924,2,1,0,0,0,0,0,0,0,0,0,0
121924,3,1,0,0,0,0,0,0,0,0,0,0
121925,0,1,43,43,43,43,43,43,43,43,43,43
121925,1,1,0,0,0,0,0,0,0,0,0,0
121926,1,1,0,0,0,0,0,0,0,0,0,0
121926,2,1,2,2,2,2,2,2,2,2,2,2
121927,1,1,16,16,16,16,16,16,16,16,16,16
121927,2,1,0,0,17,0,18,0,0,0,0,0
121928,1,1,24,0,9,12,0,21,21,23,0,0
121929,1,1,21,21,21,21,21,21,21,21,21,21
121930,1,1,0,0,0,0,0,0,0,0,0,0
121930,2,1,0,0,0,0,0,0,0,0,0,0
121931,1,1,0,0,0,0,0,0,0,0,0,0
121931,2,1,0,0,0,0,0,0,0,0,0,0
121931,3,1,0,0,0,0,0,0,0,0,0,0
121932,1,2,33,13,5,10,3,21,18,10,24,0
121933,1,1,33,33,33,33,33,33,33,33,33,33
121934,1,1,0,0,0,0,0,0,0,0,0,0
121935,1,1,0,0,0,0,0,0,0,0,0,0
121935,2,1,0,0,0,0,0,0,0,0,0,0
121936,1,1,17,17,17,17,17,17,17,17,17,17
121937,1,1,12,12,12,12,12,12,12,12,12,12
121937,2,1,0,0,0,0,0,11,0,0,0,0
121938,1,1,0,0,0,0,0,0,0,0,0,0
121938,2,1,0,0,0,0,0,0,0,0,0,0
121939,0,1,9,9,9,9,9,9,9,9,9,9
121939,1,1,0,0,0,0,0,0,0,0,0,0
121940,1,1,0,0,0,0,0,0,0,0,0,0
121941,1,1,19,19,19,19,19,19,19,19,19,19
121942,1,1,0,0,0,0,0,0,0,0,0,0
121942,2,1,12,4,0,0,0,0,0,0,0,0
121943,0,1,0,0,0,0,0,0,0,0,0,0
121943,1,1,0,0,0,0,0,0,0,0,0,0
121944,1,1,0,0,0,0,0,0,0,0,0,0
121944,2,1,0,0,16,0,0,0,0,0,0,0
121944,3,1,0,0,0,0,0,0,0,0,0,0
121945,1,1,10,10,10,10,10,10,10,10,10,10
121945,2,1,0,0,0,0,0,0,0,0,0,0
121945,3,1,0,0,0,0,0,0,0,0,0,0
121946,1,1,0,0,0,0,0,0,0,0,0,0
121946,2,1,0,12,0,0,14,0,0,0,0,0
121947,1,1,8,8,8,8,8,8,8,8,8,8
121948,1,1,0,0,0,0,0,0,0,0,0,0
121948,2,1,0,0,11,0,0,0,0,0,11,0
121949,1,1,0,0,0,0,0,0,0,0,0,0
121949,2,1,0,0,0,0,0,0,0,0,0,0
121950,1,1,14,14,14,14,14,14,14,14,14,14
121951,0,1,28,28,28,28,28,28,28,28,28,28
121951,1,1,0,0,0,0,0,0,0,11,0,18
121952,1,1,0,0,0,0,0,0,0,0,0,0
121953,0,1,0,19,0,0,0,0,19,0,0,20
121953,1,1,0,0,0,0,0,0,0,0,0,14
121954,0,1,0,0,0,0,20,0,0,0,0,4
121954,1,1,16,0,0,0,0,0,0,0,0,0
121955,1,1,0,0,0,0,0,0,0,0,0,0
121955,2,1,0,0,0,0,0,0,0,0,0,0
121956,1,1,0,0,0,0,0,0,22,0,0,0
121956,2,1,0,0,0,0,0,0,0,0,0,0
121957,0,1,0,0,0,26,0,0,0,0,0,27
121957,1,1,0,0,0,0,0,0,0,0,0,0
121958,0,1,0,0,0,0,0,0,0,0,0,0
121958,1,1,0,0,0,0,20,0,0,0,0,0
121959,1,1,0,0,0,0,0,0,0,0,0,0
121959,2,1,0,0,0,0,0,0,0,0,0,0
121960,0,1,0,0,0,0,0,0,0,0,0,11
121960,0,2,0,0,0,0,0,0,0,0,0,0
121960,1,1,0,0,0,6,0,0,0,0,0,0
121961,1,1,0,0,0,0,0,0,0,0,0,0
121961,2,1,0,0,0,0,0,0,0,0,0,0
121962,1,1,0,0,0,0,0,0,0,0,0,0
121963,1,1,0,0,0,0,0,0,0,0,0,0
121965,1,1,0,0,0,0,0,0,0,0,0,0
121965,2,1,0,0,0,0,0,0,0,0,0,0
121967,0,1,0,0,0,0,0,0,0,0,0,0
121967,1,1,0,0,0,0,0,0,0,0,0,0
121968,1,1,0,0,0,0,0,0,0,0,0,0
121968,2,1,0,0,0,0,0,0,0,0,0,0
121969,0,1,0,0,0,0,0,0,0,0,0,0
121969,1,1,0,0,0,0,0,0,0,0,0,0
121970,1,1,0,0,0,0,0,0,0,0,0,0
121970,2,1,0,0,0,0,0,0,0,0,0,0
121971,1,1,10,0,0,0,0,0,0,26,0,0
121971,2,1,0,23,0,0,0,0,0,0,0,0
121972,0,1,0,0,0,0,0,0,0,0,0,0
121972,1,1,0,0,0,0,0,0,0,0,0,0
121973,1,1,17,17,17,17,17,17,17,17,17,17
121973,2,1,13,13,13,13,13,13,13,13,13,13
121974,0,1,0,0,0,0,0,0,0,0,0,0
121974,1,1,0,0,0,0,0,0,0,0,0,0
121975,1,1,0,31,0,0,0,0,0,0,0,31
121975,2,1,9,9,9,9,9,9,9,9,9,9
121976,1,1,0,0,0,0,0,0,0,0,0,0
121976,2,1,0,0,0,0,0,0,0,0,0,0
121976,3,1,0,0,0,0,0,0,0,0,0,0
121977,1,1,0,0,0,0,0,0,0,0,0,0
121977,2,1,0,0,0,0,11,0,0,0,0,0
121978,0,1,10,10,10,10,10,10,10,10,10,10
121978,1,1,0,0,0,0,0,0,0,0,0,0
121979,1,1,28,28,28,28,28,28,28,28,28,28
121979,2,1,0,0,0,0,0,0,0,0,0,0
121980,0,1,28,28,28,28,28,28,28,28,28,28
121980,1,1,0,0,0,0,0,0,0,0,0,0
121981,1,1,0,0,0,0,0,0,0,0,0,0
121982,1,1,20,20,20,20,20,20,20,20,20,20
121982,2,1,0,0,0,0,0,0,14,0,0,0
121983,1,1,0,0,0,0,0,0,0,0,0,0
121985,1,1,0,0,0,0,0,0,0,0,0,0
121986,1,1,19,19,19,19,19,19,19,19,19,19
121986,2,1,0,34,0,0,0,0,0,10,0,0
121987,0,1,15,15,15,15,15,15,15,15,15,15
121987,1,1,0,0,0,0,0,0,0,0,0,0
121988,1,1,0,0,0,0,0,0,0,0,0,0
121988,2,1,0,0,0,0,0,0,0,0,0,0
121989,1,1,3,3,3,3,3,3,3,3,3,3
121989,2,1,0,0,0,0,0,0,0,0,0,0
121990,1,1,0,0,0,0,0,0,0,0,0,0
121991,1,1,22,22,22,22,22,22,22,22,22,22
121992,1,1,0,0,0,0,0,0,0,0,0,0
121993,1,1,0,0,0,0,0,0,0,0,0,0
121993,2,1,0,0,0,0,0,0,0,0,0,0
121994,1,1,0,0,0,0,0,0,0,0,0,0
121996,0,1,2,2,2,2,2,2,2,2,2,2
121996,1,1,18,18,18,18,18,18,18,18,18,18
121997,1,1,0,0,0,0,0,0,0,0,0,0
121998,1,1,0,0,0,0,0,0,0,0,0,0
121999,1,1,0,0,0,0,0,0,0,0,0,0
121999,2,1,0,0,0,0,0,0,0,0,0,0
122000,1,1,28,28,28,28,28,28,28,28,28,28
122001,1,1,0,0,0,0,0,0,0,0,0,0
122001,2,1,0,0,0,0,0,0,0,0,0,0
122002,1,1,0,0,0,0,0,0,0,0,0,0
122002,2,1,0,0,7,0,0,0,4,0,0,0
122003,1,1,20,20,20,20,20,20,20,20,20,20
122004,1,1,0,0,0,0,0,0,0,0,0,0
122005,0,1,26,26,26,26,26,26,26,26,26,26
122005,1,1,0,0,0,0,0,0,0,0,0,0
122006,1,1,0,0,0,0,0,0,0,0,0,0
122006,2,1,0,0,0,0,0,0,0,0,0,0
122006,3,1,0,0,0,0,0,0,6,0,0,0
122006,4,1,0,0,0,0,0,13,0,0,0,0
122007,0,1,26,26,26,26,26,26,26,26,26,26
122007,1,1,0,0,0,0,0,0,0,0,0,0
122008,1,1,0,0,0,0,0,0,0,0,0,0
122009,0,1,19,19,19,19,19,19,19,19,19,19
122009,0,2,21,21,21,21,21,21,21,21,21,21
122009,1,1,0,0,0,0,0,0,0,0,0,0
122010,1,1,0,0,0,0,0,0,0,0,0,0
122010,2,1,0,0,0,0,0,0,0,0,0,0
122011,0,1,17,17,17,17,17,17,17,17,17,17
122011,1,1,0,0,0,0,0,0,0,0,0,0
122012,1,1,25,25,25,25,25,25,25,25,25,25
122013,1,1,1,1,1,1,1,1,1,1,1,1
122014,1,1,0,0,0,0,0,0,0,0,0,0
122015,0,1,18,18,18,18,18,18,18,18,18,18
122015,1,1,0,0,0,0,0,0,0,0,0,0
122016,1,1,0,15,0,0,7,14,0,0,0,16
122017,1,1,14,14,14,14,14,14,14,14,14,14
122018,1,1,25,25,25,25,25,25,25,25,25,25
122019,1,1,17,17,17,17,17,17,17,17,17,17
122019,2,1,0,0,0,0,0,0,0,0,0,0
122020,1,1,0,0,0,0,0,0,0,0,0,0
122020,2,1,0,0,0,0,0,0,0,0,0,0
122021,1,1,0,26,0,0,0,0,0,0,0,0
122022,1,1,14,13,0,20,0,15,0,0,12,0
122022,2,1,0,0,0,0,0,0,0,0,0,0
122023,1,1,0,0,0,0,0,0,0,0,0,0
122024,1,1,29,12,12,10,12,20,22,28,40,28
122025,1,1,0,0,0,0,0,0,0,0,0,0
122025,2,1,0,0,0,0,0,0,0,0,0,0
122026,0,1,0,0,0,0,0,0,0,0,0,0
122026,1,1,0,0,0,0,0,0,0,0,0,0
122027,1,1,0,0,0,0,0,0,0,0,22,0
122027,2,1,12,7,0,0,0,0,0,0,0,24
122028,1,1,0,0,0,25,25,0,5,0,15,0
122028,2,1,0,0,0,0,0,0,0,0,0,0
122029,0,1,0,0,0,0,0,0,0,0,0,0
122029,1,1,0,0,0,0,0,0,23,0,0,0
122030,1,1,0,0,0,0,0,0,0,0,0,0
122031,0,1,0,0,0,0,0,0,0,0,0,0
122031,1,1,0,0,0,0,0,0,0,0,0,0
122032,0,1,17,24,26,11,12,35,31,16,0,17
122032,1,1,0,0,0,0,10,0,0,0,0,0
122033,1,1,17,17,17,17,17,17,17,17,17,17
122033,2,1,5,5,5,5,5,5,5,5,5,5
122034,1,1,0,0,0,0,0,0,0,0,0,0
122034,2,1,0,0,0,0,0,0,0,0,0,0
122035,1,1,25,25,25,25,25,25,25,25,25,25
122035,2,1,0,0,0,0,12,0,0,15,0,0
122035,3,1,0,0,0,0,19,0,0,0,0,0
122035,4,1,0,0,0,0,0,0,0,19,28,0
122036,0,1,0,0,0,0,0,0,0,0,0,0
122036,1,1,7,7,7,7,7,7,7,7,7,7
122037,1,1,19,19,19,19,19,19,19,19,19,19
122038,1,1,0,0,0,0,0,0,0,0,0,0
122038,2,1,0,0,0,0,0,0,0,0,0,0
122039,1,1,8,8,8,8,8,8,8,8,8,8
122039,2,1,0,0,0,0,0,0,9,0,0,0
122040,0,1,0,0,0,0,0,0,0,0,0,0
122040,1,1,0,0,0,0,0,0,0,0,0,0
122041,1,1,8,0,0,0,0,0,0,7,0,10
122041,2,1,0,0,0,0,0,0,0,0,0,0
122042,1,1,0,0,0,0,0,5,0,0,0,0
122042,2,1,0,0,0,0,0,0,0,0,0,0
122043,1,1,22,22,22,22,22,22,22,22,22,22
122044,1,1,4,4,4,4,4,4,4,4,4,4
122045,1,1,0,0,0,0,10,0,0,0,0,0
122045,2,1,18,18,18,18,18,18,18,18,18,18
122047,1,1,6,6,6,6,6,6,6,6,6,6
122049,0,1,22,22,22,22,22,22,22,22,22,22
122049,1,1,20,0,0,0,0,0,0,0,0,0
122050,1,1,22,22,22,22,22,22,22,22,22,22
122050,2,1,0,11,0,0,1,0,0,0,0,0
122051,1,1,0,0,0,0,0,0,0,0,0,0
122051,2,1,0,0,0,0,0,0,0,0,0,0
122052,1,1,29,29,29,29,29,29,29,29,29,29
122053,1,1,8,8,8,8,8,8,8,8,8,8
122054,0,1,0,0,0,0,0,0,0,0,0,0
122054,1,1,0,0,0,0,0,0,0,0,0,0
122055,0,1,61,61,61,61,61,61,61,61,61,61
122055,1,1,0,14,0,0,0,0,0,0,0,0
122056,1,1,1,1,1,1,1,1,1,1,1,1
122056,2,1,0,0,0,0,0,0,0,0,0,0
122057,0,1,31,31,31,31,31,31,31,31,31,31
122057,1,1,0,0,0,0,0,0,0,0,0,0
122058,0,1,0,0,0,0,0,0,0,0,0,0
122058,1,1,0,0,0,0,0,0,0,0,0,0
122059,1,1,30,30,30,30,30,30,30,30,30,30
122060,0,1,31,31,31,31,31,31,31,31,31,31
122060,1,1,0,0,0,0,11,0,0,0,0,0
122061,1,1,3,3,3,3,3,3,3,3,3,3
122061,2,1,0,0,0,0,0,0,0,0,0,0
122062,1,1,0,0,0,0,0,0,0,0,0,0
122063,1,1,0,0,0,0,0,0,0,0,0,0
122063,2,1,0,0,0,0,0,0,0,0,0,0
122064,1,1,0,0,0,0,0,0,0,0,0,0
122064,2,1,0,0,0,0,0,0,0,0,0,0
122065,1,1,0,0,0,0,0,0,0,0,0,0
122066,0,1,0,0,0,0,0,0,0,0,0,14
122066,1,1,0,0,0,0,0,0,0,0,0,0
122067,0,1,0,0,0,0,0,0,0,0,0,0
122067,1,1,0,0,0,0,0,0,0,0,0,0
122068,1,1,0,0,11,0,11,0,0,0,12,7
122069,1,1,20,20,20,20,20,20,20,20,20,20
122070,1,1,27,27,27,27,27,27,27,27,27,27
122071,0,1,20,20,20,20,20,20,20,20,20,20
122071,1,1,0,0,0,0,0,0,0,0,0,0
122072,1,1,16,16,16,16,16,16,16,16,16,16
122072,2,1,0,0,0,0,0,0,0,0,0,0
122073,1,1,0,8,0,0,0,0,0,0,0,0
122074,1,1,9,9,9,9,9,9,9,9,9,9
122074,2,1,0,0,0,0,0,0,0,0,0,0
122075,1,1,0,13,10,0,11,0,0,15,0,9
122075,2,1,0,0,0,0,0,0,0,0,0,0
122076,0,1,0,0,0,0,0,0,0,0,0,0
122076,1,1,0,0,0,0,0,0,0,0,0,0
122077,1,1,0,0,0,0,0,0,11,0,0,0
122077,2,1,0,28,0,0,0,0,0,0,0,0
122078,1,1,0,0,0,0,0,0,0,0,0,0
122078,2,1,0,0,0,0,0,0,0,0,0,0
122078,3,1,0,0,0,0,0,0,0,0,0,0
122079,0,1,0,0,0,0,0,0,0,0,0,0
122079,1,1,0,0,0,0,0,0,0,0,0,0
122080,0,1,0,0,0,0,0,0,0,0,0,0
122080,1,1,0,0,0,0,0,0,0,0,0,0
122081,1,1,15,15,15,15,15,15,15,15,15,15
122082,0,1,26,26,26,26,26,26,26,26,26,26
122082,1,1,0,0,0,0,0,0,0,0,0,0
122083,1,1,0,0,0,0,0,0,0,0,0,0
122083,2,1,0,0,0,0,0,0,0,0,0,0
122084,1,1,0,0,0,0,0,0,0,0,0,0
122085,0,1,0,0,0,0,0,0,0,0,0,0
122085,1,1,0,0,0,0,0,0,0,0,0,0
122086,1,1,19,19,19,19,19,19,19,19,19,19
122086,2,1,0,0,0,0,0,0,0,0,0,0
122087,1,1,7,7,7,7,7,7,7,7,7,7
122088,0,1,0,0,0,12,0,26,0,0,0,0
122088,1,1,0,0,0,0,0,0,0,0,0,0
122089,1,1,25,25,25,25,25,25,25,25,25,25
122089,2,1,7,7,7,7,7,7,7,7,7,7
122090,0,1,0,31,0,11,0,9,0,0,0,0
122090,1,1,0,0,0,0,0,0,0,0,0,0
122091,0,1,21,21,21,21,21,21,21,21,21,21
122091,1,1,0,0,0,0,0,0,0,0,0,0
122092,1,1,0,0,24,0,0,0,0,0,0,16
122092,2,1,0,0,0,0,0,0,0,0,0,0
122093,0,1,0,0,0,0,0,0,0,0,0,0
122093,1,1,0,0,0,0,0,0,0,0,0,0
122094,1,1,0,0,0,0,0,0,0,0,0,0
122094,2,1,0,0,0,0,0,0,0,0,0,0
122095,0,1,0,0,0,25,0,0,0,14,0,32
122095,1,1,0,0,0,0,0,0,0,0,0,0
122096,1,1,0,0,0,0,0,0,0,0,0,0
122097,0,1,0,0,0,0,0,0,0,0,0,0
122097,1,1,0,0,0,0,0,0,0,0,0,0
122098,1,1,20,20,20,20,20,20,20,20,20,20
122099,1,1,0,0,0,0,0,0,0,0,0,0
122100,1,1,0,23,2,0,0,0,16,14,0,0
122101,0,1,0,0,0,0,0,0,0,0,0,0
122101,1,1,0,0,3,0,30,0,0,0,0,0
122102,0,1,0,0,0,0,9,0,3,0,0,0
122102,1,1,0,0,0,0,0,0,0,0,0,0
122102,2,1,0,0,0,0,0,0,0,0,0,0
122103,1,1,0,0,0,0,0,0,0,0,0,0
122104,0,1,0,13,0,0,0,0,0,0,0,0
122104,1,1,0,0,0,0,0,0,0,0,0,0
122105,1,1,0,0,0,0,0,0,0,0,0,0
122105,2,1,0,0,0,0,0,0,0,0,0,0
122105,3,1,0,0,0,0,0,0,0,0,0,0
122106,0,1,0,0,0,0,0,0,0,0,0,0
122106,1,1,0,0,0,0,0,0,0,0,0,0
122107,0,1,0,0,0,0,19,0,0,0,0,0
122107,1,1,2,2,2,2,2,2,2,2,2,2
122107,2,1,0,0,0,0,0,0,0,0,0,0
122108,1,1,16,16,16,16,16,16,16,16,16,16
122109,0,1,34,34,34,34,34,34,34,34,34,34
122109,1,1,0,0,0,0,0,0,0,0,0,0
122110,0,1,20,20,20,20,20,20,20,20,20,20
122110,1,1,0,0,7,0,0,0,0,0,0,0