ST_CASE,VEH_NO,PER_NO,P1,P2,P3,P4,P5,P6,P7,P8,P9,P10
130420,1,1,0,0,0,0,0,0,0,0,0,0
130421,0,1,2,2,2,2,2,2,2,2,2,2
130421,1,1,0,0,0,0,0,0,0,0,0,0
130422,1,1,0,0,0,0,0,10,20,0,0,0
130423,1,1,0,0,0,0,0,0,0,0,0,0
130423,2,1,0,0,0,0,0,0,0,0,0,0
130424,1,1,0,0,0,0,0,0,0,0,0,0
130425,0,1,12,0,0,28,18,0,0,45,0,32
130425,1,1,0,0,0,0,0,0,0,0,0,0
130426,1,1,0,0,0,0,0,0,0,0,0,0
130427,1,1,0,0,0,0,0,0,0,0,0,0
130428,1,1,0,0,15,0,0,0,0,0,0,0
130428,2,1,0,0,0,0,0,0,0,0,0,0
130428,3,1,0,0,0,0,0,0,0,0,0,0
130429,1,1,21,21,21,21,21,21,21,21,21,21
130430,1,1,0,0,0,0,0,0,0,0,0,0
130430,2,1,0,0,0,0,0,0,0,0,0,0
130431,1,1,22,22,22,22,22,22,22,22,22,22
130432,1,1,9,9,9,9,9,9,9,9,9,9
130433,1,1,0,0,0,0,0,0,0,0,0,0
130433,2,1,0,0,0,0,0,0,0,0,0,0
130434,1,1,0,0,0,0,0,0,0,0,0,0
130434,2,1,0,0,0,0,0,0,0,0,0,0
130435,1,1,17,9,0,13,0,0,0,14,0,0
130436,1,1,0,0,16,8,0,9,0,0,0,0
130437,1,1,9,9,9,9,9,9,9,9,9,9
130438,1,1,0,0,0,0,0,0,0,0,0,0
130438,2,1,0,0,0,6,0,0,27,0,0,0
130439,0,1,17,17,17,17,17,17,17,17,17,17
130439,1,1,0,0,0,0,0,0,0,0,0,0
130440,1,1,0,0,0,0,0,0,0,0,0,0
130440,2,1,0,0,0,0,0,0,0,0,0,0
130441,1,1,0,0,0,0,0,0,0,0,0,0
130441,2,1,8,0,0,0,8,0,4,3,0,9
130442,1,1,0,0,0,0,0,0,0,0,0,0
130442,2,1,0,0,0,0,0,0,0,0,0,0
130443,1,1,13,0,0,0,0,0,0,0,0,0
130443,2,1,0,0,0,0,0,0,0,0,0,0
130444,1,1,10,11,30,14,14,15,25,11,17,33
130445,1,1,0,0,0,0,0,0,0,0,0,0
130446,1,1,0,0,0,0,0,0,0,0,0,0
130447,1,1,0,0,0,0,9,0,0,0,0,0
130447,2,1,0,0,0,0,0,0,0,0,0,0
130448,1,1,0,0,21,18,17,21,22,18,8,10
130449,1,1,0,11,0,0,0,0,0,0,0,0
130449,2,1,0,0,0,0,0,0,0,0,0,0
130449,3,1,0,0,0,0,0,0,0,0,0,0
130450,1,1,0,0,0,0,0,0,0,0,0,0
130450,2,1,12,20,17,0,15,14,14,5,12,18
130451,1,1,19,19,19,19,19,19,19,19,19,19
130451,2,1,0,0,0,0,0,7,0,0,0,0
130452,1,1,0,0,0,0,0,0,0,0,0,0
130453,1,1,25,25,25,25,25,25,25,25,25,25
130454,1,1,0,0,0,0,0,0,0,0,0,0
130455,1,1,0,0,0,0,0,0,0,0,0,0
130455,2,1,0,0,0,0,0,0,0,0,0,0
130455,3,1,0,0,0,0,0,0,0,0,0,0
130455,4,1,0,0,0,0,0,0,0,0,0,0
130455,5,1,0,0,0,0,0,0,0,0,0,0
130455,6,1,0,0,0,0,0,0,0,0,0,0
130456,1,1,0,0,0,0,0,0,0,0,0,0
130457,1,1,0,0,0,0,0,0,0,0,0,0
130458,1,1,0,0,0,0,0,0,0,0,0,0
130459,1,1,0,11,0,0,0,0,0,0,0,0
130460,1,1,2,2,2,2,2,2,2,2,2,2
130460,2,1,0,0,0,0,0,0,0,0,0,0
130461,1,1,0,0,0,0,0,0,0,0,0,0
130462,1,1,11,11,11,11,11,11,11,11,11,11
130463,1,1,16,16,16,16,16,16,16,16,16,16
130463,2,1,0,0,0,0,0,14,0,0,0,0
130464,1,1,18,18,18,18,18,18,18,18,18,18
130465,1,1,0,0,9,0,0,7,0,19,0,0
130465,2,1,0,0,0,0,0,0,0,32,0,13
130466,1,1,0,0,0,0,0,0,0,0,0,0
130467,1,1,0,0,0,0,0,0,0,0,0,8
130468,1,1,6,6,6,6,6,6,6,6,6,6
130469,1,1,20,20,20,20,20,20,20,20,20,20
130470,1,1,0,0,0,0,0,0,0,0,0,0
130470,2,1,0,0,0,0,0,0,0,0,0,0
130471,0,1,17,17,17,17,17,17,17,17,17,17
130471,1,1,0,0,0,0,0,0,18,0,0,0
130472,1,1,20,20,20,20,20,20,20,20,20,20
130473,1,1,0,0,0,0,0,0,0,0,0,0
130473,2,1,0,9,0,15,0,0,0,0,0,19
130474,1,1,10,15,14,18,15,12,15,26,10,16
130475,1,1,0,0,0,0,0,0,0,0,0,0
130475,2,1,0,0,0,0,0,0,0,0,0,0
130476,1,1,0,0,0,0,0,0,0,0,0,0
130476,2,1,0,0,0,0,0,0,0,0,0,0
130477,1,1,0,0,0,0,0,0,0,0,0,0
130477,2,1,0,0,0,0,0,0,0,0,0,0
130478,1,1,7,7,7,7,7,7,7,7,7,7
130478,2,1,0,0,0,0,0,0,0,0,0,0
130479,1,1,0,0,0,0,0,0,0,0,0,0
130479,2,1,0,0,0,0,0,0,0,0,0,0
130480,1,1,0,0,0,0,0,20,0,0,19,0
130481,1,1,0,0,0,0,0,0,0,0,0,0
130481,2,1,0,0,0,0,0,0,0,0,0,0
130482,1,1,0,0,0,0,0,0,0,0,0,0
130482,2,1,0,0,0,0,0,0,0,0,0,0
130483,1,1,22,22,22,22,22,22,22,22,22,22
130484,1,1,0,0,0,0,0,0,0,0,0,0
130484,2,1,0,0,0,0,0,0,0,0,0,0
130485,1,1,0,0,0,27,0,0,0,0,0,0
130486,1,1,2,2,2,2,2,2,2,2,2,2
130486,2,1,0,15,24,0,0,16,0,15,7,0
130486,3,1,0,0,0,19,0,10,0,0,0,13
130487,1,1,22,22,22,22,22,22,22,22,22,22
130488,1,1,0,3,0,0,0,0,0,0,0,17
130488,2,1,0,0,0,0,0,0,0,0,0,0
130489,1,1,0,0,0,0,0,0,0,0,0,0
130490,1,1,0,0,0,0,0,0,0,0,0,0
130491,1,1,0,0,0,0,0,0,8,0,0,0
130491,2,1,0,0,0,0,0,0,0,0,0,0
130492,1,1,0,0,0,0,0,0,5,16,0,0
130492,2,1,0,0,0,0,0,0,0,0,0,0
130493,1,1,0,0,0,0,0,0,0,0,0,0
130493,2,1,0,0,0,0,0,0,0,0,0,0
130494,1,1,6,6,6,6,6,6,6,6,6,6
130495,1,1,24,24,24,24,24,24,24,24,24,24
130496,1,1,0,0,0,0,0,0,0,0,0,0
130497,0,1,26,26,26,26,26,26,26,26,26,26
130497,1,1,8,8,8,8,8,8,8,8,8,8
130498,1,1,0,0,0,0,0,0,0,0,0,0
130499,1,1,0,0,0,0,0,0,0,0,0,0
130499,2,1,0,0,0,0,0,0,0,0,0,0
130500,1,1,22,22,22,22,22,22,22,22,22,22
130501,0,1,0,18,0,21,10,0,0,0,0,17
130501,1,1,27,0,0,14,0,11,10,0,31,0
130502,1,1,3,3,3,3,3,3,3,3,3,3
130503,1,1,0,0,0,0,0,0,0,0,0,0
130504,1,1,0,0,0,0,0,0,0,0,8,0
130504,2,1,0,0,0,0,0,0,0,0,0,0
130504,3,1,0,0,0,0,0,0,0,0,0,0
130505,1,1,12,26,10,36,22,28,24,4,13,0
130506,1,1,0,0,0,0,0,0,0,0,0,0
130506,2,1,0,0,0,0,0,0,0,0,0,0
130507,1,1,0,0,0,0,0,0,0,0,0,0
130508,0,1,0,0,0,0,0,0,0,0,0,0
130508,1,1,0,0,0,0,0,5,0,0,0,7
130509,1,1,0,0,0,0,0,0,0,0,0,0
130510,1,1,0,0,0,0,0,0,0,0,0,0
130511,1,1,0,0,0,0,0,0,0,0,0,0
130512,1,1,20,20,20,20,20,20,20,20,20,20
130513,0,1,11,11,11,11,11,11,11,11,11,11
130513,1,1,0,0,0,0,0,0,0,0,0,12
130514,0,1,0,0,17,23,0,28,0,44,0,20
130514,1,1,0,0,0,16,0,0,0,0,0,0
130515,1,1,0,0,0,0,0,0,0,0,0,0
130516,1,1,0,0,0,0,0,0,0,0,0,0
130517,1,1,0,0,0,0,0,0,0,0,0,0
130518,1,1,0,0,0,0,0,0,0,0,0,0
130519,1,1,0,0,0,0,0,0,23,0,0,0
130520,1,1,0,0,0,0,0,0,0,0,0,0
130521,1,1,0,0,0,0,0,0,0,0,0,0
130522,1,1,0,0,0,0,0,0,0,0,0,0
130522,2,1,0,0,0,0,0,0,0,0,0,0
130523,1,1,0,0,0,0,0,0,0,0,0,0
130523,2,1,0,0,0,0,0,0,0,0,0,0
130524,0,1,0,0,0,0,2,0,0,0,9,0
130524,1,1,0,0,0,4,0,0,0,0,0,0
130525,1,1,0,0,0,0,0,0,0,0,0,0
130526,1,1,22,22,22,22,22,22,22,22,22,22
130527,1,1,0,0,0,0,0,0,0,0,0,0
130527,2,1,0,0,0,0,0,0,0,0,0,0
130528,0,1,26,31,25,0,42,34,19,0,0,27
130528,1,1,0,0,0,0,0,0,0,0,0,0
130529,1,1,0,0,0,0,0,0,0,0,0,0
130530,1,1,0,0,0,0,0,0,0,0,0,0
130530,2,1,0,0,0,0,5,0,0,0,0,0
130530,3,1,0,0,0,0,0,0,0,0,0,0
130531,1,1,0,0,0,0,0,0,0,0,0,0
130532,1,1,0,0,0,0,0,0,0,0,0,0
130532,2,1,0,0,0,0,0,0,0,0,0,0
130533,1,1,0,0,0,0,0,0,0,0,0,0
130534,1,1,0,0,0,9,0,0,0,0,0,11
130535,1,1,0,22,25,28,15,10,0,0,0,21
130536,0,1,0,0,0,0,0,0,0,0,0,0
130536,1,1,5,5,5,5,5,5,5,5,5,5
130537,1,1,0,0,10,0,0,0,0,0,0,0
130538,1,1,15,15,15,15,15,15,15,15,15,15
130539,1,1,14,0,0,3,0,0,6,17,0,17
130540,1,1,0,0,0,0,0,0,0,0,0,0
130541,1,1,0,0,0,0,0,0,0,0,0,0
130542,0,1,0,0,0,0,0,0,0,0,0,0
130542,1,1,0,0,0,0,0,0,0,0,0,0
130542,2,1,0,0,0,0,0,0,0,0,0,0
130543,0,1,20,0,0,0,17,16,0,0,0,0
130543,1,1,0,0,0,0,12,0,0,0,0,0
130544,1,1,0,0,0,0,0,0,0,0,0,0
130545,0,1,0,0,0,0,0,0,0,0,0,0
130545,1,1,0,0,0,0,0,0,0,0,0,0
130546,1,1,15,0,11,0,0,0,18,0,0,0
130547,1,1,0,0,0,0,0,0,0,0,0,0
130548,1,1,0,23,25,21,0,16,31,0,0,0
130549,0,1,0,0,0,0,0,0,0,0,0,0
130549,1,1,0,0,0,0,0,0,0,0,0,0
130550,1,1,0,0,0,6,31,0,0,5,0,0
130551,1,1,0,32,0,0,0,0,0,0,0,0
130551,2,1,0,0,0,0,0,0,0,0,0,0
130552,0,1,24,24,24,24,24,24,24,24,24,24
130552,1,1,0,0,0,0,0,0,0,0,0,0
130554,1,1,0,27,0,0,0,0,16,11,0,32
130555,1,1,0,0,0,0,0,0,15,24,0,14
130556,1,1,0,0,0,0,11,0,0,0,0,0
130556,2,1,0,0,0,0,0,0,0,0,0,0
130557,1,1,0,0,0,0,0,0,0,0,0,0
130558,1,1,0,0,0,0,0,0,0,0,0,0
130559,0,1,17,21,30,14,19,22,18,29,25,18
130559,1,1,0,0,0,9,0,0,0,0,0,0
130560,0,1,0,0,0,9,10,0,0,0,0,27
130560,1,1,0,0,0,0,0,0,0,0,0,0
130561,1,1,0,0,0,0,0,0,0,0,0,0
130561,2,1,0,0,0,9,0,0,0,0,0,0
130562,1,1,0,0,0,0,0,0,0,0,6,10
130563,1,1,0,0,13,0,16,14,0,0,24,25
130563,2,1,0,0,0,0,0,0,0,25,0,0
130564,1,1,0,0,0,0,0,0,0,0,0,0
130565,1,1,9,9,9,9,9,9,9,9,9,9
130565,2,1,0,15,0,13,0,0,0,0,0,0
130566,0,1,15,15,15,15,15,15,15,15,15,15
130566,1,1,0,0,0,0,0,0,0,0,0,0
130567,1,1,0,0,0,0,0,0,0,0,0,0
130567,2,1,0,0,0,0,0,0,0,0,0,0
130567,3,1,0,0,0,0,0,0,0,0,0,0
130568,0,1,0,0,0,0,0,0,0,0,0,0
130568,1,1,0,0,0,0,0,0,0,0,0,0
130569,1,1,0,0,0,0,0,0,0,0,0,0
130570,1,1,0,0,0,0,0,0,0,0,0,0
130570,2,1,0,0,0,0,0,0,0,0,0,0
130570,3,1,0,0,12,0,0,0,0,0,0,0
130571,0,1,35,35,35,35,35,35,35,35,35,35
130571,1,1,0,0,0,0,0,0,0,0,0,0
130572,1,1,0,0,0,0,0,0,0,0,0,0
130572,2,1,0,0,0,0,0,0,0,0,0,0
130572,3,1,0,0,0,0,0,0,0,0,0,0
130573,1,1,0,0,0,0,0,0,0,0,0,0
130574,1,1,0,0,0,0,0,0,0,0,0,0
130575,1,1,0,0,0,0,0,0,0,0,0,17
130576,0,1,0,0,0,0,0,0,0,0,0,0
130576,1,1,2,2,2,2,2,2,2,2,2,2
130577,1,1,0,0,0,0,0,0,0,0,0,0
130577,2,1,0,0,0,0,0,0,0,0,0,0
130578,1,1,17,17,17,17,17,17,17,17,17,17
130579,1,1,14,0,0,0,0,0,0,0,6,9
130580,1,1,0,0,0,0,0,0,0,0,0,0
130580,2,1,0,0,0,0,0,0,0,0,0,0
130581,1,1,0,0,0,0,0,0,0,0,0,0
130581,2,1,0,0,0,0,0,0,0,0,0,0
130581,3,1,0,0,0,0,0,0,0,0,0,0
130582,1,1,0,0,0,0,0,0,0,0,0,0
130583,1,1,29,29,29,29,29,29,29,29,29,29
130584,1,1,13,19,24,14,7,17,14,11,20,4
130585,1,1,25,25,25,25,25,25,25,25,25,25
130586,1,1,17,17,17,17,17,17,17,17,17,17
130587,1,1,0,0,0,0,0,0,0,0,0,0
130588,1,1,14,14,14,14,14,14,14,14,14,14
130588,2,1,0,0,0,0,0,0,0,0,0,0
130589,1,1,37,16,22,15,17,0,23,0,0,0
130590,1,1,0,0,0,0,0,0,0,0,0,0
130590,2,1,0,0,0,0,0,0,0,0,0,0
130591,1,1,21,21,21,21,21,21,21,21,21,21
130591,2,1,0,0,0,0,0,0,0,0,0,0
130592,1,1,0,0,0,0,0,0,0,0,0,0
130593,1,1,0,0,0,0,0,0,0,0,0,0
130593,2,1,0,0,0,0,0,0,0,0,0,0
130594,1,1,28,28,28,28,28,28,28,28,28,28
130595,1,1,0,0,0,0,0,0,0,0,0,0
130595,2,1,0,0,0,0,0,0,0,0,0,0
130595,3,1,0,0,0,0,0,0,0,0,0,0
130596,1,1,0,0,0,0,0,0,0,0,0,0
130597,0,1,15,38,5,31,7,0,6,6,27,14
130597,1,1,0,0,0,0,0,0,0,0,0,0
130597,2,1,0,0,0,15,0,0,0,0,0,0
130597,3,1,0,0,0,25,0,0,11,0,0,0
130597,4,1,0,0,0,0,0,0,11,0,0,0
130598,1,1,0,0,0,0,0,14,0,12,0,18
130599,1,1,0,0,0,0,0,0,0,0,0,0
130600,0,1,0,0,0,0,0,0,0,0,0,31
130600,1,1,0,0,0,0,0,0,0,0,0,0
130601,1,1,0,0,0,0,0,0,0,0,0,0
130602,1,1,0,0,0,0,0,0,0,0,0,0
130603,1,1,0,0,0,0,12,0,0,13,12,12
130604,1,1,0,0,0,0,0,0,0,0,0,0
130604,2,1,0,0,0,0,0,0,0,0,0,0
130605,1,1,0,0,0,0,0,0,0,0,0,0
130606,1,1,0,0,0,0,0,0,0,0,0,0
130606,2,1,0,0,0,0,0,0,0,0,0,0
130607,1,1,0,0,0,0,0,0,0,0,0,0
130608,1,1,16,0,0,0,7,27,17,0,0,0
130609,1,1,0,0,0,0,0,0,0,0,0,0
130609,2,1,0,0,0,0,0,0,0,0,0,0
130609,3,1,0,0,0,0,0,0,0,0,0,0
130610,1,1,0,6,0,0,0,0,19,0,16,30
130611,1,1,0,0,0,0,0,0,0,0,0,0
130611,2,1,0,0,0,0,0,0,0,0,0,0
130612,0,1,32,32,32,32,32,32,32,32,32,32
130612,1,1,0,0,0,0,0,0,0,0,0,7
130613,0,1,0,0,0,0,0,0,0,0,0,0
130613,0,2,0,0,0,0,0,0,0,0,0,0
130613,1,1,0,0,0,0,0,0,0,0,0,0
130614,1,1,0,0,0,0,0,0,0,0,0,0
130614,2,1,0,0,0,0,0,0,0,0,0,0
130615,1,1,25,25,25,25,25,25,25,25,25,25
130615,2,1,0,0,0,0,0,0,0,0,0,0
130616,1,1,24,24,24,24,24,24,24,24,24,24
130617,1,1,13,15,4,34,23,13,0,0,18,32
130618,1,1,16,28,0,20,16,17,0,0,21,10
130619,1,1,0,0,0,0,0,0,0,0,0,0
130619,2,1,0,0,0,0,0,0,0,0,0,0
130620,1,1,0,0,0,0,0,0,0,0,0,0
130620,2,1,0,0,0,0,0,0,0,0,0,0
130620,3,1,0,0,0,0,0,0,0,0,0,0
130620,4,1,0,30,0,0,0,0,0,0,0,0
130620,5,1,0,0,0,0,0,20,0,0,0,0
130620,6,1,0,0,0,0,0,0,0,0,0,0
130621,1,1,16,16,16,16,16,16,16,16,16,16
130621,2,1,0,0,0,0,0,0,0,0,0,0
130622,1,1,0,0,0,0,0,0,0,0,0,0
130623,1,1,0,0,0,0,0,0,0,0,0,0
130623,2,1,0,0,0,0,0,0,0,0,0,0
130624,1,1,6,6,6,6,6,6,6,6,6,6
130624,2,1,0,0,0,0,0,0,0,0,0,0
130625,1,1,20,20,20,20,20,20,20,20,20,20
130626,1,1,0,0,0,0,0,0,0,0,0,0
130627,1,1,0,0,0,0,0,0,0,0,0,0
130627,2,1,0,0,0,0,0,0,0,0,0,0
130628,1,1,0,0,0,0,0,0,0,0,0,0
130628,2,1,0,0,0,0,0,0,0,0,0,0
130628,3,1,0,0,0,0,0,0,0,0,0,0
130628,4,1,0,0,0,0,0,0,0,0,0,0
130628,5,1,0,0,0,0,0,0,0,0,0,0
130629,1,1,0,0,0,0,0,0,0,0,0,0
130629,2,1,0,0,0,0,0,0,0,0,0,0
130630,1,1,14,14,14,14,14,14,14,14,14,14
130630,2,1,0,0,0,0,0,0,0,0,0,0
130631,1,1,2,2,2,2,2,2,2,2,2,2
130631,2,1,0,0,0,0,0,0,0,0,0,0
130631,3,1,0,0,0,0,0,0,0,17,0,0
130632,1,1,0,0,0,0,0,0,0,0,0,0
130633,1,1,0,0,0,0,0,0,0,0,0,0
130634,0,1,0,15,43,16,41,9,14,29,0,36
130634,1,1,0,0,0,0,0,0,0,0,0,0
130634,2,1,0,0,0,0,0,0,0,0,0,0
130634,3,1,3,0,0,0,0,16,0,0,0,0
130635,1,1,0,0,0,0,0,0,0,0,0,0
130635,2,1,0,0,0,0,0,0,0,0,0,0
130636,1,1,0,0,0,27,0,0,0,0,0,0
130636,2,1,0,0,0,0,0,0,0,0,0,0
130637,1,1,0,0,0,0,0,0,0,0,0,0
130637,2,1,0,0,0,0,0,0,0,0,0,0
130638,1,1,0,0,0,0,0,0,0,0,0,0
130638,2,1,0,0,0,0,0,0,0,0,0,0
130638,3,1,0,0,0,0,0,0,0,11,0,0
130638,4,1,0,0,0,0,0,0,0,0,0,0
130638,5,1,0,0,0,0,0,0,0,0,0,0
130639,1,1,0,0,0,0,0,0,0,0,0,0
130639,2,1,0,0,0,0,0,0,0,0,0,0
130640,1,1,0,0,0,0,0,0,0,0,0,0
130640,2,1,0,0,0,0,0,0,0,0,0,0
130641,1,1,0,0,0,0,0,0,19,0,0,17
130642,1,1,4,4,4,4,4,4,4,4,4,4
130643,1,1,13,13,13,13,13,13,13,13,13,13
130643,2,1,0,16,0,0,0,0,0,11,0,0
130644,0,1,0,0,0,0,0,0,0,0,0,0
130644,1,1,0,0,0,0,0,0,0,0,0,0
130645,1,1,23,23,23,23,23,23,23,23,23,23
130645,2,1,0,13,0,0,0,0,0,0,0,0
130646,1,1,0,0,0,0,0,0,0,0,0,0
130647,1,1,0,0,0,0,0,0,0,0,0,0
130647,2,1,0,0,0,18,0,12,0,21,0,0
130648,1,1,0,0,0,0,0,0,0,0,0,0
130648,2,1,0,0,0,0,0,0,0,0,0,0
130649,1,1,0,0,0,0,0,0,0,0,0,0
130649,2,1,0,0,0,0,0,0,0,0,0,0
130649,3,1,0,0,0,0,0,0,0,0,0,0
130649,4,1,0,0,0,0,0,0,0,0,0,0
130649,5,1,0,0,0,0,0,0,0,0,0,0
130649,6,1,0,0,0,0,0,0,0,0,0,0
130649,7,1,0,0,0,0,0,0,0,0,0,0
130649,8,1,0,0,0,0,0,0,0,0,0,0
130650,1,1,0,0,0,0,0,0,0,0,0,0
130651,1,1,0,0,0,0,0,0,0,0,0,0
130651,2,1,0,0,0,0,0,0,0,0,0,0
130652,1,1,16,19,6,46,21,25,29,15,11,39
130653,1,1,0,0,0,0,0,0,0,0,0,0
130653,2,1,0,0,0,0,0,0,0,0,0,0
130654,1,1,0,0,0,0,0,0,0,0,0,0
130655,1,1,6,6,6,6,6,6,6,6,6,6
130656,1,1,0,0,6,0,6,0,0,0,0,17
130657,1,1,0,0,0,0,0,0,0,0,0,11
130657,2,1,0,0,0,0,0,0,0,0,0,0
130657,3,1,0,0,0,0,0,0,0,0,0,0
130658,1,1,0,0,34,0,0,0,17,10,0,24
130658,2,1,0,0,0,0,0,0,0,0,0,0
130659,1,1,0,23,0,0,0,0,0,0,19,0
130659,2,1,0,0,0,0,0,0,0,0,0,0
130659,3,1,0,0,0,0,0,0,0,0,0,0
130660,1,1,0,0,0,0,0,0,0,0,0,0
130660,2,1,0,0,0,0,0,0,0,0,0,0
130661,1,1,0,0,0,0,0,0,0,0,0,0
130661,2,1,0,0,15,0,0,0,0,0,0,0
130662,1,1,19,19,19,19,19,19,19,19,19,19
130662,2,1,2,2,2,2,2,2,2,2,2,2
130663,1,1,0,0,0,0,0,17,16,0,14,0
130663,2,1,0,0,0,0,0,0,0,0,0,0
130663,3,1,19,0,0,0,0,0,0,0,0,0
130664,1,1,0,0,14,0,0,0,0,0,0,0
130665,1,1,0,0,0,0,0,0,0,0,0,0
130665,2,1,0,0,0,0,0,0,0,0,0,0
130666,1,1,6,6,6,6,6,6,6,6,6,6
130666,2,1,0,0,0,0,0,0,0,0,0,0
130667,1,1,18,7,12,8,7,0,10,0,0,11
130667,2,1,0,0,0,0,0,0,0,0,0,0
130668,0,1,0,0,0,0,0,0,0,0,0,0
130668,0,2,0,0,0,0,24,0,0,0,0,0
130668,0,3,0,0,0,0,0,0,0,0,0,0
130668,1,1,0,0,0,0,0,0,0,0,0,0
130669,1,1,0,0,0,0,0,0,0,18,0,17
130670,1,1,0,0,0,0,0,0,0,0,0,18
130670,2,1,0,0,0,0,0,0,0,0,0,0
130671,1,1,0,0,0,0,0,0,0,0,0,0
130671,2,1,0,0,0,0,0,0,0,0,0,0
130672,1,1,13,16,15,14,18,12,11,30,25,37
130673,1,1,0,0,0,0,0,0,0,0,0,0
130673,2,1,0,0,0,0,0,0,0,0,0,0
130674,1,1,0,0,0,0,0,0,0,0,0,0
130674,2,1,0,0,0,0,0,0,0,0,0,0
130675,1,1,1,0,13,10,0,0,7,0,0,0
130676,1,1,9,9,9,9,9,9,9,9,9,9
130677,1,1,0,0,0,0,0,0,0,0,0,0
130677,2,1,0,0,0,0,0,0,0,0,0,0
130677,3,1,0,0,0,0,0,0,0,0,0,0
130678,1,1,0,0,0,0,0,0,0,0,0,0
130678,2,1,0,0,0,0,0,0,0,0,0,0
130678,3,1,0,0,0,0,0,0,0,0,0,0
130679,1,1,18,18,18,18,18,18,18,18,18,18
130680,1,1,10,0,0,0,0,0,0,0,0,0
130681,1,1,0,0,0,0,0,0,0,0,0,0
130682,1,1,30,26,3,23,14,20,24,12,29,13
130683,1,1,0,0,0,0,0,0,0,0,0,0
130683,2,1,0,0,0,0,0,0,0,0,0,0
130684,1,1,0,0,0,0,0,0,0,0,0,0
130685,1,1,13,13,13,13,13,13,13,13,13,13
130686,1,1,0,0,0,0,0,0,0,0,0,0
130687,1,1,0,0,0,0,0,0,0,0,10,0
130688,1,1,0,0,0,0,0,0,0,0,0,0
130689,1,1,28,28,28,28,28,28,28,28,28,28
130690,1,1,0,0,0,0,0,0,27,0,0,0
130691,1,1,0,0,0,0,0,0,0,0,0,0
130691,2,1,0,0,0,0,0,0,0,0,0,0
130692,1,1,8,0,0,0,0,0,0,0,0,0
130693,0,1,0,6,11,0,27,0,0,0,0,0
130693,1,1,0,0,14,0,0,0,0,0,0,19
130694,1,1,31,31,31,31,31,31,31,31,31,31
130695,1,1,0,0,0,0,0,14,22,0,0,0
130695,2,1,0,0,0,0,0,0,0,0,0,0
130695,3,1,0,0,0,0,0,0,0,0,3,0
130696,0,1,0,0,0,0,0,9,0,0,0,0
130696,1,1,0,0,0,0,0,0,0,0,0,0
130697,0,1,20,0,0,0,30,19,7,0,23,0
130697,1,1,0,0,0,0,0,0,0,0,0,0
130698,1,1,0,0,0,0,0,0,0,0,0,0
130699,1,1,0,0,0,0,0,0,0,0,0,0
130699,2,1,0,0,0,0,0,17,0,0,0,0
130700,1,1,0,0,0,0,0,0,0,0,0,0
130701,0,1,0,0,0,0,0,12,5,37,19,0
130701,1,1,0,0,0,0,0,0,5,8,0,0
130702,1,1,0,0,0,0,0,0,0,0,0,0
130702,2,1,0,0,0,0,0,0,0,0,0,0
130703,1,1,0,0,0,0,0,0,0,0,0,0
130703,2,1,0,0,0,0,0,0,0,0,0,0
130703,3,1,0,0,0,0,0,0,0,0,0,0
130704,1,1,0,2,0,0,0,0,0,0,0,0
130704,2,1,0,0,0,0,0,0,0,0,0,0
130705,0,1,15,15,15,15,15,15,15,15,15,15
130705,1,1,0,0,0,0,7,0,0,0,0,0
130706,1,1,26,26,26,26,26,26,26,26,26,26
130707,0,1,0,0,0,0,0,0,0,0,0,0
130707,1,1,0,0,0,0,0,0,0,0,0,0
130708,1,1,0,0,0,0,0,0,0,0,0,0
130709,1,1,0,0,36,29,0,0,0,0,0,0
130710,1,1,0,0,0,0,0,0,0,0,0,0
130710,2,1,0,0,0,0,0,0,0,0,0,0
130711,1,1,0,0,0,0,0,0,0,0,27,0
130711,2,1,0,8,0,0,0,0,0,0,0,0
130712,1,1,0,20,0,0,0,0,0,0,13,0
130713,0,1,12,12,12,12,12,12,12,12,12,12
130713,1,1,0,0,0,6,0,0,0,0,0,0
130714,1,1,0,0,0,0,0,0,0,0,0,0
130714,2,1,0,0,0,0,0,0,0,0,0,0
130715,1,1,16,16,16,16,16,16,16,16,16,16
130716,1,1,0,0,0,0,0,0,0,0,0,0
130717,1,1,37,29,27,0,28,17,17,0,13,0
130718,1,1,0,0,0,0,0,0,0,0,0,0
130718,2,1,0,0,0,0,0,0,0,0,0,0
130719,1,1,19,19,19,19,19,19,19,19,19,19
130719,2,1,0,0,0,0,0,0,0,0,0,0
130720,1,1,0,0,0,0,0,0,0,0,0,0
130720,2,1,0,0,0,0,0,0,0,0,0,0
130721,0,1,0,0,0,0,0,0,0,0,0,0
130721,1,1,0,0,0,0,0,0,0,0,0,0
130722,1,1,0,7,0,12,9,0,16,4,14,13
130723,1,1,0,0,0,0,0,0,0,0,0,0
130723,2,1,0,0,0,0,0,0,0,0,0,0
130724,1,1,0,0,0,0,0,0,0,0,0,0
130725,1,1,0,0,0,0,0,0,0,0,0,0
130726,1,1,0,0,9,0,0,0,0,0,0,0
130727,1,1,0,0,0,0,0,18,0,0,0,0
130728,1,1,0,0,0,0,10,0,0,0,0,0
130729,0,1,4,4,4,4,4,4,4,4,4,4
130729,0,2,6,6,6,6,6,6,6,6,6,6
130729,1,1,0,0,0,0,0,0,0,0,0,0
130730,1,1,0,0,0,0,0,0,0,0,0,0
130731,1,1,0,0,0,0,0,0,0,0,0,0
130732,1,1,0,0,0,0,0,0,0,0,0,0
130732,2,1,0,0,0,0,0,0,0,0,0,0
130733,1,1,0,0,0,0,0,0,0,0,0,0