ST_CASE,VEH_NO,PER_NO,P1,P2,P3,P4,P5,P6,P7,P8,P9,P10
130733,2,1,0,0,0,0,0,0,6,0,0,0
130734,1,1,0,0,0,0,0,0,0,0,0,0
130735,1,1,0,0,0,0,0,0,0,0,0,0
130735,2,1,0,0,0,0,0,0,0,0,0,0
130736,1,1,0,0,0,0,0,0,0,0,0,0
130736,2,1,0,0,0,0,0,0,0,0,0,0
130737,0,1,0,0,0,0,0,0,0,0,0,0
130737,1,1,0,0,0,0,0,0,0,0,0,0
130738,1,1,0,0,0,0,0,0,0,0,0,0
130739,1,1,0,0,0,0,0,0,0,0,0,0
130740,1,1,0,0,0,0,0,0,0,0,0,0
130740,2,1,0,0,0,0,0,0,0,0,0,0
130741,1,1,28,28,28,28,28,28,28,28,28,28
130742,1,1,0,0,0,0,0,0,0,0,0,0
130743,1,1,27,27,27,27,27,27,27,27,27,27
130744,1,1,0,0,0,0,0,0,0,0,0,0
130745,1,1,12,12,12,12,12,12,12,12,12,12
130746,1,1,0,0,0,0,0,0,0,0,0,0
130746,2,1,0,0,0,0,0,0,0,0,0,0
130747,1,1,16,0,0,0,27,0,0,0,0,0
130748,1,1,0,0,0,0,0,0,0,0,0,0
130748,2,1,0,0,0,0,0,0,0,0,0,0
130749,1,1,0,0,0,0,7,0,0,0,0,0
130749,2,1,0,0,0,0,0,0,0,0,0,0
130750,1,1,0,0,0,0,0,0,0,0,0,0
130750,2,1,0,0,0,0,0,0,0,0,0,0
130751,1,1,0,0,0,0,0,0,0,0,0,0
130752,1,1,0,0,0,0,0,0,0,0,0,0
130752,2,1,0,0,0,0,0,0,0,0,0,0
130753,0,1,10,10,10,10,10,10,10,10,10,10
130753,1,1,0,0,0,0,0,0,0,0,0,15
130754,1,1,0,0,0,0,0,0,0,0,0,0
130754,2,1,0,0,0,0,0,0,6,0,4,0
130755,1,1,26,15,0,13,0,0,0,11,0,0
130755,2,1,0,0,0,0,0,0,0,0,0,0
130756,1,1,0,17,0,0,0,0,0,0,0,8
130757,1,1,0,0,0,0,0,0,0,0,0,0
130757,2,1,0,0,0,0,0,0,0,0,0,0
130758,1,1,26,0,0,13,0,25,28,0,0,3
130759,1,1,31,31,31,31,31,31,31,31,31,31
130760,1,1,0,0,0,0,0,0,0,0,0,0
130761,1,1,19,19,19,19,19,19,19,19,19,19
130761,2,1,0,0,0,0,0,0,0,0,0,0
130762,1,1,0,18,11,0,9,0,9,51,0,12
130763,1,1,0,0,0,0,0,0,0,0,28,0
130763,2,1,0,0,0,0,0,0,0,0,0,0
130764,1,1,0,0,0,0,0,0,0,0,0,0
130764,2,1,0,0,0,0,0,0,0,0,0,0
130764,3,1,0,0,0,0,0,0,0,0,0,0
130765,1,1,12,0,6,13,0,17,22,0,0,0
130766,1,1,0,0,0,0,0,5,0,0,0,0
130767,1,1,0,0,0,0,0,0,0,0,0,0
130767,2,1,0,0,0,0,0,0,0,0,0,0
130768,1,1,0,0,0,0,0,0,0,0,0,0
130768,2,1,0,0,0,0,0,0,0,0,0,0
130769,1,1,7,7,7,7,7,7,7,7,7,7
130769,2,1,0,0,0,0,0,0,0,0,0,0
130770,1,1,0,0,0,0,0,0,0,0,0,0
130771,1,1,0,0,0,0,0,0,0,0,0,0
130771,2,1,0,0,0,0,0,0,0,0,0,0
130772,1,1,0,5,18,9,0,0,0,0,0,14
130773,1,1,0,0,0,0,0,0,0,0,0,0
130773,2,1,0,0,0,0,0,0,0,0,0,0
130774,0,1,22,22,22,22,22,22,22,22,22,22
130774,1,1,0,0,0,0,0,0,0,0,0,0
130775,1,1,32,32,32,32,32,32,32,32,32,32
130776,1,1,31,6,23,0,20,16,18,8,0,2
130777,1,1,0,0,0,0,0,0,0,0,0,0
130777,2,1,0,9,0,0,0,0,0,0,0,0
130778,1,1,0,0,0,0,0,0,0,0,0,0
130778,2,1,0,0,0,0,0,0,0,0,0,0
130779,1,1,0,0,0,0,0,0,0,0,0,0
130779,2,1,0,0,0,0,0,0,0,0,0,0
130780,1,1,0,0,0,8,0,0,0,0,0,13
130780,2,1,0,0,0,0,0,0,0,0,0,0
130780,3,1,0,0,0,0,0,0,0,0,0,0
130781,1,1,0,0,0,0,0,0,0,0,0,0
130781,2,1,0,0,0,0,0,0,0,0,0,0
130783,0,1,20,20,0,0,0,0,9,10,0,0
130783,1,1,0,0,0,0,0,0,0,0,0,0
130784,1,1,18,0,17,0,0,13,0,12,0,28
130785,1,1,0,0,0,0,0,0,0,0,0,0
130785,2,1,0,0,0,0,0,0,0,0,0,0
130786,1,1,0,0,26,0,0,0,0,0,0,0
130786,2,1,0,0,0,0,0,0,0,0,0,0
130787,1,1,0,19,17,22,6,0,8,21,0,0
130788,1,1,28,28,28,28,28,28,28,28,28,28
130789,1,1,0,0,0,0,0,0,0,0,0,0
130790,1,1,0,0,0,0,0,0,0,0,15,0
130790,2,1,0,0,0,0,0,0,0,15,0,0
130791,1,1,0,0,0,0,0,0,0,0,0,0
130791,2,1,0,0,0,0,0,0,0,0,0,0
130792,1,1,0,0,0,0,0,0,0,0,0,0
130793,1,1,0,0,0,0,0,0,0,0,0,0
130794,0,1,18,18,18,18,18,18,18,18,18,18
130794,1,1,0,0,0,0,0,0,0,0,0,0
130795,1,1,0,0,0,0,5,0,0,0,0,0
130795,2,1,0,0,0,0,0,0,0,50,0,0
130795,3,1,0,0,0,0,0,0,0,0,0,0
130795,4,1,0,0,0,0,0,0,0,0,0,0
130796,1,1,0,0,0,0,0,0,0,0,0,0
130796,2,1,0,13,0,0,0,0,0,0,0,0
130797,0,1,0,16,0,0,0,0,0,0,0,0
130797,1,1,0,19,18,24,0,0,19,0,15,8
130798,1,1,0,0,0,0,0,0,0,0,0,0
130798,2,1,0,0,0,0,0,0,0,0,0,0
130799,1,1,15,15,15,15,15,15,15,15,15,15
130799,2,1,0,0,0,0,0,0,0,0,0,0
130800,1,1,0,0,0,0,0,0,0,0,0,0
130800,2,1,0,0,0,0,0,0,0,0,0,0
130801,1,1,0,0,0,0,0,0,0,0,0,0
130802,1,1,25,25,25,25,25,25,25,25,25,25
130803,1,1,0,0,0,0,0,0,0,0,0,0
130803,2,1,0,0,0,0,0,0,0,0,0,0
130803,3,1,0,0,0,0,0,0,0,0,0,0
130804,1,1,0,0,0,0,0,0,0,0,0,0
130804,2,1,0,0,0,0,0,0,0,0,0,0
130804,3,1,0,7,13,10,6,15,19,26,17,30
130805,1,1,0,0,0,0,0,0,0,0,0,0
130806,0,1,0,18,0,0,25,0,48,9,0,20
130806,2,1,0,0,0,0,0,0,0,25,0,25
130807,1,1,0,0,0,0,0,0,0,0,0,0
130807,2,1,0,0,0,0,0,0,0,0,0,0
130808,0,1,26,0,12,0,0,0,10,19,14,15
130808,1,1,0,9,0,0,0,0,0,0,0,0
130809,0,1,0,0,0,0,0,0,0,0,0,0
130809,1,1,0,0,0,0,0,0,0,0,0,0
130810,0,1,0,0,0,0,0,0,0,0,0,0
130810,1,1,0,0,0,0,0,0,0,0,0,0
130811,1,1,18,18,18,18,18,18,18,18,18,18
130812,1,1,10,10,10,10,10,10,10,10,10,10
130813,1,1,6,6,6,6,6,6,6,6,6,6
130813,2,1,0,0,0,0,0,0,0,0,0,0
130813,3,1,20,20,20,20,20,20,20,20,20,20
130814,1,1,0,0,0,0,0,0,0,0,0,0
130814,2,1,0,0,0,0,0,0,0,0,0,0
130815,1,1,0,0,0,16,0,13,0,0,16,15
130816,1,1,0,0,0,0,0,0,0,0,0,0
130817,1,1,19,19,19,19,19,19,19,19,19,19
130818,1,1,0,0,0,0,0,0,0,0,0,0
130818,2,1,0,0,0,0,0,0,0,0,0,0
130819,0,1,0,0,0,6,0,0,0,0,0,0
130819,1,1,0,0,0,0,0,0,0,0,0,0
130819,2,1,0,0,0,0,0,0,0,0,0,0
130820,1,1,0,0,0,0,0,0,0,0,0,0
130821,1,1,0,0,0,0,0,0,0,0,0,0
130821,2,1,0,0,0,0,0,0,0,0,0,0
130821,3,1,0,0,0,0,0,0,0,0,0,0
130822,0,1,21,21,21,21,21,21,21,21,21,21
130822,1,1,0,0,0,17,0,0,8,0,0,0
130822,2,1,0,0,5,0,28,0,0,0,0,0
130823,1,1,0,0,0,0,0,0,0,0,0,0
130823,2,1,0,0,0,0,0,0,0,0,0,0
130824,0,1,0,0,0,0,0,0,0,0,0,0
130824,1,1,0,0,0,0,0,0,0,0,0,0
130826,1,1,0,0,0,0,0,0,0,0,0,0
130827,1,1,0,0,0,0,0,0,0,0,0,0
130828,1,1,5,5,5,5,5,5,5,5,5,5
130829,1,1,0,0,0,0,0,0,0,0,0,0
130829,2,1,0,0,0,0,0,0,0,0,0,0
130830,1,1,0,0,0,0,0,0,0,4,0,0
130830,2,1,0,0,0,0,0,0,0,0,0,0
130831,1,1,11,11,11,11,11,11,11,11,11,11
130832,1,1,0,0,0,0,0,0,0,0,0,0
130833,1,1,0,0,0,0,0,0,0,0,0,0
130833,2,1,0,0,0,0,0,0,0,0,0,0
130833,3,1,0,0,0,0,0,0,0,0,0,0
130834,1,1,0,0,0,0,13,0,0,0,0,0
130835,1,1,0,0,0,16,0,0,0,0,0,0
130835,2,1,0,0,0,0,0,0,0,0,0,0
130836,1,1,0,0,0,0,0,0,0,0,0,0
130837,1,1,16,16,16,16,16,16,16,16,16,16
130838,1,1,15,15,15,15,15,15,15,15,15,15
130839,1,1,11,0,21,0,0,12,0,0,0,0
130840,1,1,0,0,0,0,0,0,0,0,0,0
130840,2,1,0,0,0,0,0,0,0,0,0,0
130841,1,1,0,0,0,0,14,0,0,0,0,0
130841,2,1,0,0,0,0,0,0,0,0,0,0
130841,3,1,0,0,0,0,0,0,0,0,0,0
130842,1,1,0,0,0,0,0,0,0,0,0,0
130843,1,1,0,0,0,0,0,0,0,0,0,0
130843,2,1,0,0,0,0,0,0,0,0,0,0
130844,1,1,0,0,0,0,0,0,0,0,0,0
130845,1,1,0,0,0,0,0,0,0,0,0,0
130845,2,1,0,0,0,0,0,0,0,0,0,0
130846,1,1,10,19,38,11,27,0,17,41,16,22
130847,1,1,0,0,0,0,0,16,0,0,0,0
130847,2,1,0,0,0,0,0,0,0,0,0,0
130847,3,1,0,0,0,0,0,0,0,0,0,0
130848,1,1,0,0,0,0,0,0,0,0,0,0
130848,2,1,0,0,0,0,0,0,0,0,0,0
130849,1,1,0,0,0,0,0,0,0,0,0,0
130850,1,1,0,0,0,0,0,0,0,0,0,0
130850,2,1,0,0,0,0,0,0,0,0,0,0
130851,0,1,7,7,7,7,7,7,7,7,7,7
130851,1,1,0,0,0,0,0,0,0,0,17,0
130852,0,1,18,21,36,9,0,9,24,26,13,36
130852,1,1,0,0,0,0,0,0,0,0,0,0
130853,1,1,0,0,0,0,0,0,0,0,0,0
130854,1,1,0,0,0,0,0,0,0,0,0,0
130854,2,1,0,0,0,0,0,0,0,0,0,0
130855,1,1,22,22,22,22,22,22,22,22,22,22
130856,1,1,20,16,30,18,11,0,40,0,0,0
130857,1,1,0,0,0,0,0,0,0,0,0,21
130858,1,1,0,0,0,0,0,0,0,0,0,0
130858,2,1,0,0,0,0,0,0,0,0,0,0
130859,1,1,0,0,0,0,0,0,0,0,0,0
130860,1,1,8,0,0,0,0,0,0,0,0,0
130860,2,1,0,0,0,0,0,0,0,0,0,0
130861,0,1,18,18,18,18,18,18,18,18,18,18
130861,1,1,0,0,0,0,3,0,0,0,0,0
130862,1,1,0,0,0,0,0,0,0,0,0,0
130863,1,1,0,0,0,0,0,0,0,0,0,0
130864,1,1,0,0,0,0,0,0,0,0,0,0
130864,2,1,0,0,0,0,0,0,0,0,0,0
130865,1,1,20,20,20,20,20,20,20,20,20,20
130866,1,1,23,23,23,23,23,23,23,23,23,23
130867,1,1,0,0,0,0,0,0,0,0,0,0
130868,0,1,0,0,0,0,0,0,0,0,0,0
130868,2,1,12,12,12,12,12,12,12,12,12,12
130868,3,1,0,0,0,14,0,0,0,0,0,0
130869,0,1,0,0,0,0,0,0,0,0,0,0
130869,1,1,0,0,0,0,0,0,0,0,0,0
130870,1,1,0,0,0,0,0,0,0,0,0,0
130871,1,1,0,0,0,0,0,0,0,0,0,0
130872,1,1,0,0,0,0,0,0,0,0,0,0
130872,2,1,0,12,0,0,0,0,0,0,0,0
130873,0,1,28,0,23,0,0,0,9,0,14,0
130873,1,1,0,0,0,0,0,0,0,0,0,0
130874,1,1,0,1,0,0,0,0,4,0,0,0
130874,2,1,21,21,21,21,21,21,21,21,21,21
130875,1,1,0,0,0,0,0,0,0,0,0,0
130875,2,1,0,0,0,0,0,0,0,0,0,0
130876,1,1,15,15,15,15,15,15,15,15,15,15
130877,1,1,0,0,0,0,0,0,0,0,0,0
130877,2,1,0,0,0,0,0,0,0,0,0,0
130878,1,1,0,0,0,0,0,0,0,0,0,0
130878,2,1,0,0,0,0,0,0,0,0,0,0
130879,1,1,23,0,22,0,0,0,23,0,0,0
130880,1,1,0,0,0,0,0,0,0,0,0,0
130880,2,1,0,0,0,0,0,0,0,0,0,0
130881,1,1,0,0,0,0,0,0,0,0,0,0
130882,1,1,0,0,0,0,0,0,0,0,0,0
130882,2,1,0,0,0,0,0,0,0,0,0,0
130882,3,1,0,0,0,0,0,0,0,0,0,0
130883,1,1,0,0,0,0,0,0,0,0,0,0
130883,2,1,0,0,0,0,0,0,0,0,0,0
130884,1,1,3,3,3,3,3,3,3,3,3,3
130885,1,1,0,0,0,0,0,0,0,0,0,0
130885,2,1,0,0,0,0,0,0,0,0,0,0
130886,1,1,0,0,0,0,0,0,0,0,0,0
130886,2,1,0,0,0,0,0,0,0,0,0,0
130887,1,1,0,0,0,0,0,0,0,0,0,0
130887,2,1,0,0,0,0,0,0,0,0,0,0
130887,3,1,0,0,0,0,0,0,0,0,0,0
130888,1,1,12,12,12,12,12,12,12,12,12,12
130888,2,1,0,0,0,0,0,0,0,0,0,0
130889,1,1,0,0,0,0,0,0,0,0,0,0
130890,0,1,9,9,9,9,9,9,9,9,9,9
130890,1,1,0,0,0,0,0,0,0,0,0,0
130891,1,1,0,0,0,0,0,0,0,0,0,0
130891,2,1,0,0,0,0,0,0,0,0,0,0
130892,0,1,0,0,0,0,0,0,0,0,0,0
130892,1,1,0,0,0,0,0,0,0,0,0,0
130893,0,1,0,0,0,0,0,0,0,0,0,0
130893,1,1,0,0,0,0,0,0,0,0,0,0
130894,1,1,0,0,0,0,0,0,0,0,0,0
130894,2,1,0,0,0,0,0,0,0,0,0,0
130895,1,1,0,0,0,0,0,0,0,0,0,0
130895,2,1,0,0,0,0,0,0,0,0,0,0
130896,1,1,15,15,15,15,15,15,15,15,15,15
130897,1,1,0,0,0,0,0,0,0,0,0,0
130897,2,1,0,0,0,0,0,0,0,0,0,0
130898,1,1,0,0,0,0,0,0,0,10,0,19
130899,0,1,0,0,0,0,0,0,0,0,0,0
130899,1,1,0,0,0,0,0,0,0,0,0,0
130900,1,1,9,9,9,9,9,9,9,9,9,9
130901,0,1,0,0,0,0,0,0,0,0,0,0
130901,1,1,0,0,0,0,0,0,0,0,0,0
130901,2,1,0,0,0,0,0,0,0,0,0,0
130902,0,1,15,0,0,0,0,0,0,0,0,0
130902,1,1,0,0,12,0,0,0,0,0,0,0
130903,1,1,0,0,0,0,0,0,0,0,0,0
130903,2,1,0,0,0,0,0,0,0,0,0,0
130903,3,1,0,0,0,0,0,0,0,0,0,0
130904,1,1,0,0,0,0,0,8,21,0,0,0
130905,1,1,0,0,0,0,0,0,0,0,0,0
130906,0,1,25,0,0,0,0,0,0,0,0,0
130906,1,1,0,0,0,3,0,0,0,0,0,0
130907,1,1,0,0,0,0,0,0,0,0,0,0
130908,1,1,5,5,5,5,5,5,5,5,5,5
130908,2,1,0,0,0,0,0,0,0,0,0,0
130909,1,1,0,0,0,0,0,0,20,0,0,0
130910,0,1,0,0,0,0,0,0,0,0,0,0
130910,1,1,0,0,0,0,0,0,0,0,0,0
130911,1,1,0,0,0,0,0,0,0,0,0,0
130912,1,1,0,0,0,0,0,0,0,0,0,0
130913,1,1,0,0,0,0,0,0,0,0,0,0
130914,1,1,33,33,33,33,33,33,33,33,33,33
130914,2,1,0,0,10,0,0,0,22,0,0,0
130915,1,1,0,0,0,0,0,0,0,0,0,0
130915,2,1,0,0,0,0,0,0,0,0,0,0
130916,1,1,22,22,22,22,22,22,22,22,22,22
130917,0,1,20,0,23,28,34,0,36,0,0,0
130917,1,1,15,0,0,0,0,0,0,0,0,24
130918,0,1,0,0,0,0,0,0,0,0,0,0
130918,1,1,0,0,0,0,0,0,0,0,0,0
130919,1,1,0,0,0,0,0,0,0,0,0,0
130920,1,1,24,24,24,24,24,24,24,24,24,24
130921,0,1,21,21,21,21,21,21,21,21,21,21
130921,1,1,0,20,0,22,0,43,21,0,19,5
130922,1,1,18,18,18,18,18,18,18,18,18,18
130923,0,1,0,0,0,0,0,0,0,0,0,0
130923,1,1,0,0,0,0,0,0,0,0,0,0
130924,0,1,0,0,0,0,0,0,26,22,0,0
130924,1,1,0,0,0,0,0,0,0,0,0,0
130925,1,1,0,0,0,0,0,0,0,0,0,0
130925,2,1,0,0,0,0,0,0,0,0,0,0
130926,1,1,0,0,0,0,0,0,0,0,0,0
130926,2,1,0,0,0,0,0,0,0,0,0,0
130927,1,1,0,0,0,0,0,0,0,0,0,0
130927,2,1,0,0,0,0,0,0,0,0,0,0
130928,1,1,0,0,0,0,0,0,0,0,0,0
130928,2,1,0,0,0,0,0,0,0,0,0,0
130929,1,1,0,0,0,0,0,0,0,0,0,0
130929,2,1,0,0,0,0,0,0,0,0,10,0
130929,3,1,0,0,0,0,0,0,0,0,0,0
130930,1,1,0,0,0,0,0,0,0,0,0,0
130930,2,1,0,0,0,0,0,0,0,0,0,0
130931,1,1,0,0,0,0,0,0,0,0,0,0
130931,2,1,0,0,0,0,0,0,0,0,0,0
130931,3,1,0,0,0,0,0,0,0,0,0,0
130931,4,1,0,0,0,0,21,0,0,0,0,0
130931,5,1,0,0,0,0,0,0,0,0,0,0
130931,6,1,0,0,0,0,0,0,0,0,0,0
130932,1,1,0,0,0,0,0,0,0,0,0,0
130932,2,1,0,0,0,0,0,0,0,0,0,0
130933,1,1,0,0,0,19,0,0,0,0,0,0
130934,1,1,0,0,0,6,0,0,0,0,0,0
130934,2,1,0,0,0,0,19,0,0,0,0,0
130935,1,1,0,0,0,0,0,0,0,0,0,0
130936,1,1,0,0,0,0,0,0,0,0,0,0
130936,2,1,0,0,0,0,0,0,0,0,0,0
130937,1,1,0,0,0,0,0,0,0,0,0,0
130937,2,1,0,0,0,0,0,0,0,0,0,0
130938,1,1,0,0,13,0,0,0,0,0,0,0
130939,1,1,0,0,0,0,0,0,0,0,0,0
130939,2,1,0,0,0,0,0,0,0,0,18,0
130940,1,1,0,0,0,0,0,0,0,0,0,0
130940,2,1,0,0,0,0,0,0,0,0,0,0
130941,1,1,0,0,0,0,0,0,0,0,0,0
130941,2,1,0,0,0,0,0,0,0,0,0,0
130942,1,1,14,14,14,14,14,14,14,14,14,14
130942,2,1,0,0,0,0,0,0,0,0,0,0
130943,0,1,0,0,0,0,7,12,0,0,0,0
130943,0,2,0,0,0,0,0,0,0,0,0,0
130943,1,1,0,0,0,0,0,0,0,0,0,0
130944,0,1,21,17,0,0,0,0,0,0,0,0
130944,0,2,0,0,0,0,0,0,0,0,0,0
130944,1,1,0,0,0,0,0,0,0,0,14,0
130945,1,1,0,0,0,0,0,0,0,0,0,0
130946,0,1,0,0,0,0,0,0,5,8,0,0
130946,1,1,0,0,10,0,0,0,0,0,0,0
130947,1,1,0,0,12,0,0,0,0,0,0,0
130948,1,1,0,0,0,0,0,0,0,0,0,0
130948,2,1,0,0,0,0,0,0,0,0,0,0
130949,1,1,0,0,0,0,0,0,0,0,0,0
130949,2,1,0,0,0,0,0,0,0,0,0,0
130950,1,1,0,0,0,0,0,16,0,0,0,14
130950,2,1,0,0,0,0,0,0,0,0,0,0
130951,1,1,0,0,0,0,0,0,0,0,0,0
130951,2,1,0,0,0,0,0,0,0,0,0,0
130952,1,1,0,0,0,0,0,0,0,0,0,0
130952,2,1,0,0,0,0,0,0,0,0,0,0
130953,1,1,0,0,0,0,0,0,0,0,0,0
130953,2,1,0,0,0,0,0,0,0,0,0,0
130954,1,1,0,0,0,0,0,0,0,0,0,0
130954,2,1,0,0,0,0,0,0,28,0,0,0
130954,3,1,0,0,0,0,0,0,0,0,0,0
130955,0,1,0,0,0,0,0,0,0,0,0,0
130955,0,2,0,0,0,0,0,0,0,0,8,0
130955,1,1,0,0,0,0,0,0,0,0,0,0
130956,1,1,5,5,5,5,5,5,5,5,5,5
130957,1,1,0,0,0,0,0,0,0,0,0,0
130957,2,1,0,0,0,0,0,0,0,0,0,0
130958,1,1,0,0,0,0,0,0,0,0,0,15
130959,1,1,0,0,24,0,0,0,0,0,28,0
130960,1,1,0,0,0,0,0,0,0,0,0,0
130960,2,1,0,0,0,0,0,0,0,0,0,0
130961,1,1,6,6,6,6,6,6,6,6,6,6
130962,1,1,0,0,0,0,0,0,0,0,0,13
130962,2,1,0,20,0,0,0,0,0,0,0,0
130963,1,1,0,0,0,0,0,0,0,0,0,0
130963,2,1,0,0,0,0,0,0,0,0,0,0
130964,1,1,12,12,12,12,12,12,12,12,12,12
130965,1,1,0,0,0,0,0,0,0,0,0,0
130965,2,1,0,0,0,0,0,0,0,0,0,0
130966,1,1,10,10,10,10,10,10,10,10,10,10
130966,2,1,0,0,0,0,0,0,0,7,0,0
130966,3,1,0,0,0,0,0,0,0,0,0,0
130967,1,1,0,0,0,0,0,0,0,0,0,0
130968,0,1,0,28,0,19,0,0,4,0,0,0
130968,1,1,0,6,19,0,0,0,0,0,0,0
130969,1,1,0,0,0,0,0,0,0,0,0,0
130969,2,1,3,3,3,3,3,3,3,3,3,3
130970,1,1,0,0,0,0,0,0,0,0,0,0
130971,1,1,0,0,0,0,0,0,0,0,0,0
130971,2,1,0,0,0,0,0,0,0,0,0,0
130972,1,1,0,0,0,0,0,22,0,0,0,0
130973,1,1,0,0,0,0,0,0,0,0,0,0
130973,2,1,0,0,0,0,0,0,0,0,0,30
130974,1,1,0,0,0,0,0,0,0,0,0,0
130975,1,1,0,0,0,0,0,0,0,0,0,0
130976,1,1,12,12,12,12,12,12,12,12,12,12
130976,2,1,0,0,0,0,0,0,0,0,0,0
130977,1,1,0,0,0,0,0,27,0,0,0,30
130978,1,1,0,0,0,0,0,0,0,0,0,0
130978,2,1,0,0,0,0,0,0,0,0,0,0
130978,3,1,0,0,0,0,0,0,0,0,0,0
130979,1,1,10,10,10,10,10,10,10,10,10,10
130979,2,1,0,0,0,0,0,0,0,0,0,0
130980,1,1,2,0,3,0,5,0,0,0,0,0
130981,1,1,0,7,0,0,0,0,0,0,0,0
130982,1,1,0,0,0,0,0,0,0,0,0,0
130983,1,1,0,0,0,0,0,0,0,0,0,0
130984,1,1,18,18,18,18,18,18,18,18,18,18
130985,1,1,0,0,0,0,0,0,0,0,0,0
130985,2,1,0,0,0,0,0,0,0,0,0,0
130986,1,1,27,27,27,27,27,27,27,27,27,27
130987,1,1,30,30,30,30,30,30,30,30,30,30
130988,1,1,15,15,15,15,15,15,15,15,15,15
130989,0,1,0,25,0,0,0,0,0,0,0,0
130989,1,1,0,0,0,0,0,0,0,0,0,0
130990,1,1,0,0,0,0,0,0,0,0,0,0
130991,1,1,21,0,0,13,0,27,39,23,0,13
130992,1,1,0,0,0,0,0,0,0,0,0,0
130992,2,1,6,0,0,0,0,0,0,0,0,0
130993,1,1,17,17,17,17,17,17,17,17,17,17
130994,1,1,0,0,0,0,0,0,0,0,0,0
130995,1,1,7,0,21,0,0,0,0,0,0,0
130996,1,1,0,0,0,0,0,0,0,0,0,0
130996,2,1,0,0,0,0,0,0,0,0,0,0
130997,1,1,0,0,0,0,0,0,0,0,0,0
130997,2,1,0,0,0,0,0,0,0,0,0,0
130998,1,1,0,0,0,0,0,0,0,0,0,0
130998,2,1,0,0,0,0,18,0,0,0,0,0
130999,1,1,0,0,0,0,0,0,0,0,0,0
131000,1,1,0,0,8,0,0,0,0,0,0,0
131000,2,1,0,0,0,0,0,0,0,0,0,0
131001,1,1,0,0,0,0,0,0,0,0,0,0
131001,2,1,0,0,0,0,0,0,0,0,0,0
131002,1,1,0,0,0,0,0,0,0,0,0,0
131003,1,1,0,25,0,0,0,0,0,0,0,0
131004,1,1,17,17,17,17,17,17,17,17,17,17
131005,1,1,0,0,0,0,0,0,0,0,0,0
131005,2,1,0,0,0,0,0,0,0,0,0,0
131006,1,1,0,0,0,0,0,0,0,0,0,0
131006,2,1,0,0,0,0,0,0,0,0,0,0
131006,3,1,0,0,0,0,0,0,0,0,0,0
131007,1,1,0,0,0,0,0,0,0,0,0,0
131007,2,1,0,0,0,0,0,0,0,0,0,0
131008,1,1,0,0,0,0,0,0,0,0,0,0
131009,1,1,0,0,0,0,0,0,0,0,0,0
131010,1,1,0,0,0,0,0,0,0,0,0,0
131011,1,1,0,8,10,12,17,0,0,0,0,0
131012,1,1,0,0,0,0,0,0,0,0,0,0
131012,2,1,0,0,0,0,0,0,0,0,0,0
131013,1,1,0,0,0,0,0,0,0,0,0,11
131014,1,1,0,0,0,0,0,0,0,0,0,0
131014,2,1,0,0,0,0,0,0,0,0,0,0
131015,1,1,0,0,0,20,0,0,0,0,0,0
131015,2,1,0,0,0,0,0,0,0,0,0,0
131016,1,1,0,0,0,0,0,0,0,0,0,0
131017,1,1,0,9,11,0,0,0,31,0,9,0
131018,1,1,20,20,20,20,20,20,20,20,20,20
131018,2,1,0,0,0,0,0,0,0,0,9,0
131018,3,1,0,0,0,0,0,0,0,19,0,0
131018,4,1,0,0,0,0,0,0,0,0,0,0
131019,0,1,0,23,0,0,0,0,0,26,0,0
131019,0,2,0,0,0,0,0,0,0,0,0,0
131019,1,1,0,0,0,0,0,0,0,0,0,0
131020,1,1,0,0,0,0,0,0,0,0,0,0
131020,2,1,0,0,0,0,0,0,0,0,0,0
131021,1,1,21,12,11,9,31,11,9,0,13,9
131022,1,1,0,0,0,0,0,0,0,0,0,0
131022,2,1,18,0,0,0,0,0,0,0,0,0
131023,1,1,0,0,0,0,0,0,0,0,0,0
131023,2,1,0,0,0,0,0,0,0,0,0,0
131023,3,1,0,0,0,0,0,0,0,0,0,0
131024,0,1,0,0,0,0,0,0,0,0,0,0
131024,1,1,0,0,0,0,0,0,0,0,0,0
131025,1,1,0,0,10,0,0,18,0,0,0,0
131026,1,1,0,0,0,0,0,0,0,0,0,0
131026,2,1,0,0,0,0,43,0,0,0,0,0
131027,1,1,0,0,0,0,0,0,0,0,0,0
131027,2,1,0,0,0,0,0,0,0,0,0,0
131028,1,1,0,0,0,0,0,0,0,0,0,0
131029,1,1,7,9,12,19,21,0,9,12,10,35
131030,1,1,16,39,16,30,27,0,21,15,25,35
131031,1,1,20,20,20,20,20,20,20,20,20,20
131032,1,1,0,0,0,0,0,0,0,0,0,0
131033,1,1,22,23,31,13,16,7,34,14,0,13
131033,2,1,29,0,16,26,12,0,24,0,0,0
131034,1,1,0,0,0,19,0,9,22,0,27,0
131035,1,1,0,0,0,0,0,0,0,0,0,0
131035,2,1,0,0,0,0,0,0,0,0,0,0
131036,0,1,7,7,7,7,7,7,7,7,7,7
131036,1,1,0,0,0,0,0,0,0,0,0,0
131037,1,1,0,0,0,0,0,0,0,0,0,19
131038,1,1,13,13,13,13,13,13,13,13,13,13
131039,1,1,0,0,0,0,0,0,0,0,0,0
131040,1,1,13,13,13,13,13,13,13,13,13,13
131041,1,1,0,0,0,0,0,0,0,0,0,0
131042,1,1,0,0,0,0,0,0,0,0,0,0
131043,1,1,0,0,0,0,0,0,0,0,0,0
131043,2,1,0,0,0,0,0,0,0,0,0,0
131044,1,1,10,10,10,10,10,10,10,10,10,10
131045,1,1,8,8,8,8,8,8,8,8,8,8
131046,0,1,0,0,0,0,0,0,0,0,0,0
131046,0,2,0,0,0,0,23,0,0,0,0,0