ST_CASE,VEH_NO,PER_NO,P1,P2,P3,P4,P5,P6,P7,P8,P9,P10
131046,0,3,0,0,0,11,0,0,0,0,0,0
131046,0,4,37,0,0,0,0,0,0,0,0,0
131046,1,1,0,0,0,0,0,0,0,0,3,21
131047,0,1,0,0,0,0,0,0,0,0,0,0
131047,1,1,0,0,0,0,0,0,0,0,0,0
131048,1,1,0,0,0,0,0,0,0,0,0,0
131048,2,1,0,0,0,0,0,0,0,0,0,0
131048,3,1,0,0,0,0,0,0,0,0,0,0
131049,1,1,0,0,0,0,0,0,0,0,0,0
131049,2,1,0,0,0,0,0,0,0,0,0,0
131050,0,1,0,0,0,0,0,0,0,0,0,0
131050,1,1,0,0,0,0,0,0,0,0,0,0
131051,1,1,0,0,0,0,0,0,0,0,0,0
131052,0,1,23,23,23,23,23,23,23,23,23,23
131052,1,1,0,0,0,0,0,0,0,0,0,0
131052,2,1,0,0,0,0,0,0,0,0,0,0
131053,1,1,0,0,0,0,0,0,0,0,0,0
131053,2,1,0,0,0,0,0,0,0,0,0,0
131054,1,1,0,0,0,0,0,0,0,0,0,0
131054,2,1,0,0,0,0,0,0,0,0,0,0
131055,1,1,0,14,0,0,0,0,0,0,0,0
131056,1,1,9,9,9,9,9,9,9,9,9,9
131056,2,1,0,0,0,0,0,0,0,0,0,0
131057,0,1,0,0,0,0,0,0,0,0,0,0
131057,1,1,0,0,0,0,0,0,0,0,0,0
131058,1,1,30,30,30,30,30,30,30,30,30,30
131059,1,1,0,0,0,0,0,14,0,0,0,0
131060,1,1,0,0,0,0,0,0,0,0,0,0
131060,2,1,0,0,0,0,0,0,0,0,0,0
131061,1,1,0,0,10,0,0,0,0,0,0,0
131061,2,1,0,0,0,0,0,0,0,0,0,0
131061,3,1,0,0,24,0,0,0,0,0,0,0
131062,1,1,0,0,0,0,0,0,0,0,0,0
131062,2,1,0,0,0,0,0,0,0,0,0,0
131063,1,1,0,0,0,0,0,0,0,0,0,0
131063,2,1,0,0,0,0,0,0,13,0,0,0
131064,0,1,18,18,18,18,18,18,18,18,18,18
131064,1,1,13,0,0,0,0,0,0,0,0,7
131065,1,1,8,8,8,8,8,8,8,8,8,8
131066,1,1,0,0,0,0,0,0,0,0,0,0
131066,2,1,0,0,0,0,0,0,0,0,0,0
131067,1,1,0,0,0,0,0,0,0,0,0,0
131067,2,1,0,0,0,0,0,0,0,0,0,0
131068,1,1,0,0,0,0,0,0,0,0,0,0
131069,1,1,0,0,0,0,0,0,0,0,0,0
131069,2,1,0,0,0,0,0,0,0,0,0,0
131070,1,1,0,0,0,0,0,0,0,0,0,0
131070,2,1,0,0,0,0,0,0,0,0,0,0
131071,1,1,0,0,0,0,17,0,0,0,0,0
131072,1,1,17,12,25,14,31,10,9,12,26,10
131073,1,1,0,0,0,0,0,0,0,22,0,0
131073,2,1,0,0,0,0,0,0,0,0,0,0
131074,1,1,0,0,0,0,0,0,0,0,0,0
131074,2,1,0,0,0,0,0,0,0,0,0,0
131075,0,1,0,0,25,3,0,0,0,0,0,0
131075,1,1,0,0,0,0,0,0,10,0,9,0
131076,1,1,0,0,0,0,0,0,0,0,0,0
131076,2,1,0,0,0,0,0,0,0,0,0,0
131077,1,1,0,0,0,0,0,0,0,0,0,0
131077,2,1,0,0,0,0,0,0,0,0,0,0
131078,1,1,0,0,0,0,0,0,0,0,0,0
131078,2,1,0,0,0,0,0,0,0,0,0,0
131079,1,1,0,0,0,0,0,0,0,0,0,0
131079,2,1,0,0,0,0,0,0,0,0,0,0
131079,3,1,18,0,0,0,0,0,0,0,0,0
131080,1,1,0,0,0,0,0,0,0,0,0,0
131081,1,1,0,0,0,0,0,0,0,0,0,0
131081,2,1,0,0,0,32,0,0,0,0,0,0
131082,1,1,0,0,0,0,0,0,0,0,0,0
131083,1,1,0,0,0,0,0,0,0,0,0,0
131084,1,1,4,4,4,4,4,4,4,4,4,4
131084,2,1,0,0,0,0,0,0,0,0,0,0
131084,3,1,0,0,0,0,0,0,0,0,0,0
131085,0,1,0,0,0,0,0,11,0,0,0,0
131085,0,2,0,0,0,0,13,18,0,0,0,10
131085,1,1,0,0,0,0,0,0,0,0,0,0
131085,2,1,0,0,0,0,0,0,0,0,32,0
131086,0,1,32,32,32,32,32,32,32,32,32,32
131086,1,1,0,0,0,0,0,0,0,0,0,37
131087,1,1,17,23,34,14,22,20,0,22,11,11
131088,0,1,24,24,24,24,24,24,24,24,24,24
131088,1,1,0,0,0,11,0,0,0,0,0,0
131089,0,1,16,16,16,16,16,16,16,16,16,16
131089,1,1,0,0,0,0,0,0,0,0,0,0
131090,1,1,22,22,22,22,22,22,22,22,22,22
131090,2,1,0,0,0,0,0,0,0,0,0,0
131091,1,1,0,0,0,0,0,0,0,0,0,0
131092,1,1,0,0,0,0,0,0,0,0,0,0
131093,1,1,26,26,26,26,26,26,26,26,26,26
131094,1,1,0,0,0,0,0,0,0,0,0,0
131095,1,1,0,0,0,0,0,0,0,0,0,0
131095,2,1,0,0,0,0,0,0,0,4,0,0
131096,1,1,0,0,0,0,0,0,0,0,0,0
131097,1,1,0,0,0,0,0,0,0,0,0,0
131097,2,1,0,0,0,0,0,0,0,0,0,0
131097,3,1,0,0,0,0,0,0,0,0,0,0
131098,1,1,0,0,0,0,0,0,0,0,0,0
131098,2,1,0,0,0,0,0,0,0,0,0,0
131098,3,1,0,0,0,0,0,0,0,0,0,0
131099,1,1,0,0,0,0,0,34,26,0,0,0
131099,2,1,0,0,0,0,0,0,0,0,0,0
131100,0,1,0,0,0,25,0,0,0,0,0,0
131100,1,1,0,0,0,0,0,0,0,0,0,0
131101,1,1,0,0,0,0,0,0,0,0,0,0
131101,2,1,0,0,0,0,0,0,0,0,0,0
131101,3,1,0,0,0,0,0,0,0,0,0,0
131102,1,1,0,0,0,0,0,0,0,0,0,0
131103,1,1,0,0,0,0,0,0,0,0,0,27
131104,1,1,0,0,0,0,0,0,0,0,0,0
131104,2,1,0,0,0,0,0,0,0,0,0,0
131105,0,1,0,0,0,28,0,0,0,28,19,0
131105,0,2,0,0,0,0,0,0,0,0,0,0
131105,1,1,0,0,0,0,0,0,0,0,0,12
131105,2,1,0,0,0,0,0,0,0,0,0,0
131106,1,1,22,22,22,22,22,22,22,22,22,22
131107,1,1,0,0,0,0,0,0,0,0,0,0
131108,1,1,0,0,0,0,0,0,0,0,0,0
131108,2,1,0,0,0,0,0,0,0,0,0,0
131109,0,1,0,0,0,0,0,0,0,0,0,0
131109,1,1,0,0,0,0,23,0,0,0,0,0
131110,1,1,0,0,0,0,0,0,0,0,0,0
131110,2,1,0,0,0,0,0,0,0,0,0,0
131111,1,1,0,0,11,11,14,38,11,0,17,22
131112,1,1,0,0,0,0,0,0,0,0,0,0
131112,2,1,0,0,0,0,0,0,0,0,0,0
131113,0,1,24,24,24,24,24,24,24,24,24,24
131113,1,1,0,0,0,0,0,0,0,0,0,0
131114,1,1,0,0,0,0,0,0,0,0,0,0
131114,2,1,0,0,0,0,0,8,0,0,0,0
131115,1,1,0,13,0,13,0,10,4,0,0,0
131115,2,1,0,0,0,0,0,0,0,0,0,0
131116,1,1,0,0,0,0,0,0,0,0,0,0
131116,2,1,0,0,0,0,0,0,0,0,0,0
131117,1,1,0,0,0,0,0,0,0,0,0,0
131117,2,1,0,0,0,0,0,0,24,0,0,0
131118,0,1,33,33,33,33,33,33,33,33,33,33
131118,1,1,0,0,0,3,9,0,0,0,0,0
131119,1,1,0,37,0,0,0,31,0,7,0,0
131120,1,1,0,0,0,0,0,0,0,0,0,0
131120,2,1,0,0,0,0,0,0,0,0,0,0
131121,1,1,0,0,0,0,0,0,0,0,0,0
131122,1,1,0,0,0,0,0,0,0,0,0,0
131122,2,1,0,0,0,0,0,0,0,0,0,0
131123,1,1,0,0,0,0,0,0,0,0,0,0
131123,2,1,0,0,0,0,0,0,0,0,0,0
150001,1,1,18,18,18,18,18,18,18,18,18,18
150001,2,1,0,0,0,0,0,0,0,0,0,0
150001,3,1,0,0,0,0,0,0,0,0,0,0
150001,4,1,0,0,0,0,0,19,0,0,0,12
150001,5,1,0,0,0,0,0,0,0,0,0,0
150002,1,1,14,0,16,10,12,30,25,0,0,29
150004,1,1,16,16,16,16,16,16,16,16,16,16
150005,1,1,0,0,0,0,0,0,0,0,0,0
150005,2,1,0,0,0,0,0,0,0,0,0,0
150006,1,1,0,0,0,0,0,0,0,0,0,0
150006,2,1,0,0,0,0,0,0,0,0,0,0
150007,0,1,0,0,0,0,0,0,0,0,0,0
150007,1,1,0,0,0,0,0,0,0,0,0,0
150008,1,1,0,0,0,0,0,0,0,0,0,0
150008,2,1,0,0,0,0,0,0,0,0,0,0
150009,1,1,26,26,26,26,26,26,26,26,26,26
150010,1,1,8,8,8,8,8,8,8,8,8,8
150010,2,1,0,0,0,0,0,0,13,0,0,0
150011,1,1,11,11,11,11,11,11,11,11,11,11
150012,1,1,21,21,21,21,21,21,21,21,21,21
150013,1,1,0,0,0,0,0,0,0,0,0,0
150013,2,1,0,0,0,0,0,0,0,0,0,0
150014,1,1,14,14,14,14,14,14,14,14,14,14
150015,1,1,9,9,9,9,9,9,9,9,9,9
150016,1,1,0,0,0,0,0,0,0,0,0,0
150016,2,1,0,0,0,0,0,0,0,0,0,0
150016,3,1,0,0,0,0,0,0,0,0,0,0
150017,1,1,11,11,11,11,11,11,11,11,11,11
150018,1,1,9,9,9,9,9,9,9,9,9,9
150019,1,1,0,0,0,0,0,0,0,0,0,0
150019,2,1,0,0,0,0,0,0,0,0,0,0
150020,0,1,0,0,0,0,0,0,0,0,0,0
150020,1,1,0,0,0,0,0,0,0,0,0,0
150021,1,1,0,0,0,0,0,0,0,0,0,0
150021,2,1,0,0,0,0,0,0,0,0,0,0
150021,3,1,0,0,0,0,0,0,0,0,0,0
150021,4,1,0,0,0,0,0,0,0,0,0,0
150022,0,1,0,0,0,0,0,0,0,0,0,0
150022,1,1,0,0,0,0,0,0,0,0,0,0
150023,0,1,12,12,12,12,12,12,12,12,12,12
150023,1,1,0,0,0,0,0,0,0,0,0,0
150024,1,1,16,16,16,16,16,16,16,16,16,16
150025,1,1,7,7,7,7,7,7,7,7,7,7
150026,0,1,0,0,0,0,0,0,0,0,0,0
150026,1,1,0,0,0,0,0,0,0,0,0,0
150027,1,1,0,0,0,0,0,0,0,0,0,0
150028,0,1,24,24,24,24,24,24,24,24,24,24
150028,1,1,0,0,0,0,0,0,0,0,0,0
150029,1,1,23,23,23,23,23,23,23,23,23,23
150029,2,1,0,0,0,0,0,0,0,0,0,0
150030,1,1,0,0,0,0,0,0,0,0,0,0
150031,1,1,0,0,0,0,0,0,0,0,0,0
150031,2,1,0,0,0,0,0,0,0,0,0,0
150032,1,1,14,14,14,14,14,14,14,14,14,14
150033,1,1,18,18,18,18,18,18,18,18,18,18
150034,0,1,0,0,0,0,0,0,0,0,0,0
150034,1,1,8,8,8,8,8,8,8,8,8,8
150035,1,1,0,0,0,8,0,0,0,10,0,9
150036,1,1,14,14,14,14,14,14,14,14,14,14
150036,2,1,0,13,10,14,11,10,0,0,8,8
150037,0,1,0,0,0,0,0,0,0,0,0,0
150037,1,1,0,0,0,0,0,0,0,0,0,0
150038,1,1,28,28,28,28,28,28,28,28,28,28
150038,2,1,0,0,0,0,0,0,0,0,0,0
150039,0,1,4,4,4,4,4,4,4,4,4,4
150039,1,1,0,0,0,11,0,0,0,0,0,33
150040,1,1,9,9,9,9,9,9,9,9,9,9
150040,2,1,0,0,0,0,0,0,0,0,0,0
150041,0,1,0,0,0,0,0,0,0,0,0,0
150041,1,1,0,0,0,0,0,0,0,0,0,0
150042,1,1,10,10,10,10,10,10,10,10,10,10
150043,1,1,13,13,13,13,13,13,13,13,13,13
150044,1,1,0,0,0,0,0,0,0,0,0,0
150045,1,1,3,3,3,3,3,3,3,3,3,3
150046,1,1,0,0,0,0,0,0,0,0,0,0
150046,2,1,0,0,0,0,0,0,0,0,0,0
150046,3,1,0,0,0,0,0,0,0,0,0,0
150047,1,1,20,20,20,20,20,20,20,20,20,20
150048,0,1,0,0,0,0,0,0,0,0,0,0
150048,1,1,0,0,0,0,0,0,0,0,0,0
150049,1,1,8,8,8,8,8,8,8,8,8,8
150050,1,1,0,0,0,0,0,0,0,0,0,0
150050,2,1,0,0,0,0,0,0,0,0,0,0
150050,3,1,0,0,11,0,18,0,9,0,28,0
150051,1,1,8,8,8,8,8,8,8,8,8,8
150051,2,1,6,6,6,6,6,6,6,6,6,6
150052,1,1,24,24,24,24,24,24,24,24,24,24
150052,2,1,0,0,0,0,0,0,0,0,0,0
150053,1,1,0,0,0,0,0,0,0,0,0,0
150053,2,1,0,0,0,0,0,0,0,0,0,0
150054,1,1,0,0,0,0,0,0,0,0,0,0
150054,2,1,14,10,6,6,26,15,13,21,14,0
150055,1,1,14,14,14,14,14,14,14,14,14,14
150056,1,1,0,0,0,0,0,0,0,0,0,0
150056,2,1,0,0,0,0,0,0,0,0,0,0
150057,1,1,6,6,6,6,6,6,6,6,6,6
150057,2,1,0,0,0,0,0,0,0,0,0,0
150058,0,1,34,34,34,34,34,34,34,34,34,34
150058,1,1,0,0,0,0,0,0,0,0,0,0
150059,1,1,23,23,23,23,23,23,23,23,23,23
150060,1,1,0,0,0,0,0,0,0,0,0,0
150060,2,1,0,0,0,0,0,0,0,0,0,0
150061,1,1,0,0,0,0,0,0,0,0,0,0
150061,2,1,0,0,0,0,0,0,0,0,0,0
150062,1,1,0,0,0,0,0,0,0,17,0,0
150063,1,1,0,0,0,0,0,0,0,0,0,0
150063,2,1,0,0,0,0,0,0,0,0,0,0
150064,0,1,19,15,16,17,0,0,16,18,16,0
150064,1,1,0,0,0,0,0,0,0,0,0,0
150065,0,1,0,0,0,0,0,0,0,0,0,0
150065,1,1,18,18,18,18,18,18,18,18,18,18
150066,1,1,0,0,0,0,0,0,0,0,0,0
150067,0,1,25,25,25,25,25,25,25,25,25,25
150067,1,1,0,0,15,0,13,0,4,14,12,0
150068,1,1,17,17,17,17,17,17,17,17,17,17
150069,0,1,19,19,19,19,19,19,19,19,19,19
150069,1,1,18,20,0,16,13,0,13,0,0,12
150070,1,1,6,6,6,6,6,6,6,6,6,6
150071,1,1,0,0,0,0,0,0,0,0,0,0
150071,2,1,0,0,0,0,0,0,0,0,0,0
150072,0,1,0,0,0,0,0,0,0,0,0,0
150072,0,2,0,12,0,0,0,0,0,0,0,14
150072,1,1,0,0,0,0,0,0,0,0,0,0
150073,0,1,14,0,0,0,0,0,0,0,7,21
150073,1,1,3,3,3,3,3,3,3,3,3,3
150074,1,1,0,0,0,0,0,0,0,0,0,0
150075,1,1,25,25,25,25,25,25,25,25,25,25
150076,1,1,0,0,0,0,0,0,0,0,0,0
150077,1,1,16,16,16,16,16,16,16,16,16,16
150077,2,1,0,0,0,0,0,0,0,0,0,0
150078,1,1,0,0,0,0,0,0,0,0,0,0
150078,2,1,0,0,0,0,0,0,0,0,0,0
150079,0,1,0,0,0,0,0,0,0,0,0,0
150079,0,2,0,14,0,0,18,0,0,11,24,11
150079,1,1,0,0,0,12,0,0,0,0,0,0
150079,2,1,0,0,0,0,0,0,0,0,0,0
150080,1,1,16,16,16,16,16,16,16,16,16,16
150081,1,1,0,0,0,0,0,0,0,0,0,0
150082,1,1,26,26,26,26,26,26,26,26,26,26
150083,0,1,15,15,15,15,15,15,15,15,15,15
150083,1,1,0,0,0,0,0,0,0,0,0,0
150083,2,1,0,0,0,11,11,0,41,0,0,0
150084,1,1,16,16,16,16,16,16,16,16,16,16
150085,1,1,0,0,0,0,0,0,0,0,0,0
150086,1,1,0,0,0,0,0,0,0,0,0,0
150087,1,1,14,14,14,14,14,14,14,14,14,14
150087,2,1,0,0,0,0,0,0,0,0,0,0
150088,1,1,0,0,16,0,7,25,19,0,13,12
150088,2,1,0,0,0,0,0,0,0,0,0,0
150088,3,1,14,0,0,24,18,0,0,0,0,20
150089,0,1,0,0,0,0,0,0,0,0,0,0
150089,1,1,0,0,0,0,26,0,0,13,0,0
150090,1,1,46,46,46,46,46,46,46,46,46,46
150091,1,1,31,31,31,31,31,31,31,31,31,31
150092,0,1,2,2,2,2,2,2,2,2,2,2
150092,1,1,0,0,0,0,0,0,0,0,0,0
150093,0,1,14,14,14,14,14,14,14,14,14,14
150093,1,1,0,0,0,0,0,0,0,0,0,0
150094,0,1,0,0,0,0,0,0,0,0,0,0
150094,1,1,0,16,0,0,25,0,0,0,0,3
150095,1,1,0,0,0,0,0,0,0,0,0,0
150095,2,1,0,0,0,0,0,0,0,0,0,0
150096,1,1,32,32,32,32,32,32,32,32,32,32
150096,2,1,0,0,0,0,0,0,0,0,0,0
150097,0,1,0,0,0,0,0,0,0,0,0,0
150097,1,1,0,0,0,0,0,0,0,0,0,0
150098,1,1,11,11,11,11,11,11,11,11,11,11
160001,1,1,0,0,0,0,0,0,0,0,0,0
160002,1,1,0,0,0,0,0,0,0,0,0,0
160002,2,1,0,0,0,0,0,0,0,0,0,0
160003,1,1,0,0,0,0,0,0,0,0,0,0
160003,2,1,0,0,0,0,0,0,0,0,0,0
160004,1,1,0,0,0,0,0,0,0,0,0,0
160005,1,1,25,25,25,25,25,25,25,25,25,25
160006,1,1,0,0,0,0,0,0,0,0,0,0
160007,1,1,0,0,0,0,0,0,0,0,0,0
160007,2,1,0,0,0,0,0,0,0,0,0,0
160007,3,1,0,0,0,0,44,0,0,0,0,0
160007,4,1,0,0,0,0,0,0,0,0,4,0
160008,1,1,0,0,0,0,0,0,0,0,0,0
160009,1,1,21,21,21,21,21,21,21,21,21,21
160010,1,1,8,24,34,10,0,11,33,7,0,0
160011,1,1,21,21,21,21,21,21,21,21,21,21
160011,2,1,0,0,0,0,0,0,0,0,0,0
160012,1,1,0,0,0,0,0,0,0,0,0,0
160012,2,1,0,0,0,0,0,0,0,0,0,0
160013,1,1,0,0,0,0,0,0,0,0,0,0
160014,1,1,19,19,19,19,19,19,19,19,19,19
160015,1,1,0,0,0,0,0,0,0,0,0,0
160016,0,1,21,21,21,21,21,21,21,21,21,21
160016,1,1,0,0,0,0,0,0,0,0,0,0
160017,1,1,0,0,0,0,0,0,0,0,0,0
160018,1,1,0,0,0,0,0,0,0,0,0,0
160019,1,1,14,14,14,14,14,14,14,14,14,14
160020,1,1,11,11,11,11,11,11,11,11,11,11
160021,1,1,23,23,23,23,23,23,23,23,23,23
160022,1,1,65,65,65,65,65,65,65,65,65,65
160023,1,1,19,19,19,19,19,19,19,19,19,19
160024,1,1,34,34,34,34,34,34,34,34,34,34
160025,1,1,0,0,0,0,0,0,0,0,0,0
160025,2,1,0,0,0,0,0,0,0,18,0,0
160026,1,1,0,0,0,0,0,0,0,0,0,0
160026,2,1,0,0,0,0,0,0,0,0,0,0
160027,0,1,0,0,27,0,0,9,0,0,0,17
160027,1,1,0,0,0,0,0,0,0,0,0,0
160028,1,1,0,0,0,0,0,0,0,0,0,0
160029,1,1,20,0,0,22,0,0,0,0,10,25
160030,1,1,0,0,0,0,0,0,0,0,0,0
160030,2,1,0,0,0,0,0,0,0,0,0,0
160031,1,1,0,0,0,0,0,0,0,0,0,0
160031,2,1,0,0,0,0,0,0,0,0,0,0
160032,1,1,6,6,6,6,6,6,6,6,6,6
160033,1,1,0,0,0,0,0,0,0,0,0,0
160033,2,1,0,0,0,0,0,0,0,0,0,0
160034,1,1,15,15,15,15,15,15,15,15,15,15
160035,1,1,0,0,0,0,0,0,0,0,0,0
160036,1,1,0,0,0,0,0,0,0,0,0,0
160037,1,1,12,0,0,0,0,0,0,0,0,0
160038,1,1,0,0,0,0,0,0,0,0,0,0
160039,1,1,0,0,0,0,0,0,0,0,0,0
160039,2,1,0,0,0,0,0,0,0,0,0,0
160040,1,1,0,0,25,0,0,2,0,0,0,0
160041,1,1,0,0,0,0,0,0,0,0,0,0
160042,1,1,0,0,0,0,0,0,0,0,0,0
160043,1,1,0,0,0,0,0,0,0,0,0,0
160043,2,1,0,0,0,0,2,0,0,0,0,0
160043,3,1,0,0,0,0,0,0,0,0,0,0
160043,4,1,0,0,0,0,4,0,0,0,0,0
160044,1,1,0,0,0,0,0,0,0,0,0,0
160045,0,1,0,0,0,0,0,0,0,0,0,0
160045,1,1,0,0,0,0,0,0,0,0,0,0
160045,3,1,0,0,0,0,0,0,0,0,0,0
160045,4,1,0,0,0,0,0,0,0,0,0,0
160046,1,1,9,9,9,9,9,9,9,9,9,9
160046,2,1,0,0,0,0,0,0,0,0,0,0
160047,1,1,0,0,0,0,0,0,0,0,0,0
160048,1,1,20,13,29,22,17,30,20,34,19,21
160049,1,1,21,21,21,21,21,21,21,21,21,21
160050,1,1,0,0,0,0,0,0,0,0,0,0
160050,2,1,0,0,0,0,0,0,0,0,0,0
160051,0,1,0,0,0,0,0,0,0,0,0,0
160051,1,1,24,0,25,0,0,0,13,4,17,21
160052,1,1,28,28,28,28,28,28,28,28,28,28
160053,1,1,0,0,0,0,0,0,0,0,0,0
160053,2,1,12,12,12,12,12,12,12,12,12,12
160054,1,1,0,0,0,0,0,0,0,0,0,0
160054,2,1,0,0,0,10,0,0,0,0,0,0
160055,1,1,15,18,5,0,0,26,0,0,0,0
160056,1,1,22,22,22,22,22,22,22,22,22,22
160057,1,1,0,0,0,0,0,0,0,0,0,0
160057,2,1,19,0,0,0,0,0,0,0,0,0
160058,1,1,12,12,12,12,12,12,12,12,12,12
160059,1,1,9,9,9,9,9,9,9,9,9,9
160060,1,1,0,0,0,0,0,0,0,0,0,0
160060,2,1,0,0,0,0,0,0,0,0,0,0
160061,1,1,0,0,0,0,0,0,0,0,0,0
160062,1,1,0,0,0,0,0,0,0,0,0,0
160063,1,1,0,0,0,0,0,0,0,0,15,0
160063,2,1,0,0,0,0,0,0,0,0,0,0
160064,1,1,3,0,0,0,0,0,0,0,0,0
160065,1,1,26,26,26,26,26,26,26,26,26,26
160066,1,1,0,0,0,0,0,0,0,0,0,0
160067,1,1,0,0,0,0,0,0,0,0,0,0
160068,1,1,0,0,0,0,0,0,0,0,0,20
160069,1,1,0,0,0,0,0,0,0,0,0,0
160069,2,1,0,0,10,0,0,0,0,0,0,0
160070,1,1,23,23,23,23,23,23,23,23,23,23
160071,1,1,2,2,2,2,2,2,2,2,2,2
160072,1,1,0,0,0,0,0,0,0,0,0,0
160072,2,1,0,0,0,0,0,0,0,0,0,0
160073,1,1,0,0,0,0,0,0,0,15,0,0
160073,2,1,0,0,0,0,0,0,0,0,0,0
160074,1,1,0,0,0,0,0,0,0,0,0,0
160074,2,1,0,0,0,0,0,0,0,0,0,0
160075,1,1,16,16,16,16,16,16,16,16,16,16
160076,1,1,0,0,0,0,0,0,0,0,0,0
160077,1,1,0,0,0,0,0,6,0,0,20,0
160078,1,1,0,0,0,0,0,0,0,0,0,0
160079,1,1,0,0,0,0,0,0,0,0,0,0
160079,2,1,0,0,0,0,0,0,0,0,0,0
160080,1,1,31,31,31,31,31,31,31,31,31,31
160081,1,1,0,0,0,0,0,0,0,0,0,0
160082,1,1,8,8,8,8,8,8,8,8,8,8
160082,2,1,0,0,0,0,0,0,0,0,0,0
160083,0,1,44,44,44,44,44,44,44,44,44,44
160083,1,1,0,0,0,12,0,0,0,0,0,0
160084,1,1,0,0,0,0,0,0,0,0,0,0
160085,1,1,0,0,0,0,4,0,0,0,4,0
160086,1,1,0,0,0,0,0,0,0,0,0,0
160087,1,1,0,0,0,0,0,0,0,0,0,0
160087,2,1,0,0,0,0,0,0,0,0,0,0
160088,1,1,0,0,0,0,0,0,0,0,0,0
160088,2,1,0,0,0,0,0,0,0,0,0,0
160089,1,1,0,0,0,0,0,0,0,0,0,0
160089,2,1,0,0,0,0,0,0,0,0,0,0
160090,1,1,23,23,23,23,23,23,23,23,23,23
160091,1,1,0,0,0,0,0,0,0,0,0,0
160091,2,1,0,0,0,0,0,5,0,0,0,0
160092,1,1,0,0,0,0,0,0,0,0,0,0
160093,1,1,0,0,0,0,0,0,0,0,0,0
160093,2,1,0,0,0,0,0,0,0,0,0,0
160094,1,1,39,15,20,33,6,0,27,44,17,15
160095,0,1,0,0,0,0,0,0,0,0,0,0
160095,2,1,0,0,0,0,0,0,0,0,0,0
160096,1,1,0,0,0,0,0,0,0,0,0,0
160096,2,1,0,0,0,0,0,0,0,0,0,0
160097,1,1,0,0,0,0,0,0,0,0,0,0
160097,2,1,0,0,0,0,0,0,0,0,0,0
160098,1,1,18,18,27,13,40,26,4,21,11,8
160099,1,1,0,0,0,0,0,0,0,0,0,0
160099,2,1,0,0,33,8,0,0,0,0,0,0
160099,3,1,0,0,0,0,0,0,0,0,0,0
160100,1,1,23,23,23,23,23,23,23,23,23,23
160101,1,1,0,0,0,0,0,0,0,0,0,0
160102,0,1,0,0,0,0,0,0,0,9,0,0
160102,1,1,0,0,0,0,0,0,0,0,0,0
160103,1,1,0,0,0,0,0,0,0,0,0,0
160103,2,1,0,0,0,0,0,0,0,0,0,0
160104,1,1,5,5,5,5,5,5,5,5,5,5
160105,1,1,0,0,0,0,0,0,0,0,0,0
160105,2,1,0,0,0,0,0,0,0,0,0,0
160106,1,1,0,0,0,0,0,0,0,0,0,0
160107,1,1,30,30,30,30,30,30,30,30,30,30
160108,1,1,20,20,20,20,20,20,20,20,20,20
160109,1,1,8,8,8,8,8,8,8,8,8,8
160110,1,1,7,18,24,38,10,27,22,26,13,12
160111,1,1,24,24,24,24,24,24,24,24,24,24
160112,1,1,0,0,0,0,0,0,0,0,0,0
160112,2,1,0,0,0,0,0,0,0,0,0,0
160113,1,1,8,8,8,8,8,8,8,8,8,8
160113,2,1,0,0,0,0,0,0,0,0,0,0
160114,1,1,0,0,0,0,0,0,0,0,0,0
160115,1,1,18,9,0,0,23,0,23,24,16,22
160116,1,1,0,0,0,0,0,0,0,0,0,0
160116,2,1,0,0,0,0,0,0,0,0,0,0
160116,3,1,0,0,0,0,0,0,0,0,0,0
160116,4,1,0,0,0,0,0,0,0,0,0,0
160117,1,1,22,18,17,19,28,28,6,30,31,18
160118,1,1,0,0,0,0,0,0,0,0,0,0
160118,2,1,0,0,0,0,0,0,0,0,0,0
160119,1,1,17,27,9,20,23,14,14,24,5,29
160120,1,1,0,0,0,0,0,0,12,0,0,0
160121,1,1,0,0,0,0,0,0,0,0,0,0
160122,1,1,39,39,39,39,39,39,39,39,39,39
160123,1,1,0,0,0,0,0,0,0,0,0,0
160124,1,1,0,24,0,22,0,0,0,0,0,0
160125,1,1,0,0,0,0,0,0,0,0,0,0
160125,2,1,0,0,0,0,0,0,0,0,0,0
160125,3,1,0,0,0,0,0,0,0,0,0,0
160126,1,1,0,0,0,0,0,0,0,0,0,0
160126,2,1,0,0,0,0,0,0,0,0,0,0
160127,1,1,14,14,14,14,14,14,14,14,14,14
160128,1,1,0,16,0,0,0,0,0,0,0,0
160128,2,1,0,0,0,0,0,0,0,0,0,0
160129,1,1,10,10,10,10,10,10,10,10,10,10
160130,1,1,0,0,0,0,0,0,0,0,0,26
160131,1,1,14,14,14,14,14,14,14,14,14,14
160132,1,1,0,0,0,0,0,0,0,0,0,0
160133,0,1,0,0,0,0,0,0,0,0,0,0
160133,1,1,0,0,0,0,0,0,0,0,0,15
160134,1,1,0,0,0,0,0,0,0,0,0,0
160134,2,1,0,0,0,0,0,0,0,0,0,0
160135,1,1,8,8,8,8,8,8,8,8,8,8
160136,0,1,0,0,0,0,0,0,0,0,0,0
160136,1,1,0,0,0,0,0,0,0,0,0,0
160137,1,1,0,0,0,0,0,0,0,0,0,0