ST_CASE,VEH_NO,PER_NO,P1,P2,P3,P4,P5,P6,P7,P8,P9,P10
160137,2,1,0,0,0,0,0,0,0,0,0,0
160138,1,1,0,0,0,0,0,0,0,0,0,0
160138,2,1,0,0,0,0,0,0,0,0,0,0
160139,0,1,0,0,0,0,0,0,0,0,0,0
160139,1,1,0,2,0,6,0,0,0,0,0,0
160140,1,1,0,0,0,0,0,0,21,32,0,0
160141,1,1,0,0,0,0,0,0,0,0,0,0
160141,2,1,0,0,0,0,0,0,0,0,0,0
160142,1,1,0,0,0,0,0,0,0,0,0,0
160142,2,1,0,0,18,0,9,17,0,0,0,0
160143,1,1,21,21,21,21,21,21,21,21,21,21
160144,1,1,0,0,0,0,0,0,0,0,0,0
160144,2,1,0,0,0,0,0,0,0,0,0,0
160145,1,1,24,0,0,0,0,0,7,0,0,0
160146,1,1,13,13,13,13,13,13,13,13,13,13
160147,1,1,0,0,0,0,0,0,0,0,0,0
160147,2,1,0,0,0,0,0,0,0,0,0,0
160148,0,1,0,0,0,0,0,0,0,0,0,0
160148,1,1,0,9,0,0,0,0,0,0,0,0
160149,1,1,13,0,0,0,0,0,20,19,17,12
160150,1,1,0,0,0,0,0,0,0,0,0,0
160151,1,1,0,0,0,0,0,0,0,0,0,0
160151,2,1,0,0,0,0,0,0,0,0,0,0
160152,1,1,0,0,0,0,0,0,0,0,0,0
160152,2,1,0,0,0,0,0,0,0,0,0,0
160152,3,1,0,0,0,0,0,0,0,0,0,0
170001,1,1,0,0,0,0,0,0,0,0,0,0
170002,1,1,17,17,17,17,17,17,17,17,17,17
170003,1,1,0,0,0,0,0,0,0,0,0,0
170003,2,1,0,0,0,0,0,0,0,0,0,0
170004,1,1,13,13,13,13,13,13,13,13,13,13
170004,2,1,0,0,0,0,0,12,12,0,12,23
170005,1,1,0,0,0,0,0,0,0,0,0,0
170006,0,1,0,0,0,0,0,0,0,0,0,0
170006,1,1,0,0,0,0,0,0,0,0,0,0
170007,1,1,0,0,0,0,0,0,0,0,0,0
170007,2,1,0,0,0,0,0,0,0,0,0,0
170008,1,1,23,23,23,23,23,23,23,23,23,23
170010,1,1,0,0,0,0,0,0,0,0,0,0
170010,2,1,0,0,0,0,0,0,0,0,0,0
170011,1,1,11,11,11,11,11,11,11,11,11,11
170012,1,1,0,0,0,0,0,0,0,0,0,0
170012,2,1,0,0,0,0,0,0,0,0,0,0
170013,1,1,17,17,17,17,17,17,17,17,17,17
170013,2,1,0,0,0,0,0,0,0,0,0,0
170014,1,1,0,0,0,0,0,0,0,0,0,5
170014,2,1,0,0,0,0,0,0,0,0,0,0
170015,1,1,0,0,0,14,0,0,0,0,0,33
170016,1,1,0,0,0,0,0,0,0,0,0,0
170016,2,1,0,0,0,0,0,0,0,0,0,0
170017,0,1,0,0,0,0,0,0,0,0,0,0
170017,0,2,0,0,0,0,0,0,0,0,0,0
170017,1,1,0,0,0,0,0,0,0,0,0,0
170018,1,1,0,0,0,0,0,0,0,0,0,0
170019,1,1,21,21,21,21,21,21,21,21,21,21
170020,1,1,0,0,0,0,0,0,0,0,0,0
170020,2,1,0,0,0,0,0,0,0,0,0,0
170021,0,1,0,0,0,0,0,0,0,0,0,0
170021,1,1,0,0,0,0,0,0,0,0,0,0
170022,1,1,35,35,35,35,35,35,35,35,35,35
170023,1,1,9,9,9,9,9,9,9,9,9,9
170023,2,1,0,0,0,0,0,0,0,0,0,0
170024,0,1,0,0,0,0,0,21,0,0,0,0
170024,1,1,0,0,0,0,0,0,0,0,0,0
170026,1,1,7,7,7,7,7,7,7,7,7,7
170026,2,1,0,0,0,0,0,0,0,0,0,0
170027,1,1,0,0,0,0,0,0,0,0,0,0
170028,1,1,0,0,0,0,0,0,0,0,0,0
170028,2,1,0,0,0,0,0,0,0,0,0,0
170029,1,1,0,0,0,0,0,0,0,0,0,0
170029,2,1,0,0,0,0,0,0,0,0,0,2
170029,3,1,0,0,0,0,0,0,0,0,0,0
170030,1,1,0,0,0,0,0,0,0,0,0,0
170030,2,1,0,0,0,0,0,0,0,0,0,0
170030,3,1,0,0,0,0,0,0,0,0,0,0
170031,1,1,0,0,0,0,0,0,0,0,0,0
170031,2,1,0,0,0,0,0,0,0,0,0,0
170031,3,1,0,0,0,0,0,0,0,0,0,0
170032,1,1,0,0,0,0,20,0,0,11,0,0
170033,1,1,13,15,11,37,17,23,34,6,15,13
170034,0,1,0,0,0,0,0,0,0,0,0,0
170034,1,1,0,0,0,0,0,0,0,0,0,0
170035,0,1,12,12,12,12,12,12,12,12,12,12
170035,1,1,0,0,0,0,0,0,0,0,0,0
170036,1,1,0,0,0,0,0,0,0,0,0,0
170036,2,1,0,0,0,0,0,0,0,0,0,0
170036,3,1,0,0,0,0,0,0,0,0,0,0
170037,1,1,34,11,10,10,18,24,10,29,25,3
170037,2,1,24,31,32,8,0,7,6,20,32,10
170037,3,1,12,8,14,9,8,14,6,6,34,17
170038,1,1,1,1,1,1,1,1,1,1,1,1
170039,1,1,0,0,0,0,0,0,0,0,0,0
170039,2,1,0,0,0,0,0,0,0,0,0,0
170040,0,1,19,19,19,19,19,19,19,19,19,19
170040,1,1,14,14,14,14,14,14,14,14,14,14
170041,1,1,20,20,20,20,20,20,20,20,20,20
170042,1,1,0,16,0,0,20,0,18,0,0,7
170042,2,1,0,0,0,0,0,0,0,0,0,0
170043,1,1,10,10,10,10,10,10,10,10,10,10
170044,1,1,25,25,25,25,25,25,25,25,25,25
170044,2,1,0,0,0,0,0,0,0,0,0,0
170045,1,1,0,0,0,0,0,0,0,0,0,0
170046,1,1,24,8,19,10,15,22,12,25,12,5
170047,1,1,0,0,0,0,0,0,0,0,0,0
170047,2,1,0,0,0,0,0,0,0,0,0,0
170048,1,1,16,16,16,16,16,16,16,16,16,16
170048,2,1,0,17,0,0,0,0,0,0,0,0
170049,1,1,0,0,0,0,0,0,0,0,0,0
170049,2,1,0,0,0,0,0,0,0,0,0,0
170050,1,1,6,4,16,15,16,8,25,21,0,8
170051,0,1,3,3,3,3,3,3,3,3,3,3
170051,1,1,0,0,0,0,0,0,0,0,0,0
170053,1,1,0,0,0,0,0,0,0,0,0,0
170054,1,1,9,8,0,0,0,0,4,0,0,0
170055,1,1,23,23,23,23,23,23,23,23,23,23
170056,1,1,0,0,0,0,0,0,0,0,0,0
170059,1,1,12,12,12,12,12,12,12,12,12,12
170060,0,1,30,30,30,30,30,30,30,30,30,30
170060,1,1,0,0,0,0,0,0,0,0,0,0
170061,1,1,18,18,18,18,18,18,18,18,18,18
170062,1,1,0,0,0,0,0,0,0,0,0,0
170063,1,1,1,1,1,1,1,1,1,1,1,1
170064,1,1,0,0,0,0,0,0,0,0,0,0
170064,2,1,0,0,0,0,0,0,0,0,0,0
170065,1,1,0,0,0,0,0,0,0,0,0,28
170066,1,1,0,0,0,0,0,0,0,0,0,0
170066,2,1,0,0,0,0,0,0,0,0,0,2
170067,0,1,26,22,30,28,9,6,13,28,41,21
170067,1,1,0,0,0,0,0,0,0,0,0,0
170068,1,1,14,14,14,14,14,14,14,14,14,14
170069,1,1,0,0,0,0,0,0,0,0,0,0
170069,2,1,0,0,0,0,0,0,0,0,0,0
170070,1,1,2,2,2,2,2,2,2,2,2,2
170071,1,1,0,0,0,0,0,0,0,0,0,0
170072,1,1,0,0,0,0,0,0,0,0,0,0
170072,2,1,0,0,0,0,0,0,0,0,0,0
170073,1,1,0,0,0,0,0,0,0,0,0,0
170073,2,1,0,0,0,0,0,0,0,0,0,0
170075,0,1,26,26,26,26,26,26,26,26,26,26
170075,1,1,0,0,0,0,0,0,0,0,0,0
170076,1,1,0,0,0,0,0,0,0,0,0,0
170076,2,1,0,0,0,0,0,0,0,0,0,0
170077,0,1,0,0,0,0,0,0,0,0,0,0
170077,1,1,0,0,0,0,0,0,0,0,20,27
170078,1,1,0,0,0,0,0,0,0,0,0,0
170079,1,1,0,0,0,0,0,0,0,0,0,0
170079,2,1,0,0,0,0,0,0,0,0,0,0
170080,1,1,0,0,0,0,0,0,0,0,0,0
170080,2,1,0,0,0,0,0,0,0,16,0,0
170080,3,1,0,0,0,0,0,0,0,0,0,0
170081,0,1,0,0,0,0,0,0,0,0,0,0
170081,1,1,21,0,0,0,0,0,0,0,0,0
170082,1,1,0,0,0,0,0,0,0,0,0,0
170082,2,1,0,0,0,0,0,0,0,0,0,0
170083,1,1,0,0,0,0,0,0,0,0,0,0
170083,2,1,0,0,0,0,0,0,0,0,0,0
170084,1,1,0,0,0,0,0,0,0,0,0,0
170085,1,1,0,0,0,0,0,0,0,0,0,0
170085,2,1,0,0,0,0,0,0,0,0,0,0
170086,1,1,0,0,0,0,0,0,0,0,0,0
170087,1,1,29,29,29,29,29,29,29,29,29,29
170087,3,1,0,0,0,0,11,0,0,8,3,0
170088,1,1,0,0,0,0,0,0,0,0,0,0
170088,2,1,0,0,0,0,0,0,0,0,0,0
170089,1,1,0,0,0,0,8,0,0,0,0,0
170089,2,1,0,0,0,0,0,0,0,0,0,0
170089,3,1,0,0,0,0,0,0,0,0,0,0
170089,4,1,0,0,18,0,0,0,0,0,0,0
170089,5,1,0,0,0,0,0,0,0,0,0,0
170090,0,1,18,0,0,0,15,0,0,0,0,0
170090,0,2,0,0,0,0,0,0,0,0,0,0
170090,1,1,0,0,0,0,0,0,0,0,0,0
170091,1,1,0,0,0,0,0,0,0,0,0,0
170092,1,1,10,10,10,10,10,10,10,10,10,10
170093,0,1,0,0,0,0,0,0,0,0,0,0
170093,1,1,0,0,0,0,0,0,0,0,0,0
170094,1,1,17,17,17,17,17,17,17,17,17,17
170095,0,1,0,0,0,0,0,0,0,0,0,0
170095,1,1,0,0,0,0,0,0,0,0,0,0
170096,1,1,9,9,9,9,9,9,9,9,9,9
170097,0,1,29,29,29,29,29,29,29,29,29,29
170097,1,1,0,0,0,0,0,0,0,0,0,0
170098,1,1,0,0,0,0,0,0,0,0,0,0
170098,2,1,0,0,0,0,0,0,0,0,0,0
170099,1,1,17,17,17,17,17,17,17,17,17,17
170099,2,1,21,0,0,0,24,6,0,15,19,0
170100,1,1,0,0,0,0,0,0,0,0,0,0
170100,2,1,0,0,0,0,0,0,0,0,0,0
170101,1,1,0,0,0,0,0,0,0,0,0,0
170101,2,1,22,0,0,0,0,0,0,0,0,0
170102,1,1,0,0,0,0,0,0,0,0,0,0
170102,2,1,0,0,0,0,0,0,0,0,0,0
170102,3,1,0,0,0,0,0,0,0,0,0,0
170103,1,1,0,0,0,15,0,0,0,0,0,0
170103,2,1,0,0,0,0,0,13,0,0,0,0
170104,1,1,22,22,22,22,22,22,22,22,22,22
170106,1,1,10,10,10,10,10,10,10,10,10,10
170107,1,1,0,0,0,0,0,0,0,0,0,0
170109,0,1,30,30,30,30,30,30,30,30,30,30
170109,1,1,0,0,0,0,0,0,0,0,0,0
170109,2,1,0,0,0,0,0,0,0,0,0,12
170110,0,1,0,0,0,0,0,0,0,0,0,0
170110,1,1,13,13,13,13,13,13,13,13,13,13
170111,0,1,7,7,7,7,7,7,7,7,7,7
170111,1,1,0,0,0,0,0,0,0,0,0,0
170112,0,1,17,17,17,17,17,17,17,17,17,17
170112,1,1,0,0,0,0,0,0,0,16,0,0
170113,1,1,22,22,22,22,22,22,22,22,22,22
170114,1,1,0,0,0,0,0,0,0,0,0,0
170115,1,1,0,0,0,0,0,0,0,0,0,0
170115,2,1,0,0,0,0,0,0,0,0,0,0
170116,1,1,0,0,0,0,0,0,0,0,0,0
170116,2,1,0,0,0,0,0,0,0,0,0,0
170118,1,1,0,0,0,0,0,0,20,0,0,0
170118,2,1,0,0,0,0,0,0,0,0,0,0
170119,1,1,0,0,0,0,0,0,0,0,0,16
170119,2,1,0,0,0,0,0,0,0,0,0,0
170120,0,1,0,0,0,0,0,0,0,0,0,0
170120,1,1,0,0,0,0,0,0,0,0,0,0
170121,1,1,24,24,24,24,24,24,24,24,24,24
170121,2,1,0,0,0,0,0,0,0,0,0,0
170122,1,1,24,24,24,24,24,24,24,24,24,24
170123,1,1,0,0,0,0,0,0,0,0,0,0
170123,2,1,0,0,0,0,0,0,0,0,0,0
170124,1,1,0,0,0,0,0,0,0,0,0,0
170124,2,1,0,0,0,0,0,0,0,0,0,0
170125,1,1,0,0,0,0,0,0,0,0,0,0
170125,2,1,0,0,0,0,0,0,0,0,0,0
170126,1,1,0,0,0,0,0,0,0,0,0,0
170127,1,1,0,0,0,0,0,0,0,0,0,0
170127,2,1,0,0,0,0,0,0,0,0,0,0
170128,1,1,0,0,0,0,0,0,0,0,0,0
170128,2,1,0,0,0,0,0,0,0,0,0,0
170129,1,1,12,12,12,12,12,12,12,12,12,12
170129,2,1,0,0,0,0,0,10,0,0,0,0
170130,1,1,0,0,0,0,0,0,0,0,0,0
170131,1,1,0,0,0,0,0,0,0,0,0,0
170132,1,1,25,25,25,25,25,25,25,25,25,25
170133,1,1,0,0,0,0,0,0,0,0,0,0
170133,2,1,0,0,0,0,0,0,0,0,0,0
170133,3,1,0,0,0,8,0,0,0,0,6,0
170134,1,1,17,17,17,17,17,17,17,17,17,17
170135,1,1,0,0,0,0,0,0,0,0,0,0
170136,1,1,0,0,0,0,0,0,0,0,0,0
170136,2,1,0,0,0,0,0,0,0,0,0,0
170137,1,1,0,0,0,0,0,0,0,0,0,0
170137,2,1,0,0,0,0,0,0,0,0,0,0
170137,3,1,0,0,0,0,0,0,0,0,0,0
170140,0,1,0,0,0,0,0,0,0,0,0,0
170140,1,1,0,0,0,0,0,0,0,0,0,0
170140,2,1,0,6,0,0,0,0,0,0,0,0
170141,0,1,0,0,0,0,0,0,0,0,0,0
170141,1,1,0,0,0,0,0,0,0,0,0,0
170142,1,1,0,0,0,0,0,0,0,0,0,0
170143,0,1,14,14,14,14,14,14,14,14,14,14
170143,1,1,0,0,0,0,0,0,0,0,0,0
170144,1,1,16,16,16,16,16,16,16,16,16,16
170145,1,1,0,0,0,0,0,0,0,0,0,0
170145,2,1,0,0,16,0,0,0,0,0,0,0
170146,1,1,0,0,0,0,0,0,0,0,0,0
170146,2,1,0,0,0,0,0,0,0,0,0,0
170147,1,1,0,0,0,0,0,0,0,0,0,0
170147,2,1,0,0,0,0,0,0,0,0,0,0
170148,1,1,10,0,0,0,0,0,0,0,0,0
170149,0,1,0,0,0,0,0,0,0,0,0,0
170149,1,1,0,0,22,0,0,4,0,0,0,0
170150,1,1,22,22,22,22,22,22,22,22,22,22
170151,1,1,0,0,0,0,0,0,0,0,0,0
170151,3,1,0,0,0,0,0,0,0,0,0,0
170152,1,1,6,6,6,6,6,6,6,6,6,6
170153,1,1,0,0,0,0,0,0,0,0,0,0
170153,2,1,0,0,0,0,0,0,0,0,0,0
170154,1,1,0,0,0,0,0,0,0,0,0,0
170155,1,1,0,0,0,0,0,0,0,0,0,0
170155,2,1,0,0,0,0,0,0,0,0,0,0
170155,3,1,0,0,0,0,0,0,0,0,0,0
170156,1,1,0,0,0,0,0,0,0,0,0,0
170156,2,1,0,0,0,0,0,0,0,0,0,0
170156,3,1,0,0,0,0,0,0,0,0,0,0
170157,0,1,0,0,0,0,0,0,0,0,0,0
170157,1,1,0,0,0,0,0,0,0,0,0,0
170158,1,1,0,0,0,0,0,0,0,0,0,0
170159,1,1,25,25,25,25,25,25,25,25,25,25
170160,1,1,10,0,0,0,11,0,10,0,0,0
170160,2,1,0,0,0,0,0,0,0,0,0,0
170161,1,1,22,22,22,22,22,22,22,22,22,22
170161,2,1,0,0,0,0,0,0,0,0,0,0
170162,1,1,36,36,36,36,36,36,36,36,36,36
170163,1,1,0,0,0,0,0,0,0,0,0,0
170164,1,1,0,0,0,0,0,0,0,0,0,0
170165,1,1,0,0,0,0,0,0,0,0,0,0
170166,1,1,27,27,27,27,27,27,27,27,27,27
170167,1,1,0,0,0,0,0,0,0,0,0,0
170168,0,1,20,20,20,20,20,20,20,20,20,20
170168,1,1,0,0,0,0,10,0,0,0,0,0
170169,1,1,0,0,0,0,0,0,0,0,24,0
170169,2,1,0,0,0,0,0,0,0,0,0,0
170170,1,1,29,29,29,29,29,29,29,29,29,29
170170,2,1,0,0,0,0,0,0,0,0,0,0
170171,1,1,0,14,0,0,0,26,0,0,0,0
170171,2,1,12,0,0,20,0,0,0,13,0,0
170173,0,1,0,0,0,0,0,0,0,0,0,0
170173,1,1,0,9,0,0,29,0,13,0,0,0
170174,1,1,0,0,0,0,0,0,0,0,0,0
170175,0,1,0,0,0,0,0,0,0,0,0,0
170175,1,1,0,0,0,0,0,0,0,0,0,0
170176,1,1,0,0,0,0,0,0,0,0,0,0
170177,1,1,14,12,21,13,21,15,11,23,20,24
170178,1,1,0,0,0,0,0,0,0,0,0,0
170178,2,1,0,0,0,0,0,0,0,0,0,0
170179,1,1,0,0,0,0,0,0,0,0,0,0
170180,0,1,26,26,26,26,26,26,26,26,26,26
170180,1,1,0,0,0,0,0,0,0,0,0,0
170181,1,1,0,0,0,0,0,0,0,0,0,0
170182,0,1,19,19,19,19,19,19,19,19,19,19
170182,1,1,0,0,0,16,0,0,0,0,0,0
170183,1,1,4,4,4,4,4,4,4,4,4,4
170185,1,1,0,0,0,0,0,0,0,0,0,0
170185,2,1,0,0,0,0,0,0,0,0,0,0
170186,1,1,21,21,21,21,21,21,21,21,21,21
170187,1,1,0,0,0,0,0,0,0,0,0,0
170188,1,1,14,14,14,14,14,14,14,14,14,14
170189,0,1,4,4,4,4,4,4,4,4,4,4
170189,1,1,0,0,0,0,0,0,0,0,0,0
170190,1,1,0,0,0,0,0,0,0,0,0,0
170190,2,1,0,0,0,0,0,0,0,0,0,0
170191,1,1,26,26,26,26,26,26,26,26,26,26
170192,1,1,27,27,27,27,27,27,27,27,27,27
170192,2,1,0,0,0,0,0,0,0,0,0,0
170192,3,1,0,0,0,0,0,0,0,0,0,0
170193,0,1,32,32,32,32,32,32,32,32,32,32
170193,1,1,0,0,0,0,0,0,0,0,0,0
170194,1,1,0,0,0,0,0,0,0,0,0,0
170194,2,1,0,0,0,0,0,0,0,0,0,0
170195,0,1,0,0,0,0,0,0,0,0,0,0
170195,1,1,0,0,21,0,7,0,0,0,0,0
170196,1,1,17,17,17,17,17,17,17,17,17,17
170197,1,1,0,0,0,0,0,0,0,0,0,0
170197,2,1,0,0,0,0,0,0,0,0,0,0
170198,1,1,20,27,0,0,0,0,0,18,5,20
170198,2,1,0,0,0,0,0,0,0,0,0,0
170199,1,1,0,0,21,0,0,0,0,0,0,0
170200,0,1,22,22,22,22,22,22,22,22,22,22
170200,1,1,0,0,0,0,0,0,0,0,0,0
170201,1,1,11,11,11,11,11,11,11,11,11,11
170202,1,1,9,9,9,9,9,9,9,9,9,9
170202,2,1,0,0,0,0,0,0,0,0,0,0
170203,1,1,0,0,0,0,0,0,0,0,0,0
170203,2,1,0,0,0,0,3,0,0,0,0,0
170204,1,1,12,0,0,12,0,0,0,0,0,0
170204,2,1,0,0,0,0,0,0,0,0,0,0
170205,1,1,0,0,0,0,0,0,0,0,0,0
170206,1,1,0,0,0,0,0,0,0,0,0,0
170206,2,1,0,0,0,0,0,0,0,0,0,0
170207,1,1,0,0,0,0,0,0,0,0,0,0
170207,2,1,0,0,0,0,0,0,0,0,0,0
170208,1,1,19,19,19,19,19,19,19,19,19,19
170208,2,1,0,0,0,18,0,0,0,0,0,0
170209,0,1,0,0,0,0,0,0,0,0,0,0
170209,1,1,0,0,0,9,3,0,3,6,0,0
170210,1,1,0,0,0,0,0,0,0,0,0,0
170210,2,1,0,0,0,0,0,0,0,0,0,0
170212,1,1,0,0,0,0,0,0,0,0,0,0
170212,2,1,0,0,0,0,0,0,0,0,9,0
170213,1,1,0,0,0,0,0,0,0,0,0,0
170213,2,1,0,0,0,0,0,0,0,0,0,0
170214,0,1,15,15,15,15,15,15,15,15,15,15
170214,0,2,0,6,13,0,0,16,0,0,0,27
170214,1,1,10,10,10,10,10,10,10,10,10,10
170215,1,1,0,0,0,0,0,0,0,0,0,0
170215,2,1,0,0,0,0,0,0,0,0,0,0
170216,0,1,0,25,17,14,22,22,18,2,5,0
170216,1,1,0,0,17,0,0,0,16,0,0,0
170217,1,1,0,0,0,9,0,5,0,0,0,0
170218,1,1,0,0,0,0,0,0,0,0,0,0
170218,2,1,0,0,0,0,0,0,0,0,0,0
170219,1,1,0,0,0,0,0,0,0,0,0,0
170220,1,1,0,0,0,0,5,9,0,0,0,0
170221,1,1,0,0,0,0,0,0,0,0,0,0
170222,1,1,0,0,0,0,0,0,0,0,0,0
170222,2,1,10,10,10,10,10,10,10,10,10,10
170222,3,1,0,0,0,0,0,0,0,0,0,0
170222,4,1,0,0,0,0,0,0,0,0,0,0
170224,1,1,0,0,0,0,0,0,0,0,0,0
170225,0,1,4,4,4,4,4,4,4,4,4,4
170225,1,1,0,0,0,0,0,0,0,0,0,0
170226,1,3,10,0,0,0,19,16,0,7,24,13
170227,1,1,0,0,0,0,0,0,0,0,0,0
170227,2,1,0,0,0,0,0,0,0,0,0,0
170227,3,1,0,0,0,0,0,0,0,0,0,0
170227,4,1,0,0,0,0,0,0,0,0,0,0
170228,1,1,13,13,13,13,13,13,13,13,13,13
170229,1,1,0,0,0,0,0,0,0,0,0,0
170229,2,1,0,0,0,0,0,0,0,0,0,0
170230,1,1,44,44,44,44,44,44,44,44,44,44
170231,1,1,0,0,0,0,0,0,0,0,0,0
170231,2,1,0,0,0,0,0,0,0,0,0,18
170232,0,1,15,15,15,15,15,15,15,15,15,15
170232,1,1,0,0,0,0,0,0,0,0,0,0
170234,1,1,0,0,0,0,0,0,0,0,0,0
170234,2,1,0,0,0,0,0,0,0,0,0,0
170235,0,1,19,19,19,19,19,19,19,19,19,19
170235,1,1,0,0,21,0,0,0,0,0,0,0
170236,1,1,0,0,0,0,0,0,0,0,0,0
170236,2,1,0,0,0,0,0,0,0,0,0,0
170237,1,1,0,0,0,0,0,0,0,0,0,0
170237,2,1,0,0,0,0,0,0,0,0,0,0
170238,1,1,0,0,0,0,0,0,0,0,0,0
170238,2,1,0,0,0,0,0,0,0,0,0,0
170240,0,1,0,0,0,0,0,0,0,0,0,0
170240,1,1,0,0,0,0,0,0,0,0,0,0
170241,1,1,19,19,19,19,19,19,19,19,19,19
170242,0,1,0,0,0,0,0,0,0,0,0,0
170242,1,1,0,0,0,0,0,0,0,0,0,0
170243,1,1,17,17,17,17,17,17,17,17,17,17
170244,1,1,0,0,0,27,0,0,0,0,0,0
170244,2,1,0,0,0,0,0,0,0,0,0,0
170245,1,1,4,4,4,4,4,4,4,4,4,4
170246,1,1,0,0,0,0,0,0,0,0,0,0
170247,1,1,24,24,24,24,24,24,24,24,24,24
170247,2,1,0,0,0,0,0,0,0,0,0,0
170248,1,1,0,0,0,0,0,0,0,0,0,0
170248,2,1,0,0,0,0,0,0,0,0,0,0
170249,1,1,0,0,0,0,0,0,0,0,0,0
170249,2,1,0,0,0,0,0,0,0,0,0,0
170250,1,1,0,0,0,0,0,0,0,0,0,0
170250,2,1,0,0,0,0,0,0,0,0,0,0
170251,1,1,13,13,13,13,13,13,13,13,13,13
170252,1,1,0,0,0,0,0,0,0,0,0,0
170252,2,1,0,0,0,0,0,0,0,0,0,0
170253,0,1,0,0,0,0,0,0,0,0,17,0
170253,1,1,0,0,0,0,0,0,0,0,0,0
170254,1,1,0,0,0,0,0,0,0,0,0,0
170254,2,1,0,0,0,0,0,0,0,0,0,0
170255,1,1,0,0,0,0,0,0,0,0,0,0
170255,2,1,0,0,0,0,0,0,0,0,0,10
170255,3,1,0,0,0,0,0,0,0,0,0,0
170256,1,1,3,3,3,3,3,3,3,3,3,3
170257,1,1,22,22,22,22,22,22,22,22,22,22
170257,2,1,0,0,0,0,0,0,0,0,0,0
170258,1,1,0,0,5,0,0,0,0,0,0,0
170258,2,1,0,0,0,0,0,0,0,0,0,0
170259,1,1,0,0,0,0,0,0,0,0,0,0
170260,1,1,17,17,17,17,17,17,17,17,17,17
170261,1,1,0,0,0,0,0,0,0,0,0,0
170261,2,1,0,0,0,0,0,0,0,0,0,0
170262,1,1,0,0,0,0,0,0,0,0,0,0
170262,2,1,0,0,0,0,0,0,0,0,0,0
170262,3,1,0,0,0,0,0,0,0,0,0,0
170263,1,1,0,0,0,0,0,0,0,0,0,0
170263,2,1,0,0,0,0,0,0,0,0,0,0
170264,1,1,10,10,10,10,10,10,10,10,10,10
170264,2,1,0,16,0,21,0,0,0,0,0,0
170265,1,1,0,0,0,0,0,0,0,0,0,0
170266,1,1,0,0,0,0,0,0,0,0,0,0
170267,1,1,0,0,0,0,0,0,0,0,0,0
170267,2,1,0,0,19,0,0,0,0,0,0,0
170267,3,1,0,0,0,0,0,0,0,0,0,0
170268,1,1,12,12,12,12,12,12,12,12,12,12
170269,1,1,0,0,0,0,0,0,0,0,0,0
170270,1,1,22,22,22,22,22,22,22,22,22,22
170271,1,1,11,11,11,11,11,11,11,11,11,11
170272,0,1,13,13,13,13,13,13,13,13,13,13
170272,1,1,0,0,0,0,0,0,0,0,0,0
170273,1,1,0,0,0,0,0,0,0,0,0,0
170274,1,1,0,0,0,0,0,0,0,0,0,0
170275,0,1,0,0,0,0,0,0,0,0,0,0
170275,1,1,0,0,0,0,14,0,0,0,0,0
170276,0,1,3,3,3,3,3,3,3,3,3,3
170276,1,1,0,0,0,0,0,0,0,17,0,0
170277,1,1,0,0,0,0,0,0,0,0,0,0
170277,2,1,0,0,0,0,0,0,0,0,0,0
170278,1,1,0,0,0,0,0,0,0,0,0,0
170279,0,1,0,0,0,0,0,0,0,0,0,0
170279,1,1,0,0,0,0,0,0,0,0,0,0
170279,2,1,0,0,0,0,0,0,0,0,0,0
170281,1,1,0,0,0,0,0,0,0,0,0,0
170281,2,1,1,1,1,1,1,1,1,1,1,1
170281,3,1,0,0,0,0,0,0,0,0,0,0
170283,1,1,0,0,0,0,0,0,0,0,0,0
170284,0,1,0,0,0,0,0,0,0,0,0,0
170284,1,1,0,0,0,0,0,0,0,0,0,0
170285,1,1,11,0,10,0,0,0,13,20,19,0
170285,2,1,18,18,18,18,18,18,18,18,18,18
170286,1,1,0,0,0,0,0,0,0,0,0,0
170286,2,1,0,0,0,0,0,0,0,0,0,0
170286,3,1,0,0,0,0,0,0,0,0,0,0
170287,1,1,0,0,0,0,0,0,0,0,0,0
170287,2,1,0,0,0,0,0,0,0,0,0,0
170287,3,1,0,0,0,0,0,0,0,0,0,0
170287,4,1,0,0,0,0,0,0,0,0,0,0
170288,1,1,0,0,0,23,0,20,20,28,0,0
170288,2,1,0,0,0,0,0,0,0,0,0,0
170289,1,1,0,0,0,0,0,0,0,0,0,0
170289,2,1,0,0,0,0,0,0,0,0,0,0
170290,1,1,0,0,0,0,0,0,0,0,0,0
170290,2,1,0,0,0,0,0,0,0,0,0,0
170291,1,1,19,19,19,19,19,19,19,19,19,19
170292,0,1,0,0,0,0,0,0,0,0,0,0
170292,1,1,0,0,0,0,0,0,0,0,0,0
170293,1,1,0,0,0,0,0,0,0,0,0,0
170293,2,1,0,0,0,0,0,0,0,0,0,0
170294,1,1,0,0,0,0,0,0,0,0,0,0
170295,1,1,0,0,0,0,0,0,0,0,0,0
170295,2,1,0,0,0,0,0,0,0,0,0,0
170296,1,1,0,0,0,0,0,0,0,0,0,0
170296,2,1,0,0,0,0,0,0,0,0,0,0
170298,1,1,16,0,0,0,0,0,0,0,0,0
170298,2,1,0,0,0,0,0,0,0,0,0,0
170299,1,1,0,0,0,0,0,0,0,0,0,0
170300,1,1,0,0,0,0,0,0,0,0,0,0
170301,1,1,0,0,0,0,0,0,0,0,0,0
170301,2,1,0,0,0,0,0,0,0,0,0,0