ST_CASE,VEH_NO,PER_NO,P1,P2,P3,P4,P5,P6,P7,P8,P9,P10
170302,1,1,30,30,30,30,30,30,30,30,30,30
170302,2,1,28,0,0,0,0,0,0,7,0,18
170303,0,1,0,0,0,0,0,0,0,0,0,0
170303,1,1,0,0,0,0,0,0,0,0,0,0
170304,1,1,5,5,5,5,5,5,5,5,5,5
170304,2,1,0,0,0,0,0,0,0,0,0,0
170304,3,1,20,0,0,0,20,7,0,10,26,0
170304,4,1,0,0,0,0,0,0,0,0,0,0
170304,5,1,0,4,0,0,20,8,0,2,11,14
170305,1,1,0,0,0,0,0,0,0,0,0,0
170305,2,1,0,0,0,0,0,0,0,0,0,0
170306,1,1,19,27,40,31,28,7,22,31,36,18
170307,1,1,0,0,0,0,0,0,0,0,0,0
170307,2,1,0,0,0,0,0,0,0,0,0,0
170308,1,1,0,0,0,0,0,0,0,0,0,0
170309,1,1,0,0,0,0,0,0,0,0,0,0
170309,2,1,0,0,0,0,0,0,0,0,0,0
170310,1,1,0,0,0,0,0,0,0,0,0,0
170310,2,1,0,0,0,0,0,0,0,0,0,0
170311,1,1,0,0,0,0,0,0,0,0,0,0
170312,0,1,0,0,0,0,0,0,0,0,0,0
170312,1,1,0,0,0,0,0,0,0,0,0,0
170313,0,1,0,0,0,0,0,0,0,0,0,0
170313,1,1,0,0,0,0,0,0,0,0,0,0
170314,1,1,0,0,0,0,0,0,0,0,0,0
170315,1,1,9,9,9,9,9,9,9,9,9,9
170316,1,1,0,0,0,0,0,0,0,0,0,0
170317,1,1,0,0,0,0,0,0,0,0,0,0
170317,2,1,0,0,0,0,0,0,0,0,0,0
170318,1,1,0,0,0,0,0,0,0,0,0,0
170318,2,1,0,0,0,0,0,0,0,0,0,0
170319,1,1,21,21,21,21,21,21,21,21,21,21
170320,1,1,30,30,30,30,30,30,30,30,30,30
170320,2,1,10,0,0,0,0,0,0,15,0,0
170321,1,1,22,22,22,22,22,22,22,22,22,22
170321,2,1,22,0,0,0,19,0,0,0,0,0
170322,1,1,18,18,18,18,18,18,18,18,18,18
170323,1,1,0,0,0,0,0,0,0,0,0,0
170324,0,1,0,0,0,0,0,0,0,0,0,0
170324,1,1,24,24,24,24,24,24,24,24,24,24
170325,1,1,17,17,17,17,17,17,17,17,17,17
170326,1,1,24,24,24,24,24,24,24,24,24,24
170328,1,1,0,0,0,0,0,0,0,0,0,0
170328,2,1,0,0,0,0,0,0,0,0,0,0
170329,1,1,0,0,0,0,0,0,0,0,0,0
170330,1,1,0,8,0,0,0,0,15,0,0,0
170331,0,1,24,24,24,24,24,24,24,24,24,24
170331,1,1,0,0,0,0,0,0,0,0,0,0
170332,1,1,0,0,0,0,0,0,0,0,0,0
170333,1,1,0,0,0,0,0,0,0,0,0,0
170333,2,1,0,0,0,0,0,0,0,0,0,0
170334,1,1,17,17,17,17,17,17,17,17,17,17
170335,1,1,27,27,27,27,27,27,27,27,27,27
170336,1,1,18,18,18,18,18,18,18,18,18,18
170337,0,1,0,0,0,0,0,0,0,0,0,0
170337,1,1,0,0,0,0,0,0,0,0,0,0
170338,1,1,1,1,1,1,1,1,1,1,1,1
170339,1,1,0,0,0,0,0,0,0,0,0,0
170340,1,1,8,8,8,8,8,8,8,8,8,8
170341,1,1,0,0,0,0,0,0,0,0,0,0
170342,0,1,0,0,0,0,0,0,0,0,0,0
170342,1,1,0,0,0,0,0,0,0,0,0,0
170343,1,1,0,0,0,0,0,0,0,0,0,0
170343,2,1,0,0,0,0,0,0,0,0,0,0
170344,1,1,16,16,16,16,16,16,16,16,16,16
170344,2,1,0,2,0,0,0,0,0,0,0,0
170344,3,1,0,0,0,6,8,0,0,0,0,0
170345,1,1,0,0,0,0,0,0,0,0,0,0
170345,2,1,0,0,0,0,0,0,0,0,0,0
170346,1,1,0,0,0,0,0,0,0,0,0,0
170346,2,1,0,0,0,0,0,0,0,0,0,0
170347,1,1,0,0,0,0,0,0,0,0,0,0
170347,2,1,0,0,0,0,0,0,0,0,0,0
170348,0,1,0,0,0,0,0,0,0,0,0,0
170348,1,1,0,0,0,0,0,0,0,0,0,0
170349,1,1,0,0,0,0,0,0,0,0,0,0
170349,2,1,0,0,0,0,0,0,0,0,0,0
170350,1,1,0,0,0,0,0,0,0,0,0,0
170350,2,1,0,0,0,0,0,0,0,0,0,0
170352,0,1,0,0,0,0,0,0,0,0,0,0
170352,1,1,0,0,0,0,0,0,0,0,0,0
170353,1,1,16,16,16,16,16,16,16,16,16,16
170353,2,1,0,0,0,0,0,0,0,0,0,0
170354,1,1,11,11,11,11,11,11,11,11,11,11
170355,1,1,14,14,14,14,14,14,14,14,14,14
170355,2,1,0,0,0,0,0,34,0,0,0,0
170355,3,1,16,16,16,16,16,16,16,16,16,16
170356,1,1,0,0,0,0,0,0,0,0,0,0
170356,2,1,0,0,0,0,0,0,0,0,0,0
170357,1,1,0,0,0,0,0,0,0,0,0,0
170357,2,1,13,13,13,13,13,13,13,13,13,13
170358,1,1,4,4,4,4,4,4,4,4,4,4
170359,1,1,0,0,0,0,0,0,0,0,0,0
170360,0,1,24,24,24,24,24,24,24,24,24,24
170360,1,1,0,0,0,0,0,0,0,0,0,0
170361,1,1,10,10,10,10,10,10,10,10,10,10
170362,1,1,0,0,0,0,0,0,0,0,0,0
170362,2,1,0,0,0,0,0,0,0,0,0,0
170362,3,1,0,0,0,0,0,0,0,0,0,0
170363,1,1,0,0,0,0,0,0,0,0,0,0
170364,1,1,0,0,0,0,0,0,0,0,0,0
170364,2,1,0,0,0,0,0,0,0,0,0,0
170365,1,1,13,13,13,13,13,13,13,13,13,13
170366,0,1,0,0,0,0,0,0,0,0,0,0
170366,1,1,2,2,2,2,2,2,2,2,2,2
170366,2,1,0,0,0,0,0,0,0,0,0,0
170367,1,1,20,20,20,20,20,20,20,20,20,20
170368,1,1,0,0,0,0,0,0,0,0,0,0
170368,2,1,0,0,0,0,0,0,0,0,0,0
170369,0,1,27,27,27,27,27,27,27,27,27,27
170369,1,1,20,20,20,20,20,20,20,20,20,20
170370,0,1,0,0,0,0,0,0,0,0,0,0
170370,1,1,0,0,0,0,0,0,0,0,14,35
170371,1,1,14,14,14,14,14,14,14,14,14,14
170372,1,1,0,0,0,0,0,0,0,0,0,0
170372,2,1,0,0,0,0,0,0,0,0,0,0
170373,1,1,31,0,22,9,4,14,18,24,17,0
170373,2,1,0,0,0,0,0,0,0,0,0,0
170374,1,1,0,0,0,0,0,0,0,0,0,0
170374,2,1,0,0,0,24,0,0,0,0,0,0
170375,1,1,0,0,16,0,0,30,0,20,9,18
170376,1,1,9,9,9,9,9,9,9,9,9,9
170377,1,1,0,0,0,0,0,0,0,0,0,0
170378,1,1,12,12,12,12,12,12,12,12,12,12
170379,1,1,22,22,22,22,22,22,22,22,22,22
170380,1,1,13,13,13,13,13,13,13,13,13,13
170381,1,1,0,0,0,0,0,0,0,0,0,0
170381,2,1,0,0,0,0,0,0,0,0,0,0
170382,1,1,0,9,0,19,0,0,0,0,0,24
170382,2,1,0,0,0,0,0,0,0,0,0,0
170383,0,1,18,18,18,18,18,18,18,18,18,18
170383,1,1,4,4,4,4,4,4,4,4,4,4
170384,1,1,0,0,0,0,0,0,0,0,0,0
170384,2,1,5,5,5,5,5,5,5,5,5,5
170385,1,1,0,0,0,0,0,0,0,0,0,0
170386,1,1,0,0,0,0,0,0,0,0,0,0
170386,2,1,0,0,0,0,0,0,0,0,0,0
170387,0,1,3,3,3,3,3,3,3,3,3,3
170387,1,1,0,0,0,0,0,0,0,0,0,0
170388,1,1,0,0,0,0,0,0,0,0,0,0
170388,2,1,0,0,14,9,0,0,0,0,0,0
170389,1,1,0,0,0,0,0,0,0,0,0,0
170389,2,1,0,0,0,0,0,0,0,0,0,0
170389,3,1,0,0,0,0,0,0,5,0,0,22
170390,1,1,0,0,0,0,0,0,0,0,0,0
170391,1,1,0,0,0,0,0,0,0,0,0,0
170392,0,1,13,13,13,13,13,13,13,13,13,13
170392,0,2,0,0,0,0,0,0,17,0,24,0
170392,0,3,0,0,0,0,0,0,0,0,0,0
170392,1,1,0,0,0,0,0,0,0,0,0,0
170393,0,1,11,11,11,11,11,11,11,11,11,11
170393,1,1,0,0,0,0,0,0,0,0,0,0
170394,1,1,0,0,0,0,0,0,0,0,0,0
170394,2,1,0,0,0,0,0,0,0,0,0,0
170395,0,1,0,0,0,0,0,0,0,0,0,0
170395,1,1,0,0,0,0,0,0,0,0,0,0
170396,1,1,16,16,16,16,16,16,16,16,16,16
170397,1,1,0,0,9,0,20,24,26,0,0,0
170398,1,1,15,15,15,15,15,15,15,15,15,15
170398,2,1,0,0,0,19,0,0,0,0,0,0
170400,1,1,0,0,0,0,0,0,0,0,0,0
170401,1,1,0,0,0,0,0,0,0,0,0,0
170401,2,1,0,0,0,0,0,0,0,0,0,0
170402,1,1,0,0,0,0,0,0,0,0,0,0
170402,2,1,0,0,0,0,0,0,0,0,0,0
170403,1,1,21,21,21,21,21,21,21,21,21,21
170404,1,1,0,0,0,0,0,0,0,0,0,0
170405,1,1,0,0,0,0,0,0,0,0,0,0
170406,1,1,13,13,13,13,13,13,13,13,13,13
170407,0,1,27,27,27,27,27,27,27,27,27,27
170407,1,1,0,24,0,0,0,0,0,0,0,18
170407,2,1,0,0,0,0,7,0,0,0,0,13
170409,1,1,0,0,0,0,0,0,0,0,0,0
170410,1,1,0,0,0,0,0,0,0,0,0,0
170410,2,1,0,0,0,0,0,0,0,0,0,0
170410,3,1,0,0,0,0,0,0,0,0,0,0
170411,1,1,8,8,8,8,8,8,8,8,8,8
170412,1,1,5,5,5,5,5,5,5,5,5,5
170413,0,1,0,0,0,0,0,0,0,0,0,0
170413,1,1,0,0,0,0,0,0,0,0,0,0
170414,1,1,5,22,0,0,11,12,4,4,3,12
170414,2,1,5,5,2,11,0,7,0,11,20,5
170415,1,1,0,0,0,0,0,0,0,0,0,0
170416,1,1,0,0,0,0,0,0,0,0,0,0
170417,1,1,0,0,0,0,0,0,0,0,0,0
170418,1,1,0,0,0,0,0,0,0,0,0,0
170419,1,1,22,22,22,22,22,22,22,22,22,22
170420,1,1,11,11,11,11,11,11,11,11,11,11
170421,0,1,0,0,0,0,0,0,0,0,0,0
170421,1,1,0,0,0,0,0,0,0,0,0,0
170422,0,1,0,0,0,0,0,0,0,0,0,0
170422,1,1,0,0,0,0,0,0,0,0,0,0
170423,1,1,18,18,18,18,18,18,18,18,18,18
170424,0,1,0,0,0,0,0,0,0,0,0,0
170424,1,1,0,0,0,0,0,4,0,0,0,0
170426,1,1,19,19,19,19,19,19,19,19,19,19
170427,1,1,0,0,0,0,0,0,0,0,0,0
170428,1,1,1,1,1,1,1,1,1,1,1,1
170428,2,1,8,8,8,8,8,8,8,8,8,8
170429,1,1,0,10,11,0,0,0,0,0,0,0
170429,2,1,0,0,0,0,0,0,0,0,0,0
170430,1,1,11,11,11,11,11,11,11,11,11,11
170431,0,1,0,0,0,0,0,0,0,0,0,0
170431,1,1,31,31,31,31,31,31,31,31,31,31
170433,1,1,10,10,10,10,10,10,10,10,10,10
170433,2,1,0,0,0,0,0,0,0,0,0,0
170434,1,1,20,20,20,20,20,20,20,20,20,20
170435,1,1,0,0,0,0,0,0,0,0,0,0
170435,2,1,0,0,14,0,0,0,0,0,0,0
170437,1,1,17,17,17,17,17,17,17,17,17,17
170437,2,1,18,18,18,18,18,18,18,18,18,18
170437,3,1,7,7,7,7,7,7,7,7,7,7
170438,1,1,0,0,0,0,0,0,0,0,0,0
170439,1,1,0,0,0,0,0,0,0,0,0,0
170440,1,1,9,9,9,9,9,9,9,9,9,9
170441,1,1,0,0,0,0,0,0,0,0,0,0
170441,2,1,0,0,0,0,0,0,0,0,0,0
170443,1,1,0,0,0,0,0,0,0,0,0,0
170444,1,1,0,0,0,0,0,0,0,0,0,0
170444,2,1,0,0,0,0,0,0,0,0,0,0
170445,1,1,19,16,0,0,0,2,0,0,0,0
170445,2,1,0,0,0,0,0,0,0,0,0,0
170446,1,1,0,0,0,0,0,0,0,0,0,0
170447,1,1,0,0,0,0,0,0,0,0,0,0
170447,2,1,0,0,0,0,0,0,0,0,0,0
170448,1,1,0,0,0,0,0,0,0,0,0,0
170449,1,1,3,3,3,3,3,3,3,3,3,3
170450,1,1,0,0,0,0,0,0,0,0,0,0
170450,2,1,0,0,0,0,17,0,0,0,11,0
170451,1,1,0,0,0,0,0,0,0,0,0,0
170451,2,1,0,0,0,0,0,0,0,0,0,0
170452,1,1,30,0,0,0,0,12,28,0,16,0
170452,2,1,0,0,0,0,0,0,0,0,0,0
170452,3,1,0,0,0,0,9,0,0,0,0,0
170452,4,1,0,0,0,0,0,0,0,0,0,0
170453,1,1,0,0,23,0,0,0,13,0,28,14
170453,2,1,0,0,0,0,0,0,0,0,0,0
170454,1,1,0,0,0,0,0,0,0,0,0,0
170454,2,1,0,0,0,0,0,0,0,0,0,0
170455,1,1,0,0,0,0,0,0,0,0,0,0
170455,2,1,0,0,0,0,0,0,0,0,0,0
170456,1,1,35,35,35,35,35,35,35,35,35,35
170457,1,1,0,0,0,0,0,0,0,0,0,0
170458,1,1,0,0,0,0,0,0,0,0,0,0
170458,2,1,0,0,0,0,0,0,0,0,0,0
170459,1,1,0,0,0,0,0,0,0,0,0,0
170459,2,1,0,0,0,0,0,0,0,0,0,0
170460,0,1,14,14,14,14,14,14,14,14,14,14
170460,1,1,0,0,0,0,0,0,0,0,0,0
170460,2,1,0,0,0,0,0,0,0,0,0,0
170461,1,1,0,0,0,0,0,0,0,0,0,0
170462,1,1,0,0,0,0,0,0,0,0,0,0
170463,0,1,4,4,4,4,4,4,4,4,4,4
170463,1,1,11,0,14,8,0,0,42,21,35,0
170464,1,1,12,12,12,12,12,12,12,12,12,12
170465,0,1,27,27,27,27,27,27,27,27,27,27
170465,1,1,0,0,0,0,0,15,0,0,0,0
170467,1,1,0,0,0,0,0,0,0,0,0,0
170467,2,1,0,11,0,0,0,0,0,0,0,0
170468,1,1,0,0,0,0,0,0,0,0,0,0
170468,2,1,0,0,0,0,0,0,0,0,0,0
170468,3,1,0,0,0,0,0,0,0,0,0,0
170469,0,1,3,3,3,3,3,3,3,3,3,3
170469,1,1,0,0,0,0,0,0,0,0,0,0
170470,0,1,13,13,13,13,13,13,13,13,13,13
170470,1,1,0,8,0,0,0,0,0,0,0,0
170471,1,1,9,9,9,9,9,9,9,9,9,9
170472,1,1,0,0,0,0,0,0,0,0,0,8
170472,2,1,0,0,0,0,0,0,0,0,0,0
170473,1,1,0,0,0,0,0,0,0,0,0,0
170474,0,1,0,0,0,0,0,0,0,0,0,0
170474,0,2,0,0,0,0,0,0,0,0,0,0
170474,1,1,0,0,0,0,0,0,16,0,0,0
170475,0,1,0,0,0,0,0,0,0,0,0,0
170475,1,1,0,0,0,0,0,0,0,0,0,0
170476,1,1,0,0,0,0,0,0,0,0,0,0
170476,2,1,0,0,0,0,0,0,0,0,0,0
170476,3,1,0,0,0,0,0,0,0,0,0,0
170477,1,1,0,0,0,0,0,0,0,0,0,0
170478,1,1,0,0,0,0,0,0,0,0,0,0
170478,2,1,0,0,0,0,0,0,0,0,0,0
170479,1,1,0,0,0,0,0,0,0,0,0,0
170479,2,1,0,0,0,0,0,0,0,0,0,0
170480,1,1,0,0,0,0,0,0,0,0,0,0
170480,2,1,0,0,0,0,0,0,0,0,0,0
170481,1,1,0,0,0,0,0,0,0,0,0,0
170482,0,1,0,0,0,0,0,0,0,0,0,0
170482,1,1,0,0,0,0,0,0,0,0,0,0
170483,0,1,19,19,19,19,19,19,19,19,19,19
170483,1,1,8,8,8,8,8,8,8,8,8,8
170484,1,1,0,0,0,0,0,0,0,0,0,0
170484,2,1,0,0,0,0,0,0,0,0,0,0
170485,1,1,0,19,0,0,0,0,0,0,0,0
170485,2,1,0,0,0,0,0,0,0,0,0,0
170486,1,1,0,0,0,0,0,0,0,0,0,0
170487,0,1,15,15,27,8,22,0,0,14,11,10
170487,1,1,0,0,0,0,0,0,0,0,0,0
170488,1,1,3,3,3,3,3,3,3,3,3,3
170489,1,1,0,0,0,0,10,0,0,0,0,0
170490,1,1,11,11,11,11,11,11,11,11,11,11
170491,1,1,0,0,0,0,0,0,0,0,0,0
170491,2,1,0,0,0,0,0,0,0,0,0,0
170492,1,1,18,18,18,18,18,18,18,18,18,18
170493,1,1,0,0,0,0,0,0,0,0,0,0
170493,2,1,0,0,0,0,0,0,0,0,13,0
170494,1,1,9,9,9,9,9,9,9,9,9,9
170495,1,1,0,0,0,0,0,0,0,0,0,0
170495,2,1,0,38,0,0,0,0,0,0,0,0
170496,1,1,28,28,28,28,28,28,28,28,28,28
170496,2,1,6,6,6,6,6,6,6,6,6,6
170496,3,1,0,0,0,0,0,0,0,0,0,0
170497,1,1,0,0,0,0,0,0,0,0,0,0
170497,2,1,0,0,0,0,0,0,0,0,0,0
170497,3,1,0,0,0,0,0,0,0,0,0,0
170498,1,1,0,0,0,0,0,0,0,0,0,0
170498,2,1,0,0,0,0,0,0,0,0,0,0
170499,1,1,0,0,0,0,0,0,0,0,0,0
170499,2,1,0,0,0,0,0,0,0,0,0,0
170500,1,1,0,0,0,0,0,0,0,0,0,0
170500,2,1,0,0,0,0,0,0,0,0,0,0
170501,1,1,0,0,0,0,0,0,0,0,0,0
170501,2,1,0,0,0,0,0,0,0,0,0,0
170502,1,1,14,0,0,0,0,0,7,0,0,0
170503,1,1,0,0,0,0,0,0,0,0,0,0
170503,2,1,0,0,0,0,9,0,0,0,0,0
170504,1,1,1,1,1,1,1,1,1,1,1,1
170504,2,1,0,0,0,0,0,0,0,0,0,0
170505,1,1,0,0,0,0,0,0,0,0,0,0
170505,2,1,0,0,0,0,0,0,0,0,0,0
170505,3,1,0,0,0,0,0,0,0,0,0,0
170506,1,1,0,0,0,0,0,0,0,0,0,0
170507,1,1,8,8,8,8,8,8,8,8,8,8
170507,2,1,0,0,0,0,0,0,0,0,0,0
170508,0,1,0,0,0,0,0,0,0,0,0,0
170509,1,1,0,0,0,0,0,0,0,0,0,0
170509,2,1,0,0,0,0,0,0,0,0,0,0
170509,3,1,0,0,0,0,0,0,0,0,0,0
170510,1,1,0,0,0,0,0,0,0,0,0,0
170510,2,1,0,0,0,0,0,0,0,0,0,0
170511,1,1,0,0,0,0,0,0,0,0,0,0
170511,2,1,0,0,0,0,0,0,0,0,0,0
170512,1,1,0,0,0,0,0,0,0,0,0,0
170512,2,1,0,0,0,0,0,0,0,0,0,0
170513,1,1,0,0,0,0,0,0,0,0,0,0
170514,1,1,7,7,7,7,7,7,7,7,7,7
170514,2,1,0,0,0,0,0,0,0,0,0,0
170515,1,1,0,0,0,0,0,0,0,0,0,0
170516,1,1,13,13,13,13,13,13,13,13,13,13
170517,0,1,15,15,15,15,15,15,15,15,15,15
170517,1,1,0,0,0,0,0,0,0,0,0,0
170518,1,1,0,0,0,0,0,0,0,0,0,0
170518,2,1,0,0,0,0,0,0,0,0,0,0
170519,0,1,1,1,1,1,1,1,1,1,1,1
170519,1,1,0,5,0,0,0,0,0,0,0,0
170520,1,1,0,0,0,0,0,0,0,0,0,0
170520,2,1,0,0,0,0,0,0,0,0,0,0
170521,1,1,19,19,19,19,19,19,19,19,19,19
170522,1,1,0,0,0,0,0,0,0,0,0,0
170522,2,1,0,0,0,0,0,0,0,0,0,0
170522,3,1,0,0,0,0,0,0,0,0,0,0
170523,1,1,0,0,0,0,0,0,0,0,0,0
170524,1,1,0,0,0,0,0,0,0,0,0,0
170524,2,1,0,0,0,0,0,0,0,0,0,0
170525,1,1,0,0,0,0,0,0,0,0,0,0
170526,1,1,0,0,0,0,0,0,0,0,0,0
170526,2,1,0,0,0,0,0,0,0,0,0,0
170527,1,1,0,0,0,0,0,0,0,0,0,0
170528,1,1,23,0,25,14,19,13,17,0,10,11
170528,2,1,0,0,0,0,0,0,0,0,0,0
170529,1,1,0,0,0,0,0,0,0,0,0,0
170529,2,1,0,0,0,0,0,0,0,0,0,0
170530,0,1,0,0,0,0,0,0,0,0,0,0
170530,1,1,0,0,0,0,0,0,0,0,0,0
170531,0,1,0,0,0,0,0,0,0,0,0,0
170531,1,1,0,0,0,0,0,0,0,0,0,0
170532,1,1,0,0,0,0,0,0,0,0,0,0
170532,2,1,3,0,0,4,0,0,0,0,0,32
170533,1,1,0,0,0,0,0,0,0,0,0,0
170534,0,1,20,20,20,20,20,20,20,20,20,20
170534,1,1,0,0,0,0,0,0,0,0,0,0
170535,1,1,19,19,19,19,19,19,19,19,19,19
170536,1,1,19,19,19,19,19,19,19,19,19,19
170537,1,1,32,32,32,32,32,32,32,32,32,32
170537,2,1,0,0,0,0,0,0,0,0,0,0
170537,3,1,0,0,0,0,0,0,0,0,0,0
170538,1,1,0,0,0,0,0,0,0,0,0,0
170539,1,1,11,11,11,11,11,11,11,11,11,11
170539,2,1,0,0,0,0,0,0,0,0,0,0
170540,1,1,0,0,0,0,0,0,0,0,0,0
170541,1,1,21,21,21,21,21,21,21,21,21,21
170542,1,1,13,13,13,13,13,13,13,13,13,13
170543,1,1,0,0,0,0,12,0,0,0,0,0
170544,1,1,0,0,0,0,11,0,0,0,0,0
170544,2,1,0,0,0,0,0,0,0,0,0,0
170544,3,1,0,0,0,0,0,0,0,0,0,0
170545,0,1,0,0,0,0,0,0,0,0,0,0
170545,1,1,0,0,0,0,0,0,0,0,0,0
170546,1,1,10,4,14,23,9,10,14,34,19,9
170547,1,1,0,0,0,0,0,0,0,0,0,0
170547,2,1,0,0,0,0,0,0,0,0,0,0
170548,1,1,13,13,13,13,13,13,13,13,13,13
170549,1,1,0,0,0,0,0,0,0,0,0,0
170549,2,1,0,0,0,0,0,0,0,0,0,0
170550,1,1,0,0,0,0,0,0,0,0,0,0
170551,0,1,0,0,0,0,0,0,0,0,0,0
170551,1,1,0,0,0,0,0,0,0,0,0,0
170552,1,1,15,15,15,15,15,15,15,15,15,15
170553,0,1,0,0,0,0,0,0,0,0,0,0
170553,1,1,0,0,0,0,0,0,0,0,0,21
170554,1,1,0,0,0,0,0,0,0,0,0,0
170555,1,1,0,0,0,0,0,0,8,0,0,0
170556,1,1,0,0,0,0,0,0,0,0,0,0
170556,2,1,0,0,0,0,0,0,0,0,0,0
170557,0,1,0,0,0,0,0,0,0,0,0,0
170557,1,1,0,0,0,0,0,0,0,0,0,0
170558,1,1,28,28,28,28,28,28,28,28,28,28
170559,1,1,0,0,0,0,0,0,0,0,0,0
170559,2,1,0,0,0,0,0,0,0,0,0,0
170559,3,1,0,0,0,0,0,0,0,0,0,0
170560,1,1,0,0,0,0,0,0,0,0,0,0
170560,2,1,0,0,0,0,0,0,0,0,0,0
170561,1,1,4,4,4,4,4,4,4,4,4,4
170561,2,1,0,0,0,0,0,0,0,0,0,0
170562,1,1,18,18,18,18,18,18,18,18,18,18
170563,0,1,25,25,25,25,25,25,25,25,25,25
170563,1,1,0,0,0,0,0,0,0,0,0,0
170565,0,1,48,27,0,0,22,0,6,0,0,36
170565,0,2,0,3,28,17,31,17,12,0,13,19
170565,1,1,16,16,16,16,16,16,16,16,16,16
170566,1,1,18,18,18,18,18,18,18,18,18,18
170566,2,1,0,0,0,0,0,0,0,0,0,0
170567,1,1,0,0,0,0,0,0,0,0,22,0
170568,1,1,0,0,0,0,0,0,0,0,0,0
170568,2,1,0,0,0,0,0,0,0,0,0,0
170569,0,1,41,41,41,41,41,41,41,41,41,41
170569,1,1,0,0,0,0,0,0,0,0,0,0
170570,1,1,1,1,1,1,1,1,1,1,1,1
170570,2,1,0,0,0,0,0,0,0,0,0,0
170570,3,1,0,0,0,0,0,0,0,0,0,0
170570,4,1,0,0,0,0,0,0,0,0,0,0
170570,5,1,0,0,0,0,0,0,0,0,0,0
170570,6,1,0,0,0,0,0,0,0,0,0,0
170571,1,1,0,0,0,0,0,0,0,0,14,0
170571,2,1,0,0,0,0,0,0,0,10,0,0
170572,1,1,0,0,0,0,0,0,0,0,0,0
170572,2,1,0,0,0,0,0,0,0,0,0,0
170574,1,1,0,0,0,0,0,0,0,0,0,0
170575,1,1,0,0,0,0,0,0,0,0,0,0
170575,2,1,0,0,0,0,0,0,0,0,0,0
170576,1,1,1,1,1,1,1,1,1,1,1,1
170577,0,1,0,0,0,0,0,0,0,0,0,0
170577,0,2,0,0,0,0,0,0,0,0,0,0
170577,1,1,0,0,0,0,0,0,0,0,0,0
170578,1,1,10,10,10,10,10,10,10,10,10,10
170579,1,1,0,0,0,0,0,0,0,0,0,0
170579,2,1,5,5,5,5,5,5,5,5,5,5
170580,0,1,0,0,0,0,0,0,0,0,0,0
170580,1,1,12,12,12,12,12,12,12,12,12,12
170581,1,1,0,0,0,0,0,0,0,0,0,0
170582,1,1,0,0,0,0,0,0,0,0,0,0
170583,0,1,0,0,0,0,0,0,0,0,0,0
170583,1,1,8,8,8,8,8,8,8,8,8,8
170584,1,1,0,0,0,9,0,0,0,0,0,0
170584,2,1,0,0,0,0,0,0,0,0,0,0
170584,3,1,0,0,0,0,0,0,0,0,0,0
170584,4,1,0,0,0,0,0,0,0,14,0,0
170584,5,1,0,0,0,0,0,0,0,0,0,0
170585,1,1,1,1,1,1,1,1,1,1,1,1
170585,2,1,0,0,0,0,0,0,0,0,0,0
170586,1,1,0,0,0,0,0,0,0,0,0,0
170586,2,1,4,4,4,4,4,4,4,4,4,4
170587,1,1,0,0,0,0,0,0,0,0,0,0
170588,0,1,0,0,0,0,0,0,0,0,0,0
170588,1,1,0,0,0,0,0,0,0,0,0,0
170589,1,1,0,0,0,0,0,0,0,0,0,0
170589,2,1,0,0,0,0,0,0,0,0,0,0
170590,1,1,18,18,18,18,18,18,18,18,18,18
170591,1,1,12,12,12,12,12,12,12,12,12,12
170591,2,1,0,0,8,0,0,8,0,0,0,0
170591,3,1,0,0,0,11,0,0,0,0,0,0
170592,1,1,0,0,0,0,0,0,0,0,0,0
170593,1,1,0,0,0,0,0,0,0,0,0,0
170593,2,1,0,0,0,0,0,0,0,0,0,0
170594,1,1,0,0,0,0,0,0,0,0,0,0
170594,2,1,0,0,0,0,0,0,0,0,0,0
170595,0,1,1,1,1,1,1,1,1,1,1,1
170595,1,1,0,18,0,0,0,12,17,21,12,0
170596,1,1,0,0,0,0,0,0,0,0,0,0
170596,2,1,0,0,0,0,0,0,0,0,0,0
170596,3,1,0,0,0,0,0,0,0,0,0,0
170597,1,1,0,0,0,0,0,0,0,0,0,0
170598,1,1,0,0,0,0,0,0,0,0,0,0
170599,0,1,0,0,0,0,0,0,0,0,0,0
170599,1,1,19,19,19,19,19,19,19,19,19,19
170600,1,1,0,0,0,15,8,0,0,0,0,0
170601,0,1,0,0,0,0,0,0,0,0,0,0
170601,1,1,0,0,0,0,0,0,0,0,0,0
170602,1,1,24,24,24,24,24,24,24,24,24,24
170602,2,1,0,0,0,0,0,0,0,0,0,0
170603,1,1,0,0,0,0,0,0,0,0,0,0
170603,2,1,0,0,0,0,0,0,0,0,0,17
170604,1,1,33,33,33,33,33,33,33,33,33,33
170605,0,1,0,0,0,0,0,0,0,0,0,0
170605,0,2,0,0,0,0,0,0,18,0,0,0
170605,1,1,0,0,23,30,17,7,10,12,0,17
170606,1,1,14,14,14,14,14,14,14,14,14,14
170607,1,1,0,0,0,0,0,0,0,0,0,0
170608,0,1,15,15,15,15,15,15,15,15,15,15
170608,1,1,15,15,15,15,15,15,15,15,15,15
170610,1,1,0,0,0,0,0,0,0,0,0,0
170610,2,1,0,0,0,0,0,0,0,0,0,0
170611,0,1,0,0,0,0,0,7,0,0,0,0