ST_CASE,VEH_NO,PER_NO,P1,P2,P3,P4,P5,P6,P7,P8,P9,P10
170611,0,2,0,0,0,0,0,0,0,0,0,0
170611,1,1,0,0,0,0,0,0,0,0,0,0
170612,1,1,0,0,0,0,0,0,0,0,0,0
170612,2,1,0,0,0,0,0,0,0,0,0,0
170613,1,1,0,0,0,0,0,0,0,0,0,0
170614,1,1,33,33,33,33,33,33,33,33,33,33
170614,2,1,0,0,0,0,0,0,0,0,0,0
170615,1,1,0,0,0,0,0,0,0,0,0,0
170615,2,1,3,3,3,3,3,3,3,3,3,3
170615,3,1,0,0,0,0,0,0,0,0,0,0
170616,1,1,0,0,0,0,0,0,0,0,0,0
170616,2,1,0,0,0,0,0,0,0,0,0,0
170617,1,1,23,23,23,23,23,23,23,23,23,23
170617,2,1,0,0,0,0,0,0,0,0,0,0
170618,1,1,1,1,1,1,1,1,1,1,1,1
170618,2,1,0,0,0,0,0,0,0,0,0,0
170619,1,1,33,33,33,33,33,33,33,33,33,33
170620,1,1,0,0,0,0,0,0,0,0,0,0
170620,2,1,0,0,0,0,0,0,0,0,0,0
170621,1,1,18,18,18,18,18,18,18,18,18,18
170622,1,1,0,0,0,0,0,0,0,0,0,0
170623,1,1,0,0,0,0,0,0,0,0,0,0
170624,1,1,29,29,29,29,29,29,29,29,29,29
170625,0,1,10,10,10,10,10,10,10,10,10,10
170625,1,1,14,14,14,14,14,14,14,14,14,14
170626,1,1,0,0,0,0,0,0,0,0,0,0
170627,1,1,6,0,0,0,0,0,0,0,14,0
170627,2,1,0,0,0,0,0,0,0,0,0,0
170628,1,1,0,0,0,0,0,0,0,0,0,0
170628,2,1,0,0,0,0,0,0,0,0,0,0
170629,1,1,13,13,13,13,13,13,13,13,13,13
170630,1,1,17,17,17,17,17,17,17,17,17,17
170631,1,1,13,13,13,13,13,13,13,13,13,13
170632,1,1,0,0,0,0,0,0,0,0,0,0
170632,2,1,0,0,0,0,0,0,0,0,0,0
170633,1,1,0,0,0,0,0,0,0,0,0,0
170633,2,1,0,0,0,0,0,0,0,0,0,0
170635,0,1,0,0,0,0,0,0,0,0,0,0
170635,1,1,0,0,0,0,0,0,0,0,0,0
170636,1,1,28,0,0,0,0,0,0,0,0,0
170637,1,1,17,16,19,16,16,16,13,27,19,24
170638,1,1,0,0,13,0,0,0,0,0,0,0
170638,2,1,0,0,0,0,0,0,0,0,0,0
170639,1,1,0,0,0,0,0,0,0,0,0,0
170640,1,1,15,15,15,15,15,15,15,15,15,15
170641,1,1,0,0,0,0,0,0,0,0,0,0
170641,2,1,0,0,0,0,0,0,0,0,0,0
170642,1,1,18,18,18,18,18,18,18,18,18,18
170642,2,1,0,28,0,0,0,0,0,0,19,0
170643,0,1,0,0,0,0,0,0,0,0,0,0
170643,1,1,0,0,0,0,0,26,0,0,0,33
170644,0,1,21,21,21,21,21,21,21,21,21,21
170644,1,1,0,0,0,0,0,0,0,0,0,0
170645,0,1,0,0,0,0,0,0,0,0,0,0
170645,1,1,0,0,0,0,0,0,0,0,0,0
170646,0,1,24,24,24,24,24,24,24,24,24,24
170646,1,1,0,0,0,0,0,0,0,0,0,0
170647,1,1,11,11,11,11,11,11,11,11,11,11
170648,1,1,0,0,0,0,0,0,0,0,0,0
170648,2,1,0,0,0,0,0,0,0,0,0,12
170648,3,1,0,0,18,0,0,0,0,0,0,0
170648,4,1,0,0,0,0,0,0,0,0,0,0
170649,1,1,0,0,0,0,0,0,0,0,0,0
170650,0,1,0,0,0,0,0,0,0,0,0,0
170650,1,1,0,0,0,0,0,0,0,0,0,0
170651,1,1,3,3,3,3,3,3,3,3,3,3
170652,1,1,0,0,0,0,0,0,0,0,0,0
170653,0,1,0,6,0,0,0,0,0,0,0,0
170653,0,2,0,0,0,0,0,0,0,0,0,0
170653,0,3,0,0,0,0,0,0,0,0,0,0
170653,1,1,0,0,0,0,0,0,0,0,0,0
170654,1,1,0,0,0,0,0,0,0,0,0,0
170654,2,1,0,0,0,0,0,0,0,0,0,0
170655,1,1,0,0,0,0,0,0,0,0,0,0
170655,2,1,0,0,0,0,0,0,0,0,0,0
170656,1,1,0,0,0,0,0,0,0,0,0,0
170656,2,1,0,0,0,0,0,0,0,0,0,0
170657,1,1,28,28,28,28,28,28,28,28,28,28
170658,1,1,0,0,0,0,0,0,0,0,0,0
170659,1,1,40,40,40,40,40,40,40,40,40,40
170660,0,1,0,0,0,0,0,0,0,0,0,0
170660,1,1,14,0,15,0,24,20,0,0,0,0
170661,1,1,0,0,0,0,0,0,0,0,0,0
170661,2,1,0,0,0,14,0,0,0,0,0,0
170662,1,1,0,0,0,0,0,0,0,0,0,0
170663,1,1,0,0,0,0,0,0,0,0,0,0
170664,1,1,0,0,0,0,0,0,0,0,0,0
170664,2,1,0,0,0,0,0,5,0,0,0,0
170665,1,1,0,0,15,14,0,0,0,0,0,0
170665,2,1,0,0,0,0,0,0,0,0,0,0
170666,1,1,18,18,18,18,18,18,18,18,18,18
170667,1,1,18,18,18,18,18,18,18,18,18,18
170668,1,1,19,19,19,19,19,19,19,19,19,19
170669,1,1,0,0,0,0,0,0,0,0,0,0
170669,2,1,0,0,0,0,0,0,0,0,0,0
170670,1,1,0,0,0,0,0,0,0,0,0,0
170670,2,1,0,0,0,0,0,0,0,0,0,0
170671,0,1,0,0,0,0,0,0,0,0,0,0
170671,1,1,0,0,0,0,0,0,0,0,0,0
170672,1,1,3,3,3,3,3,3,3,3,3,3
170673,1,1,0,32,21,0,0,0,17,31,0,0
170674,1,1,15,15,15,15,15,15,15,15,15,15
170674,2,1,0,0,0,0,16,0,0,0,0,0
170675,0,1,0,0,0,0,0,0,0,0,0,0
170675,1,1,0,0,0,0,0,0,0,0,0,0
170676,0,1,28,28,28,28,28,28,28,28,28,28
170676,1,1,0,0,0,0,0,0,0,0,0,0
170677,1,1,0,23,0,0,0,0,0,0,0,0
170678,0,1,0,0,0,0,0,0,0,0,0,0
170678,0,2,0,0,0,0,0,0,0,0,0,0
170678,1,1,0,0,0,0,0,0,0,0,0,0
170679,0,1,11,11,11,11,11,11,11,11,11,11
170679,1,1,0,0,0,0,0,0,0,0,0,0
170680,0,1,15,15,15,15,15,15,15,15,15,15
170680,1,1,0,0,0,0,0,0,0,0,0,0
170681,1,1,0,0,0,0,0,0,0,0,0,0
170681,2,1,0,0,0,0,0,0,0,0,0,0
170682,0,1,0,0,0,0,0,0,0,0,0,0
170682,1,1,0,0,0,0,0,0,0,0,0,0
170683,0,1,0,0,0,0,0,0,0,0,0,0
170683,1,1,0,0,0,0,0,0,0,0,0,0
170685,1,1,10,27,15,12,0,3,24,0,17,19
170685,2,1,0,0,0,0,0,0,0,0,0,0
170685,3,1,0,0,0,0,0,0,0,0,0,11
170686,0,1,7,7,7,7,7,7,7,7,7,7
170686,1,1,0,0,0,0,0,0,0,0,0,0
170687,1,1,0,0,0,0,0,0,0,0,0,0
170688,1,1,0,0,0,0,0,0,0,0,0,0
170688,2,1,0,0,0,0,0,0,0,8,0,0
170689,1,1,0,0,0,0,0,0,0,0,0,0
170689,2,1,0,0,0,0,0,0,0,0,0,0
170689,3,1,0,0,0,0,0,0,0,0,0,0
170690,1,1,0,0,0,0,0,0,0,0,8,0
170690,2,1,0,0,0,0,0,0,0,0,0,0
170691,0,1,17,17,17,17,17,17,17,17,17,17
170691,1,1,7,21,28,26,10,9,18,19,0,34
170692,0,1,17,0,0,0,0,0,0,0,0,0
170692,1,1,0,0,0,0,0,0,0,0,0,0
170693,1,1,11,15,26,0,22,31,0,35,14,23
170694,1,1,0,0,0,0,0,0,0,0,0,0
170695,1,1,14,0,9,0,0,0,0,0,19,0
170696,1,1,0,0,0,0,0,0,0,0,0,0
170696,2,1,0,0,0,0,0,0,0,0,0,0
170697,1,1,0,0,0,0,0,0,0,0,0,0
170697,2,1,0,0,0,0,0,0,0,0,0,0
170698,1,1,0,0,0,0,0,0,0,0,0,0
170698,2,1,0,0,0,0,0,0,0,0,0,0
170699,1,1,19,19,19,19,19,19,19,19,19,19
170700,1,1,23,13,17,10,34,35,22,33,13,25
170701,1,1,11,11,11,11,11,11,11,11,11,11
170702,1,1,0,0,0,0,0,0,0,0,8,12
170702,2,1,0,0,0,0,0,0,0,0,0,0
170703,1,1,17,17,17,17,17,17,17,17,17,17
170704,1,1,0,0,0,0,0,0,0,0,0,0
170704,2,1,0,0,0,0,0,0,0,0,0,0
170704,3,1,0,0,0,0,0,0,0,0,0,0
170705,1,1,3,3,3,3,3,3,3,3,3,3
170706,1,1,0,0,0,0,0,0,0,0,0,0
170706,2,1,0,0,0,0,0,0,0,0,0,0
170707,1,1,0,0,0,0,0,0,0,0,0,0
170708,1,1,0,0,0,0,0,0,0,0,0,0
170709,1,1,0,0,0,0,0,0,0,0,0,0
170709,2,1,0,0,0,0,0,0,0,0,0,0
170711,1,1,11,11,11,11,11,11,11,11,11,11
170712,0,1,22,22,22,22,22,22,22,22,22,22
170712,1,1,0,0,0,0,0,0,0,0,0,0
170713,1,1,20,20,20,20,20,20,20,20,20,20
170714,1,1,20,20,20,20,20,20,20,20,20,20
170714,2,1,0,0,0,0,0,0,0,0,0,0
170715,1,1,0,0,0,0,0,0,0,0,0,0
170715,2,1,0,0,0,0,0,0,0,0,0,0
170716,1,1,0,0,0,0,0,0,0,0,0,0
170717,1,1,0,0,0,0,0,0,0,0,0,0
170717,2,1,0,0,0,0,0,0,0,0,0,0
170718,1,1,0,0,0,0,0,0,0,19,0,0
170718,2,1,0,0,0,0,0,0,0,0,0,0
170718,3,1,0,0,0,0,0,0,0,0,0,0
170718,4,1,0,0,0,0,0,0,0,0,0,0
170718,5,1,0,0,0,0,0,0,0,0,0,0
170718,6,1,0,0,0,0,0,0,0,0,0,0
170719,1,1,18,18,18,18,18,18,18,18,18,18
170720,1,1,17,17,17,17,17,17,17,17,17,17
170721,1,1,15,15,15,15,15,15,15,15,15,15
170721,2,1,0,0,0,0,0,0,0,0,0,0
170722,1,1,5,5,5,5,5,5,5,5,5,5
170723,1,1,18,18,18,18,18,18,18,18,18,18
170723,2,1,0,0,0,0,0,0,0,0,0,0
170724,0,1,0,0,0,0,0,0,0,0,0,0
170724,1,1,0,0,0,0,0,0,11,0,0,0
170725,0,1,11,11,11,11,11,11,11,11,11,11
170725,1,1,10,10,10,10,10,10,10,10,10,10
170725,3,1,0,0,0,0,0,0,8,0,0,0
170726,0,1,0,0,0,0,0,0,0,0,0,0
170726,1,1,0,0,14,0,0,0,0,0,0,0
170727,1,1,0,0,0,0,0,0,0,0,0,0
170727,2,1,0,0,0,0,0,0,0,17,0,0
170728,1,1,15,15,15,15,15,15,15,15,15,15
170729,0,1,0,0,0,0,0,0,0,0,0,0
170729,0,2,0,0,0,0,0,0,0,0,0,0
170729,1,1,0,0,0,0,0,0,0,0,0,0
170730,1,1,0,0,0,0,0,0,0,0,0,0
170731,1,1,0,0,0,0,0,0,0,0,0,0
170731,2,1,0,0,0,0,0,0,0,0,0,0
170731,3,1,0,0,0,0,0,0,0,0,0,0
170732,1,1,0,0,0,0,0,0,0,0,0,0
170732,2,1,0,0,0,0,0,0,0,0,0,0
170733,0,1,0,0,0,0,0,0,0,0,0,0
170733,1,1,0,0,0,0,0,0,0,0,0,0
170734,1,1,0,0,0,0,0,0,0,0,0,0
170734,2,1,0,0,0,0,0,0,0,0,0,0
170735,1,1,0,0,0,0,0,0,0,0,0,0
170736,0,1,0,23,0,30,0,21,0,0,13,0
170736,1,1,6,8,25,7,0,0,14,25,31,0
170737,1,1,0,0,0,0,0,0,0,0,0,0
170737,2,1,0,0,0,0,0,0,0,0,0,0
170738,1,1,11,11,11,11,11,11,11,11,11,11
170739,1,1,8,8,8,8,8,8,8,8,8,8
170739,2,1,0,0,0,0,0,0,0,0,0,0
170740,1,1,22,22,22,22,22,22,22,22,22,22
170741,1,1,15,15,15,15,15,15,15,15,15,15
170742,1,1,0,0,0,0,0,0,0,0,0,0
170743,1,1,0,0,0,0,0,0,0,0,0,0
170744,0,1,27,27,27,27,27,27,27,27,27,27
170744,1,1,0,0,0,0,0,0,0,0,0,0
170745,1,1,0,0,0,0,0,0,0,0,0,0
170745,2,1,0,0,0,0,0,0,0,0,0,0
170746,1,1,20,20,20,20,20,20,20,20,20,20
170746,2,1,0,0,0,0,0,0,0,0,0,0
170747,1,1,0,0,0,0,0,0,0,0,0,0
170747,2,1,24,24,24,24,24,24,24,24,24,24
170748,1,1,14,0,15,0,6,0,0,0,0,0
170748,2,1,0,0,0,0,0,0,0,0,0,0
170748,3,1,0,0,0,0,0,10,0,0,0,0
170749,1,1,24,24,24,24,24,24,24,24,24,24
170750,1,1,10,10,10,10,10,10,10,10,10,10
170750,2,1,0,0,0,0,0,0,0,0,0,0
170751,0,1,0,0,0,0,0,0,0,0,0,0
170751,1,1,0,0,0,0,0,0,0,0,0,0
170752,1,1,9,9,9,9,9,9,9,9,9,9
170754,1,1,0,0,0,0,0,0,0,0,0,0
170756,1,1,0,0,0,0,0,0,0,0,0,0
170756,2,1,0,0,0,0,0,0,0,0,0,0
170756,3,1,0,0,0,0,0,0,0,0,0,0
170757,1,1,33,33,33,33,33,33,33,33,33,33
170758,1,1,0,0,0,0,8,10,0,0,0,0
170759,1,1,13,13,13,13,13,13,13,13,13,13
170759,2,1,0,0,0,0,0,0,0,0,0,0
170760,0,1,0,0,0,0,0,0,0,0,0,0
170760,1,1,0,0,0,0,0,0,0,0,0,0
170761,1,1,0,0,0,0,0,0,0,0,0,0
170762,1,1,16,16,16,16,16,16,16,16,16,16
170763,1,1,24,24,24,24,24,24,24,24,24,24
170763,2,1,0,0,0,0,0,0,0,0,0,0
170764,1,1,0,0,0,0,0,0,0,0,0,0
170764,2,1,0,0,0,0,0,0,0,0,0,0
170765,1,1,18,18,18,18,18,18,18,18,18,18
170766,0,1,0,0,0,0,0,0,0,0,0,0
170766,1,1,0,0,0,0,0,0,0,0,0,0
170767,1,1,0,0,0,0,0,0,0,0,0,0
170767,2,1,0,0,0,0,0,0,0,0,0,0
170768,1,1,0,0,0,0,0,0,0,0,0,0
170768,2,1,0,0,0,0,0,0,0,0,0,0
170768,3,1,0,19,0,0,0,0,0,0,0,0
170769,1,1,0,0,0,0,0,0,0,0,0,0
170769,2,1,0,0,0,0,0,0,0,0,0,0
170770,1,1,0,0,0,0,0,0,0,0,0,0
170770,2,1,0,0,0,0,0,0,0,0,0,0
170771,1,1,9,9,9,9,9,9,9,9,9,9
170772,1,1,0,0,0,0,0,0,0,0,0,0
170772,2,1,0,0,0,0,0,0,0,0,0,0
170773,1,1,0,0,0,0,0,0,0,0,0,0
170773,2,1,0,0,0,0,0,0,0,0,16,0
170774,1,1,0,0,0,0,0,0,0,0,0,0
170775,1,1,9,9,9,9,9,9,9,9,9,9
170775,2,1,0,0,0,0,0,0,0,0,0,0
170776,1,1,13,13,13,13,13,13,13,13,13,13
170777,0,1,0,0,14,0,0,0,0,0,0,12
170777,1,1,0,0,18,0,0,13,0,0,0,0
170778,1,1,0,0,0,0,0,0,0,0,0,0
170779,1,1,17,17,17,17,17,17,17,17,17,17
170780,0,1,24,24,24,24,24,24,24,24,24,24
170780,1,1,0,0,0,0,0,0,0,0,0,0
170780,2,1,1,1,1,1,1,1,1,1,1,1
170780,3,1,0,0,0,0,0,0,0,0,0,0
170781,0,1,18,18,18,18,18,18,18,18,18,18
170781,1,1,0,0,0,0,0,0,0,0,0,0
170782,1,1,0,0,0,0,0,0,0,0,0,0
170783,1,1,12,12,12,12,12,12,12,12,12,12
170784,0,1,0,17,0,0,0,0,0,0,0,0
170784,1,1,0,0,0,0,0,0,0,0,0,0
170785,1,1,20,20,20,20,20,20,20,20,20,20
170786,1,1,12,12,12,12,12,12,12,12,12,12
170787,1,1,23,9,5,30,19,6,7,7,20,27
170787,2,1,0,0,0,0,0,0,0,0,0,0
170788,1,1,13,13,13,13,13,13,13,13,13,13
170789,1,1,0,0,0,0,0,0,0,0,0,0
170789,2,1,0,0,0,0,0,0,0,0,0,0
170790,1,1,13,13,13,13,13,13,13,13,13,13
170791,1,1,0,0,0,0,0,0,0,0,0,0
170792,1,1,0,0,0,0,0,0,0,0,0,0
170792,2,1,0,0,0,0,0,0,0,0,0,0
170793,0,1,0,0,0,0,0,0,0,0,0,0
170793,1,1,0,0,15,7,6,17,0,0,0,0
170794,1,1,0,0,0,0,0,0,0,0,0,0
170794,2,1,0,0,0,0,0,0,0,0,0,14
170795,1,1,14,14,14,14,14,14,14,14,14,14
170796,0,1,0,0,0,0,0,0,0,0,0,0
170796,1,1,0,0,0,0,0,0,0,0,0,0
170797,1,1,28,28,28,28,28,28,28,28,28,28
170798,1,1,0,18,0,25,16,0,8,26,0,19
170799,1,1,13,13,13,13,13,13,13,13,13,13
170800,0,1,0,0,0,0,0,0,0,0,0,0
170800,1,1,0,0,0,0,0,0,0,0,0,0
170801,1,1,18,18,18,18,18,18,18,18,18,18
170801,2,1,0,0,0,9,0,0,0,0,0,0
170802,0,1,1,1,1,1,1,1,1,1,1,1
170802,1,1,0,0,4,0,0,0,0,0,0,0
170803,0,1,0,0,0,0,9,0,0,17,0,23
170803,1,1,0,11,13,12,25,13,0,19,14,0
170804,1,1,0,0,0,0,35,0,0,0,0,0
170805,0,1,0,0,0,0,0,0,0,0,0,0
170805,1,1,0,0,0,0,0,0,0,0,0,0
170806,0,1,0,0,0,0,0,0,0,0,14,0
170806,1,1,0,0,0,0,0,0,0,0,0,0
170807,1,1,0,0,0,0,0,0,0,0,0,0
170807,2,1,0,0,0,0,0,0,0,0,0,0
170807,3,1,0,0,0,0,0,0,0,0,0,0
170807,4,1,0,0,0,0,0,0,0,0,0,0
170808,0,1,0,0,0,0,0,0,0,0,0,0
170808,1,1,0,0,0,0,0,0,0,0,0,0
170809,1,1,0,0,0,0,0,0,0,0,0,0
170809,2,1,0,0,0,0,0,0,0,0,0,0
170809,3,1,0,0,0,0,0,0,0,0,0,0
170809,4,1,0,0,0,0,0,0,0,0,0,0
170810,0,1,0,0,0,0,0,0,0,0,0,0
170810,1,1,0,0,0,0,0,0,0,0,18,0
170811,0,1,0,0,0,0,0,0,0,0,0,0
170811,1,1,0,0,0,0,0,0,0,0,0,0
170812,0,1,0,0,0,0,0,0,0,0,0,0
170812,1,1,0,0,18,0,0,17,0,0,10,0
170813,1,1,17,17,17,17,17,17,17,17,17,17
170813,2,1,0,0,0,0,0,0,0,0,0,0
170814,0,1,0,0,0,0,0,0,0,0,0,0
170814,1,1,0,0,0,0,0,0,0,0,0,0
170815,0,1,0,0,0,0,0,0,0,0,0,0
170815,1,1,0,0,0,0,0,0,0,0,0,0
170816,1,1,17,17,17,17,17,17,17,17,17,17
170817,1,1,0,0,0,0,0,0,0,0,0,0
170817,2,1,0,0,0,0,0,0,0,0,0,0
170818,1,1,0,0,0,0,0,0,0,0,0,0
170819,1,1,7,7,7,7,7,7,7,7,7,7
170819,2,1,0,0,0,0,0,0,0,0,0,0
170820,1,1,0,0,0,0,0,0,0,0,0,0
170820,2,1,0,0,0,0,0,0,0,0,0,0
170821,1,1,0,0,0,0,0,0,0,0,0,0
170822,1,1,0,0,0,0,0,0,0,0,0,0
170823,0,1,0,0,0,0,0,0,0,0,0,0
170823,1,1,0,0,0,0,0,0,0,0,0,0
170824,1,1,17,17,17,17,17,17,17,17,17,17
170825,0,1,0,0,0,0,0,0,0,0,0,0
170825,1,1,0,0,0,0,0,0,0,0,0,0
170826,1,1,0,0,0,0,0,0,0,0,0,0
170827,1,1,0,0,0,0,0,0,0,0,0,0
170827,2,1,0,0,0,0,0,0,0,0,0,0
170827,3,1,0,0,0,0,0,0,0,0,0,0
170828,1,1,0,0,0,0,3,0,0,0,13,0
170829,1,1,0,0,0,0,0,0,0,0,0,0
170830,1,1,20,20,20,20,20,20,20,20,20,20
170831,1,1,21,21,21,21,21,21,21,21,21,21
170832,1,1,23,23,23,23,23,23,23,23,23,23
170832,2,1,0,0,0,0,0,0,0,0,0,0
170833,0,1,0,0,0,0,0,0,0,0,0,0
170833,1,1,0,0,0,0,0,0,0,0,0,0
170835,1,1,0,0,0,0,0,0,0,0,0,0
170836,0,1,0,0,0,0,0,0,0,0,0,0
170836,0,2,0,0,0,7,0,0,0,0,19,19
170836,0,3,0,0,0,0,0,21,22,0,0,0
170836,1,1,0,0,0,0,0,0,6,11,16,15
170837,0,1,26,26,26,26,26,26,26,26,26,26
170837,1,1,0,0,0,0,0,0,0,0,0,0
170838,1,1,18,0,15,38,25,0,0,17,11,0
170839,1,1,22,22,22,22,22,22,22,22,22,22
170840,1,1,0,0,0,0,0,0,0,0,0,0
170840,2,1,0,0,0,0,0,0,0,0,0,0
170841,1,1,0,0,0,0,0,0,0,0,0,0
170841,2,1,0,0,0,0,0,0,0,0,0,0
170842,1,1,0,0,0,42,0,0,9,12,0,0
170844,1,1,0,0,0,6,0,0,0,0,0,0
170844,2,1,0,0,0,0,0,0,0,0,0,0
170845,1,1,23,23,23,23,23,23,23,23,23,23
170846,1,1,0,0,0,0,0,0,0,0,0,0
170847,0,1,0,0,0,0,0,0,0,0,0,0
170847,1,1,0,0,0,0,10,0,0,0,0,0
170848,1,1,0,0,0,0,0,0,0,0,0,0
170848,2,1,0,0,0,0,0,0,0,0,0,0
170849,1,1,16,0,11,18,32,17,0,0,12,24
170850,1,1,0,0,0,0,0,0,0,0,0,0
170851,0,1,20,20,20,20,20,20,20,20,20,20
170851,1,1,18,18,18,18,18,18,18,18,18,18
170852,1,1,0,0,0,0,0,0,0,0,0,0
170852,2,1,0,0,0,0,0,0,0,0,0,0
170853,1,1,0,0,0,0,0,0,14,0,0,0
170854,1,1,0,0,0,0,0,0,0,0,0,0
170855,0,1,0,0,0,0,0,0,0,0,0,0
170855,1,1,0,15,0,0,0,0,0,0,0,0
170856,1,1,0,0,0,0,19,0,0,0,0,0
170857,1,1,0,7,0,0,0,0,19,0,0,0
170858,1,1,1,1,1,1,1,1,1,1,1,1
170859,1,1,34,34,34,34,34,34,34,34,34,34
170860,1,1,20,20,20,20,20,20,20,20,20,20
170861,1,1,23,23,23,23,23,23,23,23,23,23
170862,1,1,0,0,0,0,0,0,0,0,0,0
170863,1,1,0,0,0,0,0,0,0,0,0,0
170864,1,1,13,27,25,15,12,13,14,20,18,9
170865,0,1,0,0,0,0,0,0,0,0,0,0
170865,1,1,0,0,0,0,0,0,0,0,0,0
170866,1,1,0,0,0,0,0,0,0,0,0,0
170867,1,1,0,0,0,0,0,0,0,0,0,0
170867,2,1,0,0,0,0,0,0,0,0,0,0
170868,0,1,29,29,29,29,29,29,29,29,29,29
170868,1,1,0,0,0,0,0,0,0,0,0,0
170869,1,1,0,0,0,0,0,0,0,0,0,0
170869,2,1,0,0,0,0,0,0,0,0,0,0
170870,0,1,14,14,14,14,14,14,14,14,14,14
170870,1,1,0,0,0,0,0,0,0,0,0,0
170871,0,1,0,0,0,0,0,0,0,0,0,0
170871,1,1,0,0,0,0,0,0,0,0,0,0
170872,1,1,0,0,0,0,9,0,0,0,0,0
170872,2,1,0,0,0,0,0,0,0,0,0,0
170873,1,1,8,8,8,8,8,8,8,8,8,8
170874,1,1,0,0,0,0,0,0,0,0,0,0
170874,2,1,0,0,0,0,0,0,0,0,0,0
180001,1,1,9,9,9,9,9,9,9,9,9,9
180001,2,1,0,0,0,0,0,0,0,0,0,0
180002,1,1,19,19,19,19,19,19,19,19,19,19
180003,1,1,0,0,0,0,0,0,0,0,0,0
180004,1,1,0,0,0,0,0,0,0,0,0,0
180004,2,1,0,0,0,0,0,0,0,0,0,0
180004,3,1,0,0,0,0,0,0,0,0,0,0
180005,1,1,29,0,16,13,15,0,0,30,0,11
180006,1,1,0,0,0,0,0,0,0,0,0,0
180007,1,1,0,0,0,0,0,0,0,0,0,0
180007,2,1,0,0,0,0,0,0,0,0,0,0
180008,1,1,0,4,0,0,0,0,0,0,0,0
180008,2,1,0,0,0,0,0,0,0,0,0,0
180009,1,1,0,0,0,0,0,0,0,0,0,0
180009,2,1,0,0,0,0,0,0,0,0,0,0
180010,1,1,16,16,16,16,16,16,16,16,16,16
180011,1,1,0,0,0,0,0,0,0,0,0,0
180011,2,1,0,0,0,0,0,0,0,0,0,0
180013,1,1,0,0,0,0,0,0,0,0,0,0
180013,2,1,0,0,0,0,0,0,0,0,0,0
180013,3,1,0,0,0,0,0,0,0,0,0,0
180014,1,1,0,0,0,0,0,0,0,0,0,0
180014,2,1,0,0,0,0,0,0,0,0,0,0
180015,0,1,0,0,0,0,0,0,0,0,0,11
180015,1,1,0,0,0,0,0,0,0,0,0,0
180016,1,1,0,0,0,0,0,0,0,0,0,0
180017,1,1,0,0,0,0,0,0,0,0,0,0
180018,0,1,0,0,0,0,0,0,0,0,0,0
180018,1,1,0,0,0,0,0,0,0,0,0,0
180019,1,1,0,0,0,0,0,0,0,0,0,0
180019,2,1,0,0,0,0,0,0,0,0,0,0
180020,1,1,0,0,0,0,0,0,0,0,0,0
180021,1,1,8,0,26,26,0,21,39,25,17,5
180022,0,1,3,0,0,16,0,0,0,0,0,0
180022,1,1,0,0,0,0,0,0,0,0,0,0
180023,1,1,0,0,0,0,0,0,0,0,0,0
180024,1,1,0,0,0,0,0,0,0,0,0,0
180024,2,1,0,0,0,0,0,0,0,0,0,0
180025,1,1,15,15,15,15,15,15,15,15,15,15
180026,1,1,24,24,24,24,24,24,24,24,24,24
180027,1,1,0,0,0,0,0,0,0,7,0,0
180027,2,1,0,0,0,0,0,0,0,0,0,0
180028,1,1,0,0,0,6,8,0,0,0,0,13
180028,2,1,0,0,0,0,0,0,0,0,0,0
180029,1,1,0,0,0,0,0,0,0,0,0,0
180029,2,1,0,0,0,0,0,0,0,0,0,0
180031,1,1,0,0,0,0,0,0,0,0,0,0
180032,1,1,0,0,0,0,0,0,0,0,0,0
180032,2,1,0,0,0,0,0,0,0,0,0,0
180033,1,1,0,0,0,0,0,0,0,0,0,0
180034,1,1,0,29,0,0,0,0,0,0,0,0
180034,2,1,0,0,0,0,0,0,0,0,0,0
180036,1,1,0,0,0,0,0,0,0,0,0,0
180036,2,1,0,0,0,0,0,0,0,0,0,0
180037,1,1,0,0,0,0,0,0,0,0,0,0
180037,2,1,0,0,0,0,0,0,0,0,0,0
180038,1,1,17,17,17,17,17,17,17,17,17,17
180039,1,1,9,0,0,0,0,0,0,0,0,0
180039,2,1,0,0,5,0,0,0,0,0,0,0
180039,3,1,0,0,0,0,0,0,0,0,0,0
180040,1,1,0,0,0,0,0,0,0,0,0,0
180040,2,1,0,0,0,0,0,0,0,0,0,0
180041,1,1,19,19,19,19,19,19,19,19,19,19
180042,1,1,24,24,24,24,24,24,24,24,24,24
180043,1,1,0,0,0,0,0,0,0,0,0,0
180043,2,1,0,0,0,0,0,0,0,0,0,0
180044,1,1,0,0,0,0,0,0,0,0,0,0
180045,1,1,20,20,20,20,20,20,20,20,20,20
180046,1,1,0,0,0,0,0,0,0,0,0,0
180046,2,1,0,0,0,0,0,0,0,0,0,0
180047,0,1,0,0,0,0,0,0,0,0,0,0
180047,1,1,0,0,0,0,0,0,0,0,0,0
180048,1,1,28,0,0,0,0,0,0,15,0,9
180049,1,1,0,0,0,0,0,0,0,0,0,0
180049,2,1,0,0,0,0,0,0,0,0,0,0
180050,1,1,0,0,0,0,0,0,0,0,0,0
180050,2,1,0,0,0,0,0,0,0,0,0,0
180051,1,1,0,0,0,0,0,0,0,0,0,0