ST_CASE,VEH_NO,PER_NO,P1,P2,P3,P4,P5,P6,P7,P8,P9,P10
180051,2,1,0,0,0,0,0,0,0,0,0,0
180051,3,1,0,0,0,0,0,0,0,0,0,0
180051,4,1,0,0,0,0,0,0,0,0,0,0
180051,5,1,0,0,0,0,0,0,0,0,0,0
180052,1,1,0,0,0,0,0,0,0,0,0,0
180052,2,1,0,0,0,0,0,0,0,0,0,0
180053,1,1,0,0,0,0,0,0,0,0,0,0
180053,2,1,0,0,0,0,0,0,0,0,0,0
180053,3,1,0,0,0,0,0,0,0,0,0,0
180054,0,1,0,0,0,0,0,0,0,29,0,6
180054,1,1,0,0,0,0,0,0,0,0,0,0
180055,1,1,0,0,0,0,0,0,0,0,0,0
180055,2,1,0,0,0,0,0,19,0,0,0,0
180056,0,1,0,0,0,0,0,0,0,0,0,0
180056,1,1,0,0,0,0,0,0,0,0,0,0
180057,1,1,0,0,0,0,0,0,0,0,0,0
180057,2,1,0,0,0,0,0,0,0,0,0,0
180058,1,1,0,0,0,0,0,0,0,0,0,0
180059,0,1,0,0,0,0,0,0,0,0,0,0
180059,1,1,0,0,0,0,0,0,0,0,0,0
180060,1,1,17,17,17,17,17,17,17,17,17,17
180060,2,1,0,0,0,0,0,0,0,0,0,0
180061,1,1,0,0,0,0,0,0,0,0,0,0
180061,2,1,0,0,0,0,0,11,0,0,0,0
180062,1,1,0,0,0,0,0,0,0,0,0,0
180062,2,1,0,0,0,0,0,0,0,0,0,0
180063,1,1,31,31,31,31,31,31,31,31,31,31
180064,1,1,0,0,0,0,0,0,14,0,0,0
180065,1,1,0,0,0,0,0,0,0,0,0,0
180065,2,1,0,0,0,0,0,0,0,0,0,0
180066,1,1,0,0,0,0,0,0,0,0,0,0
180067,1,1,0,0,0,0,0,0,0,0,0,0
180067,2,1,0,0,0,0,0,0,0,0,0,0
180068,1,1,0,0,0,0,0,0,0,0,0,0
180068,2,1,0,0,0,0,0,0,0,0,0,0
180068,3,1,0,0,0,0,0,0,0,0,0,0
180069,1,1,0,0,0,0,0,0,0,0,0,0
180069,2,1,0,0,0,0,0,0,0,0,0,0
180070,1,1,20,20,20,20,20,20,20,20,20,20
180071,1,1,0,0,0,0,0,0,0,0,0,0
180071,2,1,0,0,0,0,0,0,0,0,0,0
180072,1,1,25,25,25,25,25,25,25,25,25,25
180072,2,1,23,7,12,13,0,17,0,0,0,26
180073,1,1,0,0,0,0,0,0,0,0,0,0
180074,1,1,0,0,0,0,0,0,0,0,0,0
180074,2,1,0,0,0,0,0,0,0,0,0,0
180075,1,1,0,0,0,0,0,0,0,0,0,0
180075,2,1,0,0,0,0,0,0,0,0,0,0
180076,1,1,0,0,0,0,0,0,0,12,0,0
180077,1,1,0,0,0,0,0,0,0,0,0,0
180077,2,1,0,0,0,0,0,0,0,0,0,0
180079,1,1,0,0,0,0,0,0,0,0,0,0
180079,2,1,0,0,0,0,0,0,0,0,0,0
180081,1,1,27,27,27,27,27,27,27,27,27,27
180082,1,1,0,0,0,0,0,0,0,0,0,0
180083,1,1,0,0,0,0,0,0,0,0,0,0
180083,2,1,0,0,0,0,0,0,0,0,0,0
180084,0,1,0,0,0,0,0,0,0,0,0,0
180084,1,1,5,12,18,7,35,27,9,11,15,9
180085,1,1,0,0,0,0,0,0,0,0,0,0
180086,1,1,0,0,0,0,0,0,0,0,0,0
180086,2,1,0,0,0,0,0,0,0,0,0,0
180086,3,1,0,0,0,0,0,0,0,0,0,0
180087,1,1,0,0,0,0,0,0,0,0,0,0
180087,2,1,0,0,0,0,0,0,0,0,0,0
180088,1,1,0,0,0,0,0,0,0,0,0,0
180089,1,1,0,0,0,0,0,0,0,0,0,0
180089,2,1,0,0,0,0,0,0,0,0,0,0
180090,0,1,26,26,26,26,26,26,26,26,26,26
180090,1,1,0,0,0,0,0,0,0,0,0,0
180091,1,1,0,0,0,0,0,0,0,0,0,0
180092,1,1,24,24,24,24,24,24,24,24,24,24
180092,2,1,0,0,0,0,0,0,0,0,0,0
180095,1,1,0,0,0,0,0,0,0,0,0,0
180095,2,1,0,0,0,0,0,0,0,0,0,0
180096,1,1,16,16,16,16,16,16,16,16,16,16
180097,1,1,0,0,0,0,0,0,0,0,0,0
180098,0,1,0,0,0,0,0,0,0,0,0,0
180098,1,1,0,15,0,0,0,8,0,8,22,0
180099,1,1,0,0,0,0,0,0,0,0,0,0
180100,1,1,33,33,33,33,33,33,33,33,33,33
180101,1,1,13,17,0,0,0,0,25,19,5,24
180102,1,1,11,11,11,11,11,11,11,11,11,11
180103,1,1,0,0,0,0,0,0,0,0,0,0
180103,2,1,0,0,0,0,0,0,0,0,0,0
180103,3,1,0,0,0,0,0,0,0,0,0,0
180104,0,1,0,0,0,0,0,0,0,0,0,0
180104,1,1,0,0,0,0,0,0,0,0,0,0
180105,1,1,0,0,0,0,0,0,0,0,0,0
180105,2,1,0,0,0,0,0,0,0,0,0,0
180105,3,1,0,0,0,0,0,0,0,0,0,0
180106,1,1,0,0,0,0,0,0,0,0,0,0
180106,2,1,0,0,0,0,0,0,0,0,0,0
180107,1,1,13,13,13,13,13,13,13,13,13,13
180108,1,1,0,0,0,0,0,0,0,0,0,0
180108,2,1,0,0,0,0,0,0,0,0,0,0
180109,1,1,0,0,0,0,0,0,0,0,0,0
180109,2,1,0,0,0,0,0,0,0,0,0,0
180110,1,1,15,15,15,15,15,15,15,15,15,15
180111,1,1,4,4,4,4,4,4,4,4,4,4
180112,1,1,0,0,0,0,0,0,0,0,0,0
180113,1,1,0,0,0,0,0,0,0,0,0,0
180114,0,1,0,0,0,0,0,0,5,0,0,0
180114,1,1,0,0,0,0,0,0,0,0,0,0
180115,1,1,18,18,18,18,18,18,18,18,18,18
180116,1,1,0,0,0,0,0,0,0,0,0,0
180116,2,1,0,0,0,0,0,0,0,0,0,0
180116,3,1,0,32,0,0,0,0,0,0,0,0
180117,1,1,0,0,0,0,0,0,0,0,0,0
180117,2,1,9,9,9,9,9,9,9,9,9,9
180118,1,1,39,39,39,39,39,39,39,39,39,39
180119,1,1,4,4,4,4,4,4,4,4,4,4
180120,1,1,0,0,0,0,0,0,0,0,0,0
180120,2,1,0,0,0,0,0,0,0,0,0,0
180121,0,1,0,0,0,0,0,0,0,0,0,0
180121,1,1,0,0,0,0,0,0,0,0,0,0
180122,1,1,0,0,0,0,0,0,0,0,0,0
180122,2,1,0,0,0,0,0,0,0,0,0,0
180123,1,1,0,0,0,0,17,0,11,0,0,0
180124,1,1,0,0,0,0,0,0,0,0,0,0
180124,2,1,0,0,0,0,0,0,0,0,0,0
180125,1,1,0,0,0,0,0,0,0,0,12,0
180125,2,1,0,0,0,7,0,0,0,0,0,0
180125,3,1,0,0,0,0,0,0,0,0,0,0
180125,4,1,0,0,0,0,0,0,0,0,0,0
180126,1,1,0,0,0,0,0,0,0,9,0,0
180126,2,1,0,22,0,0,0,0,0,0,0,14
180127,1,1,16,16,16,16,16,16,16,16,16,16
180128,1,1,0,0,0,0,0,0,0,0,0,0
180128,2,1,0,0,0,0,0,0,0,0,0,0
180129,1,1,14,14,14,14,14,14,14,14,14,14
180130,1,1,25,25,25,25,25,25,25,25,25,25
180130,2,1,0,0,0,0,0,0,0,0,0,0
180131,1,1,0,0,0,0,0,0,0,0,0,0
180131,2,1,0,0,0,11,0,15,0,0,0,0
180132,1,1,0,0,0,0,0,0,0,0,0,0
180132,2,1,0,0,0,5,0,0,0,0,0,0
180133,1,1,0,6,0,0,3,0,0,0,0,0
180134,1,1,18,18,18,18,18,18,18,18,18,18
180135,1,1,23,23,23,23,23,23,23,23,23,23
180136,1,1,0,0,0,0,0,0,0,0,0,0
180137,1,1,0,0,0,0,0,0,0,0,0,0
180137,2,1,0,0,0,0,0,0,0,0,0,0
180138,1,1,0,0,0,0,0,0,0,0,0,0
180138,2,1,0,0,0,0,0,0,0,0,0,0
180139,1,1,0,0,0,0,0,0,0,0,0,0
180139,2,1,0,0,0,0,0,0,0,0,0,0
180140,1,1,0,0,0,0,0,0,0,0,0,0
180140,2,1,0,0,0,0,0,0,0,0,0,0
180141,0,1,0,0,0,0,0,7,0,0,0,0
180141,1,1,0,0,0,0,0,0,0,0,0,0
180142,1,1,9,9,9,9,9,9,9,9,9,9
180143,1,1,24,24,24,24,24,24,24,24,24,24
180144,1,1,7,7,7,7,7,7,7,7,7,7
180144,2,1,0,0,0,0,0,0,0,0,0,1
180145,1,1,13,13,13,13,13,13,13,13,13,13
180146,1,1,17,17,17,17,17,17,17,17,17,17
180146,2,1,1,1,1,1,1,1,1,1,1,1
180147,1,1,19,19,19,19,19,19,19,19,19,19
180148,1,1,22,0,0,0,0,16,17,0,13,0
180149,1,1,0,0,0,0,0,0,0,0,0,0
180149,2,1,0,0,0,0,0,0,0,0,0,0
180150,1,1,0,31,0,5,12,19,10,10,11,17
180151,1,1,0,0,0,0,0,0,0,0,0,0
180151,2,1,0,0,0,0,0,0,0,0,0,0
180152,1,1,0,0,0,0,0,0,0,0,0,0
180152,2,1,0,0,0,0,0,0,0,0,0,0
180153,1,1,22,22,22,22,22,22,22,22,22,22
180154,1,1,11,11,11,11,11,11,11,11,11,11
180155,1,1,0,0,0,0,0,0,0,0,0,0
180156,1,1,0,0,0,0,0,0,0,0,0,0
180157,1,1,0,0,0,0,0,0,0,0,0,0
180157,2,1,0,0,0,0,0,0,0,0,0,0
180158,1,1,0,0,0,0,0,0,0,0,0,0
180158,2,1,0,0,0,0,0,0,0,0,0,0
180159,0,1,0,0,0,0,0,0,0,0,0,0
180159,1,1,0,0,0,0,0,0,0,0,0,0
180160,0,1,0,0,0,0,0,0,0,0,9,0
180160,1,1,0,0,0,0,0,0,0,0,0,0
180161,1,1,0,0,0,0,0,0,0,0,0,0
180161,2,1,5,0,0,0,0,0,0,0,0,0
180161,3,1,0,0,0,0,0,0,0,15,0,0
180161,4,1,0,0,0,0,0,0,0,0,0,0
180161,5,1,0,0,0,0,0,0,0,0,22,0
180161,6,1,0,17,0,0,0,10,0,0,0,0
180161,7,1,26,0,0,17,0,0,0,18,0,16
180162,1,1,16,16,16,16,16,16,16,16,16,16
180163,1,1,0,0,0,7,0,7,0,7,9,0
180164,1,1,0,0,0,0,0,20,0,0,11,0
180164,2,1,0,0,0,0,0,0,0,0,0,0
180164,3,1,2,2,2,2,2,2,2,2,2,2
180165,1,1,15,0,0,0,0,0,20,22,0,15
180166,0,1,35,39,0,13,21,9,0,0,8,12
180166,1,1,0,0,0,0,0,0,0,0,0,0
180167,1,1,0,0,0,0,0,0,0,0,0,0
180167,2,1,0,0,0,0,0,0,0,0,0,0
180168,1,1,0,0,0,0,0,0,0,0,0,0
180169,1,1,0,0,0,0,0,0,0,0,0,0
180170,1,1,0,0,0,0,0,0,0,0,0,0
180170,2,1,0,0,0,0,0,0,0,0,0,0
180171,1,1,7,7,7,7,7,7,7,7,7,7
180172,1,1,0,0,0,0,0,0,0,0,0,0
180173,1,1,0,0,0,0,0,0,0,0,0,0
180173,2,1,0,0,0,0,0,0,0,0,0,0
180174,1,1,0,0,10,0,0,17,20,0,0,0
180175,1,1,16,0,0,0,18,8,14,37,25,19
180176,0,1,0,0,0,0,0,0,0,0,0,0
180176,1,1,0,0,0,0,0,0,0,0,0,0
180177,1,1,0,11,17,0,0,0,0,0,0,0
180177,2,1,0,0,0,0,0,0,0,0,0,0
180178,1,1,0,0,0,0,0,0,0,0,0,0
180178,2,1,0,0,0,0,0,0,0,0,0,0
180179,1,1,0,0,0,0,0,0,0,0,0,0
180179,2,1,22,22,22,22,22,22,22,22,22,22
180180,1,1,0,0,0,0,0,0,0,0,0,0
180181,1,1,26,26,26,26,26,26,26,26,26,26
180182,1,1,0,0,0,0,0,0,0,0,0,0
180182,2,1,0,0,0,0,0,0,0,0,0,0
180183,1,1,0,0,0,0,0,0,0,0,0,0
180183,2,1,0,0,0,0,0,0,0,0,0,0
180184,1,1,0,0,0,0,0,0,0,0,0,0
180185,1,1,0,0,0,0,0,0,0,0,0,0
180186,1,1,0,0,0,0,0,0,0,0,0,0
180186,2,1,1,1,1,1,1,1,1,1,1,1
180187,1,1,0,0,0,0,0,0,0,0,0,0
180187,2,1,21,21,21,21,21,21,21,21,21,21
180188,1,1,30,30,30,30,30,30,30,30,30,30
180189,1,1,0,0,0,0,0,0,0,0,0,0
180189,2,1,0,0,0,0,0,0,0,0,0,0
180190,0,1,0,0,0,0,0,0,0,0,0,0
180190,1,1,0,0,0,0,0,0,0,0,0,0
180191,0,1,26,21,22,41,33,31,0,10,0,14
180191,0,2,25,7,0,15,7,20,19,58,9,0
180191,1,1,0,12,31,0,13,0,13,0,0,13
180192,1,1,0,0,0,0,0,0,0,0,0,0
180192,2,1,0,0,0,0,0,0,0,0,0,0
180193,1,1,0,0,0,10,0,0,0,12,0,0
180194,1,1,0,0,0,0,0,0,0,0,0,0
180195,1,1,0,0,0,0,0,0,0,0,0,0
180195,2,1,0,0,0,0,0,0,0,0,0,0
180196,1,1,0,0,0,0,0,0,0,0,0,0
180196,2,1,0,0,0,0,0,0,0,0,0,0
180197,1,1,0,22,12,0,0,0,0,0,0,0
180197,2,1,0,0,0,0,0,0,0,0,0,0
180199,1,1,32,32,32,32,32,32,32,32,32,32
180199,2,1,0,0,0,0,0,0,0,0,0,0
180200,1,1,0,0,0,0,0,0,0,0,0,0
180200,2,1,0,0,0,0,0,0,0,0,0,0
180201,1,1,0,0,0,0,24,0,12,0,0,18
180201,2,1,0,0,0,0,0,0,0,0,0,0
180202,1,1,0,0,0,0,0,0,0,0,15,28
180203,1,1,7,7,7,7,7,7,7,7,7,7
180204,1,1,20,20,20,20,20,20,20,20,20,20
180205,1,1,0,0,0,28,14,0,0,0,0,0
180206,1,1,0,0,0,0,0,0,0,0,0,0
180207,1,1,0,0,0,0,0,0,0,0,0,0
180208,1,1,0,0,0,32,14,9,0,0,0,0
180209,1,1,14,14,14,14,14,14,14,14,14,14
180209,2,1,0,0,0,0,0,0,0,0,0,0
180210,1,1,0,0,0,0,0,0,0,0,0,0
180210,2,1,0,0,0,0,0,0,0,0,0,0
180211,1,1,18,18,18,18,18,18,18,18,18,18
180212,1,1,14,14,14,14,14,14,14,14,14,14
180212,2,1,0,0,0,0,0,0,0,0,0,0
180213,1,1,25,25,25,25,25,25,25,25,25,25
180214,1,1,8,19,0,10,26,23,0,15,16,20
180215,1,1,0,0,0,0,0,0,0,0,0,0
180216,1,1,10,10,10,10,10,10,10,10,10,10
180217,0,1,17,26,0,39,18,12,0,0,0,0
180217,1,1,0,0,0,0,0,0,0,0,0,0
180218,1,1,18,0,0,0,0,0,0,0,0,0
180218,2,1,0,0,0,0,0,0,0,0,0,0
180219,1,1,0,0,4,2,0,0,37,0,0,0
180220,1,1,0,38,0,0,0,0,7,0,9,0
180221,0,1,0,13,0,0,0,0,0,0,0,18
180221,1,1,3,3,3,3,3,3,3,3,3,3
180222,1,1,14,14,14,14,14,14,14,14,14,14
180222,2,1,0,0,0,0,0,0,0,0,0,0
180223,1,1,0,0,0,0,0,0,0,0,0,0
180223,2,1,0,0,0,0,0,0,0,0,0,0
180224,1,1,0,0,0,0,10,21,0,0,0,0
180225,1,1,8,8,8,8,8,8,8,8,8,8
180225,2,1,0,0,0,0,0,0,0,0,0,0
180226,1,1,0,0,17,0,0,0,0,0,0,0
180226,2,1,0,0,0,0,0,0,15,0,0,0
180227,1,1,11,11,11,11,11,11,11,11,11,11
180228,0,1,0,0,0,0,0,0,0,0,0,0
180228,1,1,14,14,14,14,14,14,14,14,14,14
180229,1,1,21,0,18,12,19,0,18,21,11,17
180230,1,1,0,0,0,0,0,0,0,0,0,0
180231,1,1,0,0,0,0,0,0,0,0,0,0
180231,2,1,0,0,0,0,0,0,0,0,0,0
180232,1,1,0,0,0,0,0,0,0,0,0,0
180232,2,1,0,0,0,0,0,0,0,0,0,0
180235,1,1,0,0,0,0,0,0,0,0,0,0
180235,2,1,0,0,0,0,0,0,0,0,0,0
180236,1,1,23,23,23,23,23,23,23,23,23,23
180237,1,1,0,0,0,0,0,0,0,0,0,0
180237,2,1,0,0,0,0,0,0,0,0,0,0
180238,1,1,0,0,0,0,0,0,0,0,0,0
180238,2,1,0,0,0,0,0,0,0,0,0,0
180240,1,1,0,0,0,0,0,0,0,0,0,0
180241,1,1,0,0,0,0,0,0,0,0,0,0
180242,1,1,3,3,3,3,3,3,3,3,3,3
180243,1,1,25,25,25,25,25,25,25,25,25,25
180244,1,1,17,17,17,17,17,17,17,17,17,17
180245,1,1,0,0,0,0,0,0,0,0,0,0
180245,2,1,0,15,0,0,20,0,0,0,0,0
180246,1,1,13,0,0,0,0,0,0,0,0,0
180247,0,1,29,29,29,29,29,29,29,29,29,29
180247,1,1,0,0,0,0,0,0,0,0,0,0
180248,1,1,22,22,22,22,22,22,22,22,22,22
180249,1,1,0,0,0,0,0,0,0,0,0,0
180249,2,1,0,0,0,0,0,0,0,0,0,0
180250,1,1,20,20,20,20,20,20,20,20,20,20
180251,1,1,0,0,0,0,0,0,0,0,0,0
180252,1,1,0,0,0,0,0,0,0,0,0,0
180253,0,1,7,15,21,11,25,12,21,4,25,17
180253,1,1,0,0,0,0,0,0,0,0,0,0
180254,1,1,21,21,21,21,21,21,21,21,21,21
180254,2,1,0,0,0,0,0,0,0,0,0,0
180255,0,1,0,0,0,0,0,0,0,0,0,0
180255,1,1,0,0,0,0,0,0,0,0,0,0
180256,1,1,0,0,0,0,0,0,0,0,0,0
180257,1,1,0,0,0,0,0,0,0,0,0,0
180257,2,1,29,0,0,0,18,0,9,0,0,0
180259,1,1,0,0,0,0,0,0,0,0,0,0
180259,2,1,0,0,0,0,0,0,0,0,0,0
180259,3,1,0,25,0,0,0,0,0,0,0,0
180260,1,1,28,28,28,28,28,28,28,28,28,28
180261,1,1,0,0,0,0,0,0,0,0,0,0
180261,2,1,0,0,0,0,0,0,0,0,0,0
180262,0,1,0,0,0,0,0,0,0,0,0,0
180262,1,1,0,0,0,0,0,0,0,0,0,0
180263,1,1,0,0,0,0,0,0,0,0,0,0
180263,2,1,0,0,0,0,0,0,0,0,0,0
180264,1,1,0,0,0,0,0,0,0,0,0,0
180264,2,1,4,4,4,4,4,4,4,4,4,4
180264,3,1,0,0,0,0,0,0,0,0,0,0
180266,1,1,16,16,16,16,16,16,16,16,16,16
180267,1,1,0,0,0,0,0,0,0,0,0,0
180267,2,1,0,0,0,0,0,0,0,0,0,0
180268,0,1,15,15,15,15,15,15,15,15,15,15
180268,1,1,0,0,0,0,0,0,0,0,0,0
180269,1,1,24,24,24,24,24,24,24,24,24,24
180270,0,1,0,0,0,0,0,0,0,0,0,0
180270,1,1,0,0,0,0,0,0,0,0,0,0
180271,1,1,0,0,0,0,0,0,0,0,0,0
180271,2,1,0,0,0,0,0,0,0,0,0,0
180272,1,1,0,0,12,0,0,0,0,0,0,0
180272,2,1,0,0,0,0,0,0,0,0,0,0
180273,1,1,0,0,0,0,0,0,0,0,0,0
180274,1,1,0,0,0,0,0,0,0,0,0,0
180274,2,1,0,0,0,0,0,0,0,0,0,0
180275,1,1,29,29,29,29,29,29,29,29,29,29
180276,1,1,0,6,0,0,0,8,0,0,0,0
180277,1,1,0,0,0,0,0,0,0,0,0,0
180277,2,1,0,0,0,0,0,0,0,0,0,0
180277,3,1,0,0,0,0,0,0,0,0,0,0
180278,1,1,0,30,0,13,11,38,0,25,0,0
180279,1,1,0,6,12,0,14,13,11,4,0,0
180279,2,1,0,0,0,0,0,0,0,0,0,0
180279,3,1,0,0,0,13,0,0,0,25,0,27
180281,1,1,0,0,0,0,0,0,0,0,0,0
180281,2,1,13,13,13,13,13,13,13,13,13,13
180282,1,1,9,9,9,9,9,9,9,9,9,9
180282,2,1,0,0,0,0,0,0,0,0,0,0
180283,0,1,23,0,0,0,0,11,18,23,29,0
180283,1,1,0,0,0,0,0,0,0,0,0,23
180285,1,1,3,3,3,3,3,3,3,3,3,3
180286,1,1,0,0,0,0,0,0,0,0,0,0
180287,1,1,0,0,0,0,0,0,0,0,0,0
180287,2,1,0,0,0,0,0,0,0,0,0,0
180287,3,1,0,0,0,0,0,0,0,0,0,0
180287,4,1,0,0,0,0,0,0,0,0,0,0
180288,1,1,0,0,0,0,0,0,0,0,0,0
180288,2,1,2,2,2,2,2,2,2,2,2,2
180288,3,1,0,0,0,0,0,0,0,0,0,0
180289,1,1,0,0,0,16,0,10,21,16,11,6
180290,1,1,0,0,0,0,0,0,0,0,0,0
180291,1,1,0,0,0,0,0,0,0,0,0,0
180291,2,1,0,0,0,0,0,0,0,0,0,0
180292,1,1,0,0,0,0,0,0,0,0,0,0
180292,2,1,0,0,0,0,0,0,0,0,0,0
180292,3,1,0,0,0,0,0,0,0,0,0,0
180292,4,1,0,0,0,0,0,0,0,0,0,0
180293,1,1,27,27,27,27,27,27,27,27,27,27
180294,1,1,9,9,9,9,9,9,9,9,9,9
180295,0,1,0,0,0,0,9,0,6,0,0,15
180295,0,2,0,0,0,0,18,0,0,0,0,0
180295,1,1,14,14,14,14,14,14,14,14,14,14
180296,1,1,0,0,0,0,0,0,0,0,0,0
180296,2,1,0,0,0,0,0,0,0,0,0,0
180297,1,1,13,13,13,13,13,13,13,13,13,13
180298,1,1,9,9,9,9,9,9,9,9,9,9
180299,1,1,11,0,0,0,0,0,0,0,0,0
180299,2,1,0,0,0,0,0,0,0,0,3,0
180300,0,1,28,28,28,28,28,28,28,28,28,28
180300,1,1,0,0,0,0,0,0,0,0,0,0
180301,0,1,15,15,15,15,15,15,15,15,15,15
180301,1,1,0,0,0,0,0,0,0,0,0,0
180302,1,1,0,0,0,0,0,0,0,0,0,0
180303,1,1,0,0,0,0,0,0,0,0,0,0
180304,1,1,0,0,0,0,0,0,0,0,0,0
180304,2,1,0,0,0,0,0,0,0,0,0,0
180305,0,1,0,0,0,0,0,0,0,0,0,0
180305,1,1,0,0,0,0,0,0,0,0,0,0
180306,1,1,0,0,0,0,0,0,0,0,0,0
180307,1,1,0,0,0,0,26,0,0,0,14,0
180307,2,1,0,0,0,0,0,0,0,0,0,0
180308,1,1,0,0,0,0,0,0,0,0,0,0
180308,2,1,0,0,0,0,0,0,0,0,0,0
180309,1,1,0,0,0,0,0,0,0,0,0,0
180310,1,1,33,33,33,33,33,33,33,33,33,33
180311,1,1,0,0,0,0,0,0,0,0,0,0
180312,1,1,0,0,0,0,0,0,0,0,0,0
180312,2,1,0,0,0,0,0,0,0,0,0,0
180313,1,1,15,22,23,28,12,12,11,13,4,20
180313,2,1,0,0,0,0,0,0,0,0,0,0
180314,1,1,40,40,40,40,40,40,40,40,40,40
180315,1,1,0,0,0,0,0,0,0,0,0,0
180315,2,1,0,0,0,0,0,0,0,0,0,0
180316,1,1,25,25,25,25,25,25,25,25,25,25
180317,1,1,0,0,0,0,0,0,0,0,0,0
180317,2,1,0,0,0,0,0,0,0,0,0,0
180318,1,1,36,36,36,36,36,36,36,36,36,36
180319,1,1,0,0,0,0,0,0,0,0,0,0
180319,2,1,0,0,0,0,0,0,0,0,0,0
180320,1,1,12,12,12,12,12,12,12,12,12,12
180320,2,1,0,0,0,0,0,0,0,0,0,0
180321,1,1,14,14,14,14,14,14,14,14,14,14
180323,1,1,0,0,0,0,0,0,0,0,0,0
180324,1,1,0,0,0,0,0,0,0,0,0,0
180324,2,1,0,0,0,0,0,0,0,0,0,0
180325,1,1,0,0,0,12,29,0,0,0,17,0
180325,2,1,0,0,0,0,0,0,0,0,0,0
180326,1,1,0,0,0,0,19,0,0,0,0,0
180326,2,1,0,0,0,0,0,0,0,0,0,0
180327,1,1,0,0,0,0,0,0,0,0,0,0
180327,2,1,0,0,0,0,0,0,0,0,0,0
180328,1,1,12,12,12,12,12,12,12,12,12,12
180329,0,1,0,0,0,0,0,0,0,0,23,0
180329,1,1,0,0,0,0,0,0,0,0,0,0
180331,1,1,0,0,0,0,0,0,0,0,0,0
180331,2,1,11,0,0,7,0,23,25,3,13,0
180332,1,1,8,13,16,0,19,21,23,33,24,34
180333,1,1,6,6,6,6,6,6,6,6,6,6
180334,1,1,0,0,0,0,0,0,0,0,0,0
180334,2,1,0,0,0,0,0,0,0,0,0,0
180335,1,1,0,0,0,0,0,0,0,0,0,0
180335,2,1,0,0,0,0,0,0,0,0,0,0
180336,1,1,0,0,0,8,0,0,32,0,0,14
180336,2,1,0,0,0,0,0,0,0,0,0,0
180337,1,1,0,0,0,0,0,0,0,0,0,0
180337,2,1,0,0,0,0,0,0,0,0,0,0
180338,1,1,0,0,0,0,0,8,0,0,0,0
180339,1,1,0,0,0,0,0,0,0,0,0,0
180339,2,1,0,0,0,0,0,0,0,0,0,0
180341,1,1,0,0,0,0,0,0,0,0,0,0
180341,2,1,0,0,0,0,0,0,0,0,0,0
180342,1,1,0,0,8,0,0,0,0,20,0,10
180342,2,1,0,0,0,0,0,0,0,0,0,0
180343,1,1,13,13,13,13,13,13,13,13,13,13
180344,1,1,30,30,30,30,30,30,30,30,30,30
180344,2,1,21,21,21,21,21,21,21,21,21,21
180345,1,1,15,15,15,15,15,15,15,15,15,15
180346,1,1,0,0,0,0,0,0,0,0,0,0
180347,1,1,8,8,8,8,8,8,8,8,8,8
180348,1,1,9,9,9,9,9,9,9,9,9,9
180349,1,1,25,25,25,25,25,25,25,25,25,25
180350,1,1,0,0,0,0,0,0,0,0,0,0
180350,2,1,0,0,0,0,0,0,0,0,0,0
180351,1,1,0,0,0,0,0,0,0,0,0,0
180352,0,1,25,0,0,0,13,0,23,0,0,0
180352,1,1,0,23,0,30,0,0,22,9,0,0
180353,1,1,11,0,0,0,9,0,17,0,0,11
180354,1,1,0,0,0,0,0,0,0,0,0,0
180354,2,1,0,0,0,0,0,0,0,0,0,0
180355,1,1,0,0,0,0,0,0,0,0,0,0
180356,1,1,12,12,12,12,12,12,12,12,12,12
180357,1,1,10,10,10,10,10,10,10,10,10,10
180357,2,1,0,0,0,0,0,0,0,0,0,0
180358,1,1,0,20,0,0,0,0,0,0,0,0
180358,2,1,0,0,0,0,0,0,0,0,0,0
180359,1,1,22,0,0,16,0,19,22,24,14,11
180360,1,1,0,0,0,0,0,0,0,0,0,0
180360,2,1,0,0,0,7,15,0,0,0,0,0
180361,1,1,0,0,0,0,0,0,0,0,0,0
180361,2,1,0,16,6,0,13,18,17,14,0,0
180362,1,1,0,9,0,16,0,0,0,0,0,0
180363,1,1,0,0,0,0,0,0,0,0,0,0
180363,2,1,0,0,0,0,0,0,0,0,0,0
180364,1,1,0,0,14,0,0,0,16,0,0,0
180364,2,1,0,0,0,0,0,0,0,0,0,0
180365,1,1,6,6,0,0,0,0,0,0,0,0
180366,1,1,18,18,18,18,18,18,18,18,18,18
180367,1,1,14,0,20,0,12,22,0,29,35,14
180368,1,1,22,22,22,22,22,22,22,22,22,22
180369,1,1,0,0,0,0,0,0,0,0,0,0
180369,2,1,0,0,0,0,0,0,0,0,0,0
180370,1,1,32,32,32,32,32,32,32,32,32,32
180370,2,1,0,0,0,0,0,0,0,0,0,0
180371,1,1,0,0,0,0,0,0,0,0,0,0
180371,2,1,0,0,0,0,0,0,0,0,0,0
180371,3,1,0,0,0,0,0,0,0,0,0,0
180371,4,1,0,0,0,0,0,23,0,19,0,0
180372,1,1,0,0,0,0,0,0,0,0,0,0
180372,2,1,23,23,23,23,23,23,23,23,23,23
180373,1,1,8,8,8,8,8,8,8,8,8,8
180373,2,1,0,0,0,0,0,0,0,0,0,0
180374,1,1,0,0,0,0,0,0,0,0,0,0