ST_CASE,VEH_NO,PER_NO,P1,P2,P3,P4,P5,P6,P7,P8,P9,P10
180375,1,1,0,0,0,0,0,0,0,0,0,0
180376,1,1,0,0,0,0,0,0,0,0,0,0
180377,1,1,0,0,0,0,0,0,0,0,0,0
180377,2,1,0,0,0,0,0,0,0,0,0,0
180377,3,1,0,0,0,0,0,0,0,0,0,0
180378,1,1,0,0,0,0,0,0,0,0,0,0
180378,2,1,0,0,0,0,0,0,0,0,0,0
180378,3,1,0,0,0,0,0,0,0,0,0,0
180379,0,1,0,0,0,0,0,0,0,0,0,0
180379,1,1,0,0,0,0,0,0,0,0,0,0
180380,0,1,27,27,27,27,27,27,27,27,27,27
180380,1,1,0,0,0,0,0,0,0,0,0,0
180381,1,1,0,0,0,0,0,0,0,0,0,0
180381,2,1,0,0,0,0,0,0,0,0,0,0
180382,1,1,0,0,10,0,0,0,9,0,0,0
180382,2,1,0,0,0,0,0,0,0,0,0,0
180383,1,1,0,0,0,0,0,14,0,0,0,13
180383,2,1,0,20,0,0,0,0,0,0,0,0
180383,3,1,0,0,0,29,0,14,0,0,0,0
180384,1,1,7,7,7,7,7,7,7,7,7,7
180385,1,1,0,0,0,0,0,10,0,0,0,0
180386,1,1,0,0,0,0,0,0,0,0,0,0
180387,1,1,0,0,0,0,0,0,0,0,0,0
180387,2,1,0,0,0,0,0,0,0,0,0,0
180388,1,1,0,0,0,0,0,0,0,0,0,0
180389,1,1,0,0,0,0,0,0,0,0,0,0
180390,1,1,0,0,0,0,0,0,0,0,0,0
180391,1,1,27,27,27,27,27,27,27,27,27,27
180392,0,1,0,13,0,0,4,19,0,0,0,0
180392,1,1,0,0,0,0,0,0,0,0,0,0
180393,1,1,28,28,28,28,28,28,28,28,28,28
180394,1,1,0,0,0,0,0,0,0,0,0,0
180394,2,1,0,0,0,0,0,0,0,0,0,0
180395,1,1,0,0,0,0,0,0,0,0,0,0
180395,2,1,0,0,0,0,0,0,0,0,0,0
180396,1,1,0,0,0,0,0,0,0,0,0,0
180396,2,1,0,0,0,0,0,0,0,0,0,0
180397,1,1,33,16,15,14,25,27,16,16,0,14
180398,1,1,0,0,0,0,0,0,0,0,0,0
180399,1,1,0,0,0,0,0,0,0,0,0,0
180400,1,1,0,0,0,0,0,0,0,0,0,0
180401,1,1,0,0,0,0,0,0,0,0,0,0
180401,2,1,0,0,0,0,0,0,0,0,0,0
180402,1,1,0,0,0,0,0,0,0,0,0,0
180402,2,1,0,0,0,0,0,0,0,0,0,0
180402,3,1,0,0,0,0,0,0,0,0,0,0
180403,1,1,16,8,7,0,0,0,0,18,19,0
180404,0,1,0,0,0,0,0,0,0,0,0,0
180405,1,1,29,29,29,29,29,29,29,29,29,29
180406,1,1,13,13,13,13,13,13,13,13,13,13
180406,2,1,0,20,0,0,0,0,0,0,0,0
180407,1,1,0,0,0,0,0,0,0,0,0,0
180407,2,1,0,15,0,0,0,0,0,0,0,0
180408,1,1,0,0,0,0,0,0,0,0,0,0
180408,2,1,0,0,0,0,0,0,0,0,0,0
180408,3,1,0,0,0,0,0,0,0,0,0,0
180409,1,1,8,8,8,8,8,8,8,8,8,8
180409,2,1,0,0,0,0,0,0,0,0,0,0
180410,1,1,0,0,0,0,0,0,0,0,0,0
180410,2,1,0,0,0,0,0,0,0,0,0,0
180411,1,1,0,0,0,0,0,0,0,0,0,0
180412,1,1,0,0,0,0,0,0,0,0,0,0
180412,2,1,0,0,0,0,0,0,0,0,0,0
180413,1,1,0,0,0,0,0,0,0,0,0,0
180413,2,1,0,0,0,0,0,0,0,0,0,0
180414,1,1,0,0,0,0,0,0,0,0,0,0
180414,2,1,0,0,0,0,29,0,0,0,18,0
180415,1,1,9,9,9,9,9,9,9,9,9,9
180416,1,1,0,0,0,0,0,0,0,0,0,0
180416,2,1,0,0,0,0,0,0,0,0,0,0
180416,3,1,0,0,0,0,0,0,0,0,0,0
180418,1,1,0,0,0,0,0,0,0,0,0,0
180418,2,1,0,0,0,0,0,0,0,0,0,0
180419,1,1,17,17,17,17,17,17,17,17,17,17
180419,2,1,13,0,0,0,14,21,4,18,19,2
180420,1,1,0,0,0,0,0,0,0,0,0,0
180420,2,1,0,0,0,0,0,0,0,0,0,0
180421,1,1,0,0,0,0,0,0,0,0,0,0
180421,2,1,0,0,0,0,0,0,0,0,0,0
180422,1,1,0,0,0,0,0,0,0,0,0,0
180422,2,1,0,0,0,0,0,0,0,0,0,0
180423,1,1,0,18,33,0,11,21,27,6,15,17
180424,1,1,0,0,0,0,0,0,0,0,0,0
180424,2,1,0,0,0,0,0,0,0,0,0,0
180425,1,1,26,0,0,10,1,23,27,12,15,0
180426,1,1,23,23,23,23,23,23,23,23,23,23
180426,2,1,19,0,20,0,0,0,14,0,0,0
180427,1,1,0,0,0,23,18,0,0,0,0,0
180428,1,1,0,0,0,0,0,0,0,0,0,0
180428,2,1,0,0,0,0,0,0,0,0,0,0
180429,1,1,18,18,18,18,18,18,18,18,18,18
180430,1,1,12,12,12,12,12,12,12,12,12,12
180430,2,1,0,0,0,0,0,0,0,0,0,0
180431,1,1,9,7,24,10,21,25,32,16,5,22
180432,1,1,13,13,13,13,13,13,13,13,13,13
180433,1,1,24,14,13,14,11,18,15,0,12,15
180434,1,1,20,20,20,20,20,20,20,20,20,20
180435,1,1,0,0,0,0,0,0,0,0,0,0
180435,2,1,16,16,16,16,16,16,16,16,16,16
180436,1,1,0,0,0,0,0,0,0,0,0,0
180436,2,1,0,0,0,0,0,0,0,0,0,0
180437,1,1,0,0,0,0,0,0,0,0,0,0
180437,2,1,0,0,0,0,0,0,0,0,0,0
180439,0,1,0,0,0,0,0,0,0,0,0,0
180439,1,1,0,0,0,0,0,0,0,0,0,0
180440,1,1,0,0,12,20,0,19,13,0,0,19
180441,1,1,11,11,11,11,11,11,11,11,11,11
180441,2,1,4,4,4,4,4,4,4,4,4,4
180442,1,1,0,0,0,0,0,0,0,0,0,0
180442,2,1,0,0,0,0,0,0,0,0,0,0
180443,1,1,0,12,0,0,0,0,6,19,0,0
180443,2,1,0,0,0,0,0,0,0,0,0,0
180444,1,1,10,18,19,40,26,22,0,22,15,20
180445,1,1,0,0,0,0,0,0,0,0,0,0
180445,2,1,21,0,0,6,0,3,0,0,0,0
180446,1,1,0,0,0,0,0,0,0,0,0,0
180447,1,1,0,0,0,0,0,0,0,0,0,11
180448,1,1,4,4,4,4,4,4,4,4,4,4
180448,2,1,0,0,0,0,0,0,0,0,0,0
180449,1,1,7,37,19,10,7,10,19,2,11,0
180450,1,1,27,27,27,27,27,27,27,27,27,27
180451,1,1,0,0,0,0,0,0,0,0,0,0
180452,1,1,0,0,0,0,0,0,0,0,0,0
180452,2,1,0,0,0,0,0,0,0,0,0,0
180452,3,1,0,0,0,0,0,0,0,0,0,0
180453,1,1,0,0,0,0,0,0,0,0,0,0
180453,2,1,0,0,0,0,0,0,0,0,0,0
180453,3,1,0,0,0,0,0,0,0,0,0,0
180454,1,1,0,20,15,11,0,8,0,10,6,0
180455,1,1,0,11,3,0,22,15,0,32,11,20
180456,1,1,0,0,0,0,0,0,0,0,0,0
180457,1,1,16,16,16,16,16,16,16,16,16,16
180458,1,1,3,15,24,6,22,13,0,14,8,12
180458,2,1,18,18,18,18,18,18,18,18,18,18
180459,1,1,0,0,0,0,0,0,0,0,0,0
180460,1,1,0,0,0,0,3,0,0,0,0,0
180460,2,1,0,0,0,0,0,0,0,0,0,12
180461,1,1,0,0,0,0,0,0,0,0,0,0
180461,2,1,0,0,0,0,0,0,0,0,0,0
180462,1,1,0,0,0,0,0,0,20,14,0,0
180462,2,1,0,0,0,0,0,0,0,0,0,0
180463,1,1,0,0,0,0,0,0,0,0,0,0
180464,1,1,19,19,19,19,19,19,19,19,19,19
180464,2,1,0,0,0,0,0,0,0,0,0,0
180465,1,1,0,0,0,0,0,0,0,0,0,0
180465,2,1,0,0,0,0,0,0,0,0,0,0
180466,0,1,0,0,0,0,11,22,0,0,27,0
180466,1,1,0,0,0,0,0,0,0,0,0,0
180466,2,1,0,0,0,0,0,0,0,0,0,0
180467,1,1,0,0,0,0,0,0,0,0,0,0
180468,0,1,0,0,0,0,0,0,0,0,0,0
180468,1,1,0,0,0,0,0,0,0,0,0,0
180469,1,1,0,9,5,0,0,0,0,4,0,14
180469,2,1,0,0,0,0,0,0,0,0,0,0
180470,1,1,9,22,0,0,38,0,0,5,0,0
180470,2,1,0,0,0,0,0,0,0,0,0,0
180471,1,1,0,0,0,0,0,0,0,0,0,0
180471,2,1,0,0,0,28,0,0,20,0,0,16
180472,1,1,0,0,0,0,0,0,0,0,0,0
180472,2,1,0,0,0,0,0,0,0,0,0,0
180473,1,1,0,0,0,0,0,0,0,0,0,0
180473,2,1,0,0,0,0,0,0,0,0,0,0
180474,1,1,19,19,19,19,19,19,19,19,19,19
180476,1,1,16,24,0,0,0,12,20,14,0,12
180477,1,1,0,0,0,0,0,0,0,0,0,0
180478,1,1,6,6,6,6,6,6,6,6,6,6
180479,1,1,12,12,12,12,12,12,12,12,12,12
180479,2,1,0,0,0,0,0,0,0,0,0,0
180480,1,1,29,20,0,0,0,0,0,24,0,0
180481,1,1,0,0,0,0,0,0,0,0,0,0
180481,2,1,0,0,0,0,0,0,0,0,0,0
180481,3,1,0,0,0,0,0,0,0,0,0,0
180482,1,1,0,0,13,0,0,0,0,4,0,0
180482,2,1,0,0,0,0,0,0,0,0,0,0
180483,1,1,0,0,0,0,0,0,0,0,0,0
180484,1,1,0,0,0,0,0,0,0,0,0,0
180484,2,1,0,0,0,0,0,0,0,0,0,0
180485,1,1,0,0,0,0,0,0,0,0,0,0
180485,2,1,0,0,0,0,0,0,0,0,0,0
180486,0,1,0,0,0,0,0,0,0,0,0,0
180486,1,1,0,0,0,0,0,0,0,0,0,0
180487,1,1,0,0,0,0,0,0,0,0,0,0
180488,1,1,0,0,22,0,5,17,0,0,0,26
180489,1,1,0,0,0,0,0,0,0,0,0,0
180489,2,1,0,0,0,0,0,0,0,0,0,0
180490,1,1,0,0,0,0,0,0,0,0,0,0
180491,1,1,0,0,0,0,0,0,0,0,0,14
180491,2,1,0,0,0,0,0,0,0,0,0,0
180492,1,1,0,0,0,0,0,0,0,0,0,0
180492,2,1,0,0,0,0,0,0,0,0,0,0
180494,1,1,20,27,25,13,16,15,27,0,7,17
180495,1,1,24,24,24,24,24,24,24,24,24,24
180496,1,1,0,0,0,0,0,0,0,0,0,0
180496,2,1,0,0,0,0,0,0,0,0,0,0
180497,1,1,8,8,8,8,8,8,8,8,8,8
180498,1,1,0,0,0,0,0,0,0,0,0,0
180498,2,1,0,0,0,0,0,0,0,0,0,0
180499,1,1,0,0,0,0,0,0,0,0,0,0
180499,2,1,0,0,0,0,0,0,0,0,0,0
180500,1,1,0,0,0,0,0,0,0,0,0,0
180500,2,1,0,0,0,0,0,0,0,0,0,0
180501,0,1,0,0,0,0,0,0,0,0,0,0
180501,0,2,0,10,0,0,0,0,0,0,0,0
180501,0,3,0,0,0,0,0,0,0,0,0,0
180501,1,1,0,0,0,0,0,0,0,0,0,0
180502,1,1,3,3,3,3,3,3,3,3,3,3
180502,2,1,0,0,0,0,0,0,0,0,0,0
180503,1,1,0,0,0,0,0,0,0,0,0,0
180504,1,1,0,0,0,0,28,19,0,13,8,0
180505,1,1,0,0,0,0,0,0,0,0,0,0
180505,2,1,0,0,0,0,0,0,0,0,0,0
180506,1,1,19,19,19,19,19,19,19,19,19,19
180508,1,1,14,6,21,9,19,0,18,13,9,0
180509,1,1,0,18,0,0,15,0,35,0,0,0
180509,2,1,0,0,0,0,0,0,14,0,0,0
180510,1,1,0,0,0,0,0,0,0,0,0,0
180510,2,1,0,0,0,0,0,0,0,0,0,0
180511,1,1,0,0,0,0,0,0,0,0,0,0
180512,1,1,0,0,0,0,0,0,0,0,0,0
180512,2,1,2,2,2,2,2,2,2,2,2,2
180513,1,1,0,0,0,0,0,0,0,0,0,0
180514,1,1,0,0,0,0,14,19,0,7,0,0
180515,1,1,8,8,8,8,8,8,8,8,8,8
180516,1,1,0,0,0,0,0,0,0,0,0,0
180516,2,1,0,0,0,0,0,0,0,0,0,0
180517,1,1,18,18,18,18,18,18,18,18,18,18
180518,1,1,16,16,16,16,16,16,16,16,16,16
180519,1,1,12,34,22,32,9,11,0,0,15,18
180520,1,1,22,22,22,22,22,22,22,22,22,22
180521,0,1,0,0,0,0,0,0,0,0,0,0
180521,0,2,0,0,0,0,0,0,0,0,0,6
180521,1,1,0,0,0,0,0,0,0,0,0,0
180523,1,1,0,0,0,0,0,0,0,0,0,0
180523,2,1,0,0,0,0,12,0,0,5,0,0
180524,1,1,0,0,0,0,0,0,0,0,0,0
180524,2,1,0,0,0,0,0,0,0,0,0,0
180525,1,1,24,24,24,24,24,24,24,24,24,24
180525,2,1,0,0,0,0,0,0,0,0,0,0
180526,1,1,19,19,19,19,19,19,19,19,19,19
180527,1,1,0,0,0,0,0,0,0,0,0,0
180527,2,1,0,0,0,0,0,0,0,0,0,0
180528,1,1,24,24,24,24,24,24,24,24,24,24
180529,0,1,4,4,4,4,4,4,4,4,4,4
180529,1,1,0,0,0,0,0,0,0,0,0,0
180529,2,1,0,0,0,0,0,0,0,0,0,0
180529,3,1,0,0,0,0,0,0,0,0,0,0
180530,1,1,36,36,36,36,36,36,36,36,36,36
180531,1,1,0,0,0,0,0,0,0,0,0,0
180532,1,1,0,0,0,0,0,0,0,0,0,0
180532,2,1,0,0,0,0,0,0,0,0,0,0
180533,1,1,0,0,0,0,0,0,0,0,0,0
180534,0,1,0,13,0,0,0,0,0,0,0,0
180534,1,1,0,0,0,0,0,0,0,0,0,0
180534,2,1,0,0,0,0,0,0,0,0,0,0
180534,3,1,0,0,0,0,0,0,0,0,0,0
180534,4,1,0,0,0,0,0,0,0,0,0,0
180534,5,1,0,0,0,0,0,0,0,0,0,0
180534,6,1,0,0,0,0,0,0,0,0,0,0
180534,7,1,0,0,0,0,0,0,0,0,0,0
180535,1,1,0,0,0,0,0,0,0,0,0,0
180536,1,1,0,0,0,31,0,0,0,8,16,0
180537,1,1,0,0,0,0,0,0,0,0,0,0
180538,1,1,0,0,0,0,0,0,0,0,0,0
180538,2,1,0,0,0,0,0,0,0,0,0,0
180539,1,1,33,0,23,41,40,15,21,58,40,0
180540,1,1,0,0,0,0,0,0,0,0,0,0
180540,2,1,0,0,0,0,0,0,0,0,0,0
180541,1,1,0,0,0,12,33,0,24,0,0,0
180542,1,1,0,0,0,0,0,0,0,0,0,0
180542,2,1,0,0,0,0,0,0,0,0,0,0
180543,1,1,0,0,0,0,0,0,0,0,0,0
180543,2,1,0,0,0,0,0,0,0,0,0,0
180544,1,1,0,0,0,0,0,0,0,0,0,0
180545,1,1,25,4,9,28,11,15,23,19,0,3
180546,1,1,0,0,0,0,0,0,0,0,0,0
180546,2,1,0,0,0,0,0,0,0,22,0,0
180548,1,1,15,15,15,15,15,15,15,15,15,15
180549,1,1,0,0,0,0,0,0,0,0,0,0
180549,2,1,0,0,0,0,0,0,0,0,0,0
180549,3,1,0,0,0,0,0,0,0,0,0,0
180550,1,1,0,0,0,0,0,11,0,0,0,0
180550,2,1,0,0,0,0,0,0,0,0,0,0
180550,3,1,0,0,0,0,0,0,0,0,0,0
180551,1,1,0,0,0,0,0,0,0,0,0,0
180551,2,1,0,0,0,0,0,0,0,0,0,0
180552,1,1,0,0,0,0,0,0,0,0,0,0
180553,1,1,0,0,0,0,0,0,0,0,0,0
180553,2,1,0,0,0,0,0,0,0,0,0,0
180554,1,1,0,10,0,0,0,27,0,22,19,0
180555,1,1,0,0,0,0,0,0,0,0,0,0
180555,2,1,0,0,0,0,0,0,0,0,0,0
180556,0,1,20,0,0,0,0,20,0,0,0,0
180556,1,1,0,0,0,0,0,0,0,0,0,0
180557,1,1,0,0,0,0,0,0,0,0,0,0
180557,2,1,0,0,0,0,0,0,0,0,0,0
180558,1,1,19,19,19,19,19,19,19,19,19,19
180559,1,1,31,31,31,31,31,31,31,31,31,31
180560,1,1,0,0,0,0,0,0,0,0,0,0
180560,2,1,0,0,0,0,0,0,0,0,0,0
180561,1,1,0,0,0,0,0,0,0,0,0,0
180561,2,1,0,0,0,0,0,0,0,0,0,0
180562,1,1,0,0,0,0,0,0,0,0,0,0
180562,2,1,0,0,0,0,0,0,0,0,0,0
180562,3,1,0,0,0,0,0,0,0,0,0,0
180563,1,1,11,11,11,11,11,11,11,11,11,11
180564,0,1,0,0,0,0,0,0,0,0,0,0
180564,1,1,0,0,0,0,0,0,0,0,0,0
180565,1,1,19,19,19,19,19,19,19,19,19,19
180566,1,1,26,12,21,14,7,20,28,0,12,23
180567,1,1,19,19,19,19,19,19,19,19,19,19
180568,1,1,0,0,0,0,0,0,0,0,0,0
180568,2,1,0,0,0,0,0,0,0,0,0,0
180569,1,1,0,0,0,0,0,0,0,0,0,0
180570,1,1,26,26,26,26,26,26,26,26,26,26
180570,2,1,0,0,0,0,0,0,0,0,0,0
180571,1,1,0,0,0,0,0,0,3,0,0,15
180572,1,1,0,0,0,0,0,0,0,0,0,0
180572,2,1,0,0,0,0,0,0,0,0,0,0
180573,1,1,0,0,0,0,0,0,0,0,0,0
180573,2,1,0,0,0,0,0,0,18,0,0,0
180574,1,1,24,0,0,0,4,0,12,0,11,0
180576,1,1,0,0,0,0,0,0,0,0,0,0
180577,1,1,0,0,0,0,0,0,0,14,0,0
180578,0,1,15,15,15,15,15,15,15,15,15,15
180578,1,1,0,0,0,0,0,0,0,0,0,0
180579,1,1,0,16,18,0,0,7,0,0,0,0
180579,2,1,0,0,0,0,0,0,0,0,0,0
180580,1,1,0,0,0,0,0,0,0,0,0,0
180580,2,1,0,0,0,0,0,0,0,0,0,0
180580,3,1,0,0,0,0,0,0,0,0,0,0
180581,0,1,15,15,15,15,15,15,15,15,15,15
180581,1,1,0,0,0,0,0,0,0,0,0,0
180582,1,1,0,0,0,0,0,0,0,0,0,0
180582,2,1,0,0,0,0,0,0,0,0,0,0
180583,1,1,19,19,19,19,19,19,19,19,19,19
180583,2,1,0,0,0,0,0,0,0,0,0,0
180584,1,1,21,21,21,21,21,21,21,21,21,21
180585,1,1,0,0,0,0,0,0,0,0,0,0
180585,2,1,0,0,0,0,0,0,0,0,0,0
180586,1,1,14,0,0,0,0,0,0,23,0,0
180587,1,1,0,0,0,0,0,0,0,0,0,0
180587,2,1,0,0,0,0,0,0,0,0,0,0
180588,0,1,0,0,0,0,0,0,0,0,0,0
180588,1,1,0,0,0,0,0,0,0,0,0,0
180589,1,1,0,0,0,0,0,0,0,0,0,0
180590,1,1,0,6,0,0,0,0,0,0,0,0
180590,2,1,0,0,0,0,0,0,0,0,0,0
180591,1,1,0,0,0,0,0,0,0,0,0,0
180592,1,1,0,0,0,0,0,8,0,0,0,0
180593,0,1,0,19,0,0,23,0,29,16,0,0
180593,1,1,0,0,0,0,0,0,0,0,0,0
180594,1,1,0,0,0,0,0,0,0,0,0,0
180594,2,1,0,0,0,0,0,0,0,0,0,0
180595,1,1,26,26,26,26,26,26,26,26,26,26
180596,0,1,0,0,0,0,0,0,0,0,0,0
180596,1,1,0,0,0,0,0,0,0,0,0,0
180597,1,1,0,0,0,0,0,0,0,0,0,0
180597,2,1,0,0,0,0,0,0,0,0,0,0
180597,3,1,0,0,0,0,0,0,0,0,0,0
180597,4,1,0,0,2,0,0,0,0,0,0,0
180598,1,1,7,7,7,7,7,7,7,7,7,7
180599,1,1,17,17,17,17,17,17,17,17,17,17
180599,2,1,13,13,13,13,13,13,13,13,13,13
180600,1,1,0,0,0,0,0,0,0,0,0,0
180600,2,1,0,0,0,0,0,0,0,0,0,0
180601,0,1,20,20,20,20,20,20,20,20,20,20
180601,1,1,0,0,0,0,0,0,0,0,0,0
180602,1,1,0,0,0,0,0,0,0,0,0,0
180602,2,1,0,0,0,0,0,0,0,0,0,0
180603,1,1,0,0,0,0,0,0,0,0,0,0
180603,2,1,0,0,0,0,0,0,0,0,0,0
180604,1,1,13,13,13,13,13,13,13,13,13,13
180605,0,1,0,0,0,21,0,20,0,17,0,0
180605,1,1,0,0,18,40,0,0,0,0,0,0
180606,0,1,0,0,33,0,0,0,0,0,0,0
180606,1,1,0,0,0,0,0,0,0,0,0,0
180607,1,1,0,0,0,0,0,0,0,0,0,0
180607,2,1,11,11,11,11,11,11,11,11,11,11
180609,1,1,0,0,0,0,0,0,0,0,0,0
180610,1,1,0,0,0,0,0,0,0,0,0,0
180611,1,1,0,0,0,0,0,0,0,0,0,0
180612,0,1,10,10,10,10,10,10,10,10,10,10
180612,1,1,5,5,5,5,5,5,5,5,5,5
180613,1,1,0,0,0,0,0,0,0,0,0,0
180613,2,1,0,0,0,0,0,0,0,0,0,0
180614,1,1,17,17,17,17,17,17,17,17,17,17
180614,2,1,5,5,5,5,5,5,5,5,5,5
180615,1,1,21,21,21,21,21,21,21,21,21,21
180617,1,1,0,0,0,0,0,0,0,0,0,0
180618,0,1,0,12,15,0,0,0,0,17,0,0
180618,1,1,0,0,0,0,0,0,0,0,0,0
180618,2,1,0,0,0,0,0,0,0,0,0,0
180619,0,1,0,0,0,0,0,0,0,0,0,0
180619,1,1,0,0,0,0,0,0,0,0,0,0
180620,1,1,27,27,27,27,27,27,27,27,27,27
180621,0,1,19,0,0,0,0,0,0,0,0,0
180621,1,1,0,0,0,0,0,0,0,0,0,0
180622,1,1,0,0,0,0,0,0,0,0,0,0
180623,1,1,0,0,0,8,0,0,0,0,0,0
180624,0,1,0,0,0,0,0,0,0,0,0,0
180624,1,1,0,0,0,11,0,0,0,0,0,0
180625,1,1,28,28,28,28,28,28,28,28,28,28
180625,2,1,0,0,0,0,0,0,0,0,0,0
180625,3,1,0,0,0,0,0,0,0,0,0,0
180626,1,1,0,0,0,0,0,0,0,0,0,0
180628,1,1,0,0,0,0,0,0,0,0,0,0
180629,0,1,0,34,0,0,0,0,0,0,0,0
180629,1,1,0,0,0,0,0,0,0,0,0,0
180630,1,1,0,0,0,0,0,0,0,0,0,0
180630,2,1,0,0,0,0,0,0,0,0,0,0
180631,0,1,0,0,0,0,0,0,0,0,0,0
180631,1,1,0,0,0,0,0,0,0,0,0,0
180632,1,1,0,0,0,0,0,0,0,11,0,0
180632,2,1,0,10,0,9,27,0,0,0,25,0
180633,0,1,0,0,0,0,0,0,0,0,0,0
180633,1,1,0,0,0,0,0,0,0,0,0,0
180634,1,1,0,0,0,0,0,0,0,0,0,0
180634,2,1,0,12,0,0,0,0,0,20,0,0
180634,3,1,0,0,0,0,0,0,0,0,0,0
180635,1,1,32,32,32,32,32,32,32,32,32,32
180636,1,1,26,26,26,26,26,26,26,26,26,26
180637,1,1,0,0,0,0,0,0,0,0,0,0
180639,1,1,0,0,0,0,0,0,0,0,0,0
180640,1,1,0,0,0,0,0,0,0,0,0,0
180641,1,1,0,0,0,0,0,0,0,0,9,0
180641,2,1,0,0,0,0,0,0,0,0,0,0
180642,1,1,0,0,0,0,0,0,0,0,0,0
180642,2,1,0,0,0,0,0,0,0,0,0,0
180643,1,1,0,0,0,0,0,0,0,0,0,0
180643,2,1,0,0,0,0,0,0,0,0,0,0
180644,1,1,0,0,0,0,0,0,0,0,0,0
180644,2,1,0,0,0,0,0,0,0,0,0,0
180645,1,1,0,0,0,0,0,8,11,5,0,0
180646,1,1,21,21,21,21,21,21,21,21,21,21
180647,1,1,0,0,0,0,0,0,0,0,0,0
180648,1,1,7,7,7,7,7,7,7,7,7,7
180649,0,1,0,0,0,0,0,0,0,0,0,0
180649,1,1,0,0,0,0,0,0,0,0,0,0
180649,2,1,0,0,0,0,0,0,0,0,0,0
180650,1,1,42,42,42,42,42,42,42,42,42,42
180651,1,1,0,0,0,0,0,0,0,0,0,0
180651,2,1,0,0,0,0,0,0,0,0,0,0
180651,3,1,0,0,0,0,0,0,0,0,0,0
180652,1,1,0,0,0,0,0,0,0,0,0,0
180653,1,1,0,0,0,0,0,0,0,0,0,0
180654,1,1,14,0,42,0,0,0,0,0,0,0
180654,2,1,0,0,0,0,19,0,0,0,0,0
180655,0,1,0,15,0,0,7,22,0,0,0,22
180655,1,1,20,0,0,7,18,0,0,10,7,19
180656,1,1,0,0,0,0,0,0,0,0,0,0
180656,2,1,0,0,0,0,0,0,0,0,0,0
180657,1,1,29,29,29,29,29,29,29,29,29,29
180658,0,1,0,47,0,0,0,0,10,7,20,0
180658,1,1,0,0,0,0,0,0,0,0,0,9
180659,1,1,0,0,0,0,0,0,0,0,0,0
180659,2,1,0,0,0,0,0,0,0,0,0,0
180660,1,1,0,0,0,0,0,0,0,0,0,0
180660,2,1,0,24,0,0,0,0,0,12,0,0
180661,1,1,0,0,0,0,0,0,0,0,0,0
180662,1,1,0,0,0,0,0,0,0,0,0,0
180662,2,1,0,0,0,0,0,0,0,0,0,0
180663,1,1,28,0,12,0,0,38,0,0,0,0
180663,2,1,0,0,0,0,0,0,0,0,0,0
180664,1,1,0,0,0,0,0,0,0,0,0,0
180664,2,1,0,0,0,0,0,0,0,0,0,0
180665,1,1,1,1,1,1,1,1,1,1,1,1
180666,1,1,0,0,0,0,0,0,0,0,0,0
180666,2,1,0,0,0,0,0,0,0,0,0,0
180667,1,1,0,0,0,0,0,0,0,0,0,0
180667,2,1,0,0,0,0,0,0,0,0,0,0
180667,3,1,0,0,0,0,0,0,0,0,0,0
180668,1,1,0,0,0,0,0,0,0,0,14,0
180668,2,1,0,0,0,0,0,0,0,0,0,0
180669,1,1,0,0,0,0,0,0,0,0,0,0
180669,2,1,0,0,0,0,0,0,0,0,0,0
180670,0,1,0,0,0,0,0,0,0,0,0,0
180670,1,1,0,0,0,0,0,0,0,0,0,0
180671,0,1,0,8,0,0,0,0,0,0,0,0
180671,0,2,0,0,0,0,0,6,0,0,0,0
180671,1,1,0,0,0,0,0,0,0,0,0,0
180672,1,1,0,18,25,10,0,0,0,0,0,0
180672,2,1,0,0,0,0,0,0,33,0,21,0
180673,1,1,0,0,0,0,0,0,0,0,0,0
180674,1,1,0,0,0,0,0,0,0,0,0,0
180674,2,1,0,0,0,0,8,0,12,0,0,0
180675,1,1,0,0,0,0,0,0,0,0,0,0
180675,2,1,0,0,0,0,0,0,0,0,0,0
180676,1,1,13,13,13,13,13,13,13,13,13,13
180676,2,1,0,0,0,0,0,0,0,0,0,0
180677,1,1,13,0,0,0,0,0,0,0,0,0
180677,2,1,0,0,0,0,0,0,0,0,0,0
180678,1,1,18,18,18,18,18,18,18,18,18,18
180678,2,1,0,0,0,0,4,12,0,0,18,0
180679,1,1,0,0,0,0,0,0,17,0,0,26
180680,1,1,0,0,0,0,0,0,0,0,0,0
180681,1,1,0,0,0,0,0,0,0,0,0,0
180681,2,1,0,0,0,0,0,0,0,0,0,0
180682,1,1,0,7,10,0,14,20,17,0,0,19
180683,1,1,0,0,0,0,16,0,0,0,0,0
180683,2,1,0,11,0,0,15,0,0,6,12,0
180684,0,1,0,0,0,0,0,0,0,0,0,0
180684,1,1,0,0,0,0,0,0,0,0,0,0
180685,1,1,0,0,0,0,0,0,0,0,0,0
180686,0,1,0,0,0,0,0,0,0,0,0,0
180686,1,1,0,0,0,0,0,0,0,0,0,0
180687,1,1,22,0,0,21,0,0,0,0,0,0
180687,2,1,0,0,0,0,0,12,0,0,0,0
180688,1,1,0,0,0,0,0,0,0,0,0,0
180689,0,1,23,23,23,23,23,23,23,23,23,23
180689,1,1,0,0,0,0,0,0,0,0,0,0
180690,0,1,20,19,25,28,24,8,44,26,12,29
180690,1,1,0,0,0,0,0,0,0,0,0,0
180691,1,1,0,0,0,0,0,0,0,0,0,0
180691,2,1,0,0,0,9,0,11,16,0,0,0
180692,1,1,21,33,34,24,15,22,10,14,24,11