ST_CASE,VEH_NO,PER_NO,P1,P2,P3,P4,P5,P6,P7,P8,P9,P10
180693,0,1,0,0,0,0,0,0,0,0,0,0
180693,1,1,0,0,0,0,0,0,0,0,0,0
180694,1,1,0,0,0,0,0,3,0,0,0,0
180694,2,1,15,13,0,0,14,0,0,0,0,0
180695,1,1,0,0,0,0,0,0,0,0,0,0
180695,2,1,0,0,0,0,0,0,0,0,0,0
180696,1,1,2,2,2,2,2,2,2,2,2,2
180697,1,1,18,18,18,18,18,18,18,18,18,18
180698,1,1,0,0,0,0,0,0,0,0,0,0
180699,1,1,0,0,0,0,0,0,0,0,0,0
180699,2,1,4,4,4,4,4,4,4,4,4,4
180700,1,1,0,0,0,0,0,0,0,0,0,0
180700,2,1,0,0,0,0,0,0,0,0,0,0
180701,0,1,0,0,0,0,10,0,26,0,0,0
180701,1,1,0,0,0,0,0,0,0,0,0,0
180702,1,1,9,0,0,0,0,0,0,13,0,0
180702,2,1,0,0,0,0,0,0,0,0,0,0
180703,1,1,16,0,0,16,0,0,0,14,0,0
180704,1,1,28,28,28,28,28,28,28,28,28,28
180705,1,1,7,0,16,0,0,12,15,0,13,3
180705,2,1,0,0,0,0,0,0,0,0,0,0
180706,0,1,0,0,0,0,0,0,0,0,0,0
180706,1,1,0,0,0,0,0,0,0,0,0,0
190001,1,1,0,0,0,0,0,0,0,0,14,0
190002,1,1,0,0,0,0,0,0,0,0,0,0
190003,1,1,0,0,0,0,0,0,0,0,0,0
190003,2,1,0,0,0,0,0,0,0,0,0,0
190003,3,1,0,0,0,0,0,0,0,0,0,0
190005,1,1,0,26,0,0,0,0,22,0,0,0
190005,2,1,0,0,0,0,0,0,0,0,0,0
190006,1,1,0,0,0,0,0,0,0,0,0,0
190007,0,1,15,15,15,15,15,15,15,15,15,15
190007,1,1,0,0,8,0,0,4,0,0,0,0
190008,1,1,5,5,5,5,5,5,5,5,5,5
190009,1,1,0,0,0,0,0,0,0,0,0,0
190010,1,1,0,0,0,0,0,0,0,0,0,0
190011,1,1,13,12,14,7,9,13,11,21,0,24
190012,0,1,20,0,16,0,31,12,34,0,40,27
190012,1,1,0,0,0,0,0,0,0,0,0,0
190013,1,1,6,6,6,6,6,6,6,6,6,6
190013,2,1,0,0,0,0,0,0,0,0,0,0
190014,1,1,0,0,0,0,0,0,0,0,0,0
190015,1,1,0,0,0,0,0,0,0,0,0,0
190016,1,1,0,0,0,0,0,0,0,0,0,0
190016,2,1,0,0,0,0,0,0,0,0,0,0
190017,0,1,0,0,0,0,0,0,0,0,0,0
190017,1,1,0,0,0,0,0,0,0,0,0,0
190018,1,1,18,18,18,18,18,18,18,18,18,18
190019,1,1,0,0,0,0,0,0,0,0,0,0
190020,1,1,0,0,0,0,0,0,0,0,0,16
190021,1,1,0,0,0,0,0,0,0,0,0,0
190021,2,1,0,0,0,0,0,0,0,0,0,0
190022,1,1,19,19,19,19,19,19,19,19,19,19
190023,1,1,0,0,0,0,0,0,0,21,0,0
190023,2,1,0,0,0,0,0,0,0,0,0,0
190024,1,1,0,0,0,0,0,0,0,0,0,0
190024,2,1,0,0,0,0,0,0,0,0,0,0
190025,0,1,22,22,22,22,22,22,22,22,22,22
190025,1,1,0,0,28,0,0,0,0,0,0,0
190025,2,1,0,0,0,0,0,0,0,0,0,0
190026,1,1,0,0,0,0,0,0,0,0,0,0
190026,2,1,0,0,0,0,0,0,0,0,0,0
190027,1,1,6,6,6,6,6,6,6,6,6,6
190027,2,1,0,0,0,0,0,0,0,0,0,0
190028,1,1,0,0,0,0,0,0,0,0,0,0
190029,1,1,0,0,0,0,0,0,0,0,0,0
190029,2,1,0,0,0,0,0,0,0,0,0,0
190030,1,1,7,7,7,7,7,7,7,7,7,7
190030,2,1,8,8,8,8,8,8,8,8,8,8
190030,3,1,0,0,0,0,0,0,0,0,0,0
190031,1,1,23,23,23,23,23,23,23,23,23,23
190031,2,1,0,0,0,0,0,0,0,0,0,0
190032,1,1,28,28,28,28,28,28,28,28,28,28
190033,0,1,0,0,0,0,0,0,0,0,0,0
190033,1,1,0,0,0,0,0,0,0,0,0,0
190034,1,1,18,18,18,18,18,18,18,18,18,18
190035,1,1,11,11,11,11,11,11,11,11,11,11
190036,1,1,0,0,0,0,0,0,0,0,0,0
190036,2,1,0,0,0,0,0,0,0,0,0,0
190037,1,1,0,0,0,0,0,0,0,0,0,0
190037,2,1,0,0,0,0,0,0,0,0,0,0
190037,3,1,0,0,0,0,0,0,0,0,0,0
190038,1,1,0,0,0,0,0,0,0,0,0,0
190038,2,1,0,0,0,0,0,0,0,0,0,0
190039,1,1,0,0,0,0,0,0,0,0,0,0
190039,2,1,0,0,0,0,0,0,14,0,0,0
190040,1,1,0,0,0,0,0,0,0,0,0,0
190040,2,1,0,0,0,0,0,0,0,0,0,0
190041,1,1,0,0,0,0,0,0,0,0,0,0
190042,1,1,0,0,0,0,0,0,0,0,0,0
190043,1,1,0,0,0,0,0,0,0,21,0,0
190044,1,1,24,25,0,36,0,19,17,0,29,9
190045,1,1,0,0,0,0,26,10,15,0,0,0
190046,1,1,0,0,0,0,0,0,0,0,0,0
190046,2,1,0,0,0,0,0,0,0,0,0,0
190047,0,1,0,0,18,0,23,11,0,22,0,14
190047,1,1,0,0,0,0,0,0,0,0,0,0
190049,1,1,0,9,0,0,0,0,0,0,0,0
190050,1,1,0,0,0,0,0,0,0,0,0,0
190051,1,1,0,0,0,0,0,0,0,0,0,0
190051,2,1,0,0,0,0,0,0,0,0,0,0
190052,1,1,0,15,0,15,24,10,0,9,0,19
190053,1,1,25,25,25,25,25,25,25,25,25,25
190054,1,1,6,0,16,0,7,20,22,0,11,0
190055,1,1,0,0,0,0,0,0,0,0,0,20
190056,1,1,0,0,0,0,0,0,0,0,15,0
190056,2,1,0,0,0,0,0,0,0,0,0,0
190057,1,1,0,0,0,0,0,0,0,0,0,0
190057,2,1,0,0,0,0,0,0,0,0,0,0
190059,0,1,0,10,0,0,4,0,0,0,0,0
190059,1,1,0,0,0,0,0,0,0,0,0,0
190060,1,1,0,0,0,0,0,0,0,0,0,0
190060,2,1,0,0,0,0,12,0,0,0,0,0
190061,1,1,16,14,13,17,19,26,15,34,22,16
190062,1,1,13,13,13,13,13,13,13,13,13,13
190063,1,1,3,0,0,0,0,22,0,15,0,0
190064,1,1,0,0,0,0,0,0,0,0,0,0
190064,2,1,0,0,0,0,0,0,0,0,0,0
190065,1,1,0,0,0,0,0,0,0,0,0,0
190066,1,1,0,0,0,0,0,0,0,0,0,0
190067,1,1,0,0,0,0,0,0,0,0,0,0
190067,2,1,0,0,0,0,0,0,0,0,0,0
190068,1,1,0,0,0,0,0,0,0,0,0,0
190069,1,1,0,0,0,0,0,0,0,0,0,0
190069,2,1,0,0,0,0,0,0,0,0,0,0
190070,1,1,18,18,18,18,18,18,18,18,18,18
190071,1,1,23,23,23,23,23,23,23,23,23,23
190072,1,1,0,0,0,0,0,0,0,0,0,0
190073,1,1,0,0,0,0,0,0,0,0,0,0
190074,1,1,0,0,0,0,0,0,0,0,0,0
190074,2,1,31,0,11,0,0,0,0,0,0,0
190074,3,1,0,0,0,0,0,0,0,0,0,0
190075,1,1,18,18,18,18,18,18,18,18,18,18
190076,1,1,0,0,0,0,0,0,0,0,0,0
190077,1,1,0,0,0,0,0,0,0,0,0,0
190077,2,1,0,0,0,0,0,0,0,0,0,0
190078,1,1,0,0,0,0,0,0,0,0,0,0
190078,2,1,0,0,0,0,6,0,0,0,0,0
190079,1,1,0,17,0,0,15,0,0,8,27,0
190080,1,1,0,0,0,0,0,0,0,0,0,0
190080,2,1,0,0,0,0,0,0,0,0,7,0
190081,1,1,0,0,0,0,0,0,0,0,0,0
190081,2,1,0,0,0,0,0,0,0,0,0,0
190082,1,1,0,0,0,0,0,0,0,0,0,0
190083,1,1,0,0,0,0,0,0,0,0,0,0
190084,1,1,0,0,0,0,8,0,0,9,19,0
190085,1,1,32,32,32,32,32,32,32,32,32,32
190086,1,1,0,0,0,0,0,0,0,0,0,0
190087,1,1,0,0,0,0,0,0,0,0,0,0
190088,1,1,0,0,0,0,0,0,0,0,0,0
190088,2,1,0,0,0,0,0,10,0,0,0,0
190089,1,1,0,0,11,21,0,0,0,0,0,0
190089,2,1,0,0,0,0,0,0,0,0,0,0
190090,1,1,0,0,0,0,0,0,0,0,0,0
190090,2,1,0,0,0,0,0,0,4,0,0,0
190091,1,1,0,0,0,0,0,0,0,0,0,0
190091,2,1,0,0,0,0,0,0,0,0,0,0
190092,0,1,0,0,0,0,0,0,0,0,0,0
190092,1,1,0,0,0,0,0,0,0,0,0,0
190093,1,1,0,0,0,0,0,0,0,0,0,0
190093,2,1,0,0,0,0,0,0,0,0,0,0
190094,1,1,11,26,0,0,17,21,24,0,24,0
190095,1,1,0,0,0,0,0,0,50,0,0,0
190096,1,1,0,0,0,0,0,0,0,0,0,0
190096,2,1,0,0,0,0,0,0,0,0,0,0
190097,1,1,0,0,0,0,0,0,0,0,0,0
190097,2,1,0,0,0,0,0,0,0,0,0,0
190098,1,1,17,17,17,17,17,17,17,17,17,17
190099,1,1,0,0,0,0,0,0,0,0,0,0
190099,2,1,0,0,0,0,0,0,0,0,0,0
190100,1,1,0,0,9,0,0,0,0,14,0,0
190101,1,1,0,0,0,0,0,0,0,0,0,0
190101,2,1,0,0,0,0,0,0,6,0,0,0
190101,3,1,0,0,15,0,0,11,15,0,0,0
190102,1,1,0,0,0,0,0,0,0,0,0,0
190102,2,1,0,0,0,0,0,0,0,0,0,0
190102,3,1,0,0,0,0,0,0,0,0,0,0
190102,4,1,0,0,0,0,0,0,0,0,0,0
190103,1,1,0,0,0,0,0,0,0,0,0,0
190104,1,1,0,20,0,7,12,0,0,0,0,0
190105,1,1,0,0,0,6,0,0,0,0,0,0
190105,2,1,0,0,0,0,0,0,0,0,0,0
190106,1,1,12,8,23,13,13,8,0,14,0,0
190107,1,1,0,0,0,0,0,0,0,0,0,0
190107,2,1,0,0,0,0,0,0,0,0,0,0
190108,1,1,15,19,0,0,49,0,19,0,0,13
190109,0,1,0,6,11,0,0,0,0,0,0,0
190109,1,1,0,0,0,0,0,0,0,0,0,0
190109,2,1,0,0,0,0,0,0,0,0,0,0
190110,1,1,18,18,18,18,18,18,18,18,18,18
190110,2,1,15,15,15,15,15,15,15,15,15,15
190111,1,1,0,0,0,0,0,0,0,0,0,0
190112,1,1,0,0,0,0,0,5,13,0,0,0
190113,1,1,0,0,0,0,0,0,0,0,0,0
190113,2,1,0,0,0,0,0,0,0,0,0,0
190114,1,1,0,0,0,0,0,0,0,0,0,0
190114,2,1,0,0,0,0,0,0,4,0,0,0
190115,1,1,13,13,13,13,13,13,13,13,13,13
190115,2,1,0,0,0,0,0,0,0,0,0,0
190116,1,1,0,0,0,0,0,0,0,7,0,15
190117,1,1,0,9,0,0,0,6,0,0,0,0
190118,0,1,0,0,0,0,0,0,0,5,0,0
190118,1,1,0,0,0,0,0,0,0,0,0,0
190120,1,1,26,26,26,26,26,26,26,26,26,26
190121,1,1,17,19,0,0,10,0,0,0,0,6
190122,1,1,0,0,0,0,0,0,0,0,0,0
190122,2,1,0,0,0,0,0,0,0,0,0,0
190123,1,1,4,0,0,0,0,0,0,0,0,0
190124,1,1,0,0,0,0,0,0,0,0,0,0
190124,2,1,0,0,0,0,0,0,0,0,0,0
190125,1,1,16,16,16,16,16,16,16,16,16,16
190127,1,1,0,0,0,0,0,0,0,0,0,0
190128,1,1,0,0,0,0,0,0,0,0,0,0
190128,2,1,0,0,0,0,0,0,0,0,0,0
190129,1,1,18,18,18,18,18,18,18,18,18,18
190130,1,1,0,0,0,0,0,0,0,0,0,0
190130,2,1,3,3,3,3,3,3,3,3,3,3
190131,1,1,14,21,16,33,0,0,0,0,0,0
190132,1,1,0,0,0,0,0,0,0,0,0,0
190133,1,1,0,0,0,0,0,0,0,0,0,0
190133,2,1,10,0,0,0,0,0,0,0,0,0
190134,1,1,0,0,0,0,0,0,0,0,0,0
190134,2,1,0,0,0,0,0,0,0,0,0,0
190135,1,1,0,0,0,0,0,0,0,0,0,0
190136,1,1,0,0,0,0,0,0,0,0,0,0
190137,1,1,0,0,0,0,0,0,0,0,0,0
190138,1,1,0,0,26,0,0,16,15,12,13,0
190139,1,1,11,11,11,11,11,11,11,11,11,11
190140,1,1,17,17,17,17,17,17,17,17,17,17
190141,1,1,0,0,0,0,0,6,0,0,0,0
190142,1,1,0,0,0,0,0,0,0,0,0,0
190142,2,1,10,0,0,0,0,0,0,0,0,0
190143,1,1,28,28,28,28,28,28,28,28,28,28
190144,1,1,3,3,3,3,3,3,3,3,3,3
190145,1,1,0,12,0,0,16,0,24,22,0,0
190145,2,1,0,0,0,0,0,0,0,0,0,0
190146,1,1,20,20,20,20,20,20,20,20,20,20
190147,1,1,0,0,0,0,0,0,0,0,0,0
190147,2,1,0,0,0,0,0,0,0,0,0,0
190148,1,1,0,0,0,0,0,0,0,0,0,0
190148,2,1,0,0,0,0,0,0,0,0,0,0
190149,1,1,0,0,0,12,17,0,0,21,0,0
190150,1,1,28,35,17,22,26,7,15,31,0,0
190151,1,1,10,10,10,10,10,10,10,10,10,10
190152,1,1,0,0,0,31,0,0,0,0,0,0
190153,1,1,12,25,0,11,16,0,0,10,0,19
190154,1,1,0,0,0,0,0,0,0,0,0,0
190155,1,1,0,0,0,0,0,0,0,0,0,0
190156,1,1,0,0,0,0,0,0,0,0,0,0
190156,2,1,0,0,0,0,0,0,0,0,0,0
190157,1,1,5,5,5,5,5,5,5,5,5,5
190157,2,1,0,0,9,0,0,0,0,0,0,0
190157,3,1,7,7,7,7,7,7,7,7,7,7
190158,1,1,0,0,23,0,0,0,0,0,0,0
190158,2,1,0,0,0,0,0,7,0,0,0,0
190159,1,1,0,0,0,0,0,0,0,0,0,0
190159,2,1,0,0,5,0,0,0,0,0,0,0
190159,3,1,0,0,0,0,0,0,0,0,0,0
190160,1,1,0,0,0,0,0,0,0,0,0,0
190160,2,1,0,0,0,0,0,0,0,0,0,0
190161,1,1,0,0,0,0,0,19,0,0,0,0
190161,2,1,0,0,0,0,0,0,0,0,0,0
190163,1,1,0,0,0,0,15,0,0,0,0,0
190163,2,1,0,0,0,0,0,0,0,0,0,0
190164,1,1,0,0,0,16,0,6,0,17,0,4
190165,1,1,0,0,0,0,0,0,0,0,0,0
190166,1,1,0,0,0,0,9,0,0,0,0,0
190167,1,1,7,5,9,23,20,0,21,16,11,29
190168,1,1,0,0,4,0,0,0,0,0,0,0
190169,1,1,27,27,27,27,27,27,27,27,27,27
190170,1,1,25,25,25,25,25,25,25,25,25,25
190171,0,1,0,0,0,11,19,21,0,0,8,7
190171,1,1,10,10,10,10,10,10,10,10,10,10
190172,1,1,0,0,0,0,0,0,0,0,0,0
190173,1,1,0,0,0,0,0,0,0,14,0,0
190173,2,1,0,0,0,0,0,0,0,0,0,0
190174,1,1,0,0,0,0,0,0,0,0,0,0
190174,2,1,0,0,0,0,0,0,0,0,0,0
190175,1,1,3,3,3,3,3,3,3,3,3,3
190176,1,1,20,20,20,20,20,20,20,20,20,20
190176,2,1,20,20,20,20,20,20,20,20,20,20
190177,1,1,0,0,0,0,0,0,0,0,0,0
190177,2,1,0,0,0,0,0,0,0,0,0,0
190178,1,1,0,0,0,20,0,0,0,0,0,0
190179,1,1,0,0,0,0,0,0,0,0,0,0
190180,0,1,0,0,0,0,7,0,38,0,0,8
190180,1,1,0,0,0,0,0,0,0,0,0,0
190181,1,1,0,0,0,0,0,0,0,0,0,0
190182,1,1,13,0,0,0,9,0,0,0,0,8
190182,2,1,0,0,0,0,0,0,0,0,0,0
190183,1,1,23,23,23,23,23,23,23,23,23,23
190184,1,1,13,0,0,19,10,7,29,0,27,25
190185,1,1,0,0,0,0,0,0,0,26,0,0
190185,2,1,0,0,0,0,0,0,0,0,0,0
190186,1,1,28,28,28,28,28,28,28,28,28,28
190187,1,1,0,0,26,0,0,23,0,0,0,0
190188,1,1,27,27,27,27,27,27,27,27,27,27
190188,2,1,6,6,6,6,6,6,6,6,6,6
190189,1,1,0,0,0,0,0,0,0,0,0,0
190189,2,1,0,0,0,0,0,0,0,0,0,0
190190,1,1,0,0,0,0,0,0,0,0,0,0
190190,2,1,12,0,0,0,0,0,0,0,0,0
190191,1,1,0,0,0,0,0,0,0,0,0,0
190192,1,1,15,0,0,10,19,0,0,0,0,0
190193,1,1,0,0,23,0,0,35,0,0,0,0
190194,1,1,21,21,21,21,21,21,21,21,21,21
190195,1,1,17,17,17,17,17,17,17,17,17,17
190195,2,1,0,0,0,0,0,0,0,0,0,0
190196,1,1,16,16,16,16,16,16,16,16,16,16
190197,1,1,0,0,0,0,0,0,0,0,0,0
190198,1,1,0,12,0,0,0,0,0,0,0,0
190198,2,1,0,0,0,0,0,0,0,0,0,0
190199,1,1,0,0,0,0,0,0,0,0,0,0
190199,2,1,0,0,0,0,0,0,0,0,0,0
190200,1,1,0,0,0,14,0,0,0,11,19,14
190201,1,1,0,0,0,0,0,0,0,0,0,0
190201,2,1,0,0,0,0,0,0,0,0,0,0
190202,1,1,0,0,0,0,0,0,0,0,0,0
190202,2,1,0,0,0,0,0,0,0,0,0,0
190203,1,1,0,0,0,0,0,0,0,0,0,0
190203,2,1,0,0,0,0,0,0,0,0,0,0
190204,1,1,0,0,0,0,0,0,0,0,0,0
190204,2,1,0,0,0,0,0,0,0,0,0,0
190205,1,1,0,0,0,0,0,0,0,0,0,21
190206,1,1,0,0,0,11,0,7,0,0,7,10
190207,1,1,12,12,12,12,12,12,12,12,12,12
190208,1,1,29,0,22,15,15,0,8,19,6,26
190209,1,1,20,0,0,0,0,0,0,0,0,0
190209,2,1,0,0,0,0,0,0,0,0,0,0
190210,1,1,0,0,0,0,0,0,0,0,0,0
190211,1,1,0,0,0,8,0,0,0,0,0,0
190211,2,1,0,0,0,0,0,0,0,0,0,0
190212,1,1,0,0,10,0,0,0,13,0,0,16
190213,0,1,0,0,0,0,0,0,0,0,0,0
190213,0,2,0,0,0,0,0,0,0,0,0,0
190213,0,3,0,0,0,0,0,0,0,0,0,0
190213,1,1,0,0,0,0,0,0,0,0,0,0
190214,0,1,0,0,0,0,0,0,0,0,0,0
190214,1,1,0,0,0,0,0,0,0,0,0,0
190215,0,1,0,0,0,0,0,4,0,0,0,0
190215,1,1,0,0,0,0,0,0,0,0,0,0
190216,1,1,0,0,0,0,0,0,0,0,0,0
190216,2,1,0,0,0,0,0,0,0,0,0,0
190217,1,1,0,0,0,0,0,0,0,0,0,0
190218,1,1,0,0,0,0,0,0,0,0,0,0
190219,0,1,0,0,0,0,0,0,0,0,0,0
190219,1,1,0,0,0,0,0,0,0,0,0,0
190220,1,1,29,0,0,0,14,0,0,30,0,0
190221,0,1,0,0,0,0,0,0,10,0,0,13
190221,1,1,0,0,0,0,0,0,18,0,0,0
190222,1,1,12,12,12,12,12,12,12,12,12,12
190223,1,1,0,16,0,0,0,0,0,0,0,17
190224,1,1,0,0,0,0,0,0,0,0,0,0
190224,2,1,0,0,0,0,0,0,0,0,0,0
190225,1,1,0,0,0,0,0,0,0,0,0,0
190225,2,1,0,0,0,0,0,0,0,0,0,0
190225,3,1,0,0,0,0,0,0,0,0,0,0
190226,1,1,15,15,15,15,15,15,15,15,15,15
190227,1,1,6,20,0,27,11,28,0,0,0,0
190228,1,1,0,0,0,0,0,0,0,0,0,0
190228,2,1,0,0,0,0,0,0,0,0,0,0
190229,1,1,0,0,0,0,0,0,0,0,0,0
190229,2,1,0,0,0,0,0,0,0,0,0,0
190230,1,1,0,0,0,0,0,0,0,0,0,0
190230,2,1,0,0,0,0,0,0,0,0,0,0
190231,1,1,0,0,10,0,7,6,0,0,7,0
190232,1,1,0,0,10,0,0,4,0,11,0,0
190233,0,1,0,0,0,0,0,0,0,0,0,12
190233,1,1,0,0,0,18,0,0,0,0,0,0
190234,1,1,0,0,0,0,0,0,0,0,0,0
190234,2,1,0,0,23,0,0,0,0,0,0,0
190235,1,1,27,27,27,27,27,27,27,27,27,27
190236,1,1,0,0,0,0,0,0,0,15,0,0
190236,2,1,0,0,0,0,0,0,0,0,0,0
190237,1,1,0,0,0,0,0,0,0,0,0,0
190237,2,1,0,0,0,0,0,0,0,0,0,0
190238,1,1,0,0,0,0,0,0,0,0,0,0
190238,2,1,10,0,0,0,0,0,16,0,0,0
190239,1,1,0,0,0,0,0,0,0,0,0,0
190240,1,1,0,0,0,0,0,0,0,0,0,0
190240,2,1,11,11,11,11,11,11,11,11,11,11
190241,1,1,0,0,0,0,0,0,0,0,0,0
190241,2,1,0,0,0,0,0,0,0,0,0,0
190242,1,1,23,23,23,23,23,23,23,23,23,23
190242,2,1,0,0,0,20,0,10,0,0,0,0
190243,1,1,0,0,0,0,0,0,0,0,0,0
190244,1,1,0,0,0,0,0,0,0,0,0,0
190244,2,1,0,0,13,0,0,0,0,0,0,0
190245,1,1,0,13,4,0,0,0,15,20,34,0
190246,1,1,0,6,0,0,0,0,0,0,0,0
190246,2,1,0,0,0,0,0,0,0,0,0,0
190247,1,1,0,0,0,0,0,0,0,0,0,0
190247,2,1,13,0,0,0,0,0,0,0,0,0
190248,1,1,16,16,16,16,16,16,16,16,16,16
190249,0,1,12,0,0,0,0,0,0,0,0,0
190249,1,1,0,0,0,15,0,0,0,7,0,19
190250,1,1,0,0,0,0,0,0,0,0,0,0
190251,0,1,0,0,0,0,0,0,0,0,0,12
190251,1,1,0,0,0,0,0,0,6,0,0,11
190252,1,1,0,0,23,0,15,4,0,0,0,0
190252,2,1,0,0,0,0,0,0,0,0,0,0
190253,1,1,0,0,0,0,0,0,0,0,0,0
190253,2,1,0,0,0,0,0,0,0,0,0,0
190254,1,1,0,0,0,0,0,0,0,0,0,0
190255,1,1,0,0,0,0,0,0,0,0,0,0
190255,2,1,0,0,0,0,0,16,0,0,0,0
190256,1,1,11,11,11,11,11,11,11,11,11,11
190257,1,1,0,0,0,0,0,0,0,0,0,0
190257,2,1,0,0,0,0,0,0,0,0,0,0
190258,1,1,0,0,0,0,0,0,0,0,0,0
190258,2,1,0,0,0,0,0,0,0,0,0,0
190259,1,1,0,0,0,0,0,0,0,0,0,0
190260,1,1,0,0,0,0,0,0,0,0,0,0
190260,2,1,20,20,20,20,20,20,20,20,20,20
190261,1,1,12,0,0,0,0,0,0,0,0,0
190261,2,1,0,0,0,0,8,0,0,0,0,0
190262,1,1,18,18,18,18,18,18,18,18,18,18
190263,0,1,0,0,0,0,0,0,0,0,0,0
190263,1,1,0,0,0,0,0,0,0,0,0,0
190264,1,1,12,12,12,12,12,12,12,12,12,12
190265,1,1,0,0,0,0,0,0,0,0,0,0
190266,1,1,6,6,6,6,6,6,6,6,6,6
190266,2,1,0,0,0,0,0,0,0,0,0,0
190267,1,1,0,0,0,0,0,0,0,0,0,0
190267,2,1,0,0,0,0,0,0,0,0,0,0
190268,1,1,0,0,0,0,0,0,11,0,0,0
190269,1,1,12,12,12,12,12,12,12,12,12,12
190270,1,1,0,0,0,0,0,0,0,0,0,0
190270,2,1,0,0,0,21,0,0,0,0,0,0
190271,0,1,0,0,0,0,0,0,0,0,0,0
190271,1,1,0,0,0,0,0,0,0,0,0,0
190272,1,1,0,16,0,0,0,0,0,0,0,0
190273,1,1,0,0,0,0,0,0,0,0,0,0
190273,2,1,0,0,0,0,0,11,0,0,0,0
190274,1,1,0,0,0,0,0,0,0,0,0,0
190275,1,1,0,0,0,0,0,0,0,0,0,0
190275,2,1,0,0,0,0,0,0,0,0,0,0
190276,1,1,0,0,0,0,0,0,0,0,0,0
190277,1,1,18,18,18,18,18,18,18,18,18,18
190278,1,1,0,0,0,0,0,0,0,0,0,0
190278,2,1,0,0,0,0,0,0,1,0,0,0
190279,1,1,10,12,28,0,0,0,0,0,0,0
190280,1,1,0,13,0,17,0,0,0,16,0,0
190281,1,1,0,0,0,0,0,0,0,0,0,0
190281,2,1,0,0,0,0,0,0,0,0,0,0
190282,0,1,0,0,0,0,0,0,0,0,0,0
190282,1,1,0,0,0,0,0,0,0,0,0,0
190283,0,1,0,0,0,8,0,10,0,0,0,0
190283,1,1,0,0,0,0,0,0,0,0,0,0
190284,1,1,0,0,0,0,10,0,0,17,0,0
190284,2,1,0,0,0,0,0,0,0,0,0,0
190285,0,1,0,0,0,0,22,0,0,0,0,0
190285,1,1,19,19,19,19,19,19,19,19,19,19
190286,1,1,0,0,0,17,0,0,0,18,18,0
190287,1,1,0,0,0,0,0,0,0,0,0,0
190287,2,1,0,0,0,0,0,0,0,0,0,0
190288,1,1,0,0,16,0,32,16,0,0,3,0
190289,1,1,0,0,0,0,0,0,0,0,0,0
190289,2,1,0,0,0,0,0,0,0,0,0,0
190290,1,1,0,0,0,0,0,0,0,0,0,0
190290,2,1,0,0,0,0,0,8,0,8,0,0
190291,1,1,0,0,0,0,0,0,0,0,0,0
190292,1,1,0,0,0,0,0,0,0,0,0,0
190292,2,1,0,0,0,0,0,0,0,0,0,0
190293,1,1,0,0,0,0,0,0,0,0,0,0
190293,2,1,0,0,0,0,0,0,0,0,0,0
190294,1,1,3,3,3,3,3,3,3,3,3,3
190295,1,1,3,3,3,3,3,3,3,3,3,3
190297,1,1,0,0,0,0,0,0,0,0,0,0
190298,1,1,0,0,0,0,0,0,0,0,0,0
190299,1,1,0,0,0,0,0,0,0,0,0,0
190300,1,1,0,0,12,0,0,10,29,0,0,0
190301,1,1,0,0,0,12,0,0,0,0,0,0
190302,1,1,0,0,0,0,0,0,0,0,0,0
190302,2,1,0,0,0,0,0,0,0,0,0,0
190303,1,1,0,0,0,0,0,0,0,0,0,0
190303,2,1,0,0,0,0,0,0,0,0,0,0
190304,1,1,0,0,0,0,0,0,0,0,0,0
190305,1,1,0,0,0,0,0,0,0,0,0,0
190305,2,1,45,0,0,0,7,0,11,0,0,0
190306,1,1,0,0,0,0,0,0,0,0,0,0
190307,0,1,0,0,0,0,0,0,0,0,0,0
190307,1,1,0,0,0,0,0,0,0,0,0,18
190308,0,1,0,0,0,0,0,0,0,0,0,0
190308,1,1,0,0,0,0,0,0,0,0,0,0
190309,1,1,11,11,11,11,11,11,11,11,11,11
190310,1,1,40,0,0,0,0,0,0,0,0,0
190310,2,1,0,0,0,0,0,0,0,0,0,0
190311,1,1,0,0,0,0,0,0,0,0,0,0
190311,2,1,0,0,0,0,0,0,0,0,0,0
190312,1,1,16,5,0,20,0,0,33,0,23,12
190313,1,1,0,0,0,0,0,0,0,0,0,0
190314,0,1,0,0,0,0,0,0,0,0,0,0
190314,1,1,0,0,0,0,0,0,0,0,0,0
190315,1,1,0,0,0,0,0,0,0,0,0,0
190316,1,1,0,15,0,0,0,0,0,0,0,0
190316,2,1,0,0,0,0,0,0,0,0,0,0
190317,1,1,15,0,0,34,0,20,18,0,0,0
190318,1,1,0,4,0,0,0,0,0,0,0,0
190319,1,1,0,0,0,0,0,0,0,0,0,0
190319,2,1,0,0,0,0,0,0,0,0,0,0
190320,1,1,0,0,12,0,0,0,0,0,0,0
190321,1,1,0,0,0,0,0,0,0,5,15,12
190322,1,1,24,24,24,24,24,24,24,24,24,24
190323,0,1,0,0,0,0,0,4,0,0,0,0
190323,1,1,0,0,0,0,0,0,0,0,0,0
190324,1,1,0,0,0,0,18,25,0,0,0,16
190325,1,1,0,0,0,0,0,0,0,0,0,0
190325,2,1,0,0,0,0,0,0,0,0,0,0
190326,1,1,0,0,0,0,0,0,0,0,0,0
190326,2,1,0,0,0,0,0,0,0,0,0,0
190327,1,1,0,0,30,0,11,0,0,0,0,0
190328,1,1,0,0,20,0,0,0,0,15,15,0
190328,2,1,0,0,0,0,0,0,0,0,0,0
190328,3,1,0,0,0,0,0,0,0,0,0,0
190329,1,1,0,0,0,20,14,0,11,16,0,21
190330,1,1,0,0,0,0,0,0,0,0,0,0