ST_CASE,VEH_NO,PER_NO,P1,P2,P3,P4,P5,P6,P7,P8,P9,P10
190331,1,1,0,0,0,0,0,0,0,0,0,0
190331,2,1,0,0,0,0,0,0,0,0,0,0
190332,1,1,0,0,0,10,0,0,0,5,0,0
190333,1,1,0,0,0,0,0,0,0,0,0,0
190333,2,1,0,0,0,0,0,0,0,0,0,0
190334,1,1,0,0,0,0,0,0,0,0,0,0
190334,2,1,17,0,0,0,0,6,15,14,9,14
190335,1,1,0,0,0,15,20,31,5,0,0,15
190336,1,1,22,22,22,22,22,22,22,22,22,22
190336,2,1,9,9,9,9,9,9,9,9,9,9
200001,1,1,0,0,0,0,0,0,0,0,0,0
200001,2,1,0,0,0,0,0,0,0,0,0,0
200002,1,1,0,0,0,0,0,0,0,0,0,0
200002,2,1,0,0,0,0,0,0,0,0,0,0
200002,3,1,0,0,0,0,0,0,0,0,0,0
200002,4,1,0,0,0,0,0,0,0,0,0,0
200003,1,1,0,0,0,0,0,0,0,0,0,0
200004,1,1,0,0,0,0,0,0,0,0,0,0
200004,2,1,0,0,0,0,0,0,0,0,0,0
200005,1,1,0,0,0,0,0,0,0,0,0,0
200005,2,1,0,0,0,0,0,0,0,0,0,0
200006,1,1,14,14,14,14,14,14,14,14,14,14
200007,1,1,0,0,0,0,0,0,0,0,0,0
200008,1,1,0,0,0,0,0,0,0,0,0,0
200008,2,1,0,0,0,0,0,0,0,0,0,0
200009,1,1,0,28,0,0,0,0,0,0,0,0
200010,0,1,0,0,0,0,0,0,0,0,0,0
200010,1,1,0,0,0,0,0,0,0,0,0,0
200011,1,1,0,0,0,0,0,0,0,0,0,0
200011,2,1,14,14,14,14,14,14,14,14,14,14
200011,3,1,0,0,0,0,0,0,0,7,0,0
200012,1,1,10,10,10,10,10,10,10,10,10,10
200013,1,1,0,0,0,0,0,0,0,0,0,0
200014,1,1,19,19,19,19,19,19,19,19,19,19
200015,1,1,0,0,0,0,0,0,0,0,0,0
200016,1,1,25,25,25,25,25,25,25,25,25,25
200017,1,1,0,0,0,0,0,0,0,0,0,0
200018,1,1,16,16,16,16,16,16,16,16,16,16
200019,1,1,0,0,0,0,0,0,0,0,0,0
200019,2,1,0,0,0,0,0,0,0,0,0,0
200020,1,1,0,0,0,0,0,0,0,0,0,0
200021,1,1,13,9,12,0,13,39,4,29,19,14
200021,2,1,0,0,0,0,0,0,0,0,0,0
200022,1,1,24,20,12,17,30,14,18,11,14,15
200023,1,1,0,0,0,0,0,0,0,0,0,8
200024,1,1,0,0,0,0,0,0,0,0,0,0
200025,1,1,0,0,0,0,0,0,0,0,0,0
200025,2,1,0,0,6,1,3,0,0,0,2,0
200026,1,1,9,17,0,12,0,0,0,0,0,0
200027,1,1,0,0,0,0,23,0,0,10,9,16
200028,1,1,14,14,14,14,14,14,14,14,14,14
200028,2,1,0,0,0,0,0,0,0,0,0,0
200029,1,1,0,0,0,0,0,0,0,0,0,0
200030,1,1,0,0,0,0,0,0,0,0,0,0
200030,2,1,0,0,0,0,0,0,0,0,0,0
200031,1,1,0,0,0,0,0,0,0,0,0,0
200031,2,1,0,0,0,0,0,0,0,0,0,0
200032,1,1,21,21,21,21,21,21,21,21,21,21
200033,1,1,3,3,3,3,3,3,3,3,3,3
200033,2,1,0,0,0,0,0,0,0,0,0,0
200033,3,1,0,0,0,0,0,0,0,0,0,0
200034,1,1,20,20,20,20,20,20,20,20,20,20
200035,1,1,0,0,0,0,0,0,0,0,0,0
200035,2,1,0,0,0,0,0,0,0,0,0,0
200036,1,1,0,0,0,0,0,0,0,0,0,0
200036,2,1,0,0,0,0,0,0,0,0,0,0
200037,1,1,0,0,0,0,0,0,0,0,0,0
200037,2,1,0,0,0,0,0,0,0,0,0,0
200038,1,1,12,12,12,12,12,12,12,12,12,12
200039,1,1,0,0,31,23,0,10,30,36,12,13
200039,2,1,2,0,0,0,3,2,2,0,4,0
200040,1,1,0,0,0,0,0,0,0,0,0,0
200040,2,1,0,0,0,0,0,0,0,0,0,0
200041,1,1,17,17,17,17,17,17,17,17,17,17
200042,0,1,10,10,10,10,10,10,10,10,10,10
200042,1,1,10,10,10,10,10,10,10,10,10,10
200043,1,1,0,0,0,0,0,0,0,0,0,0
200043,2,1,0,0,0,0,0,0,0,0,0,0
200044,1,1,0,0,0,0,0,0,0,0,0,0
200044,2,1,0,0,0,0,0,0,0,0,0,0
200045,1,1,0,0,0,0,0,0,0,0,0,0
200046,1,1,0,0,0,0,0,0,0,4,0,0
200046,2,1,0,0,0,0,0,0,0,0,0,0
200047,1,1,0,0,0,11,0,0,0,0,0,0
200047,2,1,0,0,0,0,0,0,0,0,0,0
200048,1,1,0,0,0,0,0,0,0,0,0,0
200049,1,1,0,0,0,0,0,0,0,0,0,0
200049,2,1,0,0,0,0,0,0,0,0,0,18
200050,1,1,0,0,0,0,0,0,0,0,0,0
200051,0,1,22,22,22,22,22,22,22,22,22,22
200051,1,1,0,0,0,0,0,0,0,0,0,0
200051,2,1,0,0,0,0,0,0,0,0,0,0
200052,1,1,0,0,0,0,0,0,0,0,0,0
200052,2,1,0,0,0,0,0,0,0,0,0,0
200053,1,1,0,0,0,0,0,0,0,0,0,0
200053,2,1,0,0,0,0,0,0,0,0,0,0
200054,1,1,0,0,0,0,0,0,0,0,0,0
200054,2,1,0,0,0,0,0,0,6,0,0,0
200055,1,1,0,0,0,0,0,0,0,0,0,0
200055,2,1,0,0,0,0,0,0,0,0,0,0
200056,1,1,0,0,0,0,0,0,0,0,0,9
200056,2,1,0,0,0,0,0,0,0,0,0,0
200057,1,1,0,0,0,0,0,0,0,0,0,0
200057,2,1,0,0,0,0,0,0,0,0,0,0
200058,1,1,0,0,0,0,0,0,0,0,0,0
200058,2,1,0,0,0,0,0,0,0,0,0,0
200059,1,1,30,30,30,30,30,30,30,30,30,30
200060,0,1,27,27,27,27,27,27,27,27,27,27
200060,1,1,0,0,0,0,0,0,0,0,0,0
200061,1,1,16,21,31,12,20,5,15,18,27,21
200062,1,1,0,0,0,0,0,0,0,0,0,0
200062,2,1,0,0,0,0,0,0,0,0,0,0
200063,0,1,0,0,0,0,0,0,0,0,0,0
200063,0,2,0,0,0,10,0,23,34,0,11,0
200063,1,1,16,16,16,16,16,16,16,16,16,16
200063,2,1,0,0,0,0,0,0,0,0,0,0
200064,1,1,6,6,6,6,6,6,6,6,6,6
200065,1,1,0,0,0,0,0,0,0,0,0,0
200065,2,1,0,0,0,0,0,0,0,0,0,0
200066,1,1,24,24,24,24,24,24,24,24,24,24
200067,1,1,8,8,8,8,8,8,8,8,8,8
200068,1,1,15,15,15,15,15,15,15,15,15,15
200069,1,1,26,26,26,26,26,26,26,26,26,26
200070,1,1,0,0,0,0,0,0,0,0,0,0
200070,2,1,0,0,0,0,0,0,0,0,0,0
200070,3,1,0,0,0,0,0,0,0,0,0,0
200071,1,1,0,0,0,0,0,0,0,0,0,0
200071,2,1,0,0,0,0,0,0,0,0,0,0
200072,1,1,34,0,0,15,7,0,0,0,0,15
200073,1,1,0,0,0,0,0,0,0,0,0,0
200073,2,1,17,9,20,0,21,17,0,0,0,0
200074,1,1,21,21,21,21,21,21,21,21,21,21
200074,2,1,0,0,0,0,0,0,16,0,0,0
200075,1,1,0,0,0,0,0,0,0,0,0,0
200075,2,1,0,0,0,0,0,0,0,0,0,0
200076,1,1,0,0,0,0,0,0,0,0,0,0
200076,2,1,0,0,0,0,0,0,0,0,0,0
200077,1,1,0,0,0,0,0,0,0,0,0,0
200078,1,1,0,0,0,0,0,0,0,0,0,0
200079,1,1,29,29,29,29,29,29,29,29,29,29
200079,2,1,0,0,0,0,0,0,0,0,0,0
200080,0,1,28,17,23,10,19,30,24,20,29,0
200080,1,1,0,0,0,0,0,0,0,0,0,0
200081,1,1,17,17,17,17,17,17,17,17,17,17
200081,2,1,0,0,0,0,0,0,0,0,0,0
200082,1,1,0,0,0,0,0,0,0,0,0,0
200082,2,1,0,0,0,0,0,0,0,0,0,0
200084,1,1,0,0,0,0,0,0,0,0,0,0
200085,1,1,0,0,0,0,0,0,0,0,0,0
200086,1,1,34,34,34,34,34,34,34,34,34,34
200087,1,1,0,0,0,0,0,0,0,0,0,0
200087,2,1,0,0,0,0,0,0,0,0,0,0
200089,1,1,30,30,30,30,30,30,30,30,30,30
200090,1,1,0,0,0,0,0,0,0,0,0,0
200090,2,1,0,0,0,0,0,0,0,0,0,0
200091,1,1,21,21,21,21,21,21,21,21,21,21
200092,1,1,0,18,29,12,8,0,11,0,0,20
200093,1,1,16,16,16,16,16,16,16,16,16,16
200093,2,1,0,0,0,0,0,0,0,0,0,0
200094,1,1,0,0,0,0,0,0,0,10,0,0
200095,1,1,0,0,0,0,0,0,0,0,0,0
200096,1,1,0,0,0,0,0,0,0,0,0,0
200097,1,1,0,0,0,0,0,0,0,0,0,0
200097,2,1,0,0,0,0,0,0,0,0,0,0
200099,1,1,0,0,0,0,0,0,0,15,21,21
200100,1,1,0,0,0,0,0,0,0,0,0,15
200101,1,1,0,0,0,0,0,0,9,0,0,0
200102,1,1,0,0,0,0,0,0,0,0,0,0
200102,2,1,0,0,0,0,0,0,0,0,0,0
200103,1,1,0,0,0,0,0,0,0,29,0,0
200104,1,1,0,0,0,0,0,0,0,0,0,0
200105,1,1,0,0,0,0,0,0,0,0,0,0
200105,2,1,0,0,0,0,0,0,0,0,0,0
200106,1,1,0,0,0,0,0,0,0,0,0,0
200106,2,1,0,0,0,0,0,0,0,0,0,0
200107,1,1,54,14,30,32,49,26,14,13,27,25
200108,1,1,0,0,0,0,0,0,0,0,5,0
200108,2,1,0,0,0,0,0,0,0,0,0,0
200109,1,1,0,0,0,0,0,0,0,0,0,0
200110,1,1,22,22,22,22,22,22,22,22,22,22
200111,1,1,0,0,0,0,0,0,0,0,0,0
200112,1,1,13,13,13,13,13,13,13,13,13,13
200112,2,1,0,0,0,0,0,0,0,0,0,0
200113,1,1,12,23,13,19,19,16,9,19,30,20
200114,0,1,0,0,0,0,0,0,0,0,0,0
200114,1,1,0,0,0,0,0,0,0,0,0,0
200115,1,1,0,0,0,0,0,0,0,0,0,0
200115,2,1,0,0,0,0,0,0,0,0,0,0
200116,1,1,18,0,0,0,0,0,0,0,0,0
200117,1,1,0,0,0,0,0,0,0,0,0,0
200118,1,1,24,24,24,24,24,24,24,24,24,24
200118,2,1,0,0,0,0,0,0,0,0,0,0
200119,1,1,18,18,18,18,18,18,18,18,18,18
200120,1,1,0,0,0,0,0,0,0,0,0,0
200120,2,1,0,0,0,0,0,0,0,0,0,0
200121,1,1,0,0,0,0,0,0,0,0,0,0
200122,1,1,0,0,0,0,0,0,23,0,0,0
200123,1,1,22,22,22,22,22,22,22,22,22,22
200124,1,1,0,0,0,0,0,0,0,0,0,0
200125,1,1,0,0,0,0,0,0,0,0,0,0
200125,2,1,0,0,0,0,0,0,0,0,0,6
200126,1,1,0,0,0,0,0,0,0,0,0,0
200126,2,1,0,0,0,0,0,0,0,0,0,0
200127,1,1,0,0,0,0,0,0,0,0,0,0
200127,2,1,0,0,0,0,0,0,0,0,0,0
200127,3,1,0,0,0,0,0,0,0,0,0,0
200128,1,1,0,0,0,0,0,0,0,0,0,0
200129,1,1,33,21,18,7,21,13,4,0,0,31
200130,1,1,0,0,0,0,0,0,0,0,0,0
200131,1,1,0,0,0,0,0,0,0,0,0,0
200132,1,1,27,0,0,0,0,0,39,0,0,0
200133,1,1,0,0,0,0,0,0,0,0,0,0
200133,2,1,0,0,0,0,0,0,0,0,0,0
200134,1,1,24,0,0,15,0,0,0,0,0,47
200135,1,1,0,0,0,0,0,14,0,0,0,9
200136,1,1,21,21,21,21,21,21,21,21,21,21
200137,1,1,0,0,0,0,0,0,0,0,0,0
200137,2,1,6,0,0,0,0,0,0,0,0,0
200138,1,1,13,13,13,13,13,13,13,13,13,13
200139,1,1,22,22,22,22,22,22,22,22,22,22
200139,2,1,7,0,0,0,0,0,0,0,0,0
200141,1,1,0,0,0,0,0,0,0,0,0,0
200141,2,1,6,6,6,6,6,6,6,6,6,6
200141,3,1,0,0,0,0,0,0,0,0,0,0
200142,1,1,0,0,0,0,0,0,0,0,0,0
200142,2,1,0,0,0,0,0,0,0,0,0,0
200143,1,1,0,0,10,0,0,25,8,0,0,10
200144,1,1,6,6,6,6,6,6,6,6,6,6
200144,2,1,0,0,0,0,0,0,0,0,0,0
200145,1,1,27,27,27,27,27,27,27,27,27,27
200146,1,1,18,18,18,18,18,18,18,18,18,18
200146,2,1,0,0,0,0,0,0,0,0,0,0
200147,1,1,0,0,0,0,0,0,0,0,0,0
200148,1,1,0,0,0,0,0,0,0,0,0,0
200148,2,1,0,0,0,0,0,0,0,0,0,0
200148,3,1,0,0,0,0,0,0,0,0,0,0
200149,1,1,29,0,0,29,0,0,0,29,12,18
200149,2,1,11,11,11,11,11,11,11,11,11,11
200150,1,1,0,0,0,0,0,0,0,0,0,0
200150,2,1,0,0,0,0,0,0,0,0,0,0
200151,1,1,3,3,3,3,3,3,3,3,3,3
200152,1,1,22,0,0,0,0,0,0,0,0,0
200152,2,1,0,0,0,0,0,0,0,0,0,0
200153,1,1,22,22,22,22,22,22,22,22,22,22
200154,1,1,29,29,29,29,29,29,29,29,29,29
200155,1,1,0,0,0,7,7,0,0,0,0,0
200156,1,1,9,9,9,9,9,9,9,9,9,9
200157,1,1,0,0,0,0,0,0,0,0,0,0
200157,2,1,0,0,0,0,0,13,0,0,0,0
200158,1,1,0,0,0,0,0,0,0,0,0,0
200158,2,1,0,0,0,0,0,0,0,0,0,0
200159,0,1,0,0,0,0,0,0,0,0,0,0
200159,1,1,0,0,0,0,0,0,0,0,0,0
200160,1,1,20,20,20,20,20,20,20,20,20,20
200161,1,1,24,24,24,24,24,24,24,24,24,24
200162,1,1,14,14,14,14,14,14,14,14,14,14
200163,1,1,17,17,17,17,17,17,17,17,17,17
200164,0,1,0,16,34,21,0,0,0,16,17,0
200164,0,2,9,6,0,0,0,7,0,0,15,9
200164,0,3,0,0,0,0,10,0,13,0,0,7
200164,1,1,0,0,0,0,0,19,0,0,0,0
200164,3,1,0,0,6,0,0,0,0,0,0,0
200165,0,1,0,0,0,0,0,0,0,0,0,0
200165,1,1,0,0,0,0,0,0,0,0,0,0
200166,1,1,0,0,0,0,0,0,0,0,0,0
200166,2,1,0,0,0,0,0,0,0,0,0,0
200167,1,1,0,0,0,0,0,0,0,0,0,0
200168,1,1,0,0,0,8,0,0,0,0,0,0
200168,2,1,0,0,0,0,0,0,0,0,0,0
200169,1,1,0,0,0,0,0,0,0,0,0,0
200170,1,1,0,0,0,0,0,0,0,0,0,0
200170,2,1,0,0,0,0,0,0,0,0,0,0
200171,1,1,0,0,0,0,0,0,0,0,0,0
200171,2,1,0,0,0,0,0,0,0,0,0,0
200172,1,1,2,2,2,2,2,2,2,2,2,2
200172,2,1,0,0,0,0,0,0,0,0,0,0
200173,1,1,2,2,2,2,2,2,2,2,2,2
200174,1,1,11,11,11,11,11,11,11,11,11,11
200175,1,1,0,14,0,0,0,0,0,0,23,6
200176,1,1,0,0,0,0,0,0,0,0,0,0
200176,2,1,0,0,0,0,0,0,0,0,0,0
200177,1,1,23,25,17,13,16,8,15,12,14,13
200178,1,1,25,25,25,25,25,25,25,25,25,25
200179,1,1,0,0,0,0,0,0,0,0,0,0
200180,1,1,0,0,15,0,0,0,15,0,19,0
200180,2,1,0,0,0,0,0,0,0,0,0,0
200181,1,1,0,0,0,0,0,0,0,0,0,0
200181,2,1,0,0,0,0,4,0,0,0,0,0
200181,3,1,0,0,0,0,0,0,0,0,0,0
200182,1,1,0,0,0,0,0,0,0,0,0,0
200182,2,1,11,11,11,11,11,11,11,11,11,11
200183,1,1,0,0,0,0,0,0,0,0,0,0
200183,2,1,0,8,8,0,22,24,0,10,23,10
200183,3,1,0,0,0,0,0,0,8,0,0,0
200183,4,1,0,0,0,0,0,0,0,0,0,0
200184,1,1,0,0,0,0,0,0,0,0,0,0
200184,2,1,0,0,0,0,0,0,0,0,0,0
200185,1,1,0,0,0,0,0,0,0,0,0,0
200186,1,1,0,0,0,0,0,0,0,0,0,0
200187,1,1,0,0,0,0,0,0,0,0,0,0
200188,1,1,0,0,0,0,0,0,0,0,0,0
200188,2,1,0,0,0,0,0,0,0,0,0,0
200189,1,1,0,0,0,0,0,0,0,0,0,0
200189,2,1,0,0,0,0,0,0,0,0,0,0
200190,1,1,6,6,6,6,6,6,6,6,6,6
200190,2,1,0,0,0,0,0,0,0,0,0,0
200190,3,1,0,0,0,0,0,0,0,0,0,0
200191,1,1,0,0,0,0,0,0,0,0,0,0
200192,1,1,7,7,7,7,7,7,7,7,7,7
200193,1,1,0,0,0,0,0,0,0,0,0,0
200193,2,1,0,0,0,0,0,0,0,0,0,0
200194,1,1,5,5,5,5,5,5,5,5,5,5
200194,2,1,0,0,0,0,0,0,0,0,0,0
200195,1,1,13,13,13,13,13,13,13,13,13,13
200195,2,1,0,0,0,0,0,0,0,0,0,0
200196,1,1,3,3,3,3,3,3,3,3,3,3
200197,1,1,13,13,13,13,13,13,13,13,13,13
200198,1,1,0,0,0,0,0,0,0,0,0,0
200199,1,1,0,0,0,0,0,0,0,0,0,0
200199,2,1,0,0,0,0,0,0,0,0,0,0
200200,1,1,18,18,18,18,18,18,18,18,18,18
200201,1,1,16,16,16,16,16,16,16,16,16,16
200202,1,1,0,0,0,0,0,0,0,0,0,0
200202,2,1,0,0,0,0,0,0,0,0,0,0
200203,1,1,0,0,0,0,0,0,0,0,0,0
200203,2,1,0,0,0,0,0,0,0,10,0,0
200204,1,1,0,0,0,0,0,0,27,0,0,9
200205,1,1,0,0,0,0,8,0,0,0,25,26
200206,1,1,14,14,14,14,14,14,14,14,14,14
200206,2,1,3,3,3,3,3,3,3,3,3,3
200207,1,1,0,0,0,0,0,0,0,0,0,0
200207,2,1,0,0,0,0,0,0,0,0,0,0
200207,3,1,0,0,0,0,0,0,0,0,0,0
200207,4,1,0,0,0,0,0,0,0,0,0,0
200207,5,1,0,0,0,0,0,0,0,25,0,0
200208,1,1,7,7,7,7,7,7,7,7,7,7
200209,1,1,4,4,4,4,4,4,4,4,4,4
200210,1,1,26,13,13,9,32,14,28,12,5,35
200210,2,1,0,0,0,0,0,0,0,0,0,0
200211,1,1,15,15,15,15,15,15,15,15,15,15
200212,1,1,0,0,0,0,0,0,0,0,0,0
200213,1,1,0,0,0,0,0,0,0,0,0,0
200214,1,1,4,4,4,4,4,4,4,4,4,4
200215,1,1,0,0,0,0,0,0,0,0,0,0
200216,1,1,0,0,0,0,0,0,0,0,0,0
200216,2,1,0,0,0,0,0,0,0,0,0,0
200216,3,1,0,0,0,0,0,0,0,0,0,0
200216,4,1,0,0,19,0,0,0,0,0,0,0
200216,5,1,0,0,0,0,0,0,0,0,0,0
200217,1,1,0,0,0,0,0,0,0,0,0,0
200217,2,1,0,0,0,0,0,0,0,0,0,0
200218,1,1,0,0,0,0,0,0,0,0,0,0
200218,2,1,0,0,0,0,0,0,0,0,0,0
200219,1,1,0,0,0,0,0,0,0,0,0,0
200220,1,1,0,0,0,0,0,0,0,0,0,0
200221,1,1,0,0,0,0,0,0,0,0,0,0
200222,1,1,10,10,10,10,10,10,10,10,10,10
200222,2,1,0,0,0,0,0,0,0,0,0,0
200223,1,1,21,21,21,21,21,21,21,21,21,21
200223,2,1,8,8,8,8,8,8,8,8,8,8
200224,1,1,19,19,19,19,19,19,19,19,19,19
200225,1,1,0,0,0,0,0,0,0,0,0,0
200227,1,1,0,0,0,0,0,0,0,0,0,0
200227,2,1,0,0,0,25,0,0,0,0,0,0
200228,1,1,17,17,17,17,17,17,17,17,17,17
200229,1,1,13,13,13,13,13,13,13,13,13,13
200230,1,1,3,3,3,3,3,3,3,3,3,3
200231,1,1,8,0,0,0,0,0,0,0,0,0
200232,1,1,0,0,0,0,0,0,0,0,0,0
200232,2,1,2,2,2,2,2,2,2,2,2,2
200233,1,1,0,0,0,0,0,0,0,0,0,0
200233,2,1,0,0,0,0,0,0,0,0,0,0
200234,1,1,0,0,0,0,0,0,0,0,0,0
200234,2,1,0,0,0,0,0,0,0,0,0,0
200235,1,1,0,0,0,0,0,0,0,0,0,0
200236,1,1,0,0,0,0,0,0,0,0,0,0
200237,1,1,0,0,0,0,0,0,0,0,0,0
200237,2,1,0,0,0,0,0,0,0,0,0,0
200238,1,1,0,0,0,0,0,0,0,0,0,0
200238,2,1,0,0,0,0,0,0,0,0,0,0
200239,1,1,6,0,0,0,0,0,12,0,0,0
200239,2,1,0,0,0,0,0,0,0,0,0,0
200240,1,1,0,0,0,0,0,0,0,0,0,0
200241,1,1,0,0,0,0,0,0,0,0,0,0
200241,2,1,0,0,0,0,0,0,0,0,0,0
200242,1,1,0,0,0,0,0,0,0,0,16,0
200243,1,1,0,21,0,0,0,0,0,0,0,0
200243,2,1,0,0,0,0,0,0,0,0,0,0
200244,1,1,0,0,0,0,0,0,0,0,0,0
200245,1,1,0,0,0,0,0,0,0,0,0,0
200246,1,1,0,0,0,0,0,0,0,0,0,0
200246,2,1,0,0,0,0,0,0,0,0,0,0
200247,1,1,0,0,0,5,0,0,0,0,0,0
200247,2,1,0,0,0,0,0,0,0,0,0,0
200248,1,1,0,0,0,0,0,0,0,0,0,0
200248,2,1,0,0,0,0,0,0,0,0,0,0
200249,1,1,15,15,15,15,15,15,15,15,15,15
200250,1,1,4,4,4,4,4,4,4,4,4,4
200251,1,1,0,0,0,4,30,14,14,0,6,27
200252,1,1,0,0,0,0,0,0,0,0,0,0
200253,1,1,9,0,0,0,0,0,0,0,0,0
200254,0,1,33,33,33,33,33,33,33,33,33,33
200254,1,1,0,0,0,0,0,0,0,0,0,0
200255,1,1,0,0,0,0,0,0,0,0,0,0
200256,1,1,2,0,0,0,0,0,14,0,0,0
200256,2,1,0,0,0,0,0,0,0,0,0,0
200257,1,1,0,0,0,0,0,0,0,0,0,0
200259,1,1,0,0,0,0,0,0,0,0,0,0
200259,2,1,0,0,0,0,0,0,0,0,0,0
200260,1,1,0,0,0,0,0,0,0,0,0,0
200260,2,1,0,0,0,0,0,0,0,0,0,0
200261,1,1,0,0,0,0,0,0,0,0,0,0
200261,2,1,0,0,0,0,0,0,0,0,0,0
200262,1,1,0,0,0,0,0,0,5,0,0,0
200262,2,1,0,0,0,0,0,0,0,0,0,0
200263,1,1,11,11,11,11,11,11,11,11,11,11
200264,1,1,12,12,12,12,12,12,12,12,12,12
200264,2,1,0,0,0,0,0,0,0,0,0,0
200265,1,1,1,1,1,1,1,1,1,1,1,1
200265,2,1,0,0,0,0,0,0,0,0,0,0
200266,1,1,3,3,3,3,3,3,3,3,3,3
200266,2,1,0,0,0,0,0,0,0,0,0,0
200267,1,1,0,0,0,0,0,0,0,0,0,0
200269,1,1,15,15,15,15,15,15,15,15,15,15
200269,2,1,0,0,0,0,0,0,0,0,0,0
200270,1,1,19,19,19,19,19,19,19,19,19,19
200270,2,1,0,0,0,0,0,0,0,0,0,0
200270,3,1,3,3,3,3,3,3,3,3,3,3
200270,4,1,0,0,0,0,0,0,0,0,0,0
200271,1,1,0,0,0,0,0,0,0,0,0,0
200271,2,1,0,0,0,0,0,0,0,0,0,0
200271,3,1,0,0,0,0,0,0,0,0,0,0
200272,1,1,0,0,0,0,40,0,0,0,0,0
200272,2,1,0,0,0,0,0,0,0,0,0,0
200273,1,1,0,0,0,0,0,0,0,0,0,0
200274,1,1,0,0,0,0,0,0,0,0,0,0
200274,2,1,0,0,0,0,0,0,0,0,0,0
200275,1,1,29,29,29,29,29,29,29,29,29,29
200276,1,1,11,11,11,11,11,11,11,11,11,11
200277,1,1,0,0,0,0,0,0,0,5,0,0
200278,1,1,9,9,9,9,9,9,9,9,9,9
200278,2,1,0,0,0,0,0,0,0,0,0,0
200279,1,1,0,0,0,10,0,0,0,0,0,0
200279,2,1,0,0,0,0,0,0,0,0,0,0
200280,0,1,0,0,0,2,0,0,0,0,0,0
200281,0,1,0,0,0,0,0,0,0,0,0,0
200281,1,1,0,0,0,0,0,0,0,0,0,0
200282,1,1,0,0,0,0,0,0,0,0,0,0
200283,1,1,0,0,0,0,0,0,0,0,0,0
200284,1,1,0,0,38,0,0,0,0,0,0,0
200285,1,1,25,25,25,25,25,25,25,25,25,25
200286,1,1,0,0,11,11,0,0,10,0,0,0
200287,1,1,0,0,0,16,0,0,0,0,0,0
200287,2,1,0,0,0,0,0,0,0,12,30,0
200289,1,1,0,0,0,0,0,0,0,0,0,0
200290,1,1,17,17,17,17,17,17,17,17,17,17
200291,1,1,0,0,0,0,0,0,0,0,0,0
200291,2,1,0,0,0,0,0,0,0,0,0,0
200292,1,1,0,0,0,29,0,19,0,0,20,0
200293,1,1,8,0,0,0,0,0,0,0,0,0
200294,1,1,0,0,0,0,0,0,0,0,0,0
200294,2,1,0,0,0,0,0,0,0,0,0,0
200295,1,1,10,10,10,10,10,10,10,10,10,10
200296,1,1,0,0,0,0,0,0,0,0,0,0
200297,1,1,0,0,0,0,0,0,0,0,0,0
200297,2,1,0,0,0,0,0,0,31,23,16,13
200297,3,1,0,0,0,0,0,0,0,0,0,0
200297,4,1,0,0,0,0,3,0,0,0,0,0
200300,1,1,0,0,0,0,0,0,0,0,0,0
200300,2,1,0,0,0,0,0,0,0,0,0,0
200301,1,1,16,17,0,34,18,0,0,16,16,0
200302,1,1,0,0,0,0,0,0,0,0,0,0
200303,1,1,0,0,0,0,0,0,0,0,0,0
200304,1,1,0,0,0,0,0,0,0,0,0,0
200304,2,1,0,0,0,0,0,0,0,0,0,0
200305,1,1,21,21,21,21,21,21,21,21,21,21
200306,1,1,0,0,0,0,0,0,0,0,0,0
200306,2,1,0,0,0,0,0,0,0,0,0,0
200307,1,1,0,0,0,0,0,0,0,0,0,0
200308,1,1,12,12,12,12,12,12,12,12,12,12
200309,1,1,0,0,0,0,0,0,0,0,0,0
200309,2,1,0,0,0,0,0,0,0,0,0,0
200310,1,1,0,0,0,0,0,0,0,0,0,0
200311,1,1,0,0,0,20,6,0,0,0,0,0
200311,2,1,0,0,0,0,27,0,0,0,0,0
200312,1,1,0,0,0,0,0,0,0,0,0,0
200313,1,1,18,18,18,18,18,18,18,18,18,18
200314,1,1,15,31,34,8,17,15,17,23,8,18
200314,2,1,0,0,0,0,0,0,0,0,0,0
200314,3,1,0,0,0,0,0,0,0,0,0,0
200314,4,1,0,0,0,0,0,0,0,0,0,0
200315,0,1,0,0,0,0,0,0,0,0,0,0
200315,1,1,0,0,0,0,0,0,0,0,0,0
200317,1,1,0,0,0,0,0,0,0,0,0,0
200317,2,1,0,0,0,0,0,0,0,0,0,0
200318,1,1,0,0,0,0,0,0,0,0,0,0
200319,1,1,0,0,0,0,0,0,0,0,0,0
200320,1,1,11,11,11,11,11,11,11,11,11,11
200320,2,1,0,0,0,0,0,0,0,0,0,0
200321,1,1,0,0,0,0,0,0,0,0,0,0
200321,2,1,0,0,0,0,0,0,0,0,0,0
200321,3,1,0,0,0,0,0,0,0,0,0,0
200322,1,1,0,0,0,0,0,0,0,0,0,0
200322,2,1,0,0,0,0,0,0,0,0,0,0
200323,1,1,0,0,0,0,0,0,0,0,0,0
200323,2,1,0,0,0,0,0,0,0,0,0,0
200324,1,1,0,0,0,0,0,0,0,0,0,0
200324,2,1,0,0,0,0,0,0,0,0,13,0
200325,1,1,21,21,21,21,21,21,21,21,21,21
200325,2,1,0,0,0,0,0,0,0,0,0,0
200326,1,1,0,0,0,0,0,0,0,0,0,0
200327,1,1,17,21,0,32,0,12,6,0,0,26
200328,1,1,0,0,0,0,0,0,0,0,0,0