ST_CASE,VEH_NO,PER_NO,P1,P2,P3,P4,P5,P6,P7,P8,P9,P10
200328,2,1,0,0,0,0,0,0,0,0,0,0
200328,3,1,0,0,0,0,0,0,0,0,0,0
200328,4,1,0,0,0,0,0,0,0,0,0,0
200329,1,1,0,0,0,0,0,0,0,0,0,0
200330,1,1,0,0,0,0,0,0,0,0,0,0
200330,2,1,0,0,0,0,0,0,0,0,0,0
200331,1,1,0,0,0,0,0,0,0,0,0,0
200331,2,1,0,0,0,0,0,14,0,0,0,0
200332,1,1,0,0,0,0,0,0,0,0,0,0
200332,2,1,0,0,0,0,0,0,0,0,0,0
200333,1,1,0,0,0,0,0,0,0,0,0,0
200334,1,1,0,0,0,0,0,0,0,0,0,0
200334,2,1,0,0,0,0,0,0,0,0,0,0
200335,1,1,0,0,0,0,0,0,0,0,0,0
200336,1,1,0,0,0,0,0,0,0,0,0,0
200336,2,1,0,0,0,0,0,0,0,0,0,0
200337,1,2,0,0,0,0,0,0,0,0,13,0
200338,1,1,23,23,23,23,23,23,23,23,23,23
200338,2,1,0,0,0,0,0,0,0,0,0,0
200339,1,1,0,0,0,0,0,0,0,0,0,0
200339,2,1,0,0,0,0,0,0,0,0,0,0
200339,3,1,0,0,0,0,0,0,0,0,0,0
200340,1,1,3,3,3,3,3,3,3,3,3,3
200340,2,1,0,0,0,0,0,0,0,0,0,0
200341,1,1,0,0,0,0,0,0,0,0,0,0
200341,2,1,0,0,0,0,0,0,0,0,0,0
200342,1,1,0,0,0,0,24,0,0,0,0,0
200342,2,1,0,0,7,0,0,0,0,0,0,0
200343,1,1,0,0,0,17,0,13,0,0,0,0
200344,1,1,0,0,0,0,0,0,0,0,0,0
200345,1,1,0,0,0,0,0,0,0,0,0,0
200345,2,1,0,0,0,0,0,0,0,0,0,0
200346,1,1,0,0,0,20,0,0,31,0,0,0
200346,2,1,0,0,0,0,0,0,0,0,0,0
200347,1,1,16,16,16,16,16,16,16,16,16,16
200348,1,1,18,18,18,18,18,18,18,18,18,18
200349,1,1,0,0,0,0,0,0,0,0,0,0
200350,1,1,0,0,0,0,0,0,0,0,0,0
200350,2,1,0,0,0,0,0,0,0,0,0,0
200351,1,1,0,0,0,0,0,0,0,0,0,0
200352,1,1,16,16,16,16,16,16,16,16,16,16
200352,2,1,0,0,0,0,0,0,0,0,0,0
200353,1,1,0,0,0,0,0,0,0,0,0,0
200353,2,1,4,0,0,0,0,0,0,0,13,0
200354,1,1,0,0,0,0,0,0,0,0,0,0
200354,2,1,0,0,0,0,0,0,0,0,0,0
200355,0,1,28,28,28,28,28,28,28,28,28,28
200355,1,1,0,0,0,0,0,0,0,0,0,0
200355,2,1,0,0,0,0,19,0,0,0,0,0
200356,1,1,0,0,0,0,0,0,0,0,0,0
200356,2,1,0,0,0,0,0,0,0,0,0,0
200357,1,1,19,19,19,19,19,19,19,19,19,19
200358,1,1,0,0,0,17,0,0,0,0,0,0
200359,1,1,0,0,0,0,0,0,0,0,0,0
200360,0,1,21,0,0,0,0,0,0,0,0,0
200360,1,1,0,0,0,0,0,0,0,0,0,0
200361,1,1,0,7,0,9,0,0,0,0,0,0
200361,2,1,0,0,0,0,0,0,0,0,0,0
210001,1,1,12,12,12,12,12,12,12,12,12,12
210001,2,1,0,0,0,0,0,0,0,0,0,0
210002,1,1,12,12,12,12,12,12,12,12,12,12
210003,1,1,0,0,0,0,0,0,0,0,0,0
210003,2,1,0,0,0,0,0,0,0,0,0,0
210003,3,1,0,0,0,0,0,0,0,0,0,0
210003,4,1,0,0,0,0,0,0,0,0,0,0
210003,5,1,0,0,0,0,0,0,0,0,0,0
210004,0,1,0,0,0,0,0,0,0,0,0,0
210004,1,1,0,0,0,0,0,0,0,0,0,0
210005,1,1,0,0,0,0,0,0,0,0,0,0
210005,2,1,0,0,0,0,0,0,0,0,0,0
210006,1,1,0,0,0,0,0,0,0,0,0,0
210006,2,1,0,0,0,0,0,0,0,0,0,0
210007,1,1,2,2,2,2,2,2,2,2,2,2
210008,1,1,0,0,0,0,0,0,0,0,0,0
210008,2,1,0,0,0,0,0,0,0,0,0,0
210008,3,1,0,0,0,0,0,0,0,0,0,0
210009,1,1,0,0,0,0,0,0,0,0,0,0
210009,2,1,0,0,0,0,0,0,0,0,0,0
210010,1,1,0,0,0,0,0,0,0,0,0,0
210011,1,1,0,0,0,0,0,0,0,0,0,0
210012,1,1,21,21,21,21,21,21,21,21,21,21
210013,1,1,0,0,0,0,0,0,0,0,0,0
210014,1,1,22,22,22,22,22,22,22,22,22,22
210015,1,1,0,0,0,0,0,0,0,0,0,0
210016,1,1,0,0,0,0,0,0,0,0,0,0
210016,2,1,0,0,0,0,0,0,0,0,0,0
210017,1,1,0,0,0,0,0,0,0,0,0,0
210017,2,1,0,0,0,0,0,0,0,0,0,0
210018,1,1,0,0,0,0,0,0,0,0,0,0
210018,2,1,0,0,0,0,0,0,0,0,0,0
210019,1,1,0,0,0,0,0,0,0,0,0,0
210019,2,1,0,0,0,0,0,0,0,0,0,0
210020,1,1,0,0,0,0,0,0,0,0,0,0
210020,2,1,0,0,0,0,0,0,0,0,0,0
210021,1,1,0,0,0,0,0,0,0,0,0,0
210022,1,1,12,12,12,12,12,12,12,12,12,12
210023,1,1,0,0,0,0,0,0,0,0,0,0
210023,2,1,0,0,0,0,0,0,0,0,0,0
210024,0,1,0,0,0,0,0,0,0,0,0,0
210024,1,1,0,0,0,0,0,0,0,0,0,0
210025,0,1,0,0,0,0,0,0,0,0,0,0
210025,1,1,0,0,0,0,0,0,0,0,0,0
210026,0,1,0,0,0,0,0,0,0,0,0,0
210026,1,1,0,0,0,0,0,0,0,0,0,0
210026,2,1,0,0,0,0,0,0,0,0,0,0
210027,1,1,0,0,0,0,0,0,0,0,0,0
210027,2,1,0,0,0,0,0,0,0,0,0,0
210028,1,1,0,0,0,0,0,0,0,0,0,0
210028,2,1,0,0,0,0,0,0,0,0,0,0
210029,1,1,0,0,0,0,0,0,0,0,0,0
210030,1,1,18,18,18,18,18,18,18,18,18,18
210031,1,1,11,11,11,11,11,11,11,11,11,11
210032,1,1,0,0,0,0,0,0,0,0,0,0
210032,2,1,0,0,0,0,0,0,0,0,0,0
210033,1,1,0,0,0,0,0,0,0,0,0,0
210034,1,1,17,17,17,17,17,17,17,17,17,17
210035,1,1,0,0,0,0,0,0,0,0,0,0
210035,2,1,0,0,0,0,0,0,0,0,0,0
210035,3,1,0,0,0,0,6,0,0,0,0,0
210036,1,1,0,0,0,0,0,0,0,0,0,0
210037,1,1,0,0,0,0,0,0,0,0,0,0
210037,2,1,0,0,0,0,0,0,0,0,0,0
210038,1,1,0,0,0,0,0,0,0,0,0,0
210038,2,1,3,0,0,0,0,0,0,0,0,0
210039,1,1,0,0,0,0,0,0,0,0,0,0
210040,1,1,0,0,0,0,0,0,0,0,0,0
210041,1,1,0,0,0,0,0,0,0,0,0,0
210041,2,1,0,0,0,0,0,0,0,0,0,0
210042,1,1,4,4,4,4,4,4,4,4,4,4
210043,1,1,19,20,22,15,16,16,46,14,28,44
210044,0,1,0,0,0,0,0,0,0,0,0,0
210044,1,1,0,0,0,0,0,0,0,0,0,0
210045,1,1,16,16,16,16,16,16,16,16,16,16
210045,2,1,0,0,0,0,0,0,0,0,0,0
210046,1,1,9,9,9,9,9,9,9,9,9,9
210046,2,1,0,0,0,0,0,0,0,0,0,0
210047,0,1,0,0,0,0,0,0,0,0,0,0
210047,1,1,0,0,0,0,0,0,0,0,0,0
210048,1,1,24,24,24,24,24,24,24,24,24,24
210049,0,1,0,0,0,0,0,0,0,0,0,0
210049,1,1,0,0,0,0,0,0,0,0,0,0
210050,1,1,0,0,0,0,0,0,0,0,0,0
210051,1,1,0,0,0,0,0,0,0,0,0,0
210051,2,1,0,0,0,0,0,0,0,0,0,0
210052,1,1,0,0,0,0,0,0,0,0,0,0
210052,2,1,0,0,0,0,0,0,0,0,0,0
210053,1,1,2,2,2,2,2,2,2,2,2,2
210054,1,1,0,0,0,0,0,0,0,0,0,0
210054,2,1,0,0,0,0,0,0,0,0,0,0
210055,0,1,0,0,0,0,0,0,0,0,0,0
210055,1,1,0,0,0,0,0,0,0,0,0,0
210055,2,1,0,0,0,0,0,0,0,0,0,0
210056,1,1,0,0,0,0,0,0,0,0,0,0
210056,2,1,0,0,0,0,0,0,0,0,0,0
210057,1,1,0,0,0,0,0,0,0,0,0,0
210057,2,1,0,0,0,0,0,0,0,0,0,0
210057,3,1,0,0,0,0,0,0,0,0,0,0
210058,1,1,0,0,0,0,0,0,0,0,0,0
210059,1,1,0,0,0,0,0,0,0,0,0,0
210060,0,1,0,36,14,13,10,26,0,23,28,0
210060,1,1,0,0,0,0,0,0,0,0,0,0
210061,1,1,0,0,0,0,8,0,0,0,0,0
210061,2,1,0,0,0,0,0,0,0,0,0,0
210061,3,1,0,0,0,0,0,0,0,0,0,0
210061,4,1,0,0,0,0,0,0,0,0,0,0
210062,1,1,0,0,0,0,0,0,0,0,0,0
210062,2,1,0,0,0,0,0,0,0,0,0,0
210063,1,1,0,0,0,0,0,0,0,0,0,0
210063,2,1,0,0,0,0,0,0,0,0,0,0
210064,1,1,0,0,0,0,0,0,0,0,0,0
210064,2,1,0,0,0,0,0,0,0,0,0,0
210064,3,1,0,0,0,0,0,0,0,0,0,0
210065,1,1,24,24,24,24,24,24,24,24,24,24
210066,1,1,0,0,0,0,0,0,0,0,0,0
210067,1,1,0,0,0,0,0,0,0,0,0,0
210068,1,1,0,0,0,0,0,0,0,0,0,0
210069,0,1,17,17,17,17,17,17,17,17,17,17
210069,1,1,0,0,0,0,0,0,0,0,0,0
210070,1,1,0,0,0,0,0,0,0,0,0,0
210071,1,1,0,0,0,0,0,0,0,0,0,0
210071,2,1,0,0,0,0,0,0,0,0,0,0
210072,1,1,0,0,0,0,0,0,0,0,0,0
210072,2,1,0,0,0,0,0,0,0,0,0,0
210073,1,1,0,0,0,0,0,0,0,0,0,0
210073,2,1,0,0,0,0,0,0,0,0,0,0
210074,1,1,0,0,0,0,0,0,0,0,0,0
210074,2,1,0,0,0,0,0,5,0,0,0,0
210075,0,1,0,0,0,0,0,0,0,0,0,0
210075,1,1,0,0,0,0,0,0,0,0,0,0
210076,1,1,0,18,0,0,0,17,0,0,7,0
210077,1,1,0,0,0,0,0,0,0,0,0,0
210078,1,1,0,0,0,0,0,0,0,0,0,0
210079,1,1,0,0,0,0,0,0,0,0,0,0
210079,2,1,0,0,0,0,0,0,0,0,0,0
210080,1,1,32,32,32,32,32,32,32,32,32,32
210081,1,1,0,0,0,0,0,0,0,0,0,0
210082,1,1,0,0,0,0,0,0,0,0,0,0
210083,1,1,0,0,0,0,0,0,0,0,0,0
210084,1,1,0,0,0,0,0,0,0,0,0,0
210084,2,1,0,0,0,0,0,0,0,0,0,0
210085,1,1,0,0,0,0,0,0,0,0,0,0
210086,1,1,0,0,0,0,0,0,0,0,0,0
210086,2,1,0,0,0,0,0,0,0,0,0,0
210087,1,1,0,0,0,0,0,0,0,0,0,0
210088,1,1,0,0,0,0,0,0,0,0,0,0
210088,2,1,0,0,0,0,0,0,0,0,0,0
210089,1,1,0,0,0,0,0,0,0,0,0,0
210089,2,1,0,0,0,0,0,0,0,0,0,0
210090,1,1,0,11,23,0,0,0,0,0,0,0
210091,1,1,13,13,13,13,13,13,13,13,13,13
210092,1,1,0,0,0,0,0,0,0,0,0,0
210092,2,1,0,0,0,0,0,0,0,0,0,0
210092,3,1,0,0,0,0,0,0,0,0,0,0
210093,1,1,0,0,0,0,0,0,0,0,0,0
210093,2,1,0,0,0,0,0,0,0,0,0,0
210094,1,1,0,0,0,0,0,0,0,0,0,0
210095,1,1,0,0,0,0,0,0,0,0,0,0
210095,2,1,0,0,0,0,0,0,0,0,0,0
210096,1,1,0,0,0,0,0,0,0,0,0,0
210097,0,1,0,0,0,0,0,0,0,0,0,0
210097,1,1,0,0,0,0,0,0,0,0,0,0
210098,1,1,0,0,0,0,0,0,0,0,0,0
210099,0,1,0,0,0,0,0,0,0,0,0,0
210099,1,1,0,0,0,0,0,0,0,0,0,0
210100,1,1,23,23,23,23,23,23,23,23,23,23
210101,1,1,17,17,17,17,17,17,17,17,17,17
210102,1,1,0,0,0,0,0,0,0,0,0,0
210102,2,1,0,0,0,0,0,0,0,0,0,0
210103,1,1,13,0,0,0,0,0,0,0,0,0
210104,1,1,16,16,16,16,16,16,16,16,16,16
210105,1,1,0,0,0,0,0,0,0,0,0,0
210106,0,1,0,0,0,0,0,0,0,0,0,0
210106,1,1,0,0,0,0,0,0,0,0,0,0
210107,1,1,0,0,0,0,0,0,0,0,0,0
210108,1,1,0,0,15,0,0,0,0,0,0,0
210108,2,1,0,0,0,0,0,0,0,0,0,0
210109,1,1,0,0,0,0,0,0,0,0,0,0
210110,1,1,0,0,0,0,0,0,0,0,0,0
210110,2,1,0,0,0,0,0,0,0,0,0,0
210111,1,1,0,0,0,0,0,0,0,0,0,0
210111,2,1,0,0,0,0,0,0,0,0,0,0
210112,1,1,0,0,0,0,0,0,0,0,0,0
210112,2,1,0,0,0,0,0,0,0,0,0,0
210113,1,1,19,19,19,19,19,19,19,19,19,19
210113,2,1,0,0,0,0,0,0,0,0,0,0
210114,1,1,0,0,0,0,0,0,0,0,0,0
210115,1,1,0,0,0,0,0,0,0,0,0,0
210116,0,1,0,0,0,0,0,0,0,0,0,0
210116,1,1,0,0,0,0,0,0,0,0,0,0
210117,1,1,0,9,0,0,0,0,0,0,0,0
210117,2,1,0,0,0,0,0,0,0,0,0,0
210118,1,1,0,0,0,15,16,0,0,19,17,0
210119,1,1,0,0,0,0,0,0,0,0,0,0
210120,1,1,0,0,0,0,0,0,0,0,0,0
210120,2,1,0,0,0,0,0,0,0,0,0,0
210121,1,1,0,0,0,0,0,0,0,0,0,0
210122,1,1,0,14,0,0,0,0,0,0,0,0
210123,1,1,0,0,0,0,0,0,0,0,0,0
210124,1,1,0,0,0,0,0,0,0,0,0,0
210124,2,1,0,0,0,0,0,0,0,0,0,0
210125,1,1,16,16,16,16,16,16,16,16,16,16
210125,2,1,0,0,0,0,0,0,0,0,0,0
210126,1,1,0,0,0,0,0,0,0,0,0,0
210127,1,1,0,0,0,0,0,0,0,0,0,0
210128,1,1,0,0,0,0,0,0,0,0,0,0
210129,1,1,0,0,0,0,0,0,0,0,0,0
210130,1,1,42,42,42,42,42,42,42,42,42,42
210131,1,1,18,18,18,18,18,18,18,18,18,18
210131,2,1,0,0,0,0,0,0,0,0,0,0
210132,1,1,0,0,0,0,0,0,0,0,0,0
210132,2,1,0,0,0,0,0,0,0,0,0,0
210133,1,1,0,0,0,0,0,0,0,0,0,0
210134,1,1,0,0,0,0,0,0,0,0,0,0
210134,2,1,0,0,0,0,0,0,0,0,0,0
210135,1,1,0,0,0,0,0,0,0,0,15,0
210136,1,1,0,0,0,0,0,0,0,0,0,0
210136,2,1,0,0,0,0,0,0,0,0,0,0
210137,1,1,10,10,10,10,10,10,10,10,10,10
210138,1,1,0,0,0,0,0,0,0,0,0,0
210138,2,1,0,10,0,0,0,0,0,0,0,0
210139,1,1,0,0,0,0,0,0,0,0,0,0
210139,2,1,0,0,0,0,0,0,0,0,0,0
210140,1,2,0,0,0,0,0,0,0,0,0,0
210141,1,1,0,0,0,0,0,0,0,0,0,0
210141,2,1,0,0,0,0,0,0,0,0,0,0
210141,3,1,0,0,0,0,0,0,0,0,0,0
210142,0,1,0,0,0,0,0,0,0,0,0,0
210142,1,1,0,0,0,0,0,0,0,0,0,0
210143,1,1,0,0,0,0,0,0,0,0,0,0
210143,2,1,0,0,0,0,0,0,0,0,0,0
210144,1,1,0,0,0,0,0,0,0,0,0,0
210145,1,1,14,14,14,14,14,14,14,14,14,14
210146,0,1,0,0,0,0,0,0,0,0,0,0
210146,1,1,0,0,0,0,0,0,0,0,0,0
210147,1,1,13,13,13,13,13,13,13,13,13,13
210148,1,1,0,0,0,0,0,0,0,0,0,0
210149,1,1,0,0,0,0,0,0,0,0,0,0
210150,1,1,0,0,0,0,0,0,0,0,0,0
210151,1,1,0,0,0,0,0,0,0,0,0,0
210151,2,1,0,0,0,0,0,0,0,0,0,0
210152,1,1,32,32,32,32,32,32,32,32,32,32
210153,0,1,0,0,0,0,12,0,0,0,0,0
210153,1,1,5,15,18,0,14,15,12,10,16,14
210154,1,1,0,0,28,0,0,0,0,0,0,0
210154,2,1,0,0,0,0,0,0,0,0,0,0
210155,1,1,0,0,0,0,0,0,0,0,0,0
210155,2,1,0,0,0,0,0,0,0,0,0,0
210156,1,1,18,18,18,18,18,18,18,18,18,18
210157,1,1,0,0,0,0,0,0,0,0,0,0
210157,2,1,0,0,0,0,0,0,0,0,0,0
210158,1,1,12,12,12,12,12,12,12,12,12,12
210159,0,1,0,0,0,0,0,0,0,0,0,0
210159,1,1,0,0,0,0,0,0,0,0,0,0
210159,2,1,0,0,0,0,0,0,0,0,0,0
210159,3,1,0,0,0,0,0,0,0,0,0,0
210159,4,1,0,0,0,0,0,0,0,0,0,0
210159,5,1,0,0,0,0,0,0,0,0,0,0
210159,6,1,0,0,0,0,0,0,0,0,0,0
210160,1,1,16,0,6,10,0,16,0,0,0,0
210161,1,1,0,0,0,0,32,0,0,0,0,0
210162,1,1,0,0,0,0,0,0,0,0,0,0
210163,1,1,15,15,15,15,15,15,15,15,15,15
210164,1,1,0,0,0,0,0,0,0,0,0,0
210164,2,1,0,0,0,0,0,0,0,0,0,0
210165,1,1,0,0,0,0,0,0,0,0,0,0
210166,1,1,0,0,0,0,0,0,0,0,0,0
210166,2,1,0,0,0,0,0,0,0,0,0,0
210167,1,1,6,6,6,6,6,6,6,6,6,6
210168,1,1,0,0,0,0,0,0,0,0,0,0
210169,1,1,0,0,0,0,0,0,0,0,0,0
210169,2,1,0,0,0,0,0,0,0,0,0,0
210170,1,1,0,0,0,0,0,0,0,0,0,0
210171,0,1,27,11,12,10,22,8,8,22,7,31
210171,1,1,13,5,7,8,20,21,4,15,20,16
210172,1,1,0,0,0,0,0,0,0,0,0,0
210172,2,1,0,0,0,0,0,0,0,0,0,0
210173,1,1,0,0,0,0,0,0,0,0,0,0
210174,1,1,0,0,0,0,0,0,0,0,0,0
210175,1,1,0,0,0,0,0,0,0,0,0,0
210176,1,1,0,0,0,0,0,0,0,0,0,0
210176,2,1,0,0,0,0,0,0,0,0,0,0
210177,1,1,0,0,0,0,0,0,0,0,0,0
210177,2,1,0,0,0,0,0,0,0,0,0,0
210178,1,1,29,29,29,29,29,29,29,29,29,29
210179,1,1,0,0,0,0,0,0,0,0,0,0
210179,2,1,0,0,0,0,0,0,0,0,0,0
210180,1,1,0,0,0,0,0,0,0,0,0,0
210180,2,1,0,0,0,0,0,0,0,0,0,0
210181,0,1,16,0,8,0,29,8,0,26,0,24
210181,1,1,0,0,0,0,0,0,0,0,0,0
210182,1,1,23,23,23,23,23,23,23,23,23,23
210183,1,1,0,0,0,0,0,0,0,0,0,0
210183,2,1,0,0,0,0,0,0,0,0,0,0
210184,1,1,15,15,15,15,15,15,15,15,15,15
210184,2,1,0,0,0,17,22,0,0,0,0,0
210185,1,1,0,0,0,0,0,0,0,0,0,0
210185,2,1,0,0,0,0,0,0,0,0,0,0
210186,1,2,16,0,0,11,0,0,0,0,0,0
210187,0,1,0,0,0,0,0,0,0,0,0,14
210187,1,1,0,0,0,0,0,0,0,0,0,0
210188,1,1,0,0,0,0,0,0,0,0,0,0
210188,2,1,0,0,0,0,0,0,0,0,0,0
210190,1,1,0,0,0,0,0,0,0,0,0,0
210191,1,1,0,0,0,0,0,0,19,0,0,0
210192,0,1,0,0,0,0,0,0,0,0,0,0
210192,1,1,0,0,0,0,0,0,0,0,0,0
210193,1,1,0,0,0,0,0,0,0,0,0,0
210194,1,1,26,26,26,26,26,26,26,26,26,26
210194,2,1,0,0,0,0,0,15,0,0,0,0
210195,0,1,0,0,0,0,0,0,0,0,0,0
210195,1,1,0,0,0,0,0,0,0,0,0,10
210196,1,1,0,0,0,0,0,0,0,0,0,0
210197,1,1,0,0,0,0,0,0,0,0,0,0
210198,1,1,0,0,0,0,0,0,0,0,0,0
210199,0,1,0,0,0,0,0,0,0,0,0,0
210199,1,1,0,0,0,0,0,0,0,0,0,0
210200,1,1,0,0,0,0,0,0,0,0,0,0
210200,2,1,0,0,0,0,0,0,0,0,0,0
210201,1,1,0,0,0,0,0,0,0,0,0,0
210202,1,1,0,0,0,0,0,0,0,0,0,0
210202,2,1,0,0,11,0,0,0,0,0,25,0
210202,3,1,0,0,0,0,0,0,0,0,0,0
210203,1,1,0,0,0,0,0,0,0,0,0,0
210204,1,1,18,18,18,18,18,18,18,18,18,18
210205,1,1,0,0,0,0,0,0,0,0,0,0
210206,1,1,25,25,25,25,25,25,25,25,25,25
210207,1,1,0,0,0,0,0,0,0,0,0,0
210207,2,1,0,0,0,0,0,0,0,0,0,0
210208,0,1,30,21,21,0,13,7,0,0,0,12
210208,1,1,0,0,0,0,0,0,0,0,0,0
210209,1,1,20,20,20,20,20,20,20,20,20,20
210210,1,1,2,2,2,2,2,2,2,2,2,2
210210,2,1,0,0,7,0,0,0,0,0,0,0
210211,1,1,0,0,0,0,0,0,0,0,0,0
210212,1,1,0,0,0,0,0,0,0,0,0,0
210213,1,1,0,0,0,0,0,0,0,0,0,0
210213,2,1,0,0,0,0,0,0,0,0,0,0
210214,1,1,0,0,0,0,0,0,0,0,0,0
210215,1,1,0,0,0,0,0,0,0,0,0,0
210215,2,1,0,0,0,0,0,0,0,0,0,0
210216,1,1,0,0,0,0,0,0,0,0,0,0
210216,2,1,0,0,0,0,0,0,0,0,0,0
210217,1,1,0,0,0,0,0,0,0,0,0,0
210217,2,1,0,0,0,0,0,0,0,0,0,0
210218,1,1,0,0,0,0,0,0,0,0,0,0
210218,2,1,0,0,0,0,0,0,0,0,0,0
210219,1,1,0,0,0,0,0,0,0,0,0,0
210220,1,1,0,0,0,0,0,0,0,0,0,0
210221,1,1,0,0,0,0,0,0,0,0,0,0
210221,2,1,0,0,0,0,0,0,0,0,0,0
210222,1,1,0,0,0,0,0,0,0,0,0,0
210222,2,1,0,0,0,0,0,0,0,0,0,0
210223,1,1,27,6,0,0,8,0,0,0,12,0
210224,1,1,22,22,22,22,22,22,22,22,22,22
210225,1,1,0,0,0,0,0,0,0,0,0,0
210225,2,1,0,0,0,0,0,0,0,0,0,0
210226,1,1,0,0,0,0,0,0,0,0,0,0
210226,2,1,0,0,0,0,0,0,0,0,0,0
210227,1,1,0,0,0,0,0,0,0,0,0,0
210227,2,1,0,0,0,0,0,0,0,0,0,0
210228,1,1,0,0,0,0,0,0,0,0,0,0
210229,1,1,0,0,0,0,0,0,0,0,0,0
210229,2,1,0,0,0,0,0,0,0,0,0,0
210229,3,1,0,0,0,0,0,0,0,0,0,0
210230,1,1,13,13,13,13,13,13,13,13,13,13
210231,1,1,29,29,29,29,29,29,29,29,29,29
210232,1,1,0,0,0,0,0,0,0,0,0,0
210232,2,1,0,22,0,0,0,0,0,0,0,0
210233,1,1,18,18,18,18,18,18,18,18,18,18
210234,1,1,35,25,9,60,0,13,15,16,9,21
210235,1,1,0,0,0,0,0,0,0,0,0,0
210236,1,1,0,0,0,0,0,0,0,0,0,0
210236,2,1,0,0,0,0,0,0,0,0,0,0
210237,1,1,0,14,0,0,0,0,0,0,0,0
210238,1,1,0,0,0,0,0,0,0,0,0,0
210238,2,1,0,0,0,0,0,0,0,0,0,0
210239,1,1,0,0,0,0,0,0,0,0,0,0
210239,2,1,0,0,0,0,0,0,0,0,0,0
210240,1,1,10,10,10,10,10,10,10,10,10,10
210240,2,1,0,0,0,0,0,0,0,0,0,0
210241,1,1,0,0,0,0,0,0,0,0,0,0
210241,2,1,0,0,0,0,0,0,0,0,0,0
210242,1,1,0,0,0,0,0,0,0,0,0,0
210242,2,1,0,0,0,0,0,0,0,0,0,0
210243,1,1,0,0,0,0,0,0,0,0,0,0
210244,1,1,20,20,20,20,20,20,20,20,20,20
210245,1,1,0,0,0,0,0,0,0,0,0,0
210245,2,1,0,0,0,0,0,0,0,0,0,0
210246,1,1,0,0,0,0,0,0,0,0,0,0
210246,2,1,0,0,0,0,0,0,0,0,0,0
210247,1,1,16,16,16,16,16,16,16,16,16,16
210248,1,1,0,0,0,0,0,0,0,0,0,0
210249,1,1,16,16,16,16,16,16,16,16,16,16
210250,1,1,15,15,15,15,15,15,15,15,15,15
210251,1,1,0,0,0,0,0,0,0,0,0,0
210252,1,1,0,0,0,0,0,0,0,0,0,0
210253,1,1,0,0,0,0,0,0,0,0,0,0
210253,2,1,0,0,0,0,0,0,0,0,0,0
210254,1,1,0,0,0,0,0,0,0,0,0,0
210254,2,1,0,0,0,0,0,0,0,0,0,9
210255,1,1,0,0,0,0,0,0,0,0,0,0
210256,1,1,20,20,20,20,20,20,20,20,20,20
210257,1,1,0,0,0,0,0,0,0,0,0,0
210257,2,1,0,0,0,0,0,0,0,0,9,0
210258,1,1,0,0,0,0,0,0,0,0,0,0
210259,1,1,0,0,0,0,0,0,0,0,0,0
210260,1,1,0,0,0,0,0,0,0,0,0,0
210261,1,1,5,5,5,5,5,5,5,5,5,5
210261,2,1,0,0,0,0,0,0,0,0,0,0
210262,1,1,9,9,9,9,9,9,9,9,9,9
210263,1,1,0,0,0,0,0,0,0,0,0,0
210263,2,1,0,0,0,0,0,0,0,0,0,0
210264,1,1,0,0,0,0,0,0,0,0,0,0
210265,1,1,0,0,0,0,0,0,0,0,0,0
210265,2,1,0,0,0,0,0,0,0,0,0,0
210266,1,1,21,21,21,21,21,21,21,21,21,21
210267,1,1,0,5,0,0,0,0,0,0,0,0
210268,1,1,0,0,0,30,0,0,0,0,11,0
210268,2,1,0,0,9,0,0,0,0,4,0,0
210269,1,1,0,0,0,0,0,0,0,0,0,17
210269,2,1,0,0,0,0,0,0,0,0,0,0
210270,1,1,0,0,0,0,0,0,0,0,0,0
210271,1,1,15,15,15,15,15,15,15,15,15,15
210272,1,1,0,0,0,0,0,0,0,0,0,0
210273,0,1,22,22,22,22,22,22,22,22,22,22
210273,1,1,0,0,0,0,0,0,0,0,0,0
210274,1,1,0,0,0,0,0,0,0,0,0,0
210274,2,1,0,0,0,0,0,0,0,0,0,0
210274,3,1,0,0,0,0,0,0,0,0,0,0
210274,4,1,0,0,0,0,0,0,0,0,0,0
210275,1,1,16,16,16,16,16,16,16,16,16,16
210276,1,1,0,0,0,0,0,0,0,0,0,0
210277,1,1,0,0,0,0,0,0,0,0,0,0
210278,1,1,0,0,0,0,0,0,0,0,0,0
210279,1,1,0,0,0,0,0,0,0,0,0,0
210279,2,1,0,0,0,0,0,0,0,0,0,0
210280,1,1,28,28,28,28,28,28,28,28,28,28
210280,2,1,0,0,0,0,0,0,0,0,0,0
210281,0,1,0,0,0,0,0,0,0,0,0,0
210281,1,1,0,0,0,0,0,0,0,0,0,0
210281,2,1,0,0,0,4,0,0,0,0,0,0
210282,1,1,22,22,22,22,22,22,22,22,22,22
210283,1,1,0,0,0,0,0,0,0,0,0,0
210283,2,1,0,0,0,0,0,0,0,0,0,0
210284,1,1,0,0,0,0,0,0,0,0,0,0
210285,1,1,0,0,0,0,0,21,0,0,0,0
210286,1,1,3,3,3,3,3,3,3,3,3,3
210286,2,1,0,0,0,0,0,0,0,0,0,0
210287,1,1,0,0,0,0,0,0,0,0,0,0
210289,0,1,0,0,0,0,0,0,0,0,0,0
210289,1,1,0,0,0,0,0,0,0,0,0,0
210290,1,1,0,0,0,0,0,0,0,0,0,0
210291,1,1,0,0,0,0,0,0,0,0,0,0
210291,2,1,0,0,0,0,0,0,0,0,0,0
210292,1,1,11,11,11,11,11,11,11,11,11,11
210293,1,1,0,0,0,0,0,0,0,0,0,0
210294,1,1,0,0,0,0,0,0,0,0,0,0
210294,2,1,0,0,0,0,0,0,0,0,0,0
210294,3,1,0,0,0,0,0,0,0,0,0,0
210295,1,1,0,0,0,0,0,0,0,0,0,0
210296,1,1,0,0,0,0,0,0,0,0,0,0