ST_CASE,VEH_NO,PER_NO,P1,P2,P3,P4,P5,P6,P7,P8,P9,P10
210296,2,1,0,0,0,0,0,0,0,0,0,0
210297,1,1,0,19,0,0,9,0,0,0,0,0
210298,1,1,16,16,16,16,16,16,16,16,16,16
210299,1,1,0,0,0,0,0,0,0,0,0,0
210300,1,1,0,0,0,0,0,0,0,0,0,0
210300,2,1,0,0,0,0,0,0,0,0,0,0
210301,1,1,0,0,0,0,0,0,0,0,0,0
210301,2,1,0,0,0,0,0,0,0,0,0,0
210301,3,1,0,0,15,0,0,0,24,0,0,0
210302,1,1,0,0,0,0,0,0,0,0,0,0
210302,2,1,0,0,0,0,0,0,0,0,0,0
210302,3,1,0,0,0,0,0,0,0,0,0,0
210303,1,1,18,18,18,18,18,18,18,18,18,18
210304,1,1,15,15,15,15,15,15,15,15,15,15
210304,2,1,0,0,0,0,0,0,0,0,0,0
210305,1,1,0,0,0,0,0,0,0,0,0,0
210305,2,1,0,0,0,0,0,0,0,0,0,0
210306,1,1,0,0,0,0,0,0,0,0,0,0
210307,1,1,0,12,0,0,0,0,16,0,0,0
210308,1,1,0,0,0,0,0,0,0,0,0,0
210308,2,1,0,0,0,0,0,0,0,0,0,0
210308,3,1,0,0,0,0,0,0,0,0,0,0
210309,1,1,18,18,18,18,18,18,18,18,18,18
210310,1,1,7,7,7,7,7,7,7,7,7,7
210311,1,1,0,0,0,0,0,0,0,0,0,0
210312,1,1,0,0,0,0,0,0,0,0,0,0
210313,1,1,0,0,0,0,0,0,0,0,0,0
210313,2,1,0,0,16,0,0,0,0,0,0,0
210314,1,1,0,0,0,0,0,0,0,0,0,0
210314,2,1,0,0,0,0,0,0,0,0,0,0
210315,1,1,0,0,0,2,0,3,6,7,0,0
210316,1,1,0,0,0,0,18,0,17,0,0,0
210317,1,1,0,0,0,0,0,0,0,0,0,0
210317,2,1,0,0,0,0,0,8,0,0,0,0
210318,1,1,0,0,0,4,0,0,0,0,0,0
210319,1,1,14,14,14,14,14,14,14,14,14,14
210320,1,1,26,26,26,26,26,26,26,26,26,26
210321,1,1,0,0,0,0,0,0,0,0,0,0
210322,1,1,0,0,0,0,0,0,0,0,0,0
210323,1,1,0,0,0,0,0,0,0,0,0,0
210324,1,1,0,0,0,0,0,0,0,0,0,0
210325,1,1,0,0,0,0,0,0,0,0,0,0
210325,2,1,0,0,0,0,0,0,0,0,0,0
210326,1,1,18,18,18,18,18,18,18,18,18,18
210327,1,1,0,0,0,0,0,0,0,0,0,0
210327,2,1,0,0,0,0,0,0,0,0,0,0
210328,1,1,0,0,0,0,0,0,0,0,0,0
210328,2,1,0,0,0,0,0,0,0,0,0,0
210329,1,1,0,0,0,0,0,0,0,0,0,0
210329,2,1,8,8,8,8,8,8,8,8,8,8
210330,1,1,11,11,11,11,11,11,11,11,11,11
210331,1,1,0,0,0,0,0,0,0,0,0,0
210332,0,1,0,0,0,0,0,0,0,0,0,0
210332,1,1,0,0,0,0,0,0,0,0,0,0
210333,1,1,0,0,0,0,0,0,0,0,0,0
210334,1,1,0,0,0,0,16,0,0,0,0,0
210334,2,1,0,0,0,0,0,0,0,0,0,0
210335,1,1,0,0,0,0,0,0,0,0,0,0
210335,2,1,0,0,0,0,0,0,0,0,0,0
210335,3,1,0,0,0,0,0,30,0,0,0,0
210335,4,1,0,0,0,0,0,0,0,0,0,0
210336,1,1,0,0,0,0,0,0,0,0,0,0
210337,1,1,0,0,0,0,0,0,0,0,0,0
210337,2,1,0,0,0,0,3,0,0,0,0,11
210338,1,1,0,37,0,0,0,0,0,0,0,17
210338,2,1,5,0,0,0,0,0,0,16,5,0
210339,1,1,0,0,0,0,0,0,0,0,0,0
210339,2,1,0,0,0,0,0,0,0,0,0,0
210340,1,1,0,0,0,0,0,0,0,0,0,0
210341,1,1,3,3,3,3,3,3,3,3,3,3
210342,1,1,0,0,0,0,0,0,0,0,0,0
210342,2,1,11,11,11,11,11,11,11,11,11,11
210343,1,1,0,0,0,0,0,0,0,0,0,0
210344,1,1,14,14,14,14,14,14,14,14,14,14
210344,2,1,0,0,0,0,0,0,0,0,0,0
210345,1,1,0,0,0,0,0,0,0,0,0,0
210346,1,1,25,25,25,25,25,25,25,25,25,25
210347,1,1,17,17,17,17,17,17,17,17,17,17
210347,2,1,0,0,0,0,0,0,0,0,0,0
210348,1,1,0,0,0,0,0,0,0,0,0,0
210349,1,1,5,0,0,0,0,0,0,0,0,0
210349,2,1,0,0,0,0,0,0,3,0,0,0
210350,1,1,20,20,20,20,20,20,20,20,20,20
210351,1,1,0,0,0,0,0,0,0,0,0,0
210351,2,1,0,0,0,0,0,0,0,0,0,0
210352,1,1,16,16,16,16,16,16,16,16,16,16
210353,1,1,0,0,0,0,0,0,0,0,0,0
210354,1,1,0,0,0,0,0,0,0,0,0,0
210354,2,1,0,0,0,0,0,0,0,0,0,0
210355,1,1,15,15,15,15,15,15,15,15,15,15
210356,1,1,0,0,0,0,0,0,0,0,0,0
210357,1,1,17,17,17,17,17,17,17,17,17,17
210358,1,1,11,14,0,0,14,0,17,0,29,15
210359,1,1,0,0,0,0,0,0,0,0,0,0
210359,2,1,0,0,0,0,0,0,0,0,0,0
210360,1,1,0,0,0,0,0,0,0,0,0,0
210360,2,1,0,0,0,0,0,0,0,0,0,0
210361,1,1,0,0,0,0,0,0,0,0,0,0
210361,2,1,0,0,0,0,0,0,0,0,0,0
210362,1,1,0,0,0,0,0,0,0,0,0,0
210363,1,1,0,0,0,0,0,0,0,0,0,0
210364,1,1,0,0,0,0,0,0,0,0,0,0
210365,0,1,20,20,20,20,20,20,20,20,20,20
210365,1,1,0,0,28,0,0,0,15,0,0,0
210366,1,1,0,0,0,0,0,0,0,0,0,0
210366,2,1,0,0,0,0,0,0,0,0,0,0
210367,1,1,0,0,0,0,0,0,0,0,0,0
210368,1,1,0,0,0,0,0,0,0,0,0,0
210368,2,1,0,0,0,0,0,0,0,0,0,0
210369,1,1,17,17,17,17,17,17,17,17,17,17
210371,1,1,0,0,0,0,0,0,0,0,0,0
210372,1,1,0,0,0,0,0,0,0,0,0,0
210372,2,1,0,0,0,0,0,0,0,0,0,0
210372,3,1,0,0,0,0,0,0,0,0,0,0
210372,4,1,0,0,0,0,0,0,0,0,0,0
210373,1,1,0,0,0,0,0,0,0,0,0,0
210374,1,1,0,0,0,0,0,0,0,0,0,0
210374,2,1,0,0,0,0,0,0,0,0,0,0
210375,1,1,17,17,17,17,17,17,17,17,17,17
210376,1,1,0,0,0,0,0,0,0,0,0,0
210376,2,1,12,0,26,19,0,0,0,0,0,0
210377,1,1,0,0,0,0,0,0,0,0,0,0
210378,1,1,15,15,15,15,15,15,15,15,15,15
210378,2,1,0,0,0,0,0,0,0,0,0,0
210379,1,1,9,9,9,9,9,9,9,9,9,9
210379,2,1,0,0,0,0,0,0,0,0,0,0
210380,1,1,0,0,0,0,0,0,0,0,0,0
210380,2,1,0,0,0,0,0,0,0,0,0,0
210381,1,1,11,11,11,11,11,11,11,11,11,11
210382,1,1,14,14,14,14,14,14,14,14,14,14
210383,1,1,0,0,0,0,0,0,0,0,0,0
210383,2,1,0,0,0,0,0,0,0,0,0,0
210384,1,1,0,0,0,0,0,0,0,0,0,0
210384,2,1,0,0,0,0,0,0,7,0,0,0
210385,1,1,0,0,0,0,0,0,0,0,0,0
210385,2,1,0,0,0,0,0,0,0,0,0,0
210386,1,1,13,13,13,13,13,13,13,13,13,13
210387,1,1,0,0,0,0,0,0,0,0,0,0
210388,1,1,14,14,14,14,14,14,14,14,14,14
210389,1,1,7,7,7,7,7,7,7,7,7,7
210389,2,1,0,0,0,0,0,0,0,0,0,0
210390,1,1,7,7,7,7,7,7,7,7,7,7
210391,1,1,0,0,0,0,0,0,0,0,0,0
210392,1,1,16,16,16,16,16,16,16,16,16,16
210393,1,1,0,0,0,0,9,0,0,0,0,0
210394,1,1,0,0,0,0,0,0,0,0,0,0
210394,2,1,0,0,0,0,0,0,0,0,0,0
210395,1,1,0,0,0,0,0,0,0,0,0,0
210395,2,1,0,0,0,0,0,0,0,0,0,0
210396,1,1,10,10,10,10,10,10,10,10,10,10
210397,1,1,17,17,17,17,17,17,17,17,17,17
210397,2,1,0,0,0,0,0,0,0,0,0,0
210398,1,1,0,0,0,0,0,0,0,0,0,0
210398,2,1,0,0,0,0,0,0,0,0,0,0
210399,0,1,0,0,0,0,0,0,0,0,0,0
210399,1,1,0,0,0,0,0,0,0,0,0,0
210400,1,1,0,0,0,0,0,0,0,0,0,0
210400,2,1,0,0,0,0,0,0,0,0,0,0
210401,1,1,0,0,0,0,0,0,0,0,0,0
210402,1,1,0,0,0,0,0,0,0,0,0,0
210402,2,1,0,0,0,0,0,0,0,0,0,0
210403,1,1,0,0,0,0,0,0,0,0,0,0
210404,1,1,0,0,0,0,0,0,0,0,0,0
210405,1,1,0,0,0,0,0,0,0,0,0,0
210406,1,1,0,0,0,0,0,0,0,0,0,0
210406,2,1,0,0,0,0,0,0,0,0,0,0
210407,1,1,0,0,0,0,0,0,0,0,0,0
210407,2,1,0,0,0,0,0,0,0,0,0,0
210408,1,1,0,0,0,0,0,0,18,0,16,0
210409,1,1,0,0,0,0,0,0,0,0,0,0
210410,1,1,20,20,20,20,20,20,20,20,20,20
210411,1,1,0,0,0,0,0,0,0,0,0,0
210412,1,1,0,0,0,0,0,0,0,0,0,0
210412,2,1,0,0,0,0,0,0,0,0,0,0
210413,1,1,0,0,0,0,0,0,0,0,0,0
210414,1,1,10,10,10,10,10,10,10,10,10,10
210414,2,1,0,0,0,0,0,0,0,11,0,0
210415,1,1,0,0,0,0,0,0,0,0,0,0
210415,2,1,0,0,0,0,0,0,0,0,0,0
210416,1,1,0,0,0,0,0,0,0,0,0,0
210416,2,1,0,0,0,0,0,0,0,0,0,0
210417,1,1,17,17,17,17,17,17,17,17,17,17
210418,1,1,0,0,0,0,0,0,0,0,0,0
210418,2,1,0,0,0,0,0,0,0,0,0,0
210419,0,1,3,3,3,3,3,3,3,3,3,3
210419,1,1,4,4,4,4,4,4,4,4,4,4
210420,1,1,14,14,14,14,14,14,14,14,14,14
210421,1,1,0,0,0,0,0,0,0,0,0,0
210421,2,1,0,0,0,0,0,0,0,0,0,0
210422,1,1,0,0,0,0,0,0,0,0,0,0
210422,2,1,0,0,0,0,0,0,0,0,0,0
210423,1,1,0,0,0,0,0,0,0,0,0,0
210424,1,1,0,0,0,0,0,0,0,0,0,0
210425,1,1,13,13,13,13,13,13,13,13,13,13
210426,1,1,40,40,40,40,40,40,40,40,40,40
210426,2,1,0,0,0,0,0,0,0,0,0,0
210427,1,1,0,0,0,0,0,0,0,0,0,0
210427,2,1,0,0,0,0,0,0,0,0,0,0
210428,1,1,0,20,0,0,0,0,0,0,0,0
210429,1,1,0,0,0,0,0,0,0,0,0,0
210429,2,1,0,0,0,0,0,0,0,0,0,0
210430,1,1,0,0,0,0,0,0,0,0,0,0
210430,2,1,0,0,0,0,0,0,0,0,0,0
210431,1,1,0,0,0,0,0,0,0,0,0,0
210432,1,1,8,8,8,8,8,8,8,8,8,8
210433,1,1,0,0,0,0,0,0,0,0,0,0
210433,2,1,0,0,0,0,0,0,0,0,0,0
210434,1,1,0,0,0,0,0,0,0,0,0,0
210435,1,1,0,0,0,0,0,0,0,0,0,0
210436,1,1,18,18,18,18,18,18,18,18,18,18
210437,1,1,0,0,0,0,0,0,0,0,0,0
210437,2,1,0,0,0,0,0,0,0,0,0,0
210438,0,1,21,21,21,21,21,21,21,21,21,21
210438,1,1,2,2,2,2,2,2,2,2,2,2
210439,1,1,16,16,16,16,16,16,16,16,16,16
210440,1,1,0,0,0,0,0,0,0,0,0,0
210441,1,1,0,0,0,0,0,0,0,0,0,0
210441,2,1,0,0,0,0,0,0,0,0,0,0
210441,3,1,0,0,0,0,0,0,0,0,0,0
210442,1,1,0,0,0,0,0,0,0,0,0,0
210442,2,1,0,0,19,0,0,0,0,0,0,0
210442,3,1,0,0,0,0,0,0,0,0,0,0
210443,1,1,0,0,0,0,0,0,0,0,0,0
210444,1,1,0,0,0,0,0,0,0,0,0,0
210445,1,1,0,0,0,0,0,0,0,0,0,0
210445,2,1,0,0,0,0,0,0,0,0,0,0
210446,1,1,0,0,0,0,0,0,0,0,0,0
210446,2,1,0,0,0,0,0,0,0,0,0,0
210447,1,1,22,22,22,22,22,22,22,22,22,22
210447,2,1,0,0,0,0,0,0,0,0,0,0
210448,1,1,0,0,0,0,0,0,0,0,0,0
210449,1,1,0,0,0,0,0,0,0,0,0,0
210450,1,1,0,0,0,0,0,0,0,0,0,0
210450,2,1,9,9,9,9,9,9,9,9,9,9
210451,1,1,0,0,0,0,0,0,0,0,0,0
210451,2,1,0,0,0,0,0,0,0,0,0,0
210451,3,1,0,0,0,0,0,0,0,0,0,0
210452,1,1,0,0,0,0,0,0,0,0,0,0
210452,2,1,0,0,0,0,0,0,0,0,0,0
210453,1,1,0,0,7,0,0,0,0,0,17,17
210454,0,1,14,14,14,14,14,14,14,14,14,14
210454,1,1,37,29,19,8,7,17,15,18,10,15
210455,1,1,0,0,0,0,0,0,0,0,0,0
210456,1,1,0,0,0,0,0,0,0,0,0,0
210456,2,1,0,0,0,0,0,0,0,0,0,0
210457,1,1,15,15,15,15,15,15,15,15,15,15
210458,1,1,0,0,0,0,0,0,0,0,0,0
210459,1,1,0,0,0,0,0,0,0,0,0,0
210460,1,1,18,18,18,18,18,18,18,18,18,18
210460,2,1,0,0,0,0,0,0,0,0,0,0
210461,1,1,0,0,0,0,0,0,0,0,0,0
210461,2,1,0,0,0,0,0,0,0,0,0,0
210462,1,1,0,0,0,0,0,0,0,0,0,0
210462,2,1,0,0,0,0,0,0,0,0,0,0
210463,1,1,0,0,0,0,0,0,0,0,0,0
210463,2,1,0,0,0,0,15,0,0,0,0,0
210464,1,1,0,0,0,0,0,0,0,0,0,0
210465,1,1,4,4,4,4,4,4,4,4,4,4
210466,1,1,0,0,0,0,0,0,0,0,0,0
210466,2,1,0,0,0,0,0,0,0,11,0,0
210467,0,2,0,0,26,0,0,0,0,0,0,0
210467,0,3,0,23,18,0,24,0,0,0,0,0
210467,1,1,0,0,0,0,0,0,0,0,0,0
210468,1,1,0,0,0,0,0,0,0,0,0,0
210468,2,1,0,0,0,0,0,0,0,0,0,0
210469,1,1,0,0,0,0,0,0,0,0,0,0
210470,1,1,0,0,0,0,0,0,0,0,0,0
210470,2,1,0,0,0,0,0,0,0,0,0,0
210470,3,1,0,0,0,0,0,0,0,0,0,0
210471,1,1,0,0,0,0,0,0,0,0,0,0
210471,2,1,0,0,0,0,0,0,0,0,0,0
210472,1,1,0,0,0,0,0,0,0,0,0,0
210473,1,1,0,0,0,0,0,0,0,0,0,0
210473,2,1,0,0,0,0,0,0,0,0,0,0
210474,1,1,0,0,0,0,0,0,0,0,0,0
210474,2,1,0,0,0,0,0,0,0,0,0,0
210475,1,1,0,0,0,0,0,0,0,0,0,0
210476,1,1,0,0,0,0,0,0,0,0,0,0
210476,2,1,0,0,0,0,0,0,0,0,0,0
210477,1,1,0,0,0,0,0,0,0,0,0,0
210477,2,1,0,0,0,0,0,0,0,0,0,11
210478,1,1,0,0,0,0,0,0,0,0,0,0
210479,1,1,13,13,13,13,13,13,13,13,13,13
210479,2,1,0,0,0,0,0,0,0,0,0,0
210480,1,1,0,0,0,0,0,0,0,0,0,0
210480,2,1,0,0,0,0,0,0,0,0,0,0
210480,3,1,0,0,0,0,0,0,0,0,0,0
210480,4,1,0,0,0,0,0,0,0,0,0,0
210481,1,1,32,32,32,32,32,32,32,32,32,32
210482,0,1,0,0,0,0,0,0,0,0,0,0
210482,1,1,0,0,0,0,0,0,0,0,0,0
210483,1,1,0,0,0,0,0,0,0,0,0,0
210483,2,1,0,0,0,0,0,0,0,0,0,0
210483,3,1,0,0,0,0,0,0,0,0,0,0
210484,1,1,0,0,0,0,0,0,0,0,0,0
210485,1,1,0,0,0,0,0,0,0,0,0,0
210486,1,1,13,13,13,13,13,13,13,13,13,13
210487,1,1,13,13,13,13,13,13,13,13,13,13
210488,1,1,0,24,0,0,0,0,14,16,0,0
210489,1,1,0,0,0,0,0,0,0,0,0,0
210489,2,1,0,0,0,0,0,0,0,0,0,0
210490,1,1,0,0,0,0,0,0,0,0,0,0
210491,0,1,25,25,25,25,25,25,25,25,25,25
210491,0,2,30,24,7,49,17,21,14,24,37,20
210491,1,1,0,0,0,0,0,0,0,0,0,0
210492,1,1,0,0,0,0,0,0,0,0,0,0
210493,1,1,0,0,20,0,0,0,24,11,11,0
210494,1,1,0,0,0,0,0,0,0,0,0,0
210495,1,1,0,0,0,0,0,0,0,0,0,0
210495,2,1,0,0,0,0,0,0,0,0,0,0
210495,3,1,0,0,0,0,0,0,0,0,0,0
210496,1,1,0,17,25,0,0,16,8,0,0,0
210497,1,1,0,0,0,0,0,0,0,0,0,0
210497,2,1,0,0,0,0,0,0,0,0,0,0
210498,0,1,0,0,0,0,0,0,0,0,0,0
210498,1,1,0,0,0,0,0,0,0,0,0,0
210499,1,1,26,26,26,26,26,26,26,26,26,26
210499,2,1,0,0,0,0,0,0,0,0,0,0
210500,1,1,0,0,0,0,0,0,0,0,0,0
210500,2,1,0,0,0,0,0,0,0,0,0,0
210501,1,1,10,10,10,10,10,10,10,10,10,10
210502,1,1,19,19,19,19,19,19,19,19,19,19
210503,1,1,0,0,0,0,0,0,0,0,0,0
210503,2,1,0,0,0,0,0,0,0,28,0,0
210503,3,1,0,0,0,0,0,0,0,0,0,0
210504,0,1,0,0,0,0,0,0,0,0,0,0
210504,1,1,0,0,21,0,0,0,20,0,16,0
210505,1,1,0,0,0,0,0,0,0,0,0,0
210506,1,1,0,0,0,0,0,0,0,0,0,0
210506,2,1,0,0,0,0,0,0,0,0,0,0
210507,1,1,0,0,0,0,0,0,0,0,0,0
210507,2,1,0,0,0,0,0,0,0,0,0,0
210508,1,1,0,0,0,0,0,0,0,0,0,0
210508,2,1,0,0,0,0,0,0,0,0,0,0
210509,1,1,0,0,0,0,0,0,0,0,0,0
210510,1,1,24,24,24,24,24,24,24,24,24,24
210511,1,1,0,0,0,0,0,0,0,0,0,0
210511,2,1,0,0,0,0,0,0,0,0,0,0
210512,1,1,0,0,0,0,0,16,0,26,0,0
210512,2,1,0,0,0,0,0,0,0,0,0,0
210513,1,1,0,20,20,0,0,0,10,0,27,0
210513,2,1,2,0,0,0,0,0,0,0,0,0
210514,1,1,0,0,0,0,0,0,0,0,0,0
210514,2,1,0,0,0,0,0,0,0,0,0,0
210515,1,1,24,24,24,24,24,24,24,24,24,24
210516,1,1,0,0,0,0,0,0,0,0,0,0
210517,1,1,9,9,9,9,9,9,9,9,9,9
210518,1,1,0,0,0,0,0,0,0,0,0,0
210518,2,1,0,0,0,0,0,0,0,0,0,0
210518,3,1,0,0,0,0,0,0,0,0,0,0
210519,1,1,24,24,24,24,24,24,24,24,24,24
210520,1,1,0,0,0,0,0,0,0,0,0,0
210521,1,1,0,0,0,0,0,0,0,0,0,0
210521,2,1,0,0,0,0,0,0,0,0,0,0
210521,3,1,0,0,0,0,0,0,0,0,0,0
210521,4,1,0,0,0,0,0,0,0,0,0,0
210522,1,1,0,0,0,0,0,0,0,0,0,0
210523,1,1,13,13,13,13,13,13,13,13,13,13
210524,1,1,0,0,0,0,0,0,0,0,0,0
210525,1,1,0,0,0,0,0,0,0,0,0,0
210526,1,1,21,21,21,21,21,21,21,21,21,21
210527,1,1,0,0,0,0,0,0,0,0,0,0
210527,2,1,0,0,0,0,0,0,0,0,0,0
210528,1,1,20,20,20,20,20,20,20,20,20,20
210529,1,1,0,0,0,0,0,0,0,0,0,0
210530,1,1,0,0,0,0,0,0,0,0,0,0
210530,2,1,0,0,0,0,0,0,0,0,0,0
210531,1,1,0,0,0,0,0,0,0,0,0,0
210531,2,1,0,0,0,0,0,0,0,0,0,0
210532,1,1,0,0,0,0,0,0,0,0,0,0
210533,1,1,3,3,3,3,3,3,3,3,3,3
210534,1,1,17,8,35,20,4,26,7,14,32,17
210535,1,1,0,0,0,21,0,0,0,0,0,0
210536,1,1,5,5,5,5,5,5,5,5,5,5
210537,1,1,0,0,0,0,0,0,0,0,0,0
210538,1,1,16,16,16,16,16,16,16,16,16,16
210539,1,1,0,0,0,0,8,0,0,0,0,0
210540,1,1,0,0,0,0,0,0,0,0,0,0
210540,2,1,0,0,0,0,0,0,0,0,0,0
210540,3,1,0,0,0,0,0,0,0,0,0,0
210541,1,1,0,0,0,0,0,0,0,0,0,0
210541,2,1,0,0,0,0,0,0,0,0,0,0
210542,1,1,0,0,0,0,0,0,0,0,0,0
210542,2,1,0,0,0,0,0,0,0,0,0,0
210543,1,3,0,0,0,0,0,0,0,21,21,14
210544,1,1,0,0,0,0,0,0,8,0,0,0
210544,2,1,0,0,0,0,0,0,0,0,0,0
210545,1,1,0,0,0,0,0,0,0,0,0,0
210545,2,1,0,0,0,0,0,0,0,0,0,0
210546,1,1,0,0,0,0,0,0,0,0,0,0
210546,2,1,0,0,0,0,0,0,0,0,0,0
210547,1,1,0,16,0,0,0,0,0,0,0,0
210548,1,1,0,0,0,0,0,0,0,0,0,0
210548,2,1,0,0,0,0,0,0,0,0,0,0
210549,1,1,0,0,0,0,0,0,0,0,0,0
210549,2,1,0,0,0,0,0,0,0,0,0,0
210550,0,1,0,0,0,0,0,0,0,0,0,0
210550,1,1,0,0,0,0,0,0,0,0,0,0
210551,1,1,10,10,10,10,10,10,10,10,10,10
210552,1,1,0,0,0,0,0,0,0,0,0,0
210553,0,1,0,0,0,0,0,0,0,0,0,0
210553,1,1,0,0,0,0,0,0,0,0,0,0
210554,0,1,0,0,0,0,0,0,0,0,0,0
210554,1,1,0,0,0,0,0,0,0,0,0,0
210555,1,1,13,13,13,13,13,13,13,13,13,13
210556,0,1,7,7,7,7,7,7,7,7,7,7
210556,1,1,0,0,0,0,0,0,0,0,0,0
210557,1,1,5,5,5,5,5,5,5,5,5,5
210558,1,1,0,0,0,0,0,0,0,0,0,0
210558,2,1,0,0,0,0,0,0,0,0,0,0
210559,1,1,0,0,0,0,0,0,0,0,0,0
210559,2,1,0,0,0,0,0,0,0,0,0,0
210560,1,1,0,0,0,0,0,0,0,0,0,0
210560,2,1,0,0,0,0,0,0,0,0,0,0
210561,1,1,0,0,0,0,0,0,0,0,0,0
210561,2,1,0,0,0,0,0,0,0,0,0,0
210562,1,1,0,0,0,0,0,0,0,0,0,0
210563,1,1,0,0,0,0,0,0,0,0,0,16
210564,1,1,0,0,0,0,0,0,0,0,0,0
210564,2,1,0,0,0,0,0,0,0,0,0,0
210565,1,1,0,0,0,0,0,0,0,0,0,0
210565,2,1,0,0,0,0,0,0,0,0,0,0
210566,1,1,4,7,16,10,17,8,16,7,4,13
210566,2,1,0,0,0,0,0,0,0,0,0,0
210567,1,1,0,0,0,0,0,0,0,0,0,18
210568,1,1,0,23,0,0,0,17,0,0,0,19
210569,0,1,0,0,0,0,0,0,0,0,0,0
210569,1,1,1,1,1,1,1,1,1,1,1,1
210570,1,1,0,0,0,0,0,0,0,0,0,0
210571,1,1,0,0,0,0,0,0,0,0,0,0
210571,2,1,0,0,0,0,0,0,0,0,0,0
210572,1,1,0,0,0,0,0,0,0,0,0,0
210572,2,1,0,0,0,0,0,0,0,0,0,0
210573,1,1,0,0,0,0,0,0,0,0,0,0
210574,1,1,0,0,0,0,0,0,0,0,0,0
210575,1,1,7,7,7,7,7,7,7,7,7,7
210575,2,1,0,0,0,0,0,0,0,0,0,0
210575,3,1,0,0,0,0,0,0,0,0,0,0
210576,1,1,35,35,35,35,35,35,35,35,35,35
210577,0,1,15,15,15,15,15,15,15,15,15,15
210577,1,1,0,0,0,0,0,0,0,0,0,0
210578,1,1,0,0,0,0,0,0,0,0,0,0
210579,0,1,0,0,0,0,0,0,0,0,0,0
210579,1,1,0,0,0,0,0,0,0,0,0,0
210580,1,1,0,0,0,0,0,0,0,0,0,0
210581,1,1,0,0,0,0,0,0,0,0,0,0
210581,2,1,0,0,0,0,0,0,0,0,0,0
210582,1,1,0,0,13,0,0,0,0,0,0,0
210582,2,1,0,0,0,0,0,0,0,0,0,0
210583,1,1,0,0,0,0,0,0,0,0,0,0
210583,2,1,0,0,0,0,0,0,0,0,0,0
210583,3,1,0,0,0,0,0,0,0,0,0,0
210584,1,1,0,0,0,23,0,0,0,13,0,0
210585,1,1,0,0,0,0,0,0,0,0,0,0
210585,2,1,0,0,0,0,0,0,0,0,0,0
210586,1,1,0,0,0,0,0,0,0,0,0,0
210587,1,1,0,14,0,0,0,0,0,0,0,0
210588,1,1,0,0,0,0,0,0,0,0,0,0
210588,2,1,0,0,0,0,0,0,0,0,0,0
210589,1,1,19,19,19,19,19,19,19,19,19,19
210590,1,1,5,5,5,5,5,5,5,5,5,5
210591,1,1,16,31,28,24,16,13,9,24,12,20
210592,1,1,20,20,20,20,20,20,20,20,20,20
210593,1,1,0,0,0,0,0,0,0,0,0,0
210593,2,1,0,0,0,0,0,0,0,0,0,0
210594,1,1,0,0,0,0,0,0,0,0,0,0
210594,2,1,0,0,0,0,0,0,0,0,0,0
210595,1,1,0,0,0,0,0,0,0,0,0,0
210595,2,1,0,0,0,0,0,0,0,0,0,0
210596,1,1,0,0,0,0,0,0,0,0,0,0
210597,0,1,31,31,31,31,31,31,31,31,31,31
210597,1,1,17,17,17,17,17,17,17,17,17,17
210598,1,1,0,0,0,0,0,0,0,0,0,0
210598,2,1,0,0,0,0,0,0,0,0,0,0
210598,3,1,0,0,0,0,0,0,0,0,0,0
210598,4,1,0,0,0,0,0,0,0,0,0,0
210599,1,1,0,0,0,0,0,0,0,0,0,0
210599,2,1,0,0,0,0,0,0,0,0,0,0
210600,0,1,0,0,0,0,0,0,0,0,0,0
210600,1,1,0,0,0,0,0,0,0,0,0,0
210601,1,1,12,12,12,12,12,12,12,12,12,12
210602,1,1,0,0,0,0,0,7,0,10,0,0
210602,2,1,0,0,0,0,0,0,0,0,0,0
210603,1,1,0,0,0,0,0,0,0,0,0,0
210604,1,1,0,0,0,0,0,0,0,0,0,0
210604,2,1,0,0,0,0,0,0,0,0,0,0
210605,2,1,0,0,14,0,0,0,0,0,10,0
210605,3,1,0,0,0,0,0,0,0,0,0,0
210606,1,1,0,0,0,0,0,0,0,0,0,0
210607,0,1,0,0,0,0,0,0,0,0,0,0
210607,1,1,0,0,0,0,0,0,0,0,0,0
210608,1,1,0,0,0,0,0,0,0,0,0,0
210609,1,1,0,0,0,0,0,0,0,0,0,0
210610,1,1,0,0,0,0,0,12,0,0,0,0
210611,0,1,23,17,23,18,31,27,17,0,39,19
210611,1,1,0,0,0,0,0,0,0,0,0,0
210612,0,1,0,0,0,0,0,0,0,0,0,0
210612,1,1,16,16,16,16,16,16,16,16,16,16
210613,1,1,0,0,0,0,0,0,0,0,0,0
210613,2,1,0,10,0,0,0,0,0,0,0,0
210614,1,1,0,0,0,0,0,0,0,0,0,0
210615,1,1,0,0,0,0,0,0,0,0,0,0
210616,1,1,0,0,0,0,0,0,0,0,0,0
210616,2,1,0,0,0,0,0,0,0,0,0,0
210617,1,1,35,35,35,35,35,35,35,35,35,35
210618,1,1,0,0,0,0,37,0,0,0,0,0
210618,2,1,0,0,0,0,0,0,0,0,0,0
210619,1,1,6,6,6,6,6,6,6,6,6,6
210620,0,1,0,0,19,0,0,0,0,0,0,0
210620,1,1,0,0,0,0,0,0,0,0,0,0
210621,1,1,2,2,2,2,2,2,2,2,2,2
210622,1,1,15,15,15,15,15,15,15,15,15,15
210623,1,1,0,0,0,0,0,0,0,0,0,0
210623,2,1,0,0,0,0,0,0,0,0,0,0
210624,1,1,0,0,0,0,0,0,0,0,0,0
210625,1,1,0,0,0,0,0,0,0,0,0,0
210625,2,1,0,0,0,0,0,0,0,0,0,0
210626,1,1,0,0,0,0,0,0,0,0,0,0