ST_CASE,VEH_NO,PER_NO,P1,P2,P3,P4,P5,P6,P7,P8,P9,P10
210627,1,1,3,3,3,3,3,3,3,3,3,3
210627,2,1,0,0,0,0,0,0,0,0,11,0
210628,1,1,20,20,20,20,20,20,20,20,20,20
210628,2,1,0,0,0,0,0,0,0,0,0,0
210628,3,1,0,0,0,0,0,0,0,0,0,0
210629,1,1,0,0,0,0,0,0,0,0,0,0
210630,1,1,0,0,0,0,0,0,0,0,0,0
210630,2,1,0,0,0,0,0,0,0,0,0,0
210631,1,1,0,0,0,0,0,0,0,0,0,0
210631,2,1,0,0,0,0,0,0,0,0,0,0
210632,1,1,22,22,22,22,22,22,22,22,22,22
210633,1,1,0,0,0,0,0,0,0,0,0,0
210633,2,1,0,0,0,0,0,0,0,0,0,0
210634,1,1,0,0,0,0,0,0,0,0,0,0
210634,2,1,0,0,0,0,0,0,0,0,0,0
210635,1,1,0,0,0,0,0,0,0,0,0,0
210635,2,1,0,0,0,0,0,0,24,0,0,0
210636,1,1,0,0,0,0,0,0,0,0,0,0
210637,1,1,15,28,23,23,27,27,5,10,57,8
210638,1,1,0,0,0,0,0,0,0,0,0,0
210638,2,1,0,0,0,0,0,0,0,0,0,0
210639,1,1,0,0,0,0,0,0,0,0,0,0
210640,1,1,0,0,0,0,0,0,0,0,0,0
210640,2,1,0,0,0,0,0,0,0,0,0,0
210640,3,1,0,0,0,0,0,0,0,0,0,0
210641,1,1,0,0,0,0,0,0,0,0,0,0
210641,2,1,0,0,0,0,0,0,0,0,0,0
210641,3,1,0,0,0,0,0,0,0,0,0,0
210642,1,1,0,0,0,0,0,0,0,0,0,0
210642,2,1,0,0,0,0,0,0,0,0,0,0
210643,1,1,0,0,0,0,0,0,0,0,0,0
210644,1,1,20,0,0,0,0,10,20,0,0,0
210645,1,1,23,23,23,23,23,23,23,23,23,23
210646,1,1,0,0,0,0,0,0,0,0,0,0
210646,2,1,0,0,0,0,0,0,0,0,0,0
210646,3,1,1,0,0,0,0,0,0,0,0,0
210646,4,1,0,0,0,0,0,10,0,0,0,0
210647,0,1,0,19,0,0,0,0,0,0,0,0
210647,1,1,0,0,0,0,0,23,0,0,0,0
210648,1,1,21,21,21,21,21,21,21,21,21,21
210649,1,1,0,0,0,0,0,0,0,0,0,0
210650,1,1,0,0,0,0,0,0,0,0,0,0
210650,2,1,0,0,0,0,0,0,0,0,0,0
210651,1,1,21,21,21,21,21,21,21,21,21,21
210652,1,1,0,0,0,0,0,0,0,0,0,0
210653,1,1,0,0,0,0,0,0,0,0,0,0
210653,2,1,0,0,0,0,0,0,0,0,0,0
210654,1,1,0,0,0,0,0,0,0,0,0,0
210655,1,1,0,0,0,0,0,0,0,0,0,0
210655,2,1,0,4,0,0,0,0,0,0,0,0
210655,3,1,0,0,0,0,0,0,0,0,0,0
210656,1,1,0,0,0,0,0,0,0,0,0,0
210656,2,1,0,0,0,0,0,0,0,0,0,0
210657,1,1,10,10,10,10,10,10,10,10,10,10
210658,1,1,19,19,19,19,19,19,19,19,19,19
210659,1,1,0,0,0,0,0,0,0,0,0,0
210659,2,1,0,0,0,0,0,0,0,0,0,0
210660,1,1,24,24,24,24,24,24,24,24,24,24
210660,2,1,0,0,0,0,0,7,0,0,0,0
210661,1,1,18,18,18,18,18,18,18,18,18,18
210662,1,1,0,27,0,0,0,0,0,21,0,0
210663,1,1,13,0,12,13,27,36,14,0,28,10
210663,2,1,0,0,0,0,0,0,0,0,0,0
210664,0,1,16,16,16,16,16,16,16,16,16,16
210664,1,1,0,0,0,0,0,0,0,0,0,0
210664,2,1,0,18,0,0,17,0,0,0,0,0
210664,3,1,0,0,0,0,0,0,0,0,0,0
210665,1,1,0,0,0,4,0,0,19,0,0,0
210666,1,1,12,12,12,12,12,12,12,12,12,12
210667,1,1,29,29,29,29,29,29,29,29,29,29
210668,1,1,0,0,0,0,0,0,0,0,11,0
210668,2,1,0,0,0,0,0,0,0,0,0,0
210669,1,1,0,0,0,0,0,0,0,0,0,0
210670,1,1,0,0,0,0,0,0,0,0,0,0
210671,1,1,18,18,18,18,18,18,18,18,18,18
210672,1,1,0,0,0,0,0,0,0,0,0,0
210672,2,1,0,0,0,0,0,0,0,0,0,0
220001,1,1,0,0,0,0,0,0,0,0,0,0
220002,0,1,13,13,13,13,13,13,13,13,13,13
220002,1,1,11,11,11,11,11,11,11,11,11,11
220003,1,1,0,0,0,0,0,0,0,0,0,0
220003,2,1,0,0,0,0,0,0,0,0,0,0
220004,0,1,27,27,27,27,27,27,27,27,27,27
220004,1,1,0,0,0,0,0,0,0,0,0,0
220004,2,1,0,0,0,0,0,0,0,0,0,0
220005,1,1,22,22,22,22,22,22,22,22,22,22
220006,1,1,13,13,13,13,13,13,13,13,13,13
220007,0,1,0,0,0,37,0,0,0,0,0,0
220007,1,1,0,0,0,0,0,0,0,0,0,0
220008,1,1,23,23,23,23,23,23,23,23,23,23
220009,1,1,0,0,0,0,0,0,0,0,0,0
220009,2,1,0,0,0,0,0,0,0,0,0,0
220010,1,1,0,0,0,0,0,0,0,0,0,0
220011,0,1,11,11,11,11,11,11,11,11,11,11
220011,1,1,0,0,0,0,0,0,0,0,0,0
220012,1,1,13,13,13,13,13,13,13,13,13,13
220012,2,1,0,0,0,0,0,0,0,0,0,0
220013,1,1,22,22,22,22,22,22,22,22,22,22
220014,1,1,0,0,0,0,0,0,0,0,0,0
220015,1,1,0,0,0,0,0,0,0,0,0,0
220016,1,1,0,0,0,0,0,0,0,0,0,0
220016,2,1,0,0,0,0,0,0,0,0,0,0
220016,3,1,0,0,0,0,0,0,0,0,0,0
220017,1,1,25,25,25,25,25,25,25,25,25,25
220018,1,1,0,0,0,0,0,0,0,0,0,0
220018,2,1,0,0,0,0,0,0,0,0,0,0
220019,1,1,0,0,0,0,0,0,0,0,0,0
220019,2,1,0,0,0,0,0,0,0,0,0,0
220019,3,1,0,0,0,0,0,0,0,0,0,0
220020,0,1,0,0,0,0,4,0,0,8,0,0
220020,1,1,0,0,0,0,0,0,0,0,0,0
220021,1,1,0,0,0,0,0,0,0,0,0,0
220022,1,1,25,25,25,25,25,25,25,25,25,25
220023,1,1,18,18,18,18,18,18,18,18,18,18
220023,2,1,0,0,0,0,0,0,0,0,0,0
220024,1,1,0,0,0,0,5,0,0,0,0,0
220025,1,1,0,0,0,0,0,0,0,0,0,0
220026,1,1,0,0,0,0,0,0,0,0,0,0
220027,1,1,0,0,0,0,0,0,0,0,0,0
220028,1,1,0,0,0,0,0,0,0,0,0,0
220028,2,1,0,0,0,0,0,0,0,0,0,0
220029,1,1,32,32,32,32,32,32,32,32,32,32
220030,1,1,8,8,8,8,8,8,8,8,8,8
220030,2,1,0,0,0,0,0,0,0,0,0,0
220031,1,1,0,0,0,0,0,0,0,0,0,0
220031,2,1,0,0,0,0,0,0,0,0,0,0
220031,3,1,0,0,0,0,0,0,0,0,0,0
220032,1,1,0,0,0,0,0,0,0,0,0,0
220032,2,1,0,0,0,0,0,0,0,0,0,0
220033,1,1,2,2,2,2,2,2,2,2,2,2
220033,2,1,0,0,0,0,0,0,0,0,0,0
220033,3,1,0,0,0,0,0,0,0,0,0,0
220034,1,1,0,26,0,16,15,0,8,19,37,24
220035,1,1,9,9,9,9,9,9,9,9,9,9
220036,1,1,0,0,0,0,0,0,0,0,0,0
220036,2,1,0,0,0,0,0,0,0,0,0,0
220037,1,1,0,0,28,0,0,0,0,16,0,0
220038,1,1,0,0,0,0,0,0,0,0,0,0
220038,2,1,0,0,0,0,0,0,0,0,0,0
220039,1,1,9,9,9,9,9,9,9,9,9,9
220039,2,1,6,0,0,0,0,0,0,0,0,0
220040,1,1,0,0,0,0,0,0,0,0,0,0
220040,2,1,0,0,0,0,0,0,0,0,0,0
220041,1,1,1,1,1,1,1,1,1,1,1,1
220042,1,1,12,12,12,12,12,12,12,12,12,12
220042,2,1,0,0,0,0,0,0,0,0,0,0
220042,3,1,0,0,0,0,0,0,0,0,0,0
220042,4,1,0,0,0,0,0,0,0,0,0,0
220043,1,1,29,29,29,29,29,29,29,29,29,29
220044,1,1,0,0,0,0,0,0,0,0,0,0
220045,1,1,0,0,0,0,0,0,0,0,0,0
220045,2,1,0,0,0,0,0,0,0,0,0,0
220046,1,1,28,28,28,28,28,28,28,28,28,28
220047,1,1,27,27,27,27,27,27,27,27,27,27
220048,1,1,0,0,0,0,0,0,0,0,0,0
220048,2,1,0,0,0,0,0,0,0,0,0,0
220049,1,1,0,0,0,0,0,0,0,0,0,0
220049,2,1,0,0,0,0,0,0,0,0,0,0
220050,1,1,14,14,14,14,14,14,14,14,14,14
220050,2,1,0,0,0,0,0,0,0,0,0,0
220051,1,1,17,17,17,17,17,17,17,17,17,17
220051,2,1,0,0,0,0,0,0,0,0,0,0
220052,1,1,15,15,15,15,15,15,15,15,15,15
220053,1,1,0,0,0,0,0,0,0,0,0,0
220054,1,1,20,20,20,20,20,20,20,20,20,20
220055,0,1,25,0,0,0,17,0,0,0,0,0
220055,1,1,0,0,0,0,0,0,0,0,0,0
220056,1,1,20,20,20,20,20,20,20,20,20,20
220056,2,1,0,0,0,0,0,0,0,0,0,0
220057,1,1,0,0,0,0,0,0,0,0,0,0
220058,1,1,0,0,0,0,0,0,0,0,0,0
220059,0,1,0,32,11,0,14,0,16,0,20,41
220059,1,1,0,0,33,0,0,0,0,20,11,0
220061,0,1,0,0,0,0,0,0,0,0,0,0
220061,1,1,0,0,0,0,0,0,0,0,0,0
220061,2,1,0,0,0,0,0,0,0,0,0,0
220062,1,1,0,0,0,0,0,0,0,0,0,0
220063,1,1,14,14,14,14,14,14,14,14,14,14
220063,2,1,0,0,0,0,0,0,0,0,0,0
220064,0,1,25,25,25,25,25,25,25,25,25,25
220064,1,1,0,0,0,0,0,0,0,0,0,0
220065,1,1,0,0,0,0,0,0,0,0,0,0
220065,2,1,0,0,0,0,0,0,0,0,0,0
220066,1,1,14,14,14,14,14,14,14,14,14,14
220067,1,1,19,19,19,19,19,19,19,19,19,19
220068,1,1,30,30,30,30,30,30,30,30,30,30
220069,0,1,0,0,0,0,0,0,0,0,0,0
220069,1,1,0,0,0,0,0,0,0,0,0,0
220070,1,1,0,0,0,0,0,0,0,0,0,0
220070,2,1,0,0,0,0,0,0,0,0,0,0
220071,1,1,0,13,0,0,0,0,0,0,0,0
220072,1,1,0,0,0,0,0,0,0,0,0,0
220072,2,1,0,0,0,0,0,0,0,0,0,0
220073,1,1,19,30,34,13,22,21,23,30,11,13
220074,0,1,27,27,27,27,27,27,27,27,27,27
220074,1,1,16,16,16,16,16,16,16,16,16,16
220075,1,1,19,0,0,0,0,0,7,0,0,0
220075,2,1,0,0,0,0,0,0,0,0,0,0
220076,1,1,16,16,16,16,16,16,16,16,16,16
220077,1,1,0,0,0,0,0,0,0,0,0,0
220078,1,1,17,17,17,17,17,17,17,17,17,17
220079,1,1,0,0,0,0,0,0,0,0,0,0
220080,0,1,0,0,0,32,0,9,0,0,0,7
220080,1,1,0,0,0,0,0,0,0,0,0,10
220081,1,1,0,0,0,0,0,0,0,0,0,0
220082,1,1,0,0,0,0,0,0,0,0,0,0
220083,1,1,23,23,23,23,23,23,23,23,23,23
220084,1,1,16,16,16,16,16,16,16,16,16,16
220085,0,1,0,0,0,0,0,0,20,14,0,0
220085,1,1,0,0,0,0,0,0,0,0,0,0
220087,0,1,0,0,0,0,0,0,0,0,0,0
220087,1,1,0,0,0,0,0,0,0,0,0,0
220088,1,1,0,0,0,0,0,0,0,0,0,0
220088,2,1,0,0,0,0,0,0,0,0,0,0
220089,1,1,6,6,6,6,6,6,6,6,6,6
220090,1,1,24,24,24,24,24,24,24,24,24,24
220090,2,1,0,0,0,0,0,0,0,0,0,0
220091,1,1,0,0,0,0,0,0,0,0,0,0
220092,1,1,25,25,25,25,25,25,25,25,25,25
220092,2,1,0,0,0,0,0,0,0,0,0,0
220093,1,1,0,0,0,0,0,0,0,0,0,0
220093,2,1,0,0,0,0,0,0,0,0,0,0
220094,1,1,0,0,0,0,0,0,0,0,0,0
220094,2,1,5,5,5,5,5,5,5,5,5,5
220095,1,1,0,0,0,16,0,21,4,0,9,0
220095,2,1,0,0,0,0,0,0,0,0,0,0
220096,1,1,10,10,10,10,10,10,10,10,10,10
220096,2,1,0,0,0,0,0,0,0,0,0,0
220096,3,1,0,0,0,0,0,0,0,0,0,0
220096,4,1,0,0,19,0,0,15,0,0,0,0
220097,0,1,0,0,0,0,0,0,0,0,0,0
220097,1,1,0,0,0,0,0,0,0,0,0,0
220098,0,1,0,0,0,0,0,0,0,0,0,0
220098,1,1,0,0,0,0,0,0,0,0,0,0
220099,1,1,0,0,0,0,0,0,0,0,0,0
220099,2,1,0,0,0,0,0,0,0,0,0,0
220101,1,1,0,0,0,0,0,0,0,0,0,0
220101,2,1,0,0,0,0,0,0,0,0,0,0
220101,3,1,0,0,0,0,0,0,0,0,0,0
220101,4,1,0,0,0,0,0,0,0,0,0,0
220102,0,1,11,11,11,11,11,11,11,11,11,11
220102,1,1,0,0,0,0,0,0,0,0,0,0
220103,1,1,0,0,0,0,0,0,0,20,0,0
220104,1,1,0,0,0,0,0,0,0,0,0,0
220104,2,1,0,0,0,0,0,0,0,0,0,0
220105,1,1,0,0,0,0,0,0,0,0,0,0
220105,2,1,0,0,0,0,0,0,0,0,0,0
220105,3,1,0,0,0,0,0,0,0,0,0,0
220106,0,1,17,17,17,17,17,17,17,17,17,17
220106,1,1,0,0,0,0,0,0,0,0,0,0
220107,1,1,0,0,0,0,0,0,0,0,0,0
220108,1,1,0,0,0,0,0,0,0,0,0,0
220109,1,1,8,8,8,8,8,8,8,8,8,8
220110,1,1,0,0,0,0,0,0,0,0,0,0
220110,2,1,0,0,0,0,0,0,0,0,0,0
220111,1,1,0,0,0,0,0,0,0,0,0,0
220111,2,1,0,0,0,0,0,0,0,0,0,0
220112,1,1,0,0,0,0,0,0,0,0,0,0
220112,2,1,0,0,0,0,0,0,0,0,0,0
220113,1,1,14,14,14,14,14,14,14,14,14,14
220114,1,1,0,0,0,0,0,0,0,0,0,0
220115,1,1,8,8,8,8,8,8,8,8,8,8
220116,1,1,0,0,0,0,0,0,0,0,0,0
220116,2,1,0,0,0,0,0,0,0,0,0,0
220117,1,1,0,0,0,0,0,0,0,0,0,0
220117,2,1,4,7,0,0,0,0,0,3,10,0
220118,0,1,9,0,0,0,0,0,0,0,8,0
220118,1,1,0,0,0,0,0,0,0,0,0,0
220119,0,1,0,0,0,0,0,0,0,0,0,0
220119,1,1,0,0,0,0,0,0,0,0,0,0
220120,1,1,0,0,0,0,0,36,17,18,0,0
220121,1,1,0,0,0,0,0,0,0,0,0,0
220121,2,1,0,0,0,0,0,0,0,0,0,0
220121,3,1,0,0,0,0,0,0,0,0,0,0
220121,4,1,0,0,0,0,0,0,0,0,0,0
220122,1,1,0,0,0,0,0,0,0,0,0,0
220122,2,1,0,0,0,0,0,0,0,0,0,0
220123,1,1,0,0,0,0,0,0,0,0,0,0
220123,2,1,0,0,0,0,0,0,0,0,6,0
220124,1,1,17,17,17,17,17,17,17,17,17,17
220124,2,1,0,0,0,18,0,0,36,0,0,12
220125,0,1,0,0,0,0,0,0,0,0,0,0
220125,1,1,11,11,11,11,11,11,11,11,11,11
220126,1,1,0,0,0,0,0,0,0,0,20,0
220127,1,1,0,0,0,0,0,0,0,0,0,0
220127,2,1,0,0,0,0,0,0,0,0,0,0
220128,0,1,13,13,13,13,13,13,13,13,13,13
220128,1,1,0,0,0,0,0,0,0,0,0,0
220129,1,1,0,0,0,0,0,0,0,0,0,0
220130,1,1,0,0,0,0,0,0,0,0,9,0
220130,2,1,0,0,0,0,0,0,0,5,0,0
220130,3,1,0,0,1,0,0,25,0,0,0,0
220131,1,1,0,4,0,0,0,0,0,3,0,0
220131,2,1,0,13,11,0,0,0,0,0,0,0
220132,1,1,13,13,13,13,13,13,13,13,13,13
220132,2,1,0,0,0,0,0,0,0,0,0,0
220133,1,1,8,8,8,8,8,8,8,8,8,8
220133,2,1,0,0,0,0,0,0,0,0,0,0
220134,1,1,22,22,22,22,22,22,22,22,22,22
220135,1,1,10,10,10,10,10,10,10,10,10,10
220136,0,1,6,6,0,0,0,0,0,10,0,19
220136,1,1,0,0,0,0,0,0,0,0,0,0
220137,1,1,0,0,0,0,0,0,0,0,0,0
220138,0,1,21,21,21,21,21,21,21,21,21,21
220138,1,1,0,0,0,19,0,0,0,0,0,31
220139,1,1,0,0,0,0,0,0,0,0,0,0
220139,2,1,1,1,1,1,1,1,1,1,1,1
220140,1,1,0,0,0,0,0,0,0,0,0,0
220141,0,1,0,0,0,0,0,0,0,0,0,0
220141,1,1,0,0,0,0,0,0,0,0,0,0
220142,1,1,27,27,27,27,27,27,27,27,27,27
220143,1,1,27,27,27,27,27,27,27,27,27,27
220143,2,1,0,0,0,0,0,0,0,0,0,0
220144,1,1,3,3,3,3,3,3,3,3,3,3
220144,2,1,0,0,0,0,0,0,0,0,0,0
220144,3,1,0,0,0,0,0,0,0,0,0,0
220145,1,1,21,21,21,21,21,21,21,21,21,21
220146,1,1,0,0,0,0,0,0,0,0,0,0
220146,2,1,0,0,0,0,0,0,0,0,0,0
220147,0,1,0,0,0,0,0,0,0,0,0,0
220147,1,1,0,0,0,0,0,0,0,0,0,0
220148,1,1,0,0,0,0,0,0,0,0,0,0
220148,2,1,0,0,0,0,0,0,0,0,0,0
220148,3,1,0,0,0,0,0,0,0,0,0,0
220149,1,1,22,22,22,22,22,22,22,22,22,22
220150,1,1,0,0,0,0,0,0,0,0,0,0
220151,1,1,6,6,6,6,6,6,6,6,6,6
220152,1,1,24,24,24,24,24,24,24,24,24,24
220152,2,1,0,0,0,0,0,0,0,0,0,0
220153,1,1,23,23,23,23,23,23,23,23,23,23
220154,0,1,0,0,0,0,0,0,25,0,0,0
220154,1,1,0,0,0,0,0,0,0,0,0,0
220155,0,1,22,22,22,22,22,22,22,22,22,22
220155,1,1,0,0,0,0,0,0,0,0,0,0
220156,1,1,0,0,0,0,0,0,0,0,0,0
220157,1,1,0,0,0,0,0,0,0,0,0,0
220157,2,1,0,0,0,0,0,0,0,0,0,0
220158,1,1,0,0,0,0,0,0,0,0,0,0
220158,2,1,0,0,0,0,0,0,0,0,0,0
220159,1,1,0,0,0,0,0,0,0,0,0,0
220159,2,1,0,0,0,0,0,0,0,0,0,0
220160,1,1,0,0,0,0,0,0,0,0,0,0
220160,2,1,0,0,0,0,0,0,0,0,0,0
220161,1,1,25,25,25,25,25,25,25,25,25,25
220162,1,1,0,0,0,0,0,0,0,0,0,0
220162,2,1,0,0,0,0,0,0,0,0,0,0
220163,1,1,10,10,10,10,10,10,10,10,10,10
220164,1,1,0,0,0,0,0,0,0,0,0,0
220164,2,1,0,0,0,0,0,0,0,0,0,0
220164,3,1,0,0,0,0,0,0,0,0,0,0
220165,1,1,8,8,8,8,8,8,8,8,8,8
220166,1,1,0,0,0,0,0,0,0,0,0,0
220166,2,1,8,8,8,8,8,8,8,8,8,8
220167,1,1,0,0,0,0,0,0,0,0,0,0
220167,2,1,0,0,0,0,0,0,0,0,0,0
220168,1,1,0,0,0,16,0,9,0,0,0,0
220168,2,1,0,30,0,0,0,0,0,13,0,10
220169,0,1,0,25,0,0,0,0,8,15,0,9
220169,1,1,0,8,5,0,0,27,0,0,6,17
220170,1,1,0,0,0,0,0,0,0,0,0,0
220171,1,1,23,23,23,23,23,23,23,23,23,23
220172,1,1,0,0,0,4,0,0,0,0,0,0
220173,1,1,0,0,0,0,0,0,0,0,0,0
220174,1,1,0,0,0,0,0,0,0,0,0,0
220175,1,1,28,28,28,28,28,28,28,28,28,28
220175,2,1,0,0,0,0,0,0,0,0,0,0
220176,1,1,0,0,0,0,0,0,0,0,0,0
220177,1,1,22,22,22,22,22,22,22,22,22,22
220177,2,1,0,0,0,0,0,0,0,0,0,0
220177,3,1,0,0,0,0,0,0,0,0,0,0
220178,0,1,31,31,31,31,31,31,31,31,31,31
220178,1,1,0,0,0,0,0,0,0,0,0,0
220179,1,1,14,14,14,14,14,14,14,14,14,14
220180,1,1,0,0,0,0,0,0,0,0,0,0
220180,2,1,0,0,0,0,0,0,0,0,0,0
220181,1,1,23,23,23,23,23,23,23,23,23,23
220182,0,1,0,31,0,48,33,0,0,0,29,16
220182,1,1,0,0,0,0,0,0,0,0,0,0
220183,1,1,0,19,15,27,0,0,0,0,0,18
220184,1,1,0,0,0,0,0,0,0,0,0,0
220184,2,1,0,0,0,0,0,8,0,0,0,0
220184,3,1,0,0,0,0,0,0,0,0,0,0
220185,1,1,24,24,24,24,24,24,24,24,24,24
220186,1,1,6,6,6,6,6,6,6,6,6,6
220187,1,1,0,0,0,0,0,0,0,0,0,0
220187,2,1,0,0,0,0,0,0,0,0,0,0
220187,3,1,0,0,0,0,0,0,0,15,0,0
220187,4,1,0,0,0,0,0,0,0,0,0,0
220187,5,1,0,0,0,0,0,0,0,0,0,0
220187,6,1,0,0,0,21,0,0,0,0,0,0
220187,7,1,0,0,0,0,0,0,0,0,0,0
220187,8,1,0,0,0,0,0,13,0,12,0,0
220187,9,1,0,0,0,0,0,0,0,0,0,0
220187,10,1,0,0,0,21,0,0,0,0,0,0
220187,11,1,0,0,0,0,0,0,0,0,0,11
220187,12,1,0,0,0,0,0,0,0,0,0,0
220187,13,1,0,0,0,0,0,0,0,0,0,0
220188,1,1,0,0,0,0,0,0,0,0,0,0
220188,2,1,0,0,0,0,0,0,0,0,0,0
220189,1,1,3,3,3,3,3,3,3,3,3,3
220189,2,1,1,1,1,1,1,1,1,1,1,1
220190,1,1,15,15,15,15,15,15,15,15,15,15
220191,1,1,0,38,0,0,0,0,0,25,21,15
220192,1,1,16,16,16,16,16,16,16,16,16,16
220192,2,1,12,12,12,12,12,12,12,12,12,12
220193,1,1,0,0,0,0,0,0,0,0,0,0
220193,2,1,0,0,0,0,0,0,0,0,0,0
220194,1,1,0,0,0,0,0,0,0,0,0,0
220195,0,1,17,17,17,17,17,17,17,17,17,17
220195,1,1,0,19,15,0,0,0,22,3,0,30
220196,1,1,0,0,0,0,0,0,0,0,0,0
220197,0,1,0,0,0,0,0,0,0,0,0,0
220197,1,1,0,0,0,0,0,0,0,0,0,0
220198,1,1,0,0,0,0,0,0,0,0,0,0
220198,2,1,0,0,0,0,0,0,0,0,0,0
220199,1,1,21,21,21,21,21,21,21,21,21,21
220200,1,1,0,0,0,0,0,0,0,0,0,0
220200,2,1,0,0,0,0,0,0,0,0,0,0
220201,1,1,14,14,14,14,14,14,14,14,14,14
220202,1,1,0,0,0,0,0,0,0,0,0,0
220203,1,1,6,6,6,6,6,6,6,6,6,6
220204,1,1,0,0,0,0,0,0,0,0,0,0
220205,1,1,0,0,0,0,0,0,0,0,0,0
220205,2,1,0,0,0,0,0,0,0,0,0,0
220206,1,1,15,15,15,15,15,15,15,15,15,15
220207,1,1,23,23,23,23,23,23,23,23,23,23
220208,1,1,0,0,0,0,0,0,0,0,0,0
220209,1,1,1,1,1,1,1,1,1,1,1,1
220210,1,1,0,0,0,0,0,0,0,0,0,0
220210,2,1,0,0,0,0,0,0,0,0,0,0
220211,1,1,0,0,0,0,0,0,0,0,0,0
220211,2,1,0,0,0,0,0,0,0,0,0,0
220212,1,1,19,19,19,19,19,19,19,19,19,19
220213,1,1,0,0,0,0,0,0,0,0,0,0
220213,2,1,0,0,0,0,0,0,0,0,0,0
220214,1,1,0,0,0,0,0,0,0,0,0,0
220215,1,1,0,0,0,0,0,0,0,0,0,0
220216,1,1,0,0,0,0,0,0,0,0,0,0
220217,0,1,0,0,0,0,0,0,0,0,0,0
220217,1,1,0,0,0,0,0,0,0,0,0,0
220218,1,1,22,22,22,22,22,22,22,22,22,22
220219,1,1,0,0,0,0,0,0,0,4,0,0
220220,1,1,23,17,22,10,0,0,21,0,22,0
220221,1,1,0,0,0,0,0,0,0,0,0,0
220222,1,1,0,0,0,0,0,0,0,0,0,0
220222,2,1,0,0,0,0,0,0,0,0,0,0
220223,1,1,9,0,0,18,0,0,0,0,15,0
220224,1,1,0,0,0,0,0,0,0,0,0,0
220225,1,1,8,8,8,8,8,8,8,8,8,8
220226,1,1,26,26,26,26,26,26,26,26,26,26
220227,1,1,16,16,16,16,16,16,16,16,16,16
220228,1,1,0,0,0,0,0,0,0,0,0,0
220229,1,1,0,0,0,0,0,0,0,0,0,0
220229,2,1,0,0,0,0,0,0,0,0,0,0
220230,1,1,0,0,0,0,0,0,0,0,0,0
220230,2,1,0,0,0,0,0,0,0,0,0,0
220231,1,1,0,0,0,0,0,0,0,0,0,0
220231,2,1,0,0,0,0,0,0,0,0,0,0
220232,1,1,0,0,0,0,0,0,0,0,0,0
220233,1,1,0,0,0,0,0,0,0,0,0,0
220233,2,1,0,0,0,0,0,0,0,0,0,0
220234,1,1,28,28,28,28,28,28,28,28,28,28
220235,1,1,0,0,0,0,0,0,0,0,0,0
220235,2,1,0,0,0,0,0,0,0,0,0,0
220236,1,1,0,0,0,0,0,0,0,0,0,0
220236,2,1,0,0,0,0,0,0,0,0,0,0
220237,1,1,0,26,30,0,0,0,20,0,0,17
220238,1,1,7,7,7,7,7,7,7,7,7,7
220239,1,1,21,21,21,21,21,21,21,21,21,21
220240,0,1,0,26,0,14,34,0,14,28,18,20
220240,1,1,0,0,0,0,0,0,0,0,0,0
220241,1,1,11,22,15,11,24,0,7,10,21,0
220242,1,1,0,0,0,0,0,0,0,0,0,0
220243,1,1,24,0,0,3,5,0,0,0,15,0
220244,0,1,11,11,11,11,11,11,11,11,11,11
220244,1,1,0,0,0,0,0,0,0,0,0,0
220245,1,1,0,0,0,0,0,0,0,0,0,0
220245,2,1,0,0,0,0,0,0,0,0,0,0
220246,1,1,0,0,0,0,0,0,0,0,0,14
220247,1,1,4,4,4,4,4,4,4,4,4,4
220247,2,1,0,0,0,0,0,0,0,0,0,0
220248,1,1,0,0,0,0,0,0,0,0,0,0
220249,1,1,8,8,8,8,8,8,8,8,8,8
220250,1,1,13,13,13,13,13,13,13,13,13,13
220251,1,1,0,0,0,46,0,0,0,0,0,0
220252,1,1,0,0,0,0,0,0,0,0,0,0
220253,1,1,21,21,21,21,21,21,21,21,21,21
220253,2,1,0,0,24,0,0,0,0,0,0,0
220254,1,1,15,15,15,15,15,15,15,15,15,15
220255,1,1,0,0,30,19,19,39,2,0,0,0
220256,1,1,0,0,0,0,0,0,0,0,0,0
220256,2,1,0,0,0,0,0,0,0,0,0,0
220257,1,1,0,0,0,0,0,0,0,0,0,0
220257,2,1,0,0,0,0,0,0,0,0,0,0
220258,1,1,0,0,0,0,0,0,0,0,0,0
220258,2,1,0,0,0,0,0,0,0,0,0,0
220258,3,1,0,0,0,0,0,0,0,0,0,0
220259,0,1,0,0,0,0,0,0,0,0,0,0
220259,1,1,0,0,0,0,0,0,0,0,0,0
220260,1,1,0,0,0,0,0,0,0,0,0,0
220260,2,1,0,0,0,0,0,0,0,0,0,0
220260,3,1,0,0,0,0,0,0,0,0,0,0
220260,4,1,0,0,0,0,0,0,0,0,0,0
220260,5,1,0,0,0,0,0,0,0,0,0,0
220261,1,1,8,8,8,8,8,8,8,8,8,8
220261,2,1,18,0,18,24,0,0,9,0,0,0
220262,1,1,0,0,0,0,0,0,0,0,0,0
220263,1,1,17,17,17,17,17,17,17,17,17,17