ST_CASE,VEH_NO,PER_NO,P1,P2,P3,P4,P5,P6,P7,P8,P9,P10
220263,2,1,0,0,0,0,0,0,0,0,0,0
220264,1,1,19,19,19,19,19,19,19,19,19,19
220265,1,1,0,0,0,0,0,0,0,0,0,0
220266,1,1,9,0,17,24,0,0,0,0,0,3
220267,1,1,21,21,21,21,21,21,21,21,21,21
220268,1,1,25,25,25,25,25,25,25,25,25,25
220269,1,1,0,0,0,0,0,0,0,0,0,0
220270,1,1,0,0,0,0,0,0,0,0,0,0
220270,2,1,0,0,0,0,0,0,0,0,0,0
220271,1,1,0,0,0,0,0,0,0,0,0,0
220271,2,1,0,0,0,0,0,0,0,0,0,0
220272,1,1,10,10,10,10,10,10,10,10,10,10
220273,0,1,40,11,37,20,35,0,20,11,46,17
220273,1,1,0,10,0,28,0,0,0,0,0,19
220274,1,1,0,0,0,0,0,0,0,0,0,0
220274,2,1,0,0,0,0,0,0,0,0,0,0
220275,1,1,34,34,34,34,34,34,34,34,34,34
220276,1,1,0,0,0,0,0,0,0,0,0,0
220277,1,1,26,26,26,26,26,26,26,26,26,26
220278,1,1,0,0,0,0,0,0,0,0,0,0
220279,0,1,21,21,21,21,21,21,21,21,21,21
220279,1,1,0,0,0,0,0,0,0,0,0,0
220280,1,1,0,0,0,0,0,0,0,0,0,0
220281,0,1,30,30,30,30,30,30,30,30,30,30
220281,1,1,11,11,11,11,11,11,11,11,11,11
220282,1,1,18,18,18,18,18,18,18,18,18,18
220283,1,1,18,18,18,18,18,18,18,18,18,18
220284,1,1,0,0,0,0,0,0,0,0,0,0
220284,2,1,0,0,0,0,0,0,0,0,0,0
220285,1,1,0,0,0,0,0,0,0,0,0,0
220286,1,1,0,0,0,0,0,0,0,0,0,0
220286,2,1,0,0,0,0,0,0,0,0,0,0
220287,1,1,0,0,0,0,0,0,0,0,0,0
220288,1,1,3,3,3,3,3,3,3,3,3,3
220289,1,1,0,0,0,0,0,0,0,0,0,0
220290,1,1,16,16,16,16,16,16,16,16,16,16
220291,1,1,0,0,8,0,0,0,0,0,0,0
220291,2,1,0,0,0,0,0,0,0,0,0,0
220292,1,1,0,0,0,0,0,0,0,0,0,0
220292,2,1,0,0,0,0,0,0,0,0,0,0
220293,1,1,0,8,21,25,0,0,0,27,0,0
220294,1,1,23,23,23,23,23,23,23,23,23,23
220295,0,1,29,29,29,29,29,29,29,29,29,29
220295,1,1,0,0,0,0,0,0,0,0,0,0
220296,1,1,21,21,21,21,21,21,21,21,21,21
220296,2,1,0,0,0,0,0,0,0,0,0,0
220296,3,1,0,0,0,0,0,0,0,0,0,0
220297,1,1,0,0,0,0,0,0,0,0,0,0
220298,1,1,0,0,0,0,0,0,0,0,0,0
220298,2,1,0,0,0,0,0,0,0,0,0,0
220299,1,1,0,0,0,0,0,0,0,0,0,0
220299,2,1,0,0,0,0,0,0,0,0,0,0
220300,1,1,0,18,8,0,0,10,26,23,17,10
220301,1,1,0,0,0,0,0,0,0,0,0,0
220302,0,1,0,0,0,12,18,0,0,14,0,0
220302,1,1,0,0,0,0,0,0,0,0,0,0
220303,0,1,30,36,9,14,22,11,20,29,26,23
220303,1,1,0,0,0,0,0,0,0,0,0,0
220304,1,1,9,9,9,9,9,9,9,9,9,9
220304,2,1,17,17,17,17,17,17,17,17,17,17
220305,1,1,0,7,32,7,16,16,15,3,0,8
220306,1,1,20,20,20,20,20,20,20,20,20,20
220307,1,1,21,21,21,21,21,21,21,21,21,21
220308,1,1,0,0,0,0,0,0,0,0,0,0
220309,1,1,0,0,0,0,0,0,0,0,0,0
220310,1,1,13,13,13,13,13,13,13,13,13,13
220311,1,1,20,20,20,20,20,20,20,20,20,20
220312,1,1,18,18,18,18,18,18,18,18,18,18
220313,1,1,0,0,0,0,0,0,0,0,0,0
220313,2,1,0,0,0,0,0,0,0,0,0,0
220314,1,1,29,29,29,29,29,29,29,29,29,29
220314,2,1,0,0,0,0,0,0,0,0,0,0
220315,1,1,0,0,0,0,0,0,0,0,0,0
220316,1,1,14,14,14,14,14,14,14,14,14,14
220317,1,1,11,11,11,11,11,11,11,11,11,11
220318,1,1,0,0,0,0,9,11,0,8,0,0
220319,1,1,0,0,0,0,0,0,0,0,0,0
220319,2,1,0,0,0,0,0,0,0,0,0,0
220320,1,1,20,20,20,20,20,20,20,20,20,20
220321,1,1,20,20,20,20,20,20,20,20,20,20
220322,1,1,20,20,20,20,20,20,20,20,20,20
220323,1,1,0,0,0,0,0,0,0,0,0,0
220323,2,1,0,0,0,0,0,0,0,0,0,0
220324,1,1,20,20,20,20,20,20,20,20,20,20
220325,1,1,14,14,14,14,14,14,14,14,14,14
220325,2,1,0,0,0,0,0,0,0,0,0,0
220326,1,1,20,20,20,20,20,20,20,20,20,20
220327,1,1,0,0,0,0,0,0,0,0,0,0
220328,1,1,15,15,15,15,15,15,15,15,15,15
220328,2,1,0,0,0,0,0,0,0,0,0,0
220328,3,1,0,0,0,0,0,0,0,0,0,0
220329,1,1,9,9,9,9,9,9,9,9,9,9
220330,1,1,23,23,23,23,23,23,23,23,23,23
220331,1,1,0,0,0,0,0,0,0,0,0,0
220331,2,1,0,0,0,0,0,0,0,0,0,0
220332,1,1,0,0,0,0,0,0,0,0,0,0
220332,2,1,6,6,6,6,6,6,6,6,6,6
220333,1,1,10,10,10,10,10,10,10,10,10,10
220334,1,1,0,0,0,0,0,0,0,0,0,0
220334,2,1,0,0,0,0,0,0,0,0,0,0
220334,3,1,0,0,0,0,0,0,0,0,0,0
220335,1,1,0,0,0,0,0,0,0,0,0,0
220335,2,1,0,0,0,0,0,0,0,0,0,0
220336,1,1,27,27,27,27,27,27,27,27,27,27
220337,1,1,0,0,0,0,0,0,0,0,0,0
220337,2,1,0,0,0,0,0,0,0,0,0,0
220338,0,1,0,10,0,0,0,0,0,0,0,0
220338,1,1,10,10,10,10,10,10,10,10,10,10
220339,1,1,28,28,28,28,28,28,28,28,28,28
220340,1,1,29,29,29,29,29,29,29,29,29,29
220341,1,1,0,0,0,0,0,0,0,0,0,0
220341,2,1,0,0,0,0,0,0,0,0,0,0
220341,3,1,0,0,0,0,0,0,0,0,0,0
220342,0,1,0,0,0,0,0,0,18,0,0,0
220342,1,1,0,0,0,0,0,0,0,0,0,0
220343,1,1,0,0,0,0,0,0,0,0,0,0
220343,2,1,0,0,0,0,0,0,0,0,0,0
220344,1,1,28,0,18,25,18,38,5,31,8,7
220344,2,1,0,0,0,0,0,0,0,0,0,0
220346,1,1,8,8,8,8,8,8,8,8,8,8
220347,1,1,0,0,0,0,0,0,0,0,0,0
220347,2,1,0,0,0,0,17,0,0,0,0,0
220348,1,1,20,20,20,20,20,20,20,20,20,20
220349,0,1,26,26,26,26,26,26,26,26,26,26
220349,1,1,1,1,1,1,1,1,1,1,1,1
220350,1,1,0,0,0,0,0,0,0,0,0,0
220350,2,1,12,12,12,12,12,12,12,12,12,12
220351,1,1,0,0,0,0,0,0,0,0,0,0
220352,1,1,25,25,25,25,25,25,25,25,25,25
220353,1,1,36,36,36,36,36,36,36,36,36,36
220354,1,1,0,0,0,0,0,0,0,0,0,0
220354,2,1,0,0,0,0,0,0,0,0,0,0
220354,3,1,0,0,0,0,0,0,0,0,0,0
220355,1,1,15,15,15,15,15,15,15,15,15,15
220356,1,1,0,0,0,0,0,0,0,0,0,0
220356,2,1,0,0,0,0,0,0,0,0,0,0
220357,0,1,22,36,33,18,20,27,23,24,25,13
220357,1,1,0,0,0,0,0,0,0,0,0,0
220357,2,1,0,0,0,0,0,0,0,0,0,0
220357,3,1,0,0,0,0,0,0,0,0,0,0
220358,1,1,0,0,0,0,0,0,0,0,0,0
220359,1,1,0,0,0,0,0,0,0,0,0,0
220360,0,1,14,0,16,8,38,13,22,12,18,2
220360,1,1,0,0,0,0,0,0,0,0,0,0
220361,1,1,0,0,0,0,0,0,0,0,0,0
220361,2,1,0,0,0,0,0,0,0,0,0,0
220362,0,1,31,39,17,22,8,22,11,22,19,4
220362,1,1,0,0,0,0,0,0,0,0,0,0
220363,1,1,11,11,11,11,11,11,11,11,11,11
220364,1,1,0,0,0,0,0,0,0,0,0,0
220365,1,1,10,10,10,10,10,10,10,10,10,10
220366,0,1,0,0,0,0,0,0,0,0,0,0
220366,1,1,0,0,0,8,0,0,0,0,0,0
220367,1,1,0,0,0,0,0,0,0,0,0,0
220368,1,1,0,0,0,0,0,0,0,0,0,0
220369,1,1,14,14,14,14,14,14,14,14,14,14
220370,1,1,0,0,12,14,0,0,9,26,15,7
220371,1,1,15,15,15,15,15,15,15,15,15,15
220372,1,1,10,10,10,10,10,10,10,10,10,10
220372,2,1,12,12,12,12,12,12,12,12,12,12
220373,1,1,19,19,19,19,19,19,19,19,19,19
220374,1,1,8,8,8,8,8,8,8,8,8,8
220375,1,1,15,15,5,21,0,0,11,31,9,0
220376,1,1,0,0,0,0,0,0,0,0,0,0
220377,1,1,0,0,0,0,0,0,0,0,0,0
220377,2,1,0,0,1,0,0,0,5,0,0,0
220378,1,1,5,5,5,5,5,5,5,5,5,5
220379,1,1,0,0,0,0,0,0,0,0,0,0
220379,2,1,0,0,0,0,0,0,0,0,0,0
220379,3,1,0,0,0,0,0,0,0,0,0,0
220380,0,1,19,19,0,18,0,0,18,11,28,30
220380,1,1,0,0,0,0,0,0,0,0,0,0
220381,0,1,19,0,0,0,0,0,0,0,0,0
220381,0,2,0,0,0,0,0,0,0,0,32,0
220381,1,1,0,0,0,0,0,0,0,0,0,0
220382,1,1,22,22,22,22,22,22,22,22,22,22
220383,1,1,0,0,0,0,0,0,0,0,0,0
220383,3,1,0,0,0,0,0,0,6,0,27,0
220384,1,1,0,0,0,0,0,0,0,0,0,0
220384,2,1,0,0,0,0,0,0,0,0,0,0
220385,0,1,0,0,0,17,0,0,0,0,0,0
220385,1,1,0,0,0,0,0,0,0,0,0,0
220386,1,1,0,0,0,0,0,0,0,0,0,0
220387,1,1,0,0,0,0,0,0,0,0,0,0
220388,1,1,0,0,0,0,0,0,0,0,0,0
220388,2,1,0,0,0,0,0,0,0,0,0,0
220389,0,1,0,22,28,19,21,41,7,18,10,14
220389,1,1,0,0,0,0,0,0,0,0,0,0
220390,0,1,12,12,12,12,12,12,12,12,12,12
220390,1,1,15,15,15,15,15,15,15,15,15,15
220391,1,1,0,0,0,0,0,0,0,0,0,0
220391,2,1,0,0,0,0,0,0,0,0,0,0
220392,1,1,0,0,0,0,0,0,0,0,0,0
220392,2,1,0,0,0,0,0,0,0,0,0,0
220393,1,1,0,0,0,0,0,0,0,0,0,0
220393,2,1,0,0,0,0,0,0,0,0,0,0
220393,3,1,0,0,0,0,0,0,0,0,0,0
220394,1,1,0,0,0,0,0,0,0,0,0,0
220394,2,1,0,0,0,0,0,0,0,0,0,0
220395,1,1,0,0,0,0,0,0,0,0,0,0
220396,1,1,9,9,9,9,9,9,9,9,9,9
220397,1,1,3,3,3,3,3,3,3,3,3,3
220397,2,1,0,0,0,0,0,0,0,0,0,0
220398,1,1,0,0,0,0,0,0,0,0,0,0
220399,1,1,0,0,0,0,0,0,0,0,0,0
220400,1,1,0,0,0,0,0,0,0,0,0,0
220400,2,1,0,0,0,0,0,0,0,0,0,0
220400,3,1,0,0,0,0,0,0,0,0,0,0
220401,1,1,0,0,0,0,0,0,0,0,0,0
220402,1,1,0,0,0,0,0,0,0,0,0,0
220403,1,1,0,0,0,0,0,0,0,0,0,0
220403,2,1,0,0,0,0,0,0,0,0,0,0
220404,1,1,21,21,21,21,21,21,21,21,21,21
220405,0,1,31,0,0,0,26,27,0,19,0,7
220405,1,1,0,0,0,0,0,0,0,0,0,0
220405,2,1,0,0,0,0,0,0,0,0,0,0
220405,3,1,0,0,0,0,0,0,0,0,0,0
220406,1,1,24,24,24,24,24,24,24,24,24,24
220407,0,1,34,34,34,34,34,34,34,34,34,34
220407,1,1,0,0,0,0,0,0,0,0,0,0
220408,0,1,4,1,28,39,24,18,21,24,35,31
220408,1,1,16,16,16,16,16,16,16,16,16,16
220409,1,1,0,0,0,0,0,0,0,0,0,0
220409,2,1,0,0,0,0,0,0,0,0,0,0
220410,1,1,0,0,0,0,0,0,0,0,0,0
220410,2,1,0,0,0,0,0,0,0,0,0,0
220410,3,1,0,0,0,0,0,0,0,0,0,0
220411,1,1,9,9,9,9,9,9,9,9,9,9
220411,2,1,0,0,0,0,0,0,0,0,0,0
220412,0,1,0,0,0,0,0,0,0,0,0,0
220412,2,1,0,0,0,0,0,0,0,0,0,0
220413,0,1,0,0,0,0,0,0,7,14,0,0
220413,1,1,0,0,0,0,0,0,0,0,0,0
220414,1,1,0,0,0,0,0,0,0,0,0,0
220414,2,1,0,0,0,0,0,0,0,0,0,0
220415,0,1,28,28,28,28,28,28,28,28,28,28
220415,2,1,0,0,0,0,0,0,0,0,0,0
220416,1,1,0,0,0,0,0,0,0,0,0,0
220417,1,1,0,0,0,0,0,0,0,0,0,0
220417,2,1,0,0,0,0,0,0,0,0,0,0
220418,1,1,0,7,0,0,15,0,0,0,0,0
220418,2,1,0,0,0,0,0,0,0,8,0,0
220419,0,1,29,29,29,29,29,29,29,29,29,29
220419,1,1,0,0,0,0,0,0,0,0,0,0
220420,1,1,26,16,16,12,0,7,10,0,16,0
220421,1,1,0,0,0,0,0,0,0,0,0,0
220421,2,1,0,0,0,0,0,0,0,0,0,0
220422,1,1,0,0,0,0,0,0,0,0,0,0
220422,2,1,0,0,0,0,0,0,0,0,0,0
220422,3,1,0,0,0,0,0,0,0,0,0,0
220423,0,1,14,14,14,14,14,14,14,14,14,14
220423,1,1,0,0,0,0,0,0,0,0,0,0
220423,2,1,0,0,0,0,0,0,0,0,0,0
220423,3,1,0,0,0,0,5,0,0,0,0,0
220423,4,1,0,0,0,0,0,0,5,0,0,0
220423,5,1,0,18,20,0,14,5,29,17,0,11
220424,0,1,0,16,13,0,0,0,0,0,0,7
220424,1,1,12,0,0,0,0,16,0,0,0,0
220425,0,1,0,0,0,0,0,0,0,0,0,0
220425,1,1,0,0,0,0,0,0,0,0,0,0
220426,1,1,0,0,0,0,0,0,0,0,0,0
220426,2,1,0,0,0,0,0,0,0,0,0,0
220427,0,1,0,16,26,16,4,23,0,0,0,0
220427,1,1,0,0,0,0,0,0,0,0,0,0
220428,1,1,15,15,15,15,15,15,15,15,15,15
220429,1,1,0,0,0,0,0,0,0,0,0,0
220429,2,1,0,0,0,0,0,0,0,0,0,0
220429,3,1,0,0,0,0,0,0,0,0,0,0
220430,1,1,0,0,0,0,0,0,0,0,0,0
220431,1,1,11,11,11,11,11,11,11,11,11,11
220432,1,1,17,22,20,18,28,47,15,39,24,27
220433,1,1,0,0,0,0,0,0,0,0,0,0
220433,2,1,0,0,0,0,0,0,0,0,0,0
220434,0,1,0,7,0,15,0,0,0,11,25,0
220434,1,1,0,0,0,30,12,0,10,0,17,0
220435,1,1,0,0,0,0,0,0,0,0,0,0
220436,0,1,9,9,9,9,9,9,9,9,9,9
220436,1,1,8,8,8,8,8,8,8,8,8,8
220437,1,1,0,0,0,0,0,0,0,0,0,0
220438,1,1,1,1,1,1,1,1,1,1,1,1
220438,2,1,0,0,0,0,0,0,0,0,0,0
220439,1,1,28,28,28,28,28,28,28,28,28,28
220440,1,1,0,0,0,0,0,0,0,0,0,0
220440,2,1,0,0,0,0,0,0,0,0,0,0
220441,1,1,0,0,0,0,0,0,0,0,0,0
220441,2,1,0,0,0,0,0,0,0,0,0,0
220442,1,1,17,17,17,17,17,17,17,17,17,17
220443,1,1,29,29,29,29,29,29,29,29,29,29
220444,1,1,18,18,18,18,18,18,18,18,18,18
220445,0,1,0,0,18,0,0,0,0,0,0,0
220445,1,1,0,0,0,0,0,0,0,0,0,0
220446,1,1,0,0,0,0,0,0,0,0,0,0
220447,1,1,0,0,0,0,0,0,0,0,0,0
220447,2,1,0,0,0,0,0,0,0,0,0,0
220448,0,1,0,19,0,19,23,12,0,0,0,0
220448,1,1,0,0,0,0,18,0,0,0,0,0
220449,1,1,0,0,0,0,0,0,0,0,0,0
220449,2,1,0,0,0,0,0,0,0,0,0,0
220450,0,1,0,0,0,0,0,0,0,0,0,0
220450,1,1,0,0,0,0,0,0,0,0,0,0
220451,1,1,0,0,0,0,0,0,0,0,0,0
220452,1,1,0,0,0,0,0,0,0,0,0,0
220453,1,1,0,0,0,0,0,0,0,0,0,0
220453,2,1,0,0,0,0,0,0,0,0,0,0
220454,1,1,17,17,17,17,17,17,17,17,17,17
220455,1,1,19,19,19,19,19,19,19,19,19,19
220456,2,1,0,0,0,0,0,0,0,0,0,0
220457,0,1,0,0,0,0,0,0,0,0,0,0
220457,1,1,0,0,0,0,0,0,0,0,0,0
220458,0,1,0,0,0,0,0,0,0,0,0,0
220458,1,1,0,0,0,0,0,0,0,0,0,0
220459,0,1,23,23,23,23,23,23,23,23,23,23
220459,1,1,0,0,0,0,0,0,0,0,0,0
220460,1,1,0,0,0,0,0,0,0,0,0,0
220461,1,1,0,0,0,0,0,0,0,0,0,0
220461,2,1,18,18,18,18,18,18,18,18,18,18
220462,1,1,0,0,0,0,0,0,0,0,0,0
220463,0,1,0,0,0,0,0,0,0,0,0,0
220463,1,1,0,0,0,0,0,0,0,0,0,9
220464,1,1,21,21,21,21,21,21,21,21,21,21
220464,2,1,0,0,0,0,0,0,0,0,0,0
220465,1,1,0,0,0,0,0,0,0,0,0,0
220465,2,1,0,0,0,0,0,0,0,0,0,0
220466,0,1,29,0,10,20,0,26,32,0,23,35
220466,1,1,0,0,0,0,0,0,0,0,0,0
220466,2,1,0,0,0,16,0,0,0,0,0,0
220467,1,1,0,0,0,0,0,0,0,0,0,0
220468,0,1,0,0,0,0,0,0,0,0,0,0
220468,1,1,0,0,0,0,0,0,0,0,0,0
220469,1,1,11,20,15,35,0,0,14,15,0,9
220470,1,1,17,0,22,17,2,0,0,6,11,13
220471,1,1,24,17,26,14,26,34,6,23,19,34
220472,0,1,0,0,0,0,0,0,0,14,0,0
220472,1,1,0,0,0,0,0,0,0,0,0,0
220473,0,1,8,8,8,8,8,8,8,8,8,8
220473,1,1,0,0,0,0,0,0,0,0,0,0
220474,0,1,0,0,25,4,0,0,17,14,0,0
220474,1,1,0,0,0,0,0,0,0,0,0,0
220475,1,1,10,10,10,10,10,10,10,10,10,10
220476,1,1,0,0,0,0,0,0,0,0,0,0
220476,2,1,0,0,0,0,0,0,0,0,0,0
220477,1,1,11,11,11,11,11,11,11,11,11,11
220478,1,1,8,8,8,8,8,8,8,8,8,8
220479,1,1,0,0,0,0,0,0,0,0,0,0
220479,2,1,0,0,0,0,0,0,0,0,0,0
220480,1,1,0,0,0,0,0,0,0,0,0,0
220480,2,1,0,0,0,0,0,0,0,0,0,0
220481,1,1,0,0,0,0,0,0,0,0,0,0
220482,1,1,0,0,0,8,11,15,34,12,15,15
220483,0,1,15,0,0,13,24,0,0,0,22,10
220483,1,1,0,0,0,0,0,0,0,0,0,0
220484,0,1,0,0,0,0,0,0,0,0,0,0
220484,1,1,0,0,0,0,0,0,0,0,0,0
220485,1,1,17,17,17,17,17,17,17,17,17,17
220485,2,1,0,0,0,0,0,0,0,0,0,0
220486,1,1,0,0,0,0,0,0,0,0,0,0
220487,0,1,0,21,0,11,0,21,20,0,18,17
220487,1,1,0,0,0,0,0,0,0,0,0,0
220488,1,1,0,0,0,0,0,0,0,0,0,0
220488,2,1,0,0,0,0,0,0,0,0,0,0
220489,1,1,0,0,0,0,0,0,0,0,0,0
220490,1,1,24,24,24,24,24,24,24,24,24,24
220491,1,1,24,24,24,24,24,24,24,24,24,24
220492,0,1,24,24,8,0,9,0,0,0,14,0
220492,1,1,0,0,0,0,0,0,0,0,0,0
220493,1,1,15,15,15,15,15,15,15,15,15,15
220493,2,1,0,0,0,0,0,0,0,0,0,0
220494,1,1,18,18,18,18,18,18,18,18,18,18
220495,1,1,0,0,0,0,0,0,0,0,0,0
220495,2,1,0,0,0,0,0,0,0,0,0,0
220496,1,1,8,8,8,8,8,8,8,8,8,8
220496,2,1,0,0,0,0,0,0,0,0,0,0
220497,1,1,0,0,0,0,0,0,0,0,0,0
220497,2,1,0,0,0,0,0,0,0,0,0,0
220498,1,1,0,0,0,0,0,0,0,0,0,0
220499,1,1,16,26,22,0,8,17,0,0,0,0
220500,1,1,0,0,0,0,0,0,0,0,0,0
220500,2,1,0,0,0,0,0,0,0,0,0,0
220501,1,1,0,0,0,0,0,0,0,0,0,0
220501,2,1,0,0,0,0,0,0,0,0,0,0
220502,1,1,0,0,0,0,0,0,0,0,0,0
220502,2,1,0,0,0,0,0,0,0,0,0,0
220503,1,1,0,0,0,0,0,0,0,0,0,0
220503,2,1,0,0,0,0,0,0,0,0,0,0
220504,1,1,0,0,36,0,0,0,0,0,0,0
220505,1,1,0,0,0,0,0,0,0,0,0,0
220505,2,1,0,0,0,0,0,0,0,0,0,0
220506,1,1,0,0,0,26,0,0,13,9,0,0
220506,2,1,19,19,19,19,19,19,19,19,19,19
220507,1,1,0,0,0,0,0,0,0,0,8,0
220508,1,1,6,6,6,6,6,6,6,6,6,6
220509,1,1,0,0,0,0,0,0,0,0,0,0
220509,2,1,0,0,0,0,0,0,0,0,0,0
220510,1,1,21,21,21,21,21,21,21,21,21,21
220511,1,1,0,0,0,0,0,0,0,0,0,0
220511,2,1,0,0,0,0,0,0,0,0,0,0
220512,1,1,28,28,28,28,28,28,28,28,28,28
220513,0,1,0,0,0,0,0,0,0,0,0,0
220513,1,1,0,0,0,0,0,0,0,0,0,0
220514,1,1,0,0,0,0,0,0,0,0,0,0
220515,1,1,8,8,8,8,8,8,8,8,8,8
220516,1,1,6,0,0,0,0,0,6,15,0,0
220516,2,1,0,0,0,0,0,0,0,0,0,0
220517,1,1,0,0,0,0,0,0,0,0,0,0
220517,2,1,0,0,0,0,0,0,0,0,0,0
220518,1,1,0,0,0,0,0,0,0,0,0,0
220519,0,1,0,0,22,28,0,6,9,0,0,0
220519,1,1,0,0,0,0,0,0,0,0,0,0
220520,1,1,10,10,10,10,10,10,10,10,10,10
220521,1,1,0,0,0,0,0,0,0,0,0,0
220522,0,1,12,0,0,0,0,0,0,5,0,3
220522,1,1,0,0,0,0,0,0,0,0,0,0
220523,0,1,0,0,0,0,0,0,0,0,0,0
220523,1,1,0,0,0,0,0,0,0,0,0,0
220524,1,1,0,0,0,0,0,0,0,0,0,0
220524,2,1,0,0,0,0,0,0,0,0,0,0
220524,3,1,0,0,0,0,0,0,0,0,0,0
220525,1,1,12,12,12,12,12,12,12,12,12,12
220525,2,1,0,0,0,37,0,0,0,10,0,0
220526,1,1,0,0,0,0,0,0,0,0,0,0
220526,2,1,0,0,0,0,0,0,0,0,0,0
220527,1,1,15,15,15,15,15,15,15,15,15,15
220528,1,1,0,0,0,0,0,0,0,0,0,0
220529,0,1,8,22,9,25,26,25,8,0,25,9
220529,1,1,0,0,0,0,0,0,0,0,0,0
220530,1,1,0,0,0,0,0,0,0,0,0,0
220530,2,1,0,0,0,0,0,0,0,0,0,0
220530,3,1,0,0,0,0,0,0,0,0,0,0
220531,0,1,0,0,0,0,0,0,0,0,0,0
220531,1,1,13,13,13,13,13,13,13,13,13,13
220532,0,1,0,0,12,11,46,12,16,0,0,0
220532,1,1,0,0,0,8,0,0,4,0,0,0
220533,0,1,20,0,20,0,11,0,0,0,0,0
220533,1,1,0,0,0,0,0,0,0,0,0,0
220534,1,1,0,0,0,0,0,0,0,0,0,0
220534,2,1,0,0,0,0,0,0,0,0,0,0
220535,1,1,0,0,0,0,0,0,0,0,0,0
220535,2,1,0,0,0,0,0,0,0,0,0,0
220536,0,1,0,15,21,0,22,21,0,0,21,21
220536,1,1,0,3,0,0,0,0,0,0,0,0
220537,1,1,0,0,0,0,0,18,0,0,0,0
220537,2,1,0,0,6,0,0,0,0,0,0,0
220537,3,1,0,0,0,0,0,0,0,0,0,0
220538,1,1,0,0,0,0,0,0,0,0,6,0
220538,2,1,0,0,0,0,0,18,0,0,0,0
220538,3,1,0,0,0,0,0,0,0,0,0,0
220538,4,1,0,0,0,0,0,0,0,0,0,0
220539,1,1,0,0,0,0,0,0,0,0,0,0
220539,2,1,0,0,0,0,0,0,0,0,0,0
220540,1,1,24,24,24,24,24,24,24,24,24,24
220541,1,1,0,0,0,0,0,22,0,0,0,0
220541,2,1,0,0,0,0,0,0,0,0,0,0
220541,3,1,0,0,0,0,0,0,0,0,0,0
220541,4,1,0,0,0,0,0,0,0,0,0,0
220542,1,1,0,10,0,0,0,0,0,0,0,9
220542,2,1,0,0,0,18,0,0,0,0,0,0
220543,1,1,8,24,0,0,8,0,0,0,0,0
220543,2,1,0,0,0,0,0,0,0,0,0,0
220543,3,1,0,0,0,0,0,0,0,0,0,0
220544,1,1,20,20,20,20,20,20,20,20,20,20
220544,2,1,0,0,0,0,0,0,0,0,0,0
220545,1,1,0,0,0,0,0,0,0,0,0,0
220545,2,1,3,3,3,3,3,3,3,3,3,3
220546,1,1,0,0,0,0,0,0,0,0,0,0
220546,2,1,0,0,0,0,0,0,0,0,0,0
220547,1,1,0,0,0,0,0,0,0,0,0,0
220547,2,1,0,0,0,0,0,10,0,0,0,0
220548,1,1,0,0,0,0,0,0,0,0,0,0
220549,1,1,0,20,0,0,0,0,0,6,0,0
220549,2,1,0,0,0,0,0,0,0,0,0,0
220550,1,1,26,24,21,30,7,9,14,16,9,17
220551,1,1,0,0,0,0,0,9,0,0,0,0
220551,2,1,0,0,0,0,0,0,0,0,0,0
220552,1,1,0,0,0,0,0,0,0,0,0,0
220553,1,1,21,21,21,21,21,21,21,21,21,21
220554,1,1,0,0,0,0,0,0,0,0,0,0
220555,1,1,0,0,0,0,0,0,0,0,0,0
220555,2,1,0,0,0,0,0,0,0,0,0,0
220556,1,1,0,0,0,0,0,0,0,0,0,0
220556,2,1,0,18,0,13,24,0,0,0,0,0
220557,1,1,2,2,2,2,2,2,2,2,2,2
220558,1,1,32,32,32,32,32,32,32,32,32,32
220559,0,1,0,45,0,14,41,14,6,41,31,27
220559,1,1,0,6,7,0,0,17,7,0,0,0
220560,1,1,28,28,28,28,28,28,28,28,28,28
220561,0,1,12,12,12,12,12,12,12,12,12,12
220561,1,1,0,0,0,0,0,0,0,0,0,0
220562,1,1,0,0,0,0,0,0,0,0,0,0
220563,1,1,0,0,0,0,0,0,0,0,0,0
220564,1,1,0,0,0,19,0,0,0,19,0,19
220564,2,1,0,0,0,17,5,0,0,0,0,0
220565,0,1,37,37,37,37,37,37,37,37,37,37
220565,1,1,0,0,0,0,0,0,0,0,0,0
220566,1,1,0,0,0,0,0,0,0,0,0,0
220567,1,1,17,17,17,17,17,17,17,17,17,17
220568,0,1,22,12,36,22,18,30,20,9,19,10
220568,1,1,0,0,0,0,0,0,0,0,0,0
220569,1,1,0,0,0,0,0,0,0,0,0,0
220569,2,1,0,0,0,0,0,0,0,0,0,0
220570,1,1,0,0,24,0,16,17,0,0,13,0
220571,1,1,0,0,0,0,0,0,0,0,0,0
220571,2,1,0,0,0,0,0,0,0,0,0,0
220572,1,1,13,34,48,8,19,23,13,26,19,21
220573,1,1,0,0,0,0,0,0,0,0,0,0