ST_CASE,VEH_NO,PER_NO,P1,P2,P3,P4,P5,P6,P7,P8,P9,P10
220574,1,1,0,0,0,0,0,0,0,0,0,0
220574,2,1,0,0,0,0,0,0,0,0,0,0
220574,3,1,0,0,0,0,0,0,0,0,0,0
220575,1,1,0,0,0,0,0,0,0,0,0,0
220576,1,1,18,18,18,18,18,18,18,18,18,18
220577,0,1,20,20,20,20,20,20,20,20,20,20
220577,1,1,0,0,0,0,0,0,0,0,0,0
220578,1,1,8,8,8,8,8,8,8,8,8,8
220579,1,1,8,8,8,8,8,8,8,8,8,8
220580,1,1,14,0,0,0,0,24,29,20,0,0
220581,1,1,0,0,0,0,16,0,0,0,0,0
220581,2,1,0,0,0,0,0,0,0,0,0,0
220582,0,1,20,38,0,9,28,3,17,21,0,26
220582,1,1,0,0,0,0,0,0,0,0,0,0
220583,0,1,24,0,0,0,0,4,0,0,0,0
220583,1,1,0,0,0,0,0,0,0,0,0,0
220584,1,1,21,14,9,0,0,10,22,18,11,27
220584,2,1,0,0,0,0,0,0,0,0,0,0
220585,0,1,18,18,18,18,18,18,18,18,18,18
220585,1,1,0,0,0,0,0,0,0,0,0,0
220586,1,1,0,0,0,0,0,0,0,0,0,0
220586,2,1,0,0,0,0,0,0,0,0,0,0
220587,1,1,0,0,0,0,0,0,0,0,0,0
220587,2,1,0,0,0,0,0,0,0,0,0,0
220588,0,1,20,20,20,20,20,20,20,20,20,20
220588,0,2,0,0,0,8,26,0,23,23,0,33
220588,1,1,0,0,0,0,0,0,0,0,0,0
220588,2,1,0,0,0,0,0,0,0,0,0,0
220589,1,1,0,0,0,0,0,0,0,0,0,0
220589,2,1,0,0,0,0,0,0,0,0,0,0
220590,1,1,6,6,6,6,6,6,6,6,6,6
220591,1,1,0,0,0,0,0,0,0,0,0,0
220592,1,1,0,0,0,0,0,0,0,0,0,0
220592,2,1,0,0,0,0,0,0,0,0,0,0
220593,1,1,36,25,0,17,14,0,15,20,0,13
220594,1,1,12,12,12,12,12,12,12,12,12,12
220595,1,1,0,0,0,0,0,0,0,0,0,0
220595,2,1,0,0,0,0,0,0,0,0,0,0
220596,1,1,0,0,0,0,0,0,0,0,0,0
220596,2,1,0,0,0,0,0,0,0,0,0,0
220597,1,1,0,0,0,0,0,0,0,0,0,0
220598,1,1,0,0,0,0,0,0,0,0,0,0
220598,2,1,0,0,0,0,0,0,0,0,0,0
220599,1,1,0,0,0,0,0,0,0,0,0,0
220599,2,1,0,0,0,0,0,0,0,0,0,0
220600,1,1,0,0,0,0,21,0,0,0,0,0
220600,2,1,0,0,0,0,0,0,0,0,13,0
220600,3,1,0,0,0,0,0,0,0,0,0,0
220600,4,1,19,0,0,0,0,0,0,0,0,30
220601,1,1,0,0,0,0,0,0,0,0,0,0
220602,1,1,0,0,0,0,0,0,0,0,0,0
220602,2,1,0,0,0,0,0,0,0,0,0,0
220603,1,1,0,18,0,5,0,0,11,0,0,0
220604,1,1,0,0,0,0,0,0,0,0,0,0
220604,2,1,0,0,0,0,0,0,0,0,0,0
220605,0,1,15,22,0,28,23,12,43,34,36,30
220605,1,1,0,0,0,0,0,0,0,0,0,0
220606,1,1,0,0,0,0,0,0,0,0,0,0
220606,2,1,0,0,0,0,0,0,0,0,0,0
220607,0,1,0,0,0,0,0,0,0,0,0,0
220607,1,1,0,0,0,0,0,0,0,0,0,3
220608,1,1,6,0,13,0,6,11,0,10,9,0
220608,2,1,0,0,0,0,0,0,0,0,0,0
220609,1,1,0,12,0,0,0,0,16,0,0,0
220610,1,1,7,0,0,14,0,0,0,0,0,0
220611,1,1,0,0,0,0,0,0,0,0,0,0
220611,2,1,0,0,0,0,0,0,0,0,0,0
220612,0,1,22,18,21,21,31,17,8,44,21,23
220612,1,1,0,0,0,0,0,0,0,0,0,0
220613,0,1,0,0,0,0,0,0,0,0,0,0
220613,1,1,0,0,0,0,0,0,0,0,0,0
220614,1,1,2,2,2,2,2,2,2,2,2,2
220614,2,1,0,0,0,0,0,0,0,0,0,0
220615,1,1,0,0,0,0,0,0,0,0,0,0
220616,1,1,0,0,0,0,0,0,0,0,0,0
220616,2,1,0,0,0,0,0,0,0,0,0,0
220616,3,1,0,0,0,0,0,0,0,0,0,0
220617,1,1,2,2,2,2,2,2,2,2,2,2
220617,2,1,0,0,0,0,0,0,0,0,0,0
220618,1,1,0,0,0,0,0,0,0,0,0,0
220619,0,1,0,0,0,0,9,0,16,0,19,50
220619,1,1,0,0,0,0,0,0,0,0,0,0
220620,1,1,0,16,17,19,0,23,0,21,0,0
220621,0,1,11,11,11,11,11,11,11,11,11,11
220621,1,1,21,21,21,21,21,21,21,21,21,21
220622,1,1,0,0,0,0,0,0,0,0,0,0
220622,2,1,0,0,0,0,0,0,0,0,0,0
220623,1,1,6,9,14,9,17,0,13,11,4,0
220623,2,1,0,0,0,0,0,0,0,0,0,0
220624,1,1,0,0,0,0,0,0,0,0,0,0
220625,1,1,0,0,0,0,0,0,0,0,0,0
220625,2,1,0,0,0,0,0,0,0,0,0,0
220626,1,1,18,18,18,18,18,18,18,18,18,18
220627,1,1,15,15,15,15,15,15,15,15,15,15
220628,1,1,0,0,0,0,0,0,0,0,0,0
220628,2,1,0,0,0,0,0,0,0,0,0,0
220629,0,1,0,0,0,0,0,0,0,0,0,0
220629,1,1,0,0,0,0,0,0,0,0,0,0
220630,1,1,0,0,0,0,0,0,0,0,0,0
220630,2,1,0,0,0,0,0,0,0,0,0,0
220631,1,1,37,37,37,37,37,37,37,37,37,37
220632,2,1,0,0,0,19,0,0,0,0,0,0
220633,1,1,0,0,0,0,0,0,0,0,0,0
220633,2,1,0,0,0,0,0,0,11,0,0,0
220633,3,1,0,0,0,0,0,0,0,0,0,0
220633,4,1,0,0,0,0,0,0,0,0,0,0
220634,0,1,0,0,0,0,0,0,0,0,0,0
220634,1,1,0,0,0,0,0,0,0,0,0,0
220635,0,1,0,0,0,0,0,0,0,0,0,0
220635,0,2,26,0,0,0,0,0,0,0,14,0
220635,1,1,0,0,0,0,0,0,0,8,23,0
220636,1,1,0,0,0,0,0,0,0,0,0,0
220637,1,1,0,0,0,0,0,0,0,24,0,0
220637,2,1,0,0,17,0,0,0,0,0,0,0
220637,3,1,0,0,9,0,0,0,0,0,0,0
220638,1,1,0,0,0,0,0,0,0,0,0,0
220638,2,1,0,0,13,0,0,0,0,0,0,0
220638,3,1,0,0,0,0,0,0,0,0,0,0
230001,1,1,0,0,0,0,0,0,0,0,0,0
230001,2,1,0,0,0,0,0,0,0,0,0,0
230002,1,1,0,0,0,0,0,0,0,0,0,0
230003,1,1,1,1,1,1,1,1,1,1,1,1
230004,1,1,0,0,0,0,0,0,0,0,0,0
230004,2,1,0,0,0,0,0,0,0,0,0,0
230005,0,1,0,0,0,0,0,0,0,0,0,0
230005,1,1,0,0,0,0,0,0,0,0,0,0
230006,1,1,0,0,0,0,0,0,0,0,0,0
230007,1,1,0,0,0,0,0,0,0,0,0,0
230008,1,1,2,2,2,2,2,2,2,2,2,2
230009,1,1,27,27,27,27,27,27,27,27,27,27
230010,1,1,0,0,0,0,0,0,0,0,0,0
230010,2,1,0,0,0,0,0,0,0,0,0,0
230011,1,1,1,1,1,1,1,1,1,1,1,1
230011,2,1,0,0,0,0,0,0,0,0,0,0
230012,1,1,0,0,0,0,0,0,0,0,0,0
230012,2,1,0,0,0,0,0,0,0,0,0,0
230013,1,1,24,24,24,24,24,24,24,24,24,24
230014,1,1,0,0,0,0,0,0,0,0,0,0
230015,1,1,1,1,1,1,1,1,1,1,1,1
230015,2,1,0,0,0,0,0,0,0,0,0,0
230016,1,1,0,0,0,0,0,0,0,0,0,0
230017,1,1,0,0,17,0,0,0,9,0,0,16
230017,2,1,0,0,0,0,0,0,0,0,0,0
230018,1,1,1,1,1,1,1,1,1,1,1,1
230019,1,1,0,0,0,0,0,0,0,0,0,0
230020,1,1,0,0,0,0,0,0,0,0,0,0
230020,2,1,0,0,0,0,0,0,0,0,0,0
230021,1,1,0,0,0,0,0,0,0,0,0,0
230021,2,1,0,0,0,0,0,0,0,0,0,0
230022,1,1,0,0,0,0,0,0,0,0,0,0
230022,2,1,0,0,0,0,0,0,0,0,0,0
230023,1,1,0,0,0,0,0,0,0,0,0,0
230023,2,1,0,0,0,0,0,0,0,0,0,0
230024,1,1,0,0,0,0,0,0,0,0,0,0
230024,2,1,0,0,0,0,0,0,0,0,0,0
230025,0,1,1,1,1,1,1,1,1,1,1,1
230025,1,1,0,0,0,0,0,0,0,0,0,0
230026,1,1,0,0,0,0,0,0,0,0,0,0
230026,2,1,0,0,0,0,0,0,0,0,0,0
230027,1,1,0,0,0,0,0,0,0,0,0,0
230027,2,1,0,0,0,0,0,0,0,0,0,0
230028,1,1,0,0,0,0,0,0,0,0,0,0
230029,1,1,0,0,0,0,0,0,0,0,0,0
230030,1,1,1,1,1,1,1,1,1,1,1,1
230031,1,1,0,0,0,0,0,0,0,0,0,0
230032,0,1,0,0,0,0,0,0,0,0,0,0
230032,1,1,0,0,0,0,0,0,0,0,0,0
230033,1,1,0,0,0,0,0,0,0,0,0,0
230033,2,1,0,0,0,0,0,0,0,0,0,0
230034,1,1,21,21,21,21,21,21,21,21,21,21
230035,1,1,0,0,0,0,0,0,0,0,0,0
230035,2,1,0,0,0,0,0,0,0,0,0,0
230036,0,1,0,0,0,0,0,0,0,0,0,0
230036,1,1,0,0,0,0,0,0,0,0,0,0
230037,1,1,14,14,14,14,14,14,14,14,14,14
230038,1,1,1,1,1,1,1,1,1,1,1,1
230039,1,1,2,2,2,2,2,2,2,2,2,2
230040,1,1,0,0,0,0,0,0,0,0,0,0
230041,1,1,0,0,0,0,0,0,0,0,0,0
230041,2,1,0,0,0,0,0,0,0,0,0,0
230042,1,1,0,0,0,0,0,0,0,0,0,0
230043,1,1,1,1,1,1,1,1,1,1,1,1
230044,0,1,0,0,0,0,0,0,0,0,0,0
230044,1,1,0,0,0,0,0,0,0,0,0,0
230045,1,1,18,18,18,18,18,18,18,18,18,18
230046,0,1,0,0,0,0,0,0,0,0,0,0
230046,1,1,0,0,0,0,0,0,0,0,0,0
230047,1,1,27,27,27,27,27,27,27,27,27,27
230048,1,1,15,15,15,15,15,15,15,15,15,15
230049,1,1,0,0,0,0,0,0,0,0,0,0
230049,2,1,6,6,6,6,6,6,6,6,6,6
230050,1,1,0,0,0,0,0,0,0,0,0,0
230051,1,1,0,0,0,0,0,0,0,0,0,0
230052,1,1,0,0,0,0,0,0,0,0,0,0
230053,1,1,0,0,0,0,0,0,0,0,0,0
230053,2,1,0,0,0,0,0,0,0,0,0,0
230054,1,1,0,0,0,0,0,0,0,0,0,0
230054,2,1,0,0,0,0,0,0,0,0,0,0
230055,1,1,10,10,10,10,10,10,10,10,10,10
230056,0,1,34,34,34,34,34,34,34,34,34,34
230056,1,1,0,0,0,0,0,0,0,0,0,0
230057,1,1,0,0,0,0,0,0,0,0,0,0
230057,2,1,0,0,0,0,0,0,0,0,0,0
230058,1,1,0,0,0,0,0,0,0,0,0,0
230058,2,1,0,0,0,0,0,0,0,0,0,0
230059,1,1,22,22,22,22,22,22,22,22,22,22
230059,2,1,0,0,0,0,0,0,0,0,0,0
230060,1,1,0,0,0,0,0,0,0,0,0,0
230060,2,1,0,0,0,0,0,0,0,0,0,0
230061,1,1,1,1,1,1,1,1,1,1,1,1
230062,1,1,8,8,8,8,8,8,8,8,8,8
230063,1,1,0,0,0,0,0,0,0,0,0,0
230064,1,1,22,22,22,22,22,22,22,22,22,22
230065,0,1,0,0,0,0,0,0,0,0,0,0
230065,1,1,0,0,0,0,0,0,0,0,0,0
230066,1,1,0,0,0,0,0,0,0,0,0,0
230066,2,1,0,0,0,0,0,0,0,0,0,0
230067,1,1,24,24,24,24,24,24,24,24,24,24
230068,1,1,5,5,5,5,5,5,5,5,5,5
230069,1,1,0,0,0,0,0,0,0,0,0,0
230069,2,1,18,18,18,18,18,18,18,18,18,18
230070,1,1,0,0,0,0,0,0,0,0,0,0
230070,2,1,0,0,0,0,0,0,0,0,0,0
230071,1,1,7,7,7,7,7,7,7,7,7,7
230072,1,1,12,12,12,12,12,12,12,12,12,12
230073,1,1,0,0,0,0,0,0,0,0,0,0
230074,1,1,17,17,17,17,17,17,17,17,17,17
230075,0,1,0,0,0,0,0,0,0,0,0,0
230075,1,1,0,0,0,0,0,0,0,0,0,0
230076,1,1,0,0,0,0,0,0,0,0,0,0
230077,1,1,0,0,0,0,0,0,0,0,0,0
230077,2,1,0,0,0,0,0,0,0,0,0,0
230077,3,1,0,0,0,0,0,0,0,0,0,0
230078,1,1,12,12,12,12,12,12,12,12,12,12
230079,1,1,0,0,0,0,0,0,0,0,0,0
230080,1,1,16,16,16,16,16,16,16,16,16,16
230081,1,1,0,0,0,0,0,0,0,0,0,0
230081,2,1,0,0,0,0,0,0,0,0,0,0
230082,1,1,26,26,26,26,26,26,26,26,26,26
230083,1,1,0,0,0,0,0,0,0,0,0,0
230083,2,1,0,0,0,0,0,0,0,0,0,0
230084,1,1,0,0,0,0,0,0,0,0,0,0
230085,1,1,0,0,0,0,0,0,0,0,0,0
230086,1,1,0,0,0,0,0,0,0,0,0,0
230086,2,1,1,1,1,1,1,1,1,1,1,1
230087,1,1,0,0,0,0,0,0,0,0,0,0
230088,1,1,0,0,0,0,0,0,0,0,0,0
230089,1,1,0,0,0,0,0,0,0,0,0,0
230090,1,1,0,0,0,0,0,0,0,0,0,0
230091,1,1,0,0,0,0,0,14,0,0,0,0
230091,2,1,0,0,0,0,0,0,0,0,0,0
230092,1,1,0,0,0,0,0,0,0,0,0,0
230093,1,1,0,0,0,0,0,0,0,0,0,0
230094,1,1,0,0,0,0,0,0,0,0,0,0
230094,2,1,13,13,13,13,13,13,13,13,13,13
230095,1,1,13,13,13,13,13,13,13,13,13,13
230096,1,1,0,0,0,0,0,0,0,0,0,0
230097,1,1,20,20,20,20,20,20,20,20,20,20
230098,1,1,0,0,0,0,0,0,0,0,0,0
230098,2,1,0,0,0,0,0,0,0,0,0,0
230099,1,1,0,0,0,0,0,0,0,0,0,0
230099,2,1,0,0,0,0,0,0,0,0,0,0
230100,1,1,0,0,0,0,0,0,0,0,0,0
230100,2,1,0,0,0,0,0,0,0,0,0,0
230101,1,1,23,23,23,23,23,23,23,23,23,23
230102,1,1,0,0,0,0,0,0,0,0,0,0
230103,1,1,0,0,0,0,0,0,0,0,0,0
230104,1,1,0,0,0,0,0,0,0,0,0,0
230105,1,1,0,0,0,0,0,0,0,0,0,0
230106,1,1,0,0,0,0,0,0,0,0,0,0
230107,1,1,0,0,0,0,0,0,0,0,0,0
230107,2,1,0,0,0,0,0,0,0,0,0,0
230108,1,1,24,24,24,24,24,24,24,24,24,24
230109,0,1,0,0,0,0,0,0,0,0,0,0
230109,1,1,0,0,0,0,0,0,0,0,0,0
230110,1,1,0,0,0,0,0,0,0,0,0,0
230111,1,1,0,0,0,0,0,0,0,0,0,0
230112,1,1,0,0,0,0,0,0,0,0,0,0
230112,2,1,0,0,0,0,0,0,0,0,0,0
230113,1,1,0,0,0,0,0,0,0,0,0,0
230114,1,1,0,0,0,0,0,0,0,0,0,0
230115,1,1,0,0,0,0,0,0,0,0,0,0
230115,2,1,0,0,0,0,0,0,0,0,0,0
230116,1,1,0,0,0,0,0,0,0,0,0,0
230116,2,1,0,0,0,0,0,0,0,0,0,0
230117,1,1,0,0,0,0,0,0,0,0,0,0
230117,2,1,0,0,0,0,0,0,0,0,0,0
230118,1,1,0,0,0,0,0,0,0,0,0,0
230119,1,1,0,0,0,0,0,0,0,0,0,0
230120,1,1,0,0,0,0,0,0,0,0,0,0
230121,1,1,6,6,6,6,6,6,6,6,6,6
230122,1,1,0,0,0,0,0,0,0,0,0,0
230123,0,1,0,0,0,0,0,0,0,0,0,0
230123,1,1,0,0,0,0,0,0,0,0,0,0
230124,1,1,0,0,0,0,0,0,0,0,0,0
230124,2,1,0,0,0,0,0,0,0,0,0,0
230125,1,1,0,0,0,0,0,0,0,0,0,0
230126,1,1,0,0,0,0,0,0,0,0,0,0
240001,1,1,17,17,17,17,17,17,17,17,17,17
240002,1,1,20,20,20,20,20,20,20,20,20,20
240002,2,1,0,0,0,0,0,0,0,0,0,0
240003,1,1,0,0,0,0,0,0,0,0,0,0
240004,1,1,0,0,0,0,0,0,0,0,0,0
240004,2,1,0,0,0,0,0,0,0,0,0,0
240004,3,1,0,0,0,0,0,0,0,0,0,0
240005,1,1,0,0,0,0,0,0,0,0,0,0
240006,1,1,0,0,0,0,0,0,0,0,0,0
240007,1,1,0,0,0,0,0,0,0,0,0,0
240008,0,1,14,14,14,14,14,14,14,14,14,14
240008,1,1,0,0,0,12,0,0,0,0,0,0
240009,1,1,23,23,23,23,23,23,23,23,23,23
240009,2,1,0,0,0,0,0,0,0,0,0,0
240010,1,1,0,0,0,0,0,0,0,0,0,0
240010,2,1,0,0,0,0,0,0,0,0,0,0
240011,1,1,0,0,0,0,0,0,0,0,0,0
240012,1,1,0,0,0,0,0,0,0,0,0,0
240012,2,1,1,1,1,1,1,1,1,1,1,1
240013,1,1,15,15,15,15,15,15,15,15,15,15
240015,0,1,0,0,0,0,0,0,0,0,0,0
240015,1,1,0,0,0,0,0,0,0,0,0,0
240016,0,1,0,0,0,0,0,0,0,0,0,0
240016,1,1,0,0,0,0,0,4,0,0,0,0
240017,1,1,0,0,0,0,0,0,0,0,0,0
240017,2,1,0,0,0,0,0,0,0,0,0,0
240018,1,1,9,9,9,9,9,9,9,9,9,9
240019,1,1,17,17,17,17,17,17,17,17,17,17
240019,2,1,0,0,0,0,0,0,8,0,0,0
240020,1,1,0,0,0,0,0,0,0,0,0,0
240020,2,1,0,0,0,0,0,0,0,0,0,0
240021,0,1,26,26,26,26,26,26,26,26,26,26
240021,1,1,0,0,0,0,0,0,0,0,0,0
240022,1,1,12,12,12,12,12,12,12,12,12,12
240022,2,1,7,7,7,7,7,7,7,7,7,7
240023,1,1,0,0,0,0,0,0,0,0,0,0
240024,0,1,0,0,0,0,0,0,0,0,0,0
240024,1,1,0,0,0,0,0,0,0,0,0,0
240025,2,1,2,2,2,2,2,2,2,2,2,2
240026,1,1,0,0,19,0,0,9,0,0,0,0
240026,2,1,9,9,9,9,9,9,9,9,9,9
240027,1,1,0,0,0,0,0,0,0,0,0,0
240027,2,1,0,0,0,0,0,0,0,0,0,0
240028,0,1,36,36,36,36,36,36,36,36,36,36
240028,1,1,0,0,0,0,0,0,0,0,0,0
240029,0,1,0,0,0,0,0,0,0,0,0,0
240029,1,1,10,10,10,10,10,10,10,10,10,10
240030,1,1,0,0,0,0,0,0,0,0,0,0
240030,2,1,0,0,0,0,0,0,0,0,0,0
240031,0,1,0,0,0,0,0,0,0,0,0,0
240031,1,1,0,0,0,0,0,0,0,0,0,0
240032,1,1,0,0,0,0,0,0,0,0,0,0
240032,2,1,0,0,0,0,0,0,0,0,0,0
240033,1,1,0,0,0,0,0,0,0,0,0,0
240034,1,1,13,13,13,13,13,13,13,13,13,13
240035,1,1,0,0,0,0,0,0,0,0,0,0
240035,2,1,0,0,0,0,0,0,0,0,0,0
240036,1,1,14,14,14,14,14,14,14,14,14,14
240036,2,1,0,0,0,0,0,0,0,0,0,0
240037,1,1,0,0,0,0,0,0,0,0,0,0
240038,0,1,0,0,0,0,0,0,0,0,0,0
240038,1,1,0,0,0,0,0,0,0,0,0,0
240038,2,1,0,0,8,0,0,0,0,0,0,0
240039,1,1,0,0,0,0,0,0,0,0,0,0
240040,0,1,18,18,18,18,18,18,18,18,18,18
240040,1,1,26,26,0,0,0,0,25,7,6,0
240041,0,1,0,0,0,0,0,0,0,0,0,0
240041,1,1,0,0,0,0,0,0,0,0,0,0
240042,0,1,23,23,23,23,23,23,23,23,23,23
240042,1,1,23,0,0,0,9,0,0,0,5,0
240043,1,1,16,22,13,10,19,6,5,21,0,0
240043,2,1,0,0,0,0,0,0,0,0,0,0
240044,1,1,0,0,0,0,0,0,0,0,0,0
240045,1,1,10,10,10,10,10,10,10,10,10,10
240046,1,1,21,21,21,21,21,21,21,21,21,21
240047,1,1,0,0,0,0,0,0,0,0,0,0
240047,2,1,0,0,0,0,0,0,0,0,7,0
240048,0,1,0,0,0,0,0,0,0,0,0,0
240048,1,1,13,13,13,13,13,13,13,13,13,13
240049,1,1,0,0,0,0,0,0,0,0,0,0
240049,2,1,0,0,2,0,0,0,0,0,0,0
240050,1,1,24,24,24,24,24,24,24,24,24,24
240050,2,1,0,0,4,0,0,0,0,0,0,0
240051,1,1,0,0,0,0,0,0,0,0,0,0
240052,1,1,5,5,5,5,5,5,5,5,5,5
240053,1,1,0,0,0,0,0,0,0,0,0,0
240054,1,1,26,26,26,26,26,26,26,26,26,26
240054,2,1,0,0,0,0,0,0,0,0,0,0
240054,3,1,0,0,0,0,0,0,0,0,3,0
240055,1,1,15,15,15,15,15,15,15,15,15,15
240056,0,1,0,0,0,0,0,0,0,0,0,0
240056,1,1,0,0,0,0,0,0,0,0,0,0
240057,1,1,0,0,0,0,13,0,0,0,0,24
240058,1,1,0,0,0,0,0,0,0,0,0,0
240058,2,1,0,0,0,0,0,0,0,0,0,0
240059,1,1,0,0,0,0,0,0,0,0,0,0
240059,2,1,0,0,0,0,0,0,0,0,0,0
240060,1,1,16,16,16,16,16,16,16,16,16,16
240061,1,1,12,12,12,12,12,12,12,12,12,12
240061,3,1,0,0,0,0,0,0,0,0,0,0
240062,0,1,0,0,0,0,0,0,0,0,0,0
240062,1,1,0,0,0,0,0,0,0,0,0,0
240063,0,1,28,28,28,28,28,28,28,28,28,28
240063,1,1,0,0,0,0,0,0,0,0,0,0
240063,2,1,0,0,0,0,0,0,0,0,0,0
240064,1,1,0,13,0,0,0,0,9,17,29,13
240064,2,1,26,17,0,0,17,0,8,0,0,15
240065,1,1,0,0,0,0,0,0,0,0,0,0
240065,2,1,0,0,0,0,0,0,0,0,0,0
240065,3,1,0,0,0,0,0,0,0,0,0,0
240066,1,1,10,10,10,10,10,10,10,10,10,10
240067,1,1,25,25,25,25,25,25,25,25,25,25
240067,2,1,0,0,0,12,0,0,0,0,0,0
240068,1,1,7,0,0,0,0,0,0,0,0,0
240068,2,1,0,0,0,0,0,0,0,0,0,0
240069,1,1,0,0,0,0,0,0,0,0,0,0
240070,1,1,11,11,11,11,11,11,11,11,11,11
240071,1,1,14,14,14,14,14,14,14,14,14,14
240071,2,1,0,0,0,0,0,0,0,0,0,0
240071,3,1,0,0,0,0,0,0,5,0,0,0
240072,1,1,0,5,0,0,0,15,14,0,0,0
240072,2,1,0,0,0,0,0,0,0,0,0,0
240073,1,1,0,0,0,0,0,0,0,0,0,0
240073,2,1,0,0,0,0,0,0,0,0,0,0
240074,0,1,0,0,0,0,0,0,0,0,0,0
240074,1,1,0,0,0,0,0,0,0,0,0,0
240075,1,1,0,0,0,0,0,0,0,0,0,0
240075,2,1,0,0,0,0,0,0,0,0,0,0
240076,1,1,25,25,25,25,25,25,25,25,25,25
240077,1,1,10,10,10,10,10,10,10,10,10,10
240077,2,1,14,14,14,14,14,14,14,14,14,14
240078,0,1,4,4,4,4,4,4,4,4,4,4
240078,1,1,0,0,0,0,16,41,0,0,0,0
240079,1,1,0,0,9,0,0,0,0,0,27,0
240079,2,1,0,0,0,0,0,0,0,0,0,0
240080,1,1,12,12,12,12,12,12,12,12,12,12
240081,1,1,0,0,0,0,0,0,0,0,0,0
240082,1,1,20,20,20,20,20,20,20,20,20,20
240083,1,1,0,0,0,0,16,0,0,0,0,0
240083,2,1,0,0,0,0,0,0,0,0,0,0
240083,3,1,0,0,0,0,0,0,0,0,0,0
240084,0,1,0,0,0,0,0,0,0,0,0,0
240084,1,1,0,0,0,0,0,0,0,0,0,0
240085,1,1,0,0,0,0,0,0,0,0,0,0
240086,1,1,9,9,9,9,9,9,9,9,9,9
240087,1,1,13,13,13,13,13,13,13,13,13,13
240088,1,1,0,0,0,0,0,0,0,0,0,0
240088,2,1,0,0,0,0,0,0,0,0,0,0
240089,0,1,0,0,0,0,0,0,0,0,0,0
240089,1,1,0,0,0,0,0,0,0,0,0,0
240090,1,1,19,19,19,19,19,19,19,19,19,19
240091,0,1,0,0,0,0,0,0,0,0,0,0
240091,1,1,13,0,0,0,0,0,0,0,0,0
240092,1,1,29,29,29,29,29,29,29,29,29,29
240093,1,1,0,0,0,0,0,0,0,0,0,0
240093,2,1,0,0,0,0,0,0,0,0,0,0
240094,1,1,17,17,17,17,17,17,17,17,17,17
240094,2,1,0,0,0,0,0,0,0,0,0,0
240095,0,1,0,0,0,0,0,0,0,0,0,0
240095,1,1,0,0,0,0,0,0,0,0,0,0
240096,1,1,0,0,0,0,0,0,0,0,0,0
240097,1,1,16,16,16,16,16,16,16,16,16,16
240098,1,1,0,0,0,15,16,0,0,0,0,10
240098,2,1,26,0,0,0,0,0,0,0,0,0
240099,0,1,0,0,0,0,0,0,0,0,0,0
240099,1,1,0,0,0,0,0,0,0,0,0,0
240100,1,1,0,0,0,0,0,0,0,0,0,0
240100,2,1,0,0,0,0,0,0,0,0,0,0
240101,1,1,14,14,14,14,14,14,14,14,14,14
240102,1,1,2,2,2,2,2,2,2,2,2,2
240103,1,1,0,0,0,0,0,0,0,0,0,0
240103,2,1,0,0,0,0,0,0,0,0,0,0
240104,1,1,0,18,0,0,0,14,16,0,0,0
240104,2,1,12,0,0,0,25,0,0,0,0,0
240105,1,1,6,6,6,6,6,6,6,6,6,6
240106,0,1,0,0,0,0,0,0,0,0,0,0
240106,1,1,0,0,0,0,0,0,0,0,0,0
240107,1,1,0,0,0,0,0,0,0,0,0,0
240107,2,1,0,0,0,0,0,0,0,0,0,0
240107,3,1,0,0,0,11,0,0,0,0,0,0
240108,1,1,16,16,16,16,16,16,16,16,16,16
240109,1,1,0,0,0,0,0,0,0,0,0,0
240110,0,1,15,0,0,9,0,0,0,15,17,0
240110,1,1,0,0,0,0,0,0,24,0,0,0
240111,1,1,0,0,0,0,0,0,0,0,0,0
240112,1,1,0,0,0,8,0,13,0,0,0,0
240112,2,1,0,0,0,0,0,0,0,0,0,0
240113,1,1,0,0,0,0,0,0,0,0,0,0
240114,1,1,0,0,0,0,0,0,0,0,0,0
240115,1,1,0,0,0,10,0,0,17,0,0,0
240116,1,1,0,0,0,0,0,0,0,0,0,0
240117,1,1,0,0,0,0,0,0,0,0,0,0
240117,2,1,0,0,0,0,0,0,0,0,6,0
240118,1,1,0,0,0,0,0,0,0,0,0,0
240118,2,1,0,0,0,0,0,0,0,0,0,0
240119,1,1,0,0,0,0,0,0,0,0,0,0
240119,2,1,0,0,0,0,0,0,0,0,0,0
240120,0,1,0,0,0,0,0,0,8,0,0,0
240120,1,1,0,0,0,0,0,0,0,0,0,0
240121,1,1,3,3,3,3,3,3,3,3,3,3
240121,2,1,14,14,14,14,14,14,14,14,14,14
240122,1,1,0,0,0,0,11,4,0,18,0,0
240122,2,1,0,0,0,0,0,0,0,0,0,0
240123,1,1,0,0,0,0,0,0,0,0,0,0
240124,0,1,0,0,0,0,0,0,0,0,0,0
240124,1,1,0,0,0,0,0,0,0,0,0,0
240125,1,1,3,3,3,3,3,3,3,3,3,3
240125,2,1,0,0,0,14,0,0,0,0,0,0
240126,0,1,0,0,0,0,0,0,0,0,0,0
240126,0,2,17,0,0,13,23,0,12,0,0,0
240126,1,1,18,18,18,18,18,18,18,18,18,18
240127,1,1,0,0,0,0,0,0,0,0,0,0
240128,1,1,15,15,15,15,15,15,15,15,15,15
240129,1,1,0,0,0,0,0,0,0,0,0,0
240130,1,1,0,0,0,0,0,0,0,0,0,0
240130,2,1,0,0,0,0,0,0,0,0,0,0
240131,1,1,3,3,3,3,3,3,3,3,3,3