ST_CASE,VEH_NO,PER_NO,P1,P2,P3,P4,P5,P6,P7,P8,P9,P10
240132,1,1,0,0,0,0,0,0,0,0,0,13
240132,2,1,0,0,0,0,0,0,0,0,0,0
240133,1,1,18,18,18,18,18,18,18,18,18,18
240133,2,1,0,0,0,0,0,0,0,0,9,0
240134,0,1,15,15,15,15,15,15,15,15,15,15
240134,1,1,0,0,0,0,0,0,0,0,0,0
240135,1,1,14,14,14,14,14,14,14,14,14,14
240136,1,1,0,0,0,0,0,0,0,0,0,0
240137,1,1,0,0,0,0,0,0,0,0,0,0
240137,2,1,0,0,0,0,0,0,0,0,0,0
240138,1,1,8,8,8,8,8,8,8,8,8,8
240139,1,1,0,0,0,18,0,0,0,0,0,0
240139,2,1,0,0,0,0,13,0,0,0,0,0
240140,1,1,0,15,17,0,21,13,18,13,0,12
240141,1,1,24,24,24,24,24,24,24,24,24,24
240142,1,1,0,0,0,0,0,0,0,0,0,0
240142,2,1,0,0,0,0,0,0,0,0,0,0
240143,1,1,6,6,6,6,6,6,6,6,6,6
240144,1,1,0,0,0,0,0,0,0,0,0,0
240144,2,1,0,0,0,0,0,0,0,0,0,0
240144,3,1,0,0,0,0,0,0,0,0,0,0
240145,1,1,0,0,0,19,0,0,0,0,0,0
240145,2,1,0,0,0,0,0,0,0,0,0,0
240146,1,1,16,16,16,16,16,16,16,16,16,16
240146,2,1,0,0,0,0,0,0,0,0,0,0
240147,1,1,14,14,14,14,14,14,14,14,14,14
240147,2,1,13,13,13,13,13,13,13,13,13,13
240148,1,1,0,0,0,0,0,0,0,0,0,0
240148,2,1,0,0,0,0,0,0,0,0,0,0
240149,1,1,0,0,0,0,0,0,0,0,0,0
240150,1,1,8,8,8,8,8,8,8,8,8,8
240151,0,1,3,3,3,3,3,3,3,3,3,3
240151,1,1,1,1,1,1,1,1,1,1,1,1
240152,1,1,22,22,22,22,22,22,22,22,22,22
240153,1,1,0,0,0,0,0,0,0,0,0,0
240154,1,1,0,0,0,0,0,0,0,0,0,0
240155,0,1,0,0,0,0,0,0,0,0,0,0
240155,1,1,0,0,0,0,0,0,0,0,0,0
240156,0,1,0,0,0,0,0,0,0,0,0,0
240156,1,1,0,0,0,0,0,12,0,0,0,0
240157,1,1,17,17,17,17,17,17,17,17,17,17
240158,1,1,24,24,24,24,24,24,24,24,24,24
240159,1,1,11,11,11,11,11,11,11,11,11,11
240160,1,1,0,0,0,0,0,0,0,0,0,0
240160,2,1,0,0,0,0,0,0,0,0,0,0
240161,1,1,12,12,12,12,12,12,12,12,12,12
240162,1,1,0,0,0,0,0,0,0,0,0,0
240163,1,1,0,0,15,0,13,0,16,0,0,0
240164,1,1,34,34,34,34,34,34,34,34,34,34
240164,2,1,0,0,0,0,0,0,0,0,0,0
240164,3,1,0,0,0,0,0,0,0,0,0,0
240165,0,1,0,0,0,0,0,0,0,0,0,0
240165,1,1,0,0,0,0,0,0,0,0,0,0
240166,1,1,0,0,0,0,0,0,0,0,0,0
240167,1,1,0,2,0,0,0,0,0,0,0,0
240167,2,1,0,0,0,0,0,0,0,0,0,0
240168,1,1,8,8,8,8,8,8,8,8,8,8
240168,2,1,0,0,0,0,10,0,0,0,0,0
240169,0,1,0,0,0,0,0,0,0,0,0,0
240169,1,1,0,0,0,0,0,0,0,0,0,0
240170,0,1,0,0,0,0,0,0,0,0,0,0
240170,1,1,0,0,0,0,5,15,20,33,14,13
240171,1,1,0,0,0,0,0,0,0,0,0,0
240171,2,1,0,0,0,0,0,0,0,0,0,0
240172,1,1,0,0,0,0,0,0,0,0,0,0
240172,2,1,0,11,0,0,0,0,0,0,0,0
240173,1,1,0,0,0,0,0,0,0,0,0,0
240174,1,1,0,0,0,0,0,0,0,0,0,0
240175,0,1,6,7,0,0,15,12,0,0,20,13
240175,1,1,0,0,0,0,10,0,0,0,0,0
240176,1,1,0,0,0,0,0,0,0,0,0,0
240177,1,1,8,8,8,8,8,8,8,8,8,8
240177,2,1,0,0,0,0,0,0,0,0,0,0
240178,1,1,0,0,0,0,0,0,0,0,0,0
240178,2,1,0,0,0,0,0,0,0,0,0,0
240179,1,1,0,0,0,0,0,0,0,0,0,0
240179,2,1,0,0,0,0,0,0,0,0,0,0
240180,0,1,0,0,0,0,0,0,0,0,0,0
240180,1,1,0,0,0,0,0,0,0,0,0,0
240181,1,1,12,12,12,12,12,12,12,12,12,12
240181,2,1,0,0,0,0,0,0,0,0,0,0
240181,3,1,0,0,13,0,0,0,0,0,0,0
240182,1,1,20,20,20,20,20,20,20,20,20,20
240183,0,1,0,0,0,0,0,0,0,0,0,0
240183,1,1,0,0,0,0,0,0,0,0,0,0
240184,0,1,0,0,12,0,0,0,0,0,0,0
240184,0,2,0,0,0,0,0,0,0,0,0,0
240184,1,1,0,0,0,0,0,0,0,0,0,0
240185,1,1,0,0,0,0,0,0,0,0,0,0
240186,1,1,4,4,4,4,4,4,4,4,4,4
240187,1,1,0,0,0,0,0,0,0,0,0,0
240187,2,1,0,11,0,10,20,0,29,13,0,0
240188,1,1,0,0,0,0,0,0,0,0,0,0
240188,2,1,0,0,0,0,0,0,0,0,0,0
240189,0,1,0,0,0,0,0,0,0,0,0,0
240189,0,2,0,0,0,0,0,0,0,0,0,0
240189,1,1,0,0,0,0,0,0,0,0,0,0
240190,1,1,21,21,21,21,21,21,21,21,21,21
240191,1,1,14,14,14,14,14,14,14,14,14,14
240192,1,1,0,0,0,0,0,0,0,0,0,0
240192,2,1,0,0,0,0,0,0,0,0,0,0
240193,1,1,21,21,21,21,21,21,21,21,21,21
240193,2,1,0,0,0,0,0,0,0,0,0,0
240194,0,1,9,9,0,0,0,0,0,0,0,0
240194,1,1,0,0,0,0,0,0,0,0,0,0
240195,0,1,27,16,14,17,15,16,47,34,0,27
240195,1,1,4,0,0,0,0,0,0,0,0,0
240195,2,1,0,0,0,15,14,0,0,0,0,0
240196,1,1,24,24,24,24,24,24,24,24,24,24
240196,2,1,0,0,0,0,0,0,0,0,0,0
240197,0,1,0,0,0,0,0,0,0,0,0,0
240197,1,1,0,0,0,0,0,0,0,0,0,0
240198,0,1,0,0,0,0,0,0,0,0,0,0
240198,1,1,7,0,0,0,0,0,0,0,0,0
240199,0,1,0,0,0,0,0,0,0,0,0,0
240199,1,1,0,0,0,0,0,0,0,0,0,0
240200,1,1,17,17,17,17,17,17,17,17,17,17
240200,2,1,0,0,0,0,0,0,0,0,0,0
240201,1,1,0,0,0,0,0,0,0,0,0,0
240202,1,1,0,0,0,0,0,0,0,0,0,0
240202,2,1,0,0,0,0,0,0,0,0,0,0
240203,1,1,34,34,34,34,34,34,34,34,34,34
240204,1,1,17,17,17,17,17,17,17,17,17,17
240205,1,1,0,0,0,0,0,0,0,0,0,0
240206,0,1,11,11,11,11,11,11,11,11,11,11
240206,1,1,19,19,19,19,19,19,19,19,19,19
240207,1,1,0,0,0,0,0,0,0,0,0,0
240208,1,1,0,0,0,0,0,0,0,0,0,0
240209,1,1,0,0,0,0,0,0,0,0,0,0
240209,2,1,0,0,0,0,0,0,0,0,0,0
240210,1,1,0,0,0,0,0,0,0,0,0,0
240210,2,1,0,0,0,0,0,0,0,0,0,0
240211,1,1,0,0,0,0,0,0,0,0,0,0
240211,2,1,0,0,0,0,0,0,0,0,0,0
240212,1,1,0,0,0,0,0,0,0,0,0,0
240213,1,1,0,0,0,0,0,0,0,0,0,0
240213,2,1,0,0,0,0,0,0,0,0,0,0
240214,1,1,0,0,0,0,0,0,0,0,0,0
240214,2,1,0,0,0,0,0,0,0,0,0,0
240215,1,1,0,0,0,0,0,0,0,0,0,0
240215,2,1,0,0,0,0,0,0,0,0,0,0
240215,3,1,0,0,0,0,9,0,0,0,0,0
240216,1,1,0,0,0,0,0,0,0,0,0,0
240217,1,1,0,0,0,0,0,0,0,0,0,0
240217,2,1,0,0,0,0,0,0,0,0,0,0
240217,3,1,0,0,0,0,0,0,0,0,0,0
240218,1,1,0,0,0,0,0,0,0,0,0,0
240219,1,1,6,6,6,6,6,6,6,6,6,6
240219,2,1,0,0,0,0,0,0,0,6,0,0
240220,1,1,0,0,0,0,0,0,0,0,0,10
240220,2,1,0,0,0,0,0,0,0,0,0,0
240221,1,1,13,13,13,13,13,13,13,13,13,13
240221,2,1,12,12,12,12,12,12,12,12,12,12
240222,1,1,0,0,0,0,0,0,0,0,0,0
240222,2,1,0,0,0,0,0,0,0,0,0,0
240223,1,1,18,18,18,18,18,18,18,18,18,18
240223,2,1,0,0,0,0,0,0,0,0,0,0
240224,1,1,13,13,13,13,13,13,13,13,13,13
240224,2,1,0,0,0,0,0,0,0,0,0,0
240225,1,1,0,0,0,0,0,0,0,0,0,0
240225,2,1,0,0,0,0,0,0,0,0,0,0
240226,1,1,0,0,0,0,0,0,0,0,0,0
240226,2,1,0,0,0,0,0,0,0,0,0,0
240227,0,1,0,0,0,0,0,0,0,0,0,0
240227,1,1,0,0,0,0,0,0,0,0,0,0
240228,0,1,0,0,0,0,0,0,0,0,0,0
240228,1,1,0,11,0,0,0,0,0,0,0,0
240229,1,1,5,5,5,5,5,5,5,5,5,5
240230,1,1,39,39,39,39,39,39,39,39,39,39
240231,1,1,8,8,8,8,8,8,8,8,8,8
240231,2,1,16,16,16,16,16,16,16,16,16,16
240232,1,1,11,11,11,11,11,11,11,11,11,11
240232,2,1,0,0,0,0,0,0,0,0,0,0
240232,3,1,0,0,0,0,0,0,0,21,0,0
240232,4,1,0,0,0,0,0,0,0,0,0,0
240232,5,1,0,0,0,0,0,0,0,0,0,0
240232,6,1,0,0,0,0,0,0,0,0,0,0
240233,0,1,0,0,0,0,0,0,0,0,0,0
240233,0,2,0,0,0,0,0,6,0,0,0,0
240233,1,1,0,0,0,0,0,0,0,0,0,0
240234,0,1,0,0,0,0,0,0,0,0,0,0
240234,1,1,0,0,0,0,0,0,0,0,0,0
240235,0,1,0,0,0,0,0,0,0,0,0,0
240235,1,1,0,3,0,0,0,0,0,0,0,0
240236,1,1,18,18,18,18,18,18,18,18,18,18
240237,1,1,0,0,26,0,0,0,9,11,10,0
240239,1,1,24,24,24,24,24,24,24,24,24,24
240240,0,1,28,28,28,28,28,28,28,28,28,28
240240,1,1,27,0,0,0,0,0,0,0,0,0
240240,2,1,0,0,0,0,0,0,0,0,0,0
240241,1,1,3,0,0,0,0,0,0,0,0,0
240241,2,1,0,0,0,0,0,0,0,0,0,0
240242,1,1,17,17,17,17,17,17,17,17,17,17
240242,2,1,5,0,0,0,0,0,0,0,0,0
240243,1,1,0,0,0,0,0,0,0,0,0,0
240243,2,1,0,0,0,0,0,0,0,34,0,0
240243,3,1,0,0,0,0,0,0,0,0,0,0
240244,1,1,0,0,0,0,0,0,0,0,0,0
240245,1,1,14,14,14,14,14,14,14,14,14,14
240246,0,1,0,0,0,0,0,0,0,0,0,0
240246,1,1,0,0,0,0,0,0,0,0,0,0
240247,1,1,0,0,0,0,0,0,0,0,0,30
240247,2,1,0,0,0,0,0,0,0,0,0,0
240248,1,1,0,0,0,0,0,0,0,0,0,0
240248,2,1,0,0,0,0,0,0,0,0,0,0
240249,0,1,0,0,0,0,0,0,0,0,0,0
240249,1,1,0,0,0,0,0,0,0,0,0,0
240250,1,1,17,17,17,17,17,17,17,17,17,17
240250,2,1,0,0,0,0,0,0,0,0,0,0
240251,0,1,0,0,0,0,0,0,0,0,0,0
240251,1,1,0,0,0,0,0,0,0,0,0,0
240252,0,1,0,0,0,0,0,0,0,0,0,0
240252,1,1,0,0,0,0,0,0,12,0,0,0
240253,1,1,0,0,0,0,0,0,0,0,0,0
240254,1,1,0,0,0,0,0,0,0,0,0,0
240254,3,1,0,0,0,0,0,0,0,0,0,0
240255,1,1,10,10,10,10,10,10,10,10,10,10
240255,2,1,0,0,0,0,0,0,0,0,0,0
240256,0,1,0,0,0,0,0,0,0,0,0,0
240256,1,1,0,0,0,0,0,0,0,21,0,0
240257,1,1,0,0,0,0,0,0,0,0,0,0
240257,2,1,0,0,0,0,0,0,0,0,0,0
240258,1,1,15,15,15,15,15,15,15,15,15,15
240258,2,1,12,12,12,12,12,12,12,12,12,12
240259,1,1,35,35,35,35,35,35,35,35,35,35
240259,2,1,0,0,0,0,0,0,0,0,0,0
240260,1,1,17,17,17,17,17,17,17,17,17,17
240261,1,1,18,18,18,18,18,18,18,18,18,18
240262,1,1,17,17,17,17,17,17,17,17,17,17
240263,1,1,0,0,0,0,0,0,0,0,0,0
240263,2,1,0,0,0,0,0,0,0,0,0,0
240263,3,1,0,0,0,0,0,0,0,0,0,0
240264,0,1,0,0,0,20,0,0,0,0,0,0
240264,1,1,0,0,0,0,0,0,0,0,0,0
240265,1,1,22,22,22,22,22,22,22,22,22,22
240266,0,1,0,0,0,0,0,0,0,0,0,0
240266,1,1,0,0,29,0,0,7,17,21,0,0
240267,1,1,0,0,0,0,0,0,0,0,0,0
240267,2,1,0,0,0,0,0,0,0,0,0,0
240268,1,1,0,1,0,0,0,0,0,0,0,0
240268,2,1,0,0,0,0,0,0,0,0,0,0
240268,3,1,0,0,0,0,0,0,0,0,0,0
240268,4,1,0,0,0,9,0,0,0,0,0,0
240269,0,1,0,0,0,0,0,0,0,0,0,0
240269,1,1,0,0,10,0,0,0,0,0,0,0
240270,1,1,0,0,0,0,0,0,0,0,0,0
240270,2,1,0,0,0,0,0,0,0,0,0,0
240271,1,1,0,0,0,0,0,0,0,0,0,0
240272,1,1,0,0,0,0,0,0,0,0,0,0
240273,1,1,0,0,0,0,0,0,0,0,0,0
240274,0,1,0,0,0,0,0,0,0,0,0,0
240274,1,1,0,0,0,0,0,0,0,0,0,0
240275,0,1,0,0,0,0,0,0,0,0,0,0
240275,1,1,0,0,0,0,0,0,0,0,0,0
240276,1,1,0,0,0,0,0,0,0,0,0,0
240276,2,1,0,0,0,0,0,0,0,0,0,0
240277,1,1,0,0,0,0,0,0,0,0,0,0
240277,2,1,0,0,0,0,0,0,0,0,0,0
240278,1,1,22,22,22,22,22,22,22,22,22,22
240279,1,1,0,0,0,0,0,0,0,0,0,0
240279,2,1,0,0,0,0,0,0,0,0,0,0
240280,1,1,23,23,23,23,23,23,23,23,23,23
240281,1,1,0,0,0,0,0,0,0,0,0,0
240281,2,1,0,0,0,0,0,0,0,0,0,0
240282,1,1,20,20,20,20,20,20,20,20,20,20
240282,2,1,0,0,0,0,0,0,0,0,0,0
240282,3,1,0,0,0,0,0,0,0,0,0,0
240283,1,1,0,0,0,0,0,0,0,0,0,0
240284,1,1,0,0,0,0,0,0,0,0,0,0
240284,2,1,0,0,0,0,0,0,0,0,0,0
240285,1,1,0,0,0,0,0,0,0,0,0,0
240285,2,1,0,0,0,0,37,0,0,0,0,5
240286,1,1,0,0,0,0,0,0,0,0,0,0
240287,1,1,0,0,0,0,0,0,0,0,0,0
240288,1,1,28,28,28,28,28,28,28,28,28,28
240288,2,1,0,0,0,0,0,0,0,0,0,0
240289,1,1,23,23,23,23,23,23,23,23,23,23
240289,2,1,0,0,0,0,0,0,0,0,0,0
240290,0,1,0,0,0,0,0,0,0,0,0,0
240290,1,1,0,0,0,0,0,0,0,0,0,0
240291,1,1,17,17,17,17,17,17,17,17,17,17
240291,2,1,16,16,16,16,16,16,16,16,16,16
240292,1,1,0,0,0,0,0,0,0,0,0,0
240293,0,1,19,19,19,19,19,19,19,19,19,19
240293,1,1,0,0,0,0,0,0,15,0,0,0
240294,1,1,0,0,0,0,0,0,0,0,0,0
240295,0,1,0,0,0,0,0,0,0,0,0,0
240295,1,1,20,0,19,0,0,0,13,0,0,0
240296,0,1,20,20,20,20,20,20,20,20,20,20
240296,1,1,0,0,0,0,0,0,0,0,0,0
240297,1,1,0,0,0,0,0,0,0,0,0,0
240297,2,1,0,0,0,0,0,0,0,0,0,0
240298,0,1,0,0,0,0,0,0,0,0,0,0
240298,0,2,0,0,0,0,0,0,0,0,0,0
240298,1,1,16,0,0,0,0,36,0,0,0,0
240299,1,1,0,0,0,0,0,0,0,0,0,0
240300,1,1,0,0,0,0,0,0,0,0,0,0
240300,2,1,14,14,14,14,14,14,14,14,14,14
240301,0,1,0,0,0,0,0,0,0,0,0,0
240301,1,1,0,0,0,0,0,0,0,0,0,0
240302,1,1,0,14,0,0,0,0,0,0,0,0
240303,1,1,19,19,19,19,19,19,19,19,19,19
240304,0,1,30,0,20,0,29,29,41,12,24,0
240304,1,1,6,32,31,13,14,0,0,16,0,0
240305,1,1,14,14,14,14,14,14,14,14,14,14
240306,1,1,1,1,1,1,1,1,1,1,1,1
240307,1,1,0,0,0,0,0,0,0,0,0,0
240307,2,1,0,0,0,0,0,0,0,0,0,0
240308,1,1,0,0,0,0,0,0,0,0,0,0
240308,2,1,9,9,9,9,9,9,9,9,9,9
240309,1,1,21,21,21,21,21,21,21,21,21,21
240309,2,1,15,0,0,0,2,0,0,0,0,0
240310,0,1,0,0,0,0,0,0,0,0,0,0
240310,1,1,0,0,0,0,0,0,0,0,0,0
240311,0,1,0,0,0,0,0,0,0,0,0,0
240311,1,1,0,0,0,0,0,0,0,0,0,0
240312,0,1,33,33,33,33,33,33,33,33,33,33
240312,1,1,18,0,0,0,0,0,0,15,0,0
240313,0,1,0,0,0,0,24,20,22,0,12,0
240313,1,1,0,0,0,0,0,0,0,0,0,0
240314,1,1,0,0,0,0,0,0,0,0,0,0
240314,2,1,0,0,0,0,0,0,0,0,0,0
240315,1,1,0,0,0,0,0,0,0,0,13,0
240315,2,1,0,0,0,0,0,0,0,0,0,0
240316,1,1,21,21,21,21,21,21,21,21,21,21
240316,2,1,0,0,0,0,0,0,0,0,0,0
240316,3,1,0,0,0,0,0,0,0,0,0,0
240317,1,1,17,17,17,17,17,17,17,17,17,17
240317,2,1,0,0,0,0,0,0,0,0,0,0
240318,1,1,0,0,0,0,0,0,0,0,0,0
240318,2,1,0,0,0,0,0,0,0,0,0,0
240319,0,1,0,0,0,0,0,0,0,0,0,0
240319,1,1,0,0,0,0,0,0,0,0,0,0
240320,1,1,0,0,0,0,0,0,0,7,0,0
240320,2,1,4,4,4,4,4,4,4,4,4,4
240321,1,1,0,0,0,0,0,0,0,0,0,0
240321,2,1,4,4,4,4,4,4,4,4,4,4
240322,1,1,1,1,1,1,1,1,1,1,1,1
240323,1,1,8,8,8,8,8,8,8,8,8,8
240324,1,1,0,0,0,0,0,0,0,0,0,0
240325,1,1,0,0,0,0,0,0,0,0,0,0
240326,0,1,16,16,16,16,16,16,16,16,16,16
240326,1,1,4,4,4,4,4,4,4,4,4,4
240327,1,1,0,0,0,0,0,0,0,0,0,0
240328,0,1,44,44,44,44,44,44,44,44,44,44
240328,1,1,0,0,0,0,0,0,0,0,0,0
240329,1,1,23,13,16,18,11,9,25,23,18,19
240330,0,1,17,17,17,17,17,17,17,17,17,17
240330,1,1,0,0,0,8,0,0,0,0,0,0
240331,1,1,0,0,0,0,0,0,0,0,0,0
240332,1,1,12,12,12,12,12,12,12,12,12,12
240333,0,1,0,0,0,0,0,0,0,0,0,0
240333,1,1,6,6,6,6,6,6,6,6,6,6
240334,1,1,14,14,14,14,14,14,14,14,14,14
240334,2,1,0,0,0,0,0,0,0,0,0,0
240335,1,1,0,0,0,0,0,0,0,0,0,0
240336,1,1,0,0,0,0,0,0,0,0,0,0
240336,2,1,0,0,0,0,0,0,0,0,0,0
240336,3,1,0,0,0,0,0,0,0,0,0,0
240336,4,1,0,0,0,0,0,0,0,0,0,0
240337,1,1,0,0,0,0,0,0,0,0,0,0
240338,0,1,0,0,0,0,0,0,0,0,0,0
240338,1,1,6,6,6,6,6,6,6,6,6,6
240339,1,1,0,0,0,0,0,0,0,0,0,0
240340,1,1,0,0,0,0,0,0,0,8,0,0
240340,2,1,0,0,0,0,0,0,0,0,0,0
240341,1,1,0,0,0,0,0,0,0,0,0,0
240341,2,1,0,0,0,0,0,0,0,0,0,0
240342,1,1,9,9,9,9,9,9,9,9,9,9
240343,0,1,0,0,0,0,0,0,0,0,0,0
240343,0,2,0,0,0,0,0,0,0,0,0,0
240343,1,1,11,12,9,12,5,21,19,0,14,13
240344,1,1,0,0,0,0,0,0,0,0,0,0
240345,1,1,0,0,0,0,0,0,0,0,0,0
240345,2,1,0,0,0,0,0,0,0,0,0,0
240345,3,1,0,0,0,0,0,0,0,0,0,0
240346,0,1,0,0,0,0,0,0,0,0,0,0
240346,1,1,0,0,0,0,0,0,0,0,0,0
240347,1,1,24,24,24,24,24,24,24,24,24,24
240348,1,1,26,26,26,26,26,26,26,26,26,26
240348,2,1,0,0,0,0,0,0,0,14,0,0
240349,1,1,0,0,0,0,0,0,0,0,0,0
240350,1,1,0,0,0,0,0,0,0,0,0,0
240351,1,1,7,7,7,7,7,7,7,7,7,7
240351,2,1,0,0,0,0,0,0,10,0,0,10
240352,1,1,14,14,14,14,14,14,14,14,14,14
240352,2,1,0,0,0,0,0,0,0,0,0,0
240353,0,1,25,25,25,25,25,25,25,25,25,25
240353,1,1,27,14,9,19,9,19,9,0,0,8
240354,0,1,1,1,1,1,1,1,1,1,1,1
240354,1,1,0,0,0,0,0,0,0,0,0,0
240354,2,1,0,0,0,0,0,0,0,0,0,0
240354,3,1,0,0,0,0,0,0,7,0,0,0
240355,1,1,0,0,0,0,0,0,0,0,0,0
240355,2,1,27,0,0,0,0,0,0,0,0,0
240356,1,1,0,0,0,0,0,0,0,0,0,0
240356,2,1,0,0,0,0,0,0,0,0,0,0
240357,0,1,0,0,0,0,0,0,0,0,0,0
240357,1,1,0,0,0,16,0,0,0,0,8,0
240358,0,1,1,1,1,1,1,1,1,1,1,1
240358,1,1,14,14,14,14,14,14,14,14,14,14
240359,0,1,0,0,0,0,0,0,0,0,0,0
240359,1,1,8,8,8,8,8,8,8,8,8,8
240360,1,1,14,14,14,14,14,14,14,14,14,14
240360,2,1,0,0,0,0,0,0,0,0,0,0
240361,1,1,0,0,0,0,0,0,0,0,0,0
240361,2,1,0,0,0,0,0,0,0,0,0,0
240362,1,1,0,0,0,0,0,0,0,0,0,0
240362,2,1,0,0,0,0,0,0,0,0,0,0
240363,1,1,0,0,0,0,0,0,0,0,0,0
240363,2,1,0,0,0,0,0,0,0,0,0,0
240364,1,1,0,0,0,0,0,0,0,0,0,0
240365,1,1,0,0,0,0,0,0,0,0,0,0
240365,2,1,0,0,0,0,0,0,0,0,0,0
240365,3,1,0,0,0,0,0,0,0,0,0,0
240366,1,1,1,1,1,1,1,1,1,1,1,1
240366,2,1,0,0,0,0,0,0,0,0,0,0
240366,3,1,0,0,0,0,0,0,0,0,0,0
240367,1,1,0,0,0,0,0,0,0,0,0,0
240368,1,1,0,0,0,0,0,0,0,0,0,0
240368,2,1,20,20,20,20,20,20,20,20,20,20
240369,1,1,0,0,0,0,0,0,0,0,0,0
240370,1,1,10,10,10,10,10,10,10,10,10,10
240371,0,1,4,4,4,4,4,4,4,4,4,4
240371,1,1,0,0,0,0,0,0,0,0,0,0
240372,1,1,0,0,20,0,0,0,0,0,0,0
240372,2,1,0,0,0,0,0,0,0,0,0,0
240372,3,1,0,0,0,0,0,0,0,0,0,0
240373,1,1,0,0,0,0,0,0,0,0,0,0
240373,2,1,0,0,0,0,0,0,0,0,0,0
240374,1,1,0,0,0,0,0,0,0,0,0,0
240374,2,1,0,0,0,0,0,0,0,0,0,0
240375,0,1,0,0,0,0,0,0,0,0,0,0
240375,0,2,0,0,0,0,0,0,0,0,0,0
240375,0,3,0,0,0,0,0,0,0,0,0,0
240375,0,4,0,0,0,0,0,0,0,0,0,0
240375,0,5,0,0,0,0,0,0,0,0,0,0
240375,0,6,0,0,0,0,0,0,9,0,0,0
240375,1,1,0,0,0,0,0,0,0,0,0,0
240376,1,1,0,0,0,0,0,0,0,0,0,0
240376,2,1,0,0,0,0,0,0,0,0,0,0
240377,1,1,1,1,1,1,1,1,1,1,1,1
240378,1,1,12,12,12,12,12,12,12,12,12,12
240378,2,1,0,0,0,0,0,0,0,0,0,0
240378,3,1,0,0,0,0,0,0,0,0,0,0
240379,0,1,0,0,0,0,0,0,0,0,0,0
240379,1,1,0,0,0,0,0,0,0,0,0,0
240380,1,1,0,0,0,0,0,0,0,0,0,0
240380,2,1,0,0,0,0,0,0,0,0,0,0
240381,1,1,0,0,0,0,0,0,0,0,0,0
240381,2,1,0,0,0,0,0,0,0,0,0,0
240382,1,1,1,1,1,1,1,1,1,1,1,1
240382,2,1,0,0,0,0,0,0,0,0,0,0
240383,0,1,0,0,0,0,0,0,0,0,0,0
240383,1,1,0,0,0,0,0,0,0,0,0,0
240383,2,1,0,0,0,0,0,0,0,0,0,0
240384,1,1,0,0,0,0,0,0,0,0,0,0
240384,2,1,0,0,0,0,0,0,0,0,0,0
240385,0,1,0,0,0,0,0,0,0,0,0,0
240385,1,1,9,0,0,0,0,0,15,0,0,0
240385,2,1,0,0,0,6,0,0,0,0,0,0
240386,1,1,0,0,0,0,0,0,0,0,0,5
240386,2,1,0,0,0,0,0,0,0,0,0,0
240386,3,1,0,0,0,0,0,0,0,0,2,0
240386,4,1,0,0,0,10,0,0,0,0,0,0
240386,5,1,0,0,0,0,0,0,16,0,0,0
240386,6,1,0,17,0,0,0,0,0,0,0,0
240387,0,1,0,0,0,0,0,0,0,0,0,0
240387,1,1,0,0,0,0,0,0,2,0,0,0
240388,1,1,0,0,0,0,0,0,0,0,0,0
240389,1,1,0,0,0,0,0,0,0,0,0,0
240389,2,1,0,0,4,0,0,0,0,17,0,0
240390,1,1,0,0,0,0,0,0,0,0,0,0
240390,2,1,0,0,0,0,0,0,0,0,0,0
240391,0,1,0,0,0,0,0,0,0,0,0,0
240391,1,1,17,17,17,17,17,17,17,17,17,17
240391,2,1,0,0,0,0,0,0,0,0,0,0
240392,1,1,38,38,38,38,38,38,38,38,38,38
240393,1,1,16,16,16,16,16,16,16,16,16,16
240393,2,1,0,40,0,0,0,0,0,0,0,0
240394,1,1,8,8,8,8,8,8,8,8,8,8
240395,0,1,0,0,0,0,0,0,0,0,0,0
240395,1,1,0,0,0,0,0,18,0,0,10,0
240396,1,1,20,20,20,20,20,20,20,20,20,20
240397,1,1,10,10,10,10,10,10,10,10,10,10
240398,1,1,29,29,29,29,29,29,29,29,29,29
240399,1,1,17,17,17,17,17,17,17,17,17,17
240400,1,1,0,0,0,0,0,0,0,0,0,0
240400,2,1,0,0,0,0,0,0,0,0,0,0
240401,1,1,0,0,0,0,0,0,0,0,0,0
240402,1,1,0,0,0,0,0,0,0,0,5,0
240402,2,1,0,0,0,0,0,0,0,0,0,0
240403,0,1,23,22,28,0,0,17,0,23,38,20
240403,1,1,0,0,0,0,0,0,0,0,0,0
240404,1,1,0,14,0,0,25,0,8,18,0,0
240405,1,1,2,2,2,2,2,2,2,2,2,2
240405,2,1,0,0,0,0,0,0,0,0,0,0
240406,1,1,18,18,18,18,18,18,18,18,18,18
240406,2,1,0,0,0,0,5,0,7,0,0,7
240407,0,1,21,21,21,21,21,21,21,21,21,21
240407,1,1,0,0,0,0,0,0,0,0,0,0
240408,1,1,0,0,0,0,0,0,0,0,0,0
240408,2,1,0,0,0,0,0,0,0,0,0,0
240409,1,1,25,25,25,25,25,25,25,25,25,25
240409,2,1,0,0,0,0,0,12,0,0,0,0
240410,1,1,0,0,0,0,0,0,0,0,0,0
240410,2,1,0,0,0,0,0,7,0,0,0,0
240411,1,1,0,0,0,0,0,0,0,0,0,0
240412,1,1,0,0,0,0,0,0,0,0,0,0
240413,1,1,22,22,22,22,22,22,22,22,22,22
240414,0,1,0,0,0,0,0,0,0,0,0,0
240414,1,1,0,0,0,0,0,0,0,0,0,0