ST_CASE,VEH_NO,PER_NO,P1,P2,P3,P4,P5,P6,P7,P8,P9,P10
240415,1,1,6,6,6,6,6,6,6,6,6,6
240416,0,1,23,23,23,23,23,23,23,23,23,23
240416,1,1,0,0,0,0,0,0,0,0,0,0
240417,0,1,0,0,0,0,0,0,0,0,0,0
240417,1,1,0,0,0,0,0,9,8,0,0,0
240418,1,1,0,0,0,0,0,0,0,0,0,0
240419,1,1,10,10,10,10,10,10,10,10,10,10
240420,1,1,12,12,12,12,12,12,12,12,12,12
240421,0,1,0,0,0,0,0,0,0,0,0,0
240421,1,1,0,0,0,0,0,0,0,0,0,0
240422,1,1,0,0,0,0,0,0,0,0,0,0
240423,1,1,0,0,0,0,0,14,0,0,0,18
240424,1,1,23,23,23,23,23,23,23,23,23,23
240424,2,1,0,0,0,0,0,0,0,0,22,0
240424,3,1,17,0,0,0,0,0,5,0,0,10
240425,1,1,8,8,8,8,8,8,8,8,8,8
240425,2,1,0,0,0,0,0,0,0,0,0,0
240426,1,1,0,0,0,0,0,0,0,0,0,0
240426,2,1,0,0,0,0,0,0,0,0,0,0
240427,0,1,0,0,0,0,0,0,0,0,0,0
240427,1,1,0,0,0,0,0,0,0,0,0,0
240428,1,1,22,22,22,22,22,22,22,22,22,22
240429,1,1,0,0,0,0,0,0,0,0,0,0
240429,2,1,0,0,0,16,0,0,0,0,8,0
240430,1,1,0,25,0,0,0,0,0,0,0,0
240430,2,1,0,0,0,0,0,0,0,0,0,0
240431,1,1,0,0,0,0,0,0,0,0,0,0
240431,2,1,0,0,0,0,0,0,0,0,0,0
240432,1,1,0,0,0,0,0,0,0,0,0,0
240432,2,1,2,2,2,2,2,2,2,2,2,2
240433,1,1,22,22,22,22,22,22,22,22,22,22
240434,1,1,7,0,0,0,0,0,0,0,0,0
240435,1,1,0,0,0,0,0,0,0,0,0,0
240436,0,1,24,24,24,24,24,24,24,24,24,24
240436,1,1,0,0,0,0,0,0,0,0,10,0
240436,2,1,0,0,0,0,0,0,0,0,0,0
240437,1,1,14,14,14,14,14,14,14,14,14,14
240438,1,1,0,0,0,0,0,0,0,0,0,0
240439,1,1,20,0,13,18,10,8,0,0,0,0
240439,2,1,0,0,0,0,0,0,0,0,0,0
240440,1,1,0,0,0,0,0,0,0,0,0,0
240441,1,1,0,0,0,0,0,0,0,0,0,0
240441,2,1,0,0,0,0,0,0,0,0,0,0
240441,3,1,0,0,0,0,0,0,0,0,0,0
240441,4,1,0,0,13,0,0,0,0,0,0,0
240442,1,1,2,2,2,2,2,2,2,2,2,2
240442,2,1,21,0,0,0,0,0,0,16,0,0
240443,0,1,0,0,0,0,0,0,0,0,0,0
240443,1,1,0,0,0,0,0,0,0,0,0,0
240444,1,1,0,0,0,0,0,0,0,0,0,0
240444,2,1,0,0,0,0,0,0,0,0,0,23
240444,3,1,0,0,0,0,0,0,6,0,0,0
240444,4,1,0,0,0,0,0,0,0,0,0,0
240445,0,1,0,0,0,0,0,0,0,0,0,0
240445,1,1,0,0,0,0,0,0,0,0,0,0
240446,1,1,0,0,0,0,0,0,0,0,0,0
240446,2,1,0,0,0,0,0,0,0,0,0,0
240447,0,1,0,0,0,0,0,0,0,0,0,0
240447,1,1,0,0,0,0,0,0,0,0,0,0
240448,1,1,0,0,0,0,0,0,0,0,0,0
240448,2,1,0,0,0,0,0,0,0,0,0,0
240449,1,1,0,0,0,0,0,0,0,0,0,0
240450,1,1,0,0,0,0,0,0,0,0,0,0
240451,1,1,10,10,10,10,10,10,10,10,10,10
240452,1,1,0,0,0,0,0,0,0,0,0,0
240452,2,1,0,0,0,0,0,0,0,0,0,0
240452,3,1,0,0,0,0,0,0,0,0,0,0
240453,0,1,0,24,0,29,0,0,0,0,0,0
240453,1,1,34,17,0,0,0,42,22,14,26,13
240454,1,1,0,0,0,9,22,0,0,24,0,18
240455,1,1,0,0,0,0,0,0,0,0,0,0
240455,2,1,0,0,0,0,0,0,0,0,0,0
240456,0,1,0,0,0,0,0,0,0,0,0,0
240456,1,1,0,0,0,0,0,0,0,0,0,0
240457,0,1,0,0,18,0,0,0,0,0,0,0
240457,1,1,0,0,0,0,0,0,0,0,0,0
250001,1,1,0,0,0,0,0,0,0,0,0,0
250002,1,1,13,13,13,13,13,13,13,13,13,13
250003,1,1,0,0,0,0,0,0,0,15,0,0
250003,2,1,0,0,0,0,0,0,0,0,0,0
250003,3,1,0,0,0,0,0,0,0,0,0,0
250004,0,1,15,15,15,15,15,15,15,15,15,15
250004,1,1,0,0,20,17,31,0,0,0,13,11
250004,2,1,10,0,37,0,11,0,0,0,11,9
250005,1,1,0,0,0,0,0,0,0,0,0,0
250006,1,1,0,0,0,0,0,0,0,0,0,0
250006,2,1,0,0,0,0,0,0,0,0,0,0
250007,1,1,0,20,6,24,0,0,25,14,18,16
250009,0,1,18,18,18,18,18,18,18,18,18,18
250009,1,1,0,0,0,0,0,0,0,0,0,0
250010,1,1,0,0,0,0,0,0,0,0,0,0
250010,2,1,13,13,13,13,13,13,13,13,13,13
250011,1,1,0,22,0,0,21,11,0,0,0,25
250012,1,1,10,9,13,0,10,0,0,0,7,0
250013,1,1,0,0,0,0,0,0,0,0,0,0
250014,1,1,19,19,19,19,19,19,19,19,19,19
250014,2,1,0,0,0,0,0,0,0,0,0,0
250015,1,1,0,0,0,0,0,0,0,0,0,0
250016,1,1,1,1,1,1,1,1,1,1,1,1
250017,1,1,0,0,0,0,0,0,0,0,0,0
250017,2,1,5,9,0,9,0,0,0,0,0,0
250018,1,1,11,0,26,6,0,10,0,0,25,5
250019,1,1,0,0,0,0,0,0,0,0,0,0
250020,1,1,0,0,0,0,0,0,0,0,0,0
250020,2,1,0,0,0,0,0,0,0,0,0,0
250021,1,1,0,0,0,32,21,0,7,0,3,29
250022,0,1,0,0,0,0,0,0,0,0,0,0
250022,1,1,0,0,14,3,15,10,0,0,23,23
250023,1,1,0,0,0,0,0,0,0,0,0,0
250024,1,1,0,0,0,0,0,0,0,0,0,42
250024,2,1,0,0,0,0,0,21,0,0,0,0
250025,1,1,0,5,0,0,0,0,0,0,0,0
250025,2,1,0,0,0,0,0,0,0,0,0,0
250025,3,1,0,0,0,0,0,0,0,0,0,0
250026,0,1,0,0,22,13,0,23,0,14,0,6
250026,1,1,18,12,11,10,24,30,16,8,31,21
250027,1,1,0,0,0,0,0,0,0,0,0,0
250027,2,1,0,0,0,0,0,0,0,0,0,0
250028,0,1,0,0,0,0,0,0,0,0,0,0
250028,1,1,0,0,0,0,0,0,0,0,0,0
250029,1,1,0,0,15,13,21,0,25,32,19,18
250031,0,1,11,11,11,11,11,11,11,11,11,11
250031,1,1,7,0,22,33,8,12,0,0,0,11
250032,1,1,12,12,12,12,12,12,12,12,12,12
250034,1,1,0,28,0,0,0,12,0,0,0,0
250035,1,1,18,7,26,0,0,24,22,0,0,0
250036,1,1,22,22,22,22,22,22,22,22,22,22
250037,1,1,4,0,16,0,38,0,16,10,0,0
250038,1,1,0,10,0,0,23,0,0,34,26,0
250039,1,1,0,0,0,0,0,0,0,0,0,0
250040,1,1,0,0,0,0,0,0,0,0,0,0
250040,2,1,0,0,6,0,18,5,0,0,5,0
250040,3,1,0,0,0,0,17,18,0,0,13,0
250041,1,1,0,0,0,0,0,0,0,0,0,0
250042,1,1,0,0,0,0,0,0,0,0,0,0
250043,1,1,13,13,13,13,13,13,13,13,13,13
250044,1,1,15,15,15,15,15,15,15,15,15,15
250045,1,1,14,0,0,0,0,0,0,0,0,3
250045,2,1,0,0,0,0,0,0,0,0,0,0
250046,1,1,0,12,12,8,0,0,0,0,0,13
250046,2,1,22,0,15,0,0,8,0,0,0,31
250047,0,1,0,0,0,0,0,0,0,0,0,0
250047,1,1,0,0,0,0,0,0,0,0,0,0
250048,1,1,0,0,0,0,0,0,0,0,0,0
250049,1,1,15,15,15,15,15,15,15,15,15,15
250050,1,1,6,14,16,7,11,0,0,0,0,18
250051,1,1,0,0,0,0,0,0,0,0,0,0
250052,1,1,0,0,37,0,0,0,0,0,0,0
250052,2,1,0,0,0,0,0,0,3,0,0,0
250052,3,1,0,0,13,11,0,0,0,0,0,0
250053,1,1,0,0,0,0,0,0,0,0,0,0
250053,2,1,0,0,0,0,0,0,0,0,0,0
250053,3,1,0,0,0,0,0,0,0,0,0,0
250054,1,1,0,0,0,0,13,0,0,0,0,0
250054,2,1,18,14,0,0,0,0,10,0,0,0
250055,1,1,24,0,0,0,0,0,0,0,0,0
250055,2,1,0,0,0,0,9,0,0,0,0,0
250056,1,1,24,24,24,24,24,24,24,24,24,24
250056,2,1,0,7,0,0,0,0,0,0,0,0
250057,1,1,0,0,0,0,0,0,0,0,0,0
250057,2,1,0,0,0,0,0,0,0,0,0,0
250058,1,1,19,19,19,19,19,19,19,19,19,19
250059,1,1,13,0,28,0,20,31,24,21,22,15
250062,1,1,0,0,0,0,0,0,0,0,0,0
250063,1,1,22,22,22,22,22,22,22,22,22,22
250064,0,1,0,0,10,0,0,0,0,24,15,12
250064,0,2,0,0,0,0,0,0,0,0,0,0
250064,1,1,14,7,0,8,18,16,4,17,10,10
250065,0,1,0,0,0,0,0,0,0,0,0,0
250065,1,1,0,0,0,0,0,0,25,33,0,0
250066,1,1,19,19,19,19,19,19,19,19,19,19
250067,1,1,4,0,0,0,21,31,0,17,0,0
250068,1,1,0,0,11,0,0,0,15,0,0,0
250068,2,1,0,0,0,0,0,0,14,0,0,0
250070,1,1,0,0,0,0,0,0,0,0,0,0
250071,1,1,0,0,0,0,0,0,0,0,0,0
250073,1,1,0,0,0,13,0,0,0,0,30,8
250073,2,1,0,0,0,0,0,0,0,0,0,0
250074,0,1,0,0,0,0,0,0,0,0,0,0
250074,1,1,0,0,0,0,15,0,0,18,0,0
250077,0,1,0,0,0,0,0,0,18,0,0,0
250077,1,1,0,0,0,0,0,0,30,0,0,0
250078,1,1,16,16,16,16,16,16,16,16,16,16
250078,2,1,0,0,0,0,0,0,0,0,0,0
250079,1,1,0,0,0,0,0,0,0,0,0,0
250080,1,1,0,0,0,0,0,0,0,0,0,0
250080,2,1,0,0,0,0,0,0,0,0,0,10
250081,0,1,0,0,0,0,0,0,0,0,0,0
250081,1,1,20,0,32,0,0,0,0,0,0,0
250081,2,1,0,0,0,0,0,23,0,9,0,0
250082,1,1,0,0,0,0,0,0,0,0,0,0
250084,1,1,9,0,0,0,0,26,0,0,0,0
250084,2,1,0,0,4,18,14,10,14,0,13,0
250085,1,1,16,16,16,16,16,16,16,16,16,16
250086,1,1,0,0,0,0,0,0,0,0,0,0
250087,1,1,0,0,0,0,0,0,0,0,0,0
250087,2,1,0,0,0,0,4,0,0,0,0,5
250088,0,1,15,15,15,15,15,15,15,15,15,15
250088,1,1,11,0,0,9,0,0,0,0,0,0
250089,0,1,0,0,0,0,0,0,0,0,0,0
250089,1,1,0,6,0,0,0,0,0,0,5,0
250090,1,1,0,0,0,0,0,0,0,0,0,0
250090,2,1,0,0,0,0,0,0,0,0,0,0
250092,1,1,19,0,0,0,0,0,0,0,0,0
250092,2,1,0,0,0,0,0,0,0,0,0,0
250093,1,1,0,0,0,0,0,0,0,0,0,0
250094,1,1,0,0,0,0,0,0,0,0,0,0
250095,1,1,16,0,0,0,34,9,8,0,13,0
250096,1,1,0,0,0,0,0,0,0,0,0,0
250096,2,1,0,0,0,0,0,0,0,0,0,0
250097,1,1,0,0,0,0,0,0,0,0,0,0
250097,2,1,0,0,0,0,0,0,0,0,0,0
250098,1,1,0,0,0,0,0,0,0,0,0,0
250099,0,1,0,0,0,0,0,0,0,0,0,0
250099,1,1,0,0,0,0,0,33,0,18,0,0
250100,0,1,25,25,25,25,25,25,25,25,25,25
250100,1,1,0,0,0,0,0,0,0,0,15,0
250101,1,1,12,12,12,12,12,12,12,12,12,12
250103,0,1,0,0,0,0,0,0,0,0,0,0
250103,1,1,0,24,0,0,0,0,0,0,0,0
250103,2,1,0,0,0,0,0,0,0,0,0,0
250104,1,1,24,24,24,24,24,24,24,24,24,24
250105,0,1,0,0,0,0,0,0,0,0,0,0
250105,1,1,0,0,0,0,0,0,0,0,0,0
250106,1,1,0,0,27,0,0,20,0,0,28,10
250106,2,1,0,0,0,0,0,0,0,0,0,0
250107,0,1,0,0,0,0,0,0,0,0,0,0
250107,1,1,0,0,0,0,0,19,0,0,0,0
250108,1,1,0,0,0,0,0,0,0,0,0,0
250108,2,1,0,0,0,0,0,0,0,0,0,0
250108,3,1,0,0,0,0,0,0,0,0,0,0
250109,1,1,27,26,32,9,12,32,8,35,0,40
250109,2,1,0,0,0,0,0,6,0,16,0,0
250111,0,1,0,14,18,0,33,0,19,11,17,0
250111,1,1,32,0,8,12,22,0,0,0,20,10
250112,0,1,0,0,0,0,9,0,0,0,0,0
250112,1,1,0,0,0,0,0,0,0,12,0,0
250113,1,1,13,13,13,13,13,13,13,13,13,13
250114,1,1,0,0,0,0,0,0,0,0,0,0
250114,2,1,0,0,0,0,0,0,0,0,0,0
250115,0,1,5,5,5,5,5,5,5,5,5,5
250115,1,1,0,30,0,0,0,20,0,0,0,32
250116,1,1,0,0,0,0,0,0,0,0,0,0
250117,2,1,18,18,18,18,18,18,18,18,18,18
250118,1,1,6,6,6,6,6,6,6,6,6,6
250118,2,1,0,0,0,0,0,0,0,0,7,0
250119,0,1,7,0,0,0,0,20,13,3,0,0
250119,1,1,23,0,0,0,0,0,0,13,0,5
250120,1,1,14,14,14,14,14,14,14,14,14,14
250121,1,1,0,0,0,0,0,0,0,15,0,0
250121,2,1,0,0,0,0,0,0,0,0,0,0
250122,0,1,19,19,19,19,19,19,19,19,19,19
250122,2,1,0,0,3,27,0,0,0,21,15,7
250123,1,1,29,0,0,0,13,30,0,22,0,0
250124,0,1,0,0,0,0,0,0,12,20,0,0
250124,1,1,0,0,0,0,0,0,0,0,0,0
250125,1,1,0,0,0,0,0,0,0,0,0,0
250125,2,1,0,0,0,0,0,0,0,0,0,0
250126,1,1,0,0,0,0,29,0,0,11,0,18
250126,2,1,0,0,0,0,0,0,0,0,0,0
250127,1,1,0,0,0,0,0,0,0,0,0,16
250129,1,1,2,2,2,2,2,2,2,2,2,2
250129,2,1,0,0,0,0,0,0,0,0,0,0
250130,1,1,0,0,0,0,0,0,0,0,0,0
250130,2,1,0,0,0,0,0,0,0,0,0,0
250131,0,1,0,0,15,0,0,0,34,0,0,0
250131,1,1,0,0,0,3,0,10,0,0,11,0
250132,1,1,3,3,3,3,3,3,3,3,3,3
250134,1,1,0,0,0,7,0,0,0,24,7,0
250135,1,1,27,27,27,27,27,27,27,27,27,27
250136,1,1,17,17,17,17,17,17,17,17,17,17
250137,0,1,0,0,0,0,14,0,0,0,0,0
250137,1,1,0,0,0,0,0,0,0,0,0,0
250141,1,1,0,0,0,0,0,0,0,0,0,0
250142,1,1,0,0,0,0,0,0,0,0,11,0
250143,1,1,0,0,0,0,0,0,0,0,0,0
250143,2,1,13,9,18,15,13,14,17,17,13,32
250144,1,1,0,0,0,0,0,0,0,0,0,0
250145,0,1,0,0,0,0,0,0,0,0,0,7
250147,1,3,13,16,12,23,20,22,0,0,12,19
250148,1,1,0,0,0,0,0,0,0,0,0,0
250148,2,1,0,0,0,0,0,0,0,0,0,0
250149,1,1,0,0,0,0,0,0,0,8,0,0
250151,1,1,8,10,5,13,22,6,18,17,13,32
250152,1,1,26,20,0,20,15,24,0,0,23,24
250152,2,1,0,0,0,0,0,0,24,0,0,26
250153,1,1,0,0,0,0,0,0,0,0,0,0
250153,2,1,17,30,2,17,10,11,11,29,11,19
250154,1,1,0,0,0,0,0,0,0,0,0,0
250154,2,1,0,0,0,0,0,0,0,0,0,0
250154,3,1,0,0,0,0,0,0,0,0,0,0
250155,0,1,0,0,0,0,0,0,0,0,0,0
250155,1,1,0,0,0,22,0,0,0,0,0,0
250156,1,1,11,11,11,11,11,11,11,11,11,11
250157,1,1,3,21,0,0,14,3,31,11,19,0
250159,1,1,0,0,0,0,0,0,0,0,0,0
250159,2,1,0,0,0,0,0,0,0,0,0,0
250160,1,1,0,0,0,0,0,18,19,0,0,0
250160,2,1,24,0,17,27,13,0,0,12,0,0
250161,0,1,0,5,19,0,0,12,0,0,0,0
250161,1,1,0,0,0,0,0,0,0,0,0,0
250162,1,1,0,0,0,0,0,0,0,0,0,0
250163,1,1,0,13,17,13,11,17,17,14,12,21
250163,2,1,0,0,0,0,0,0,0,0,0,0
250164,1,1,15,15,15,15,15,15,15,15,15,15
250165,1,1,25,25,25,25,25,25,25,25,25,25
250166,1,1,0,0,0,0,0,0,0,0,0,0
250166,2,1,0,0,0,0,0,0,0,0,0,0
250167,1,1,0,32,0,0,0,0,0,0,0,0
250167,2,1,0,0,0,0,0,0,0,0,0,0
250168,0,1,6,6,6,6,6,6,6,6,6,6
250168,1,1,0,0,0,0,0,0,0,0,0,0
250169,0,1,0,0,0,0,0,0,0,0,0,0
250169,1,1,0,0,0,0,0,0,0,0,0,0
250170,1,1,0,0,0,0,0,0,0,0,0,0
250170,2,1,0,22,0,0,0,0,0,0,0,0
250170,3,1,0,0,0,0,0,0,0,0,0,0
250171,1,1,0,0,0,0,0,0,0,0,0,0
250172,1,1,0,0,0,0,0,0,0,0,0,0
250173,1,1,27,27,27,27,27,27,27,27,27,27
250174,0,1,0,0,0,0,0,0,0,0,0,0
250174,1,1,0,0,0,0,13,0,0,0,2,0
250175,1,1,0,14,0,8,3,0,14,0,13,28
250176,1,1,0,0,0,0,0,0,0,0,20,0
250176,2,1,0,0,0,0,0,0,0,0,0,0
250177,1,1,0,0,0,8,0,0,0,0,0,0
250177,2,1,0,0,0,0,0,0,0,0,0,0
250177,3,1,0,0,0,0,0,0,0,0,0,0
250177,4,1,0,0,0,0,0,0,0,0,0,0
250178,1,1,0,0,0,21,0,0,0,0,0,0
250178,2,1,0,0,0,0,0,15,0,0,0,11
250179,1,1,0,0,0,0,0,0,0,0,0,0
250179,2,1,0,0,0,0,0,0,0,0,0,0
250180,1,1,26,7,20,15,16,17,6,14,25,0
250180,2,1,0,0,21,0,16,0,0,0,33,0
250181,0,1,20,20,20,20,20,20,20,20,20,20
250181,1,1,12,0,0,0,18,12,4,0,24,1
250182,1,1,10,22,8,23,13,23,7,14,13,13
250183,1,1,0,0,0,0,0,0,0,0,0,0
250183,2,1,0,0,0,0,0,0,0,0,0,0
250183,3,1,0,0,0,0,0,0,0,0,0,0
250184,1,1,13,0,6,0,27,14,0,0,0,0
250185,1,1,24,24,24,24,24,24,24,24,24,24
250185,2,1,0,0,0,27,22,0,0,0,0,19
250185,3,1,0,0,0,6,0,0,0,0,0,0
250186,1,1,0,0,0,0,0,0,0,0,0,0
250187,1,1,12,10,7,19,7,0,0,14,15,18
250187,2,1,0,0,0,0,0,0,0,0,0,0
250188,1,1,0,0,0,0,0,0,0,10,0,0
250188,2,1,0,0,0,0,0,0,0,0,0,0
250189,0,1,0,0,0,0,0,0,0,0,0,0
250189,1,1,0,0,0,0,0,0,16,0,0,16
250190,1,1,0,0,0,0,0,0,0,0,0,0
250191,1,1,27,37,8,16,18,0,0,12,0,27
250192,1,1,0,20,22,0,0,0,0,0,0,0
250193,1,1,19,19,19,19,19,19,19,19,19,19
250194,1,1,15,22,14,22,17,27,18,16,12,16
250195,1,1,15,15,15,15,15,15,15,15,15,15
250196,1,1,21,21,21,21,21,21,21,21,21,21
250197,1,1,0,0,0,34,0,0,0,0,0,0
250197,2,1,0,0,0,0,0,0,0,0,0,0
250198,1,1,7,7,7,7,7,7,7,7,7,7
250199,0,1,0,0,0,0,0,0,0,0,0,0
250199,1,1,0,0,0,0,0,0,0,0,0,0
250200,1,1,0,0,15,0,15,0,0,0,0,0
250201,1,1,22,0,27,4,23,0,0,12,16,0
250202,1,1,0,0,0,0,0,0,0,0,0,0
250203,1,1,0,0,0,0,0,0,12,0,0,0
250204,1,1,0,0,0,0,0,0,0,0,0,0
250204,2,1,0,0,0,0,0,0,0,0,0,0
250205,1,1,0,0,0,0,0,0,0,0,0,0
250205,2,1,0,24,0,0,0,0,0,0,0,0
250206,1,1,0,0,0,0,0,0,0,0,0,0
250206,2,1,0,0,0,0,0,0,0,0,0,0
250207,1,1,17,17,17,17,17,17,17,17,17,17
250207,2,1,0,0,0,0,0,0,0,0,0,0
250208,1,1,0,0,0,0,0,0,0,0,0,0
250209,1,1,0,15,0,0,0,0,0,0,0,0
250210,1,1,0,0,0,0,0,0,0,0,0,0
250211,1,1,0,0,0,0,0,0,0,0,2,0
250211,2,1,0,0,0,0,0,0,0,0,0,0
250212,1,1,0,0,0,0,0,0,0,0,0,0
250212,2,1,0,0,0,0,0,0,0,0,0,0
250212,3,1,0,0,0,0,0,15,0,0,0,0
250213,1,1,0,0,0,0,0,0,0,0,0,0
250214,1,1,26,26,26,26,26,26,26,26,26,26
250215,1,1,9,23,18,13,13,23,21,17,6,18
250216,1,1,17,16,21,24,11,10,24,22,38,9
250216,2,1,1,1,1,1,1,1,1,1,1,1
250217,1,1,0,0,8,0,0,0,0,0,0,18
250217,2,1,0,0,0,0,0,0,0,0,0,0
250218,1,1,0,0,0,0,0,0,0,0,0,5
250219,1,1,0,0,0,0,0,0,0,0,0,0
250219,2,1,0,0,0,0,0,0,0,0,0,0
250219,3,1,0,0,0,0,0,0,0,0,0,0
250220,1,1,0,0,0,0,0,0,0,0,0,0
250220,2,1,0,0,0,0,0,0,0,0,0,0
250221,0,1,0,0,0,0,0,0,0,0,0,0
250221,1,1,0,0,0,0,0,0,0,0,0,0
250221,2,1,0,16,24,22,0,25,0,0,0,0
250222,1,1,31,31,31,31,31,31,31,31,31,31
250223,0,1,8,8,8,8,8,8,8,8,8,8
250223,1,1,12,0,4,9,0,0,0,13,0,18
250224,1,1,12,12,12,12,12,12,12,12,12,12
250224,2,1,0,0,0,8,0,0,0,0,0,0
250225,0,1,0,0,0,0,0,0,0,0,0,0
250225,1,1,0,0,0,0,11,0,0,5,15,0
250226,0,1,0,0,0,0,0,0,0,0,0,0
250226,1,1,0,0,0,0,0,0,0,0,0,0
250227,1,1,0,0,0,0,0,0,0,0,0,0
250227,2,1,0,0,0,0,0,0,0,0,0,0
250228,1,1,0,0,0,6,16,0,0,0,0,0
250228,2,1,13,0,0,0,0,16,0,0,0,0
250229,1,1,0,0,0,20,29,0,5,17,8,21
250229,2,1,0,0,0,0,0,0,4,0,0,0
250230,1,1,0,0,0,0,0,0,0,0,28,0
250230,2,1,0,0,0,0,0,0,0,0,0,0
250231,1,1,0,0,0,0,0,0,0,0,0,0
250231,2,1,0,0,0,0,0,0,0,17,0,0
250232,1,1,2,2,2,2,2,2,2,2,2,2
250232,2,1,0,0,0,0,0,0,0,0,0,0
250233,0,1,0,0,0,0,0,0,0,0,0,0
250233,1,1,0,0,0,0,0,0,0,0,0,0
250234,1,1,0,0,0,0,0,0,0,0,0,0
250235,1,1,0,10,4,0,0,0,0,0,0,0
250236,1,1,0,0,8,0,0,0,0,0,0,0
250236,2,1,0,0,13,7,0,0,0,0,0,0
250237,1,1,13,13,13,13,13,13,13,13,13,13
250238,1,1,33,16,0,21,2,0,17,24,8,0
250239,1,1,26,12,13,20,13,22,0,14,11,16
250240,1,1,0,0,0,0,0,0,0,0,0,0
250241,1,1,0,0,0,0,0,13,0,29,0,0
250242,1,1,10,10,10,10,10,10,10,10,10,10
250243,1,1,0,0,0,0,0,0,0,0,0,0
250244,1,1,17,17,17,17,17,17,17,17,17,17
250245,1,1,22,22,22,22,22,22,22,22,22,22
250246,1,1,0,0,0,0,0,0,0,0,0,0
250246,2,1,0,0,0,0,0,0,0,0,0,0
250247,0,1,0,0,0,0,0,0,0,0,0,0
250247,1,1,0,22,0,15,0,0,0,0,29,0
250248,0,1,0,0,0,0,0,0,0,0,0,0
250248,1,1,0,0,0,0,0,0,0,0,0,0
250249,0,1,0,0,0,0,0,0,0,0,0,0
250249,1,1,0,0,0,0,0,0,0,0,0,0
250250,0,1,0,0,10,0,0,14,0,0,0,15
250250,0,2,13,0,0,0,5,0,44,0,0,2
250250,1,1,13,0,0,0,0,0,0,0,0,0
250251,1,1,24,19,14,5,20,8,18,0,15,20
250252,0,1,0,0,0,0,0,0,0,0,0,0
250252,1,1,0,0,0,0,0,0,0,0,0,0
250253,0,1,0,0,0,0,0,0,0,0,0,0
250253,1,1,0,0,0,0,0,23,0,0,0,0
250254,1,1,13,32,13,10,0,26,8,25,16,15
250255,0,1,0,0,0,0,0,0,0,0,0,0
250255,1,1,0,0,0,0,0,0,0,0,0,0
250256,1,1,0,0,0,0,0,0,0,0,0,0
250257,1,1,28,23,0,9,0,24,0,15,0,0
250258,0,1,0,0,0,0,0,0,0,0,0,0
250258,1,1,0,0,0,0,0,0,0,0,0,0
250259,1,1,0,0,0,18,0,0,0,0,0,0
250260,1,1,47,47,47,47,47,47,47,47,47,47
250261,1,1,13,13,13,13,13,13,13,13,13,13
250262,1,1,0,0,0,0,0,0,0,0,0,0
250262,2,1,10,0,0,0,0,0,0,0,0,0
250263,1,1,27,28,11,24,13,16,12,27,19,19
250264,1,1,0,0,0,0,0,0,0,0,0,0
250265,1,1,3,14,57,18,11,0,0,11,25,0
250266,1,1,0,0,0,0,0,0,0,0,0,0
250266,2,1,8,0,0,0,0,29,0,0,0,0
250267,1,1,0,0,0,0,0,0,0,0,0,0
250267,2,1,0,0,0,0,0,0,0,0,0,0
250268,1,1,0,0,0,0,0,0,0,0,18,0
250269,0,1,4,4,4,4,4,4,4,4,4,4
250269,1,1,28,0,0,0,0,0,0,0,0,0
250270,1,1,7,37,9,5,33,23,12,16,30,11
250271,1,1,0,0,0,0,0,0,0,0,0,0
250272,0,1,9,9,9,9,9,9,9,9,9,9
250272,1,1,26,26,26,26,26,26,26,26,26,26
250273,0,1,0,0,0,0,0,0,0,0,0,0
250273,0,2,0,0,0,0,0,0,0,10,0,0
250273,1,1,0,8,0,0,0,0,0,27,34,0
250273,2,1,0,0,0,0,0,5,18,0,0,6
250274,1,1,0,0,0,0,0,0,0,0,26,0
250274,2,1,0,0,0,0,0,0,0,0,0,0
250275,1,1,0,0,0,0,0,0,0,0,0,0
250275,2,1,0,0,0,0,0,0,0,0,0,0
250276,0,1,0,0,0,0,0,0,0,0,0,0
250276,1,1,0,0,0,0,0,15,0,0,0,15
250277,0,1,30,30,30,30,30,30,30,30,30,30
250277,1,1,0,0,11,0,0,0,3,0,0,0
250278,0,1,0,0,0,0,0,0,0,0,0,0
250278,2,1,18,18,18,18,18,18,18,18,18,18
250279,1,1,0,0,0,0,0,8,0,0,0,0
250279,2,1,0,0,0,0,0,0,0,0,0,0
250280,1,1,6,0,0,0,0,0,0,0,0,0
250280,2,1,0,0,0,0,0,0,0,0,0,0
250281,2,1,0,0,0,0,0,0,0,0,0,0
250282,1,1,0,0,0,0,0,0,0,0,0,0
250282,2,1,7,0,0,18,0,0,0,0,0,0
250283,1,1,15,0,0,15,8,19,26,0,0,9
250283,2,1,0,0,0,0,0,0,0,0,0,0
250284,0,1,0,0,0,0,0,0,0,0,0,0
250284,1,1,0,0,0,0,0,0,0,0,0,0
250285,1,1,23,23,23,23,23,23,23,23,23,23
250285,2,1,0,0,0,0,33,0,0,0,0,0
250286,1,1,8,21,20,11,14,46,9,20,4,13
250286,2,1,0,0,0,0,0,0,0,0,0,0
250286,3,1,0,0,0,0,8,10,11,0,0,3