ST_CASE,VEH_NO,PER_NO,P1,P2,P3,P4,P5,P6,P7,P8,P9,P10
250287,1,1,0,0,0,0,0,0,0,0,0,0
250287,2,1,0,12,0,19,19,0,12,15,0,0
250287,3,1,0,0,0,0,0,0,0,0,0,0
250288,1,1,0,0,0,0,0,0,0,0,0,0
250288,2,1,0,0,0,0,0,0,0,0,0,0
250289,1,1,0,0,0,0,0,0,0,0,0,0
250290,1,1,12,12,12,12,12,12,12,12,12,12
250291,1,1,0,28,23,15,18,29,28,11,15,0
250292,1,1,0,0,0,0,0,0,0,0,0,0
250293,1,1,0,0,0,0,0,0,0,0,0,0
250294,1,1,0,0,0,0,0,0,0,0,0,0
250294,2,1,0,0,0,0,0,0,0,0,0,0
250296,1,1,17,17,17,17,17,17,17,17,17,17
250297,1,1,8,8,8,8,8,8,8,8,8,8
250298,1,1,18,18,18,18,18,18,18,18,18,18
250299,1,1,29,29,29,29,29,29,29,29,29,29
250300,1,1,24,10,11,0,9,17,0,0,0,0
250300,2,1,0,0,0,0,0,0,0,0,0,0
250301,1,1,0,0,0,0,0,0,0,0,0,0
250301,2,1,0,0,0,0,0,0,0,0,0,0
250302,0,1,0,0,0,0,0,0,0,0,0,0
250302,1,1,0,17,0,0,0,0,0,0,0,16
250303,1,1,17,17,17,17,17,17,17,17,17,17
250304,1,1,13,29,19,26,0,19,0,14,19,13
250304,2,1,0,0,0,0,0,0,0,0,0,0
250305,0,1,0,0,0,0,15,39,31,0,26,10
250305,1,1,20,20,20,20,20,20,20,20,20,20
250306,1,1,24,0,32,0,0,10,29,0,0,0
250307,1,1,0,0,28,25,16,0,0,0,0,11
250308,1,1,33,33,33,33,33,33,33,33,33,33
250309,1,1,0,0,0,0,0,0,0,0,0,0
250309,2,1,0,0,0,0,0,16,28,18,0,0
250309,3,1,0,0,22,0,22,19,0,0,11,0
250309,4,1,12,0,0,27,24,0,34,12,7,0
250310,1,1,0,0,0,0,0,0,0,0,0,0
250311,1,1,6,6,6,6,6,6,6,6,6,6
250312,0,1,17,17,17,17,17,17,17,17,17,17
250312,1,1,0,0,0,0,23,0,0,0,0,0
250313,1,1,0,0,0,0,0,0,0,0,0,0
250314,1,1,29,19,23,9,16,4,17,20,23,16
250314,2,1,0,0,0,0,0,0,0,0,0,0
250315,1,1,16,16,16,16,16,16,16,16,16,16
250315,2,1,0,0,5,0,0,17,0,12,0,0
250317,1,1,13,11,4,12,0,19,3,34,0,5
250318,0,1,0,0,0,0,0,0,0,0,0,0
250318,1,1,12,10,27,18,0,0,0,0,0,0
250319,1,1,0,14,0,0,0,22,0,0,0,0
250319,2,1,0,14,0,10,12,0,0,0,0,0
250320,0,1,0,0,0,0,0,0,0,0,0,0
250320,1,1,0,0,0,0,0,0,0,0,0,0
250321,1,1,0,0,0,0,0,0,0,0,0,0
250322,1,1,0,0,0,0,0,0,0,0,0,0
250323,1,1,0,0,0,0,0,0,0,0,0,0
250323,2,1,0,0,0,0,0,0,0,0,0,0
250324,1,1,0,23,0,0,0,0,0,0,8,0
250324,2,1,0,0,0,0,0,32,0,0,0,0
250325,1,1,18,0,9,16,0,15,0,14,0,17
250326,1,1,0,8,10,32,19,14,18,19,4,36
250326,2,1,0,0,0,0,0,0,5,0,0,0
250327,1,1,0,29,28,0,0,0,0,7,0,0
250328,1,1,0,0,0,0,0,0,0,0,0,0
250328,2,1,0,0,0,0,0,0,0,0,0,0
250329,0,1,0,0,0,0,0,0,0,0,0,0
250329,1,1,0,0,0,0,21,0,0,0,0,0
250330,1,1,0,0,0,0,0,0,0,0,0,0
250330,2,1,0,0,0,0,0,0,0,0,0,0
250332,2,1,21,21,21,21,21,21,21,21,21,21
250333,1,1,0,0,24,0,0,0,0,2,0,12
250334,1,1,0,0,0,0,0,0,0,0,0,0
250335,0,1,0,0,0,12,0,0,0,0,0,0
250335,1,1,0,0,0,24,11,0,27,21,0,0
250337,1,1,34,11,14,14,23,16,24,10,12,25
250339,1,1,21,22,11,0,0,0,0,0,33,23
250340,1,1,0,0,0,20,18,8,15,25,14,13
250341,1,1,0,0,0,0,0,0,0,0,0,0
250342,1,1,0,0,13,0,13,0,0,0,0,0
250343,1,1,1,1,1,1,1,1,1,1,1,1
250344,0,1,19,19,19,19,19,19,19,19,19,19
250344,1,1,9,9,9,9,9,9,9,9,9,9
250345,1,1,11,15,0,0,0,3,0,0,0,0
250346,0,1,0,0,0,0,0,0,0,0,0,0
250346,1,1,0,0,0,0,0,0,0,0,0,0
250347,1,1,0,0,0,0,0,0,0,0,0,0
250347,2,1,0,9,17,0,0,14,0,0,16,0
250347,3,1,0,0,20,0,0,0,0,0,17,0
250348,0,1,0,0,0,0,0,0,0,0,0,0
250348,1,1,0,0,0,0,0,0,0,0,4,0
250349,1,1,23,23,23,23,23,23,23,23,23,23
250349,2,1,0,0,0,8,0,25,0,0,0,3
250349,3,1,0,0,0,0,0,0,0,9,0,0
250350,1,1,0,0,0,0,0,0,0,0,0,0
250350,2,1,0,0,0,0,0,0,0,0,0,0
250351,1,1,0,0,0,0,11,0,24,5,20,8
250352,1,1,0,0,0,13,0,0,0,18,0,0
250353,1,1,0,14,0,0,0,0,0,0,0,0
250354,0,1,0,0,0,0,0,0,0,0,0,0
250354,1,1,0,0,0,0,0,0,0,0,0,0
250355,0,1,18,18,18,18,18,18,18,18,18,18
250355,1,1,0,0,0,0,0,0,0,0,15,0
250357,1,1,0,0,0,0,0,0,0,0,0,0
250358,0,1,29,28,19,19,24,27,14,0,0,15
250358,1,1,0,0,0,0,0,0,15,0,0,0
250359,1,1,0,0,0,0,0,0,0,0,0,0
250359,2,1,0,0,0,0,0,0,0,0,0,0
250359,3,1,0,0,0,0,0,0,0,0,0,0
250360,1,1,0,0,0,0,0,0,0,0,12,0
250361,1,1,0,0,0,0,0,0,0,0,0,0
250361,2,1,0,0,0,0,0,0,0,0,0,0
250361,3,1,0,0,0,0,0,0,0,0,0,0
250362,1,1,12,0,17,0,8,2,0,12,13,12
250363,0,1,0,8,0,15,0,0,11,0,0,0
250363,1,1,0,0,11,0,0,0,0,0,0,0
250364,1,1,0,12,0,0,0,8,14,13,0,13
250366,1,1,15,0,0,0,7,0,11,0,0,0
250366,2,1,0,0,0,0,0,0,0,0,0,0
250367,1,1,21,29,17,0,10,14,0,23,20,0
250368,1,1,11,14,0,0,20,9,14,0,22,5
250369,0,1,0,0,0,0,0,0,0,0,0,0
250369,1,1,0,0,0,0,13,0,0,0,0,25
250370,0,1,0,0,0,20,23,16,35,13,25,34
250370,1,1,19,0,0,12,0,0,0,17,0,0
250371,1,1,0,0,0,0,0,0,0,0,0,0
250371,2,1,0,0,0,0,0,0,0,0,0,0
250372,1,1,0,7,0,0,0,0,8,23,0,0
250372,2,1,0,11,12,14,0,0,0,15,0,0
250373,1,1,0,0,0,0,0,0,0,0,0,0
250373,2,1,0,0,0,0,0,0,0,0,0,0
250373,3,1,0,0,0,0,0,0,0,0,0,0
250374,0,1,0,29,0,0,18,13,24,12,25,18
250374,1,1,0,0,0,0,0,14,0,0,29,0
250374,2,1,6,0,0,0,0,0,0,0,9,17
250375,1,1,22,22,22,22,22,22,22,22,22,22
250376,0,1,7,0,0,0,0,0,0,0,0,10
250376,1,1,0,0,24,14,0,0,0,0,0,0
250377,1,1,0,0,0,0,0,0,0,0,0,0
250377,2,1,0,0,0,0,0,0,5,0,0,0
250378,1,1,15,8,25,23,9,19,22,5,17,11
250378,2,1,0,0,0,11,0,0,0,0,0,0
250379,0,1,15,0,14,0,0,33,0,0,0,45
250379,1,1,0,0,0,0,0,0,0,0,13,0
250380,1,1,0,0,0,0,0,11,0,0,11,0
250380,2,1,8,0,0,0,0,0,0,0,0,0
250381,1,1,7,13,0,0,11,0,0,0,0,0
250382,0,1,21,0,0,24,0,17,28,0,38,0
250382,1,1,0,0,0,0,12,0,0,0,0,0
250383,1,1,20,20,30,12,31,0,20,15,25,0
250384,0,1,0,0,20,36,8,12,12,20,18,6
250384,1,1,0,0,0,0,0,0,0,0,0,0
260001,0,1,22,22,22,22,22,22,22,22,22,22
260001,1,1,0,0,0,0,0,0,0,0,0,0
260002,1,1,0,0,0,0,0,0,0,0,0,0
260002,2,1,0,0,0,0,0,0,0,0,0,0
260003,1,1,22,0,0,0,0,0,0,0,0,0
260004,1,1,18,18,18,18,18,18,18,18,18,18
260005,1,1,0,0,0,0,0,0,0,0,0,0
260006,1,1,0,0,0,0,0,0,0,0,0,0
260007,1,1,0,0,0,0,0,0,0,0,0,0
260007,2,1,0,0,0,0,0,0,0,0,0,0
260008,0,1,19,37,18,12,24,16,30,6,22,48
260008,1,1,16,26,0,0,0,0,0,0,15,0
260009,1,1,0,0,0,0,0,0,0,0,0,0
260010,0,1,0,0,0,0,0,0,0,0,0,0
260010,1,1,0,0,0,0,0,0,0,0,0,0
260011,1,1,0,0,0,0,0,0,0,0,0,0
260011,2,1,0,0,0,0,0,0,0,0,0,0
260012,1,1,0,0,0,0,0,0,0,0,0,0
260012,2,1,0,0,0,0,0,0,0,0,0,0
260013,1,1,11,11,11,11,11,11,11,11,11,11
260014,1,1,0,0,0,0,0,0,0,0,0,0
260015,1,1,0,0,0,0,0,0,0,0,0,0
260016,1,1,0,0,0,0,0,0,0,0,0,0
260016,2,1,0,0,0,0,0,0,0,0,0,0
260017,1,1,0,0,0,0,0,0,0,0,0,0
260017,2,1,0,0,0,0,0,0,0,0,0,0
260018,1,1,0,0,0,0,0,0,0,0,0,0
260018,2,1,0,0,0,0,0,0,0,4,0,0
260019,1,1,7,7,7,7,7,7,7,7,7,7
260020,1,1,0,0,0,0,0,0,0,0,0,0
260021,1,1,0,0,0,0,0,0,0,0,0,0
260022,1,1,0,0,0,0,0,0,0,0,0,0
260022,2,1,0,0,0,0,0,0,0,0,0,0
260023,1,1,0,0,0,0,0,0,0,0,0,0
260023,2,1,0,0,0,0,0,0,0,0,0,0
260024,0,1,0,0,0,0,0,0,0,0,0,0
260024,1,1,0,0,0,0,0,0,0,0,0,0
260025,1,1,0,0,0,0,0,0,0,0,0,0
260026,1,1,0,0,0,0,0,0,0,0,0,0
260026,2,1,0,0,0,0,0,0,0,0,0,0
260027,1,1,0,0,0,0,0,0,0,0,0,0
260028,1,1,13,13,13,13,13,13,13,13,13,13
260029,1,1,0,0,0,0,0,0,0,0,0,0
260029,2,1,0,0,0,0,0,0,0,0,0,0
260029,3,1,0,0,0,0,0,0,0,0,0,0
260030,1,1,0,0,0,0,0,0,0,0,0,0
260030,2,1,0,0,0,0,0,0,0,0,0,0
260031,1,1,0,0,0,0,0,0,0,0,0,0
260032,1,1,3,3,3,3,3,3,3,3,3,3
260032,2,1,29,29,29,29,29,29,29,29,29,29
260033,1,1,24,24,24,24,24,24,24,24,24,24
260034,1,1,0,0,0,0,0,0,0,0,0,0
260034,2,1,0,0,0,0,0,0,0,0,0,0
260035,0,1,0,0,0,0,0,0,0,11,0,7
260035,1,1,0,0,0,0,0,0,0,0,0,0
260036,0,1,0,0,0,0,0,0,0,0,0,0
260036,1,1,0,0,0,0,0,0,0,0,0,0
260037,1,1,0,0,0,0,0,0,0,0,0,0
260037,2,1,0,0,0,0,0,0,0,0,0,0
260038,1,1,0,0,0,0,0,0,0,0,0,0
260038,2,1,0,0,0,0,0,0,0,0,0,0
260039,1,1,23,23,23,23,23,23,23,23,23,23
260040,1,1,20,20,20,20,20,20,20,20,20,20
260041,1,1,0,0,0,0,0,0,0,0,0,0
260041,2,1,0,0,0,0,0,0,0,0,0,0
260042,1,1,17,17,17,17,17,17,17,17,17,17
260042,2,1,0,0,0,0,0,0,0,0,0,0
260043,1,1,0,0,0,0,0,0,0,0,0,0
260043,2,1,0,0,0,0,0,0,0,0,0,0
260044,1,1,0,0,0,0,0,0,0,0,0,0
260044,2,1,0,0,0,0,0,0,0,0,0,0
260045,1,1,10,10,10,10,10,10,10,10,10,10
260046,1,1,0,0,0,0,0,0,0,0,0,0
260046,2,1,0,0,0,0,0,0,0,0,0,0
260047,1,1,0,0,0,0,0,0,0,0,0,0
260047,2,1,0,0,0,0,0,0,0,0,0,0
260048,1,1,0,0,0,0,0,0,0,0,0,0
260048,2,1,0,0,0,0,0,0,0,0,0,0
260049,1,1,0,0,0,0,0,0,0,0,0,0
260049,2,1,0,0,0,0,0,0,21,0,0,0
260050,1,1,0,0,0,0,0,0,0,8,0,0
260050,2,1,0,0,0,0,0,0,0,0,0,0
260051,1,1,0,0,0,0,0,0,0,0,0,0
260052,1,1,0,0,0,0,0,0,0,0,0,0
260053,1,1,0,0,0,0,0,0,0,0,0,0
260053,2,1,0,0,0,0,0,0,0,0,0,0
260054,1,1,0,0,0,0,0,0,0,0,0,0
260055,1,1,0,0,17,0,0,0,0,15,0,5
260055,2,1,0,0,0,0,0,0,0,0,0,17
260056,1,1,0,0,0,0,0,0,0,0,0,0
260057,1,1,0,0,35,0,0,0,0,0,0,0
260057,2,1,0,0,0,0,0,0,0,0,0,0
260058,1,1,0,0,0,0,0,0,0,0,0,0
260058,2,1,0,0,0,0,0,0,0,0,0,0
260059,1,1,0,0,0,0,0,0,0,0,0,0
260059,2,1,0,0,0,0,0,0,0,0,0,0
260060,1,1,0,0,0,0,0,0,0,0,0,0
260060,2,1,0,0,0,0,0,0,0,0,0,0
260061,1,1,0,0,0,0,0,0,0,0,0,0
260061,2,1,0,0,0,0,0,0,0,0,0,0
260062,1,1,0,0,0,0,0,0,0,0,0,0
260062,2,1,0,0,0,0,0,0,0,0,0,0
260063,1,1,0,0,0,0,0,0,0,0,0,0
260063,2,1,0,0,0,0,0,0,0,0,0,0
260064,0,1,0,0,0,0,0,0,0,0,0,0
260064,1,1,0,0,0,0,0,0,0,0,0,0
260065,0,1,32,32,32,32,32,32,32,32,32,32
260065,1,1,0,0,0,0,0,0,0,0,0,0
260066,1,1,0,0,0,0,0,0,0,0,0,0
260067,1,1,0,3,0,0,0,0,0,0,0,0
260067,2,1,0,0,0,0,0,0,0,0,0,0
260068,1,1,17,17,17,17,17,17,17,17,17,17
260069,1,1,17,17,17,17,17,17,17,17,17,17
260070,1,1,0,0,0,0,0,0,0,0,0,0
260070,2,1,0,0,0,0,0,0,0,0,0,0
260071,1,1,0,0,0,0,0,0,0,0,0,0
260071,2,1,0,0,0,0,0,0,0,0,0,0
260072,1,1,0,0,0,0,0,0,0,0,0,0
260072,2,1,0,0,0,0,0,0,0,0,0,0
260073,1,1,0,0,0,0,0,0,0,0,0,0
260074,1,1,0,0,0,0,0,0,0,0,0,0
260075,1,1,0,0,0,0,0,0,0,0,0,0
260075,2,1,5,5,5,5,5,5,5,5,5,5
260076,1,1,19,19,19,19,19,19,19,19,19,19
260077,1,1,0,0,0,0,0,0,0,0,0,0
260077,2,1,0,0,0,0,0,0,0,0,0,0
260078,1,1,0,0,0,0,0,0,0,0,0,0
260078,2,1,0,0,0,0,0,0,0,0,0,0
260079,0,1,0,0,0,0,0,0,0,0,0,0
260079,1,1,0,0,0,0,0,0,0,0,0,0
260080,0,1,0,0,18,14,0,0,0,0,0,0
260080,1,1,0,0,0,0,0,0,0,0,0,0
260080,2,1,0,0,0,0,0,0,0,0,0,0
260081,1,1,0,0,0,0,0,0,0,0,0,0
260081,2,1,0,0,0,0,0,0,0,0,0,0
260082,1,1,0,0,0,0,0,0,0,0,0,0
260082,2,1,0,0,0,0,0,0,0,0,0,0
260083,1,1,0,0,0,0,0,0,16,0,0,17
260084,1,1,8,8,8,8,8,8,8,8,8,8
260085,1,1,0,0,0,0,0,0,0,0,0,0
260085,2,1,0,0,0,0,0,0,0,0,0,0
260086,1,1,16,16,16,16,16,16,16,16,16,16
260087,1,1,0,0,0,0,0,0,0,0,0,0
260087,2,1,0,0,0,0,0,0,0,0,0,0
260088,1,1,0,0,0,0,0,0,0,0,0,0
260088,2,1,0,0,0,0,0,0,0,0,0,0
260088,3,1,0,0,0,0,0,0,0,0,0,0
260089,1,1,0,0,0,0,0,0,0,0,0,0
260089,2,1,0,0,0,0,0,0,0,0,0,0
260089,3,1,0,0,0,0,0,0,0,0,0,0
260090,1,1,0,0,0,0,0,0,0,0,0,0
260091,0,1,0,0,0,0,0,0,0,0,0,0
260091,0,2,39,0,10,0,7,0,9,26,0,0
260091,1,1,0,0,0,0,0,0,0,0,0,0
260092,1,1,0,0,0,0,0,0,0,0,0,3
260093,2,1,16,16,16,16,16,16,16,16,16,16
260094,1,1,0,0,20,0,0,0,0,0,0,0
260095,1,1,0,20,0,13,26,28,0,16,0,17
260095,2,1,0,0,0,0,9,6,0,0,5,0
260096,1,1,0,0,0,0,0,0,0,0,0,0
260097,1,1,0,0,0,0,0,0,0,0,0,0
260097,2,1,0,0,0,0,0,0,0,0,0,0
260098,1,1,0,0,0,0,0,0,0,0,0,0
260098,2,1,0,0,0,0,0,0,0,0,0,0
260099,1,1,0,0,0,0,0,0,0,0,0,0
260099,2,1,0,0,0,0,0,0,0,0,0,0
260100,1,1,0,0,0,0,0,0,0,31,0,0
260101,1,1,0,0,0,0,0,0,0,0,0,0
260101,2,1,0,0,0,0,0,0,0,0,0,0
260102,1,1,0,0,0,0,0,0,0,0,0,0
260102,2,1,0,0,0,0,0,0,0,0,0,0
260103,1,1,0,0,0,0,0,0,0,0,0,0
260104,1,1,23,23,23,23,23,23,23,23,23,23
260104,2,1,0,0,0,0,0,0,0,0,0,0
260104,3,1,0,0,0,0,0,0,0,0,0,0
260105,0,1,0,0,0,0,0,0,0,0,0,0
260105,0,2,0,0,0,0,0,0,0,0,0,0
260105,1,1,0,0,0,0,0,0,0,0,0,0
260106,0,1,0,0,0,0,0,0,0,0,0,0
260106,3,1,0,0,0,0,0,0,0,0,0,0
260107,1,1,0,0,0,0,0,0,0,0,0,0
260107,2,1,0,0,0,0,0,0,0,0,0,0
260108,1,1,5,5,5,5,5,5,5,5,5,5
260108,2,1,0,0,0,0,0,0,0,0,0,0
260109,1,1,0,0,0,0,0,0,0,0,0,0
260109,2,1,0,0,0,0,0,0,0,0,0,0
260110,1,1,28,28,28,28,28,28,28,28,28,28
260110,2,1,0,0,0,0,0,0,0,0,0,0
260111,1,1,15,15,15,15,15,15,15,15,15,15
260112,1,1,14,14,14,14,14,14,14,14,14,14
260113,1,1,0,0,16,0,15,0,0,20,10,0
260114,1,1,0,0,0,0,0,0,0,0,0,0
260114,2,1,0,0,0,0,0,0,0,0,0,0
260115,1,1,0,0,0,0,0,0,0,0,0,0
260116,0,1,0,0,9,0,0,0,0,0,0,27
260116,1,1,0,0,0,0,0,0,0,0,0,0
260117,0,1,0,0,0,0,0,0,0,0,0,0
260117,1,1,0,0,0,0,0,0,0,0,0,0
260118,0,1,16,16,16,16,16,16,16,16,16,16
260118,1,1,9,0,15,3,22,23,24,24,22,12
260119,1,1,23,23,23,23,23,23,23,23,23,23
260120,1,1,0,0,0,0,0,0,0,0,0,0
260120,2,1,0,0,0,0,0,0,0,0,0,0
260121,1,1,14,0,0,0,0,0,0,0,0,0
260122,1,1,0,0,0,0,0,0,0,0,0,0
260123,1,1,0,0,0,0,0,0,0,0,0,0
260123,2,1,0,0,0,0,0,0,0,0,0,0
260124,1,1,17,17,17,17,17,17,17,17,17,17
260125,1,1,29,29,29,29,29,29,29,29,29,29
260126,1,1,0,0,0,0,0,0,0,0,0,0
260126,2,1,0,0,0,0,0,0,0,23,0,0
260126,3,1,0,0,0,0,0,0,0,0,0,0
260127,1,1,0,0,0,0,0,0,0,0,0,0
260127,2,1,0,0,0,0,0,0,0,0,0,0
260128,1,1,0,0,0,0,0,0,0,0,0,0
260128,2,1,0,0,0,0,0,0,0,0,0,0
260129,1,1,0,0,6,0,0,0,0,8,0,0
260130,0,1,0,30,0,0,0,0,0,0,0,0
260130,0,2,0,0,0,0,0,0,0,0,0,0
260130,1,1,0,0,0,0,0,0,0,0,0,0
260131,1,1,0,11,23,0,0,0,20,9,15,0
260132,1,1,0,0,0,0,0,0,0,0,0,0
260132,2,1,0,0,0,0,0,0,0,0,0,0
260133,1,1,13,13,13,13,13,13,13,13,13,13
260134,1,1,1,1,1,1,1,1,1,1,1,1
260135,1,1,29,29,29,29,29,29,29,29,29,29
260136,1,1,26,26,26,26,26,26,26,26,26,26
260137,1,1,0,0,0,0,0,0,0,0,0,0
260137,2,1,0,0,0,0,0,0,0,0,0,0
260138,1,1,27,27,27,27,27,27,27,27,27,27
260139,1,1,12,12,12,12,12,12,12,12,12,12
260139,2,1,0,0,0,0,0,0,0,0,0,0
260140,1,1,27,27,27,27,27,27,27,27,27,27
260141,1,1,0,0,0,0,0,0,0,23,0,0
260141,2,1,0,0,0,0,0,0,0,0,0,0
260141,3,1,0,29,0,0,0,0,0,0,0,0
260142,1,1,0,0,10,0,0,0,0,0,0,0
260142,2,1,0,0,0,0,0,0,0,0,0,0
260143,0,1,0,0,0,0,0,0,0,0,0,0
260143,1,1,0,0,0,0,0,0,0,0,0,0
260143,2,1,0,0,0,0,0,0,0,0,0,0
260144,1,1,20,20,20,20,20,20,20,20,20,20
260145,1,1,33,33,33,33,33,33,33,33,33,33
260146,1,1,0,0,0,0,0,0,0,0,0,0
260147,1,1,0,0,0,0,0,0,0,0,0,0
260147,2,1,0,0,0,0,0,0,8,0,0,0
260147,3,1,0,0,0,0,0,0,0,10,0,0
260148,1,1,18,18,18,18,18,18,18,18,18,18
260149,1,1,0,0,0,0,0,0,0,0,0,0
260149,2,1,0,0,0,0,0,0,0,0,0,0
260150,0,1,42,42,42,42,42,42,42,42,42,42
260150,1,1,0,0,0,0,0,0,0,0,0,0
260151,0,1,11,0,0,0,0,0,0,0,0,0
260151,1,1,0,0,0,0,0,0,0,0,0,0
260152,1,1,11,11,11,11,11,11,11,11,11,11
260153,1,1,15,15,15,15,15,15,15,15,15,15
260153,2,1,0,0,0,0,0,0,0,0,0,0
260154,1,1,0,0,0,0,0,0,0,0,0,0
260154,2,1,0,0,0,0,0,0,0,0,0,0
260155,0,1,0,12,19,7,15,19,16,23,20,14
260155,1,1,0,0,0,0,0,0,0,0,0,0
260156,1,1,21,21,21,21,21,21,21,21,21,21
260157,0,1,0,0,0,0,0,0,0,0,0,0
260157,1,1,0,0,0,0,0,0,0,0,0,0
260158,1,1,0,0,0,0,0,0,0,0,0,0
260159,1,1,0,0,0,0,0,0,0,0,0,0
260159,2,1,0,0,0,0,0,0,0,0,0,0
260160,1,1,5,26,0,0,0,0,0,0,0,0
260161,0,1,13,3,15,25,16,18,32,19,21,20
260161,1,1,0,0,0,0,0,0,0,0,0,0
260161,2,1,0,0,0,0,0,0,0,0,0,0
260162,1,1,23,23,23,23,23,23,23,23,23,23
260163,1,1,34,34,34,34,34,34,34,34,34,34
260164,1,1,0,0,0,0,0,0,0,0,0,0
260164,2,1,0,0,0,0,0,0,0,0,0,0
260165,1,1,21,21,21,21,21,21,21,21,21,21
260166,1,1,0,0,0,0,0,0,0,0,0,0
260167,1,1,11,11,11,11,11,11,11,11,11,11
260167,2,1,23,23,23,23,23,23,23,23,23,23
260168,1,1,24,24,24,24,24,24,24,24,24,24
260168,2,1,0,0,0,0,0,0,0,0,0,0
260169,1,1,0,0,0,0,0,0,0,0,0,0
260169,2,1,0,0,0,17,0,0,0,0,0,0
260170,1,1,0,9,10,19,8,32,14,27,27,20
260171,1,1,19,19,19,19,19,19,19,19,19,19
260172,1,1,24,24,24,24,24,24,24,24,24,24
260172,2,1,0,0,0,0,0,0,0,0,0,0
260173,1,1,28,28,28,28,28,28,28,28,28,28
260174,1,1,18,18,18,18,18,18,18,18,18,18
260175,0,1,14,14,19,17,25,13,20,17,15,16
260175,1,1,0,0,0,0,0,0,0,0,0,0
260176,1,1,0,0,0,0,0,0,0,0,0,0
260176,2,1,0,0,0,0,0,0,0,0,0,0
260177,1,1,17,17,17,17,17,17,17,17,17,17
260178,1,1,0,0,0,0,0,0,0,0,0,0
260179,1,1,0,0,0,0,0,0,0,0,0,0
260180,1,1,0,0,0,0,0,0,0,0,0,0
260182,1,1,0,0,0,0,0,19,0,0,0,0
260182,2,1,0,0,0,0,0,0,0,0,0,0
260183,1,1,0,0,0,0,0,0,0,0,0,0
260183,2,1,0,0,0,0,0,0,0,0,0,0
260183,3,1,0,0,0,0,0,0,0,0,0,0
260184,1,1,0,21,0,0,0,0,0,0,0,9
260184,2,1,0,0,0,0,0,0,0,0,0,0
260185,1,1,3,3,3,3,3,3,3,3,3,3
260186,1,1,0,0,0,0,0,0,0,0,0,0
260187,1,1,0,0,0,0,0,0,0,0,0,0
260187,2,1,0,0,0,0,0,0,0,0,0,0
260188,1,1,25,25,25,25,25,25,25,25,25,25
260189,1,1,0,0,0,0,0,0,0,0,0,0
260189,2,1,0,0,0,0,0,0,0,0,0,0
260190,0,1,0,0,0,0,0,0,0,9,0,0
260190,1,1,0,0,0,0,0,0,0,27,0,0
260191,1,1,0,0,0,0,0,0,0,0,0,0
260192,1,1,0,0,0,0,0,0,0,0,0,0
260193,0,1,19,19,19,19,19,19,19,19,19,19
260193,1,1,3,3,3,3,3,3,3,3,3,3
260194,1,1,0,0,0,0,0,0,0,0,0,0
260195,1,1,0,0,0,0,0,0,0,0,0,0
260195,2,1,0,0,0,0,0,0,0,0,0,36
260195,3,1,0,0,0,0,0,0,0,0,0,0
260196,1,1,0,0,0,0,0,0,0,0,0,0
260197,1,1,0,0,18,0,0,0,0,0,0,0
260197,2,1,0,0,0,15,6,0,0,0,0,0
260197,3,1,0,0,0,0,0,0,0,0,0,0
260198,1,1,0,0,0,0,0,0,0,0,0,0
260199,0,1,25,0,0,0,0,0,32,0,0,0
260199,1,1,0,0,0,0,0,0,0,0,0,0
260200,0,1,21,21,21,21,21,21,21,21,21,21
260200,1,1,0,0,0,0,0,0,0,0,0,0
260201,1,1,0,0,0,0,0,0,0,0,0,0
260201,2,1,0,0,0,0,0,0,0,0,0,0
260201,3,1,0,0,0,0,0,0,0,0,0,0
260202,1,1,0,0,0,0,0,0,0,0,0,0
260203,0,1,15,15,15,15,15,15,15,15,15,15
260203,1,1,0,0,0,0,0,0,0,0,0,0
260204,1,1,0,0,0,0,0,0,0,0,0,0
260205,1,1,0,10,0,0,9,0,0,0,0,0
260206,0,1,21,18,20,0,10,10,22,39,26,28
260206,0,2,16,19,34,21,31,18,21,21,21,30
260206,1,1,20,20,20,20,20,20,20,20,20,20
260207,1,1,0,0,0,0,0,0,0,0,0,0
260208,1,1,7,0,0,0,0,0,0,4,0,0
260208,2,1,0,0,0,0,0,0,0,0,0,0
260209,1,1,33,33,33,33,33,33,33,33,33,33
260210,1,1,0,0,0,0,0,0,0,0,0,0
260210,2,1,0,0,0,0,0,0,0,0,0,0
260211,1,1,0,0,0,0,0,0,0,0,0,0
260211,2,1,0,0,0,0,0,0,0,0,0,0
260212,1,1,20,20,20,20,20,20,20,20,20,20
260212,2,1,0,0,0,0,0,0,0,0,0,0
260213,1,1,16,16,16,16,16,16,16,16,16,16
260214,1,1,22,22,22,22,22,22,22,22,22,22
260215,0,1,0,0,0,0,0,0,0,0,0,0
260215,1,1,0,0,0,0,0,0,0,0,0,0
260216,1,1,29,29,29,29,29,29,29,29,29,29
260217,0,1,22,22,22,22,22,22,22,22,22,22
260217,1,1,0,0,0,0,0,0,0,0,0,0
260218,1,1,0,0,0,0,0,0,0,0,0,0
260218,2,1,0,0,0,0,0,0,0,0,0,0
260219,1,1,0,0,0,0,0,0,0,0,0,0