ST_CASE,VEH_NO,PER_NO,P1,P2,P3,P4,P5,P6,P7,P8,P9,P10
260219,2,1,0,0,0,0,0,16,0,0,0,0
260220,1,1,17,17,17,17,17,17,17,17,17,17
260221,1,1,0,0,0,0,0,0,0,0,0,0
260221,2,1,0,0,0,0,0,0,0,0,0,0
260222,1,1,0,0,0,0,0,0,0,0,0,0
260223,1,1,12,12,12,12,12,12,12,12,12,12
260224,0,1,0,0,0,0,0,9,19,0,0,0
260224,1,1,0,0,0,0,0,0,0,0,0,0
260225,1,1,0,0,0,0,0,0,0,0,0,0
260225,2,1,0,0,0,0,0,0,0,0,0,0
260226,1,1,0,0,0,0,0,0,0,0,0,0
260227,1,1,8,9,0,0,17,0,0,0,15,0
260228,0,1,0,0,0,0,0,16,0,0,0,0
260228,1,1,0,0,0,0,0,0,0,0,0,0
260229,0,1,20,20,20,20,20,20,20,20,20,20
260229,1,1,0,0,0,0,0,0,0,0,0,0
260230,1,1,19,19,19,19,19,19,19,19,19,19
260230,2,1,0,0,0,0,0,0,0,0,0,0
260231,1,1,0,0,0,0,0,0,0,0,0,0
260231,2,1,0,0,0,0,0,0,0,0,0,0
260232,1,1,13,13,13,13,13,13,13,13,13,13
260233,1,1,14,14,14,14,14,14,14,14,14,14
260234,1,1,10,10,10,10,10,10,10,10,10,10
260234,2,1,0,0,0,0,0,0,0,0,0,0
260235,1,1,15,15,15,15,15,15,15,15,15,15
260235,2,1,3,3,3,3,3,3,3,3,3,3
260236,1,1,6,6,6,6,6,6,6,6,6,6
260237,1,1,0,0,0,0,0,0,0,0,0,0
260238,1,1,0,0,0,0,0,0,0,0,0,0
260238,2,1,0,0,0,0,0,0,0,0,0,0
260239,1,1,21,21,21,21,21,21,21,21,21,21
260240,1,1,0,0,0,0,0,0,0,0,0,0
260241,1,1,21,0,0,19,0,0,14,0,0,0
260242,1,1,0,0,0,0,0,0,0,0,0,0
260242,2,1,11,11,11,11,11,11,11,11,11,11
260243,1,1,0,0,0,0,0,0,0,0,0,0
260243,2,1,0,0,0,0,0,0,0,0,0,0
260244,1,1,0,0,0,0,0,0,0,0,0,0
260245,1,1,0,0,0,0,0,0,0,0,0,0
260245,2,1,0,0,0,0,0,0,0,0,0,0
260246,1,1,25,25,25,25,25,25,25,25,25,25
260246,2,1,0,0,0,0,0,0,0,0,0,0
260247,1,1,0,0,0,0,0,0,0,0,0,0
260247,2,1,0,0,0,0,0,0,0,0,0,0
260248,0,1,0,0,0,0,0,0,0,0,0,0
260248,1,1,0,0,0,0,0,0,0,0,0,0
260249,1,1,0,0,0,0,0,0,0,0,4,0
260249,2,1,0,0,0,0,0,0,0,0,0,0
260250,1,1,29,29,29,29,29,29,29,29,29,29
260251,1,1,20,20,20,20,20,20,20,20,20,20
260252,1,1,23,23,23,23,23,23,23,23,23,23
260253,1,1,0,0,0,0,0,0,0,0,0,0
260253,2,1,0,0,0,0,0,0,0,0,0,0
260254,1,1,0,0,0,0,0,0,0,0,0,0
260254,2,1,0,0,0,0,0,0,0,0,11,0
260254,3,1,0,0,0,0,0,9,0,0,16,0
260255,1,1,14,0,38,0,16,23,13,0,13,31
260256,1,1,7,7,7,7,7,7,7,7,7,7
260256,2,1,16,16,16,16,16,16,16,16,16,16
260257,1,1,0,0,0,0,0,0,0,0,0,0
260257,2,1,0,0,0,0,0,0,0,0,9,0
260258,1,1,0,0,0,0,0,0,0,0,0,0
260258,2,1,0,0,0,0,0,0,0,0,0,0
260259,1,1,0,18,17,27,0,19,14,0,0,0
260260,1,1,0,0,0,0,0,0,0,0,0,0
260260,2,1,0,0,0,0,0,0,0,0,0,0
260260,3,1,0,0,0,0,0,0,0,0,0,0
260261,1,1,20,20,20,20,20,20,20,20,20,20
260262,0,1,0,0,0,0,0,0,0,0,0,0
260262,1,1,0,0,0,0,0,0,0,0,0,0
260263,1,1,0,0,0,0,0,0,0,0,0,0
260263,2,1,0,0,0,0,0,0,0,0,0,0
260264,1,1,0,0,0,0,0,0,0,0,0,0
260264,2,1,0,0,0,0,0,0,0,0,0,0
260265,1,1,0,0,0,0,0,0,0,0,0,0
260266,1,1,0,0,0,0,0,0,0,0,0,0
260266,2,1,0,0,0,0,0,0,0,0,0,0
260267,1,1,13,0,32,0,11,7,0,0,0,31
260267,2,1,0,0,0,0,0,0,0,0,0,0
260267,3,1,0,0,14,0,0,0,0,0,0,0
260268,1,1,0,0,0,0,0,0,0,0,0,0
260269,1,1,1,1,1,1,1,1,1,1,1,1
260269,2,1,0,0,0,0,0,0,0,0,0,0
260270,1,1,31,31,31,31,31,31,31,31,31,31
260271,0,1,0,0,0,0,0,0,0,0,0,0
260271,1,1,0,0,0,0,0,0,0,0,0,0
260272,1,1,0,9,14,0,0,0,0,7,30,0
260273,1,1,30,30,30,30,30,30,30,30,30,30
260273,2,1,0,0,0,0,0,0,0,0,0,0
260274,1,1,0,0,0,0,0,0,0,0,0,0
260274,2,1,0,0,0,0,0,0,0,0,0,0
260275,1,1,0,0,0,0,0,0,0,0,0,0
260275,2,1,0,0,0,0,0,0,0,0,0,0
260276,1,1,16,16,16,16,16,16,16,16,16,16
260277,1,1,0,0,0,0,0,0,0,0,0,0
260277,2,1,0,0,0,0,0,0,0,0,0,0
260278,1,1,15,15,15,15,15,15,15,15,15,15
260279,1,1,17,17,17,17,17,17,17,17,17,17
260280,1,1,0,0,0,0,0,0,0,0,0,0
260281,1,1,24,9,12,15,25,10,8,12,12,19
260282,1,1,18,18,18,18,18,18,18,18,18,18
260283,0,1,20,0,0,0,0,0,0,0,0,0
260283,0,2,0,0,0,0,0,0,22,0,0,0
260283,1,1,6,6,6,6,6,6,6,6,6,6
260284,1,1,0,0,0,0,0,0,0,0,0,0
260284,2,1,0,0,0,0,0,0,0,0,0,0
260285,1,1,21,21,21,21,21,21,21,21,21,21
260286,1,1,0,0,0,0,0,0,0,0,0,0
260287,1,1,0,0,0,0,0,0,0,0,0,0
260287,2,1,0,0,0,0,0,0,0,0,0,0
260288,1,1,0,0,0,0,0,0,0,0,0,0
260288,2,1,0,0,0,0,0,0,0,0,0,0
260289,0,1,0,0,0,0,0,0,0,0,0,0
260289,1,1,0,0,0,0,0,0,0,0,0,0
260290,1,1,0,0,0,0,0,0,0,0,0,0
260290,2,1,0,0,0,0,0,0,0,0,0,0
260291,1,1,0,0,0,0,0,0,0,0,0,0
260292,1,1,0,0,0,0,0,0,0,0,0,0
260293,1,1,13,13,13,13,13,13,13,13,13,13
260293,2,1,0,0,0,0,0,0,0,0,0,0
260294,1,1,27,27,27,27,27,27,27,27,27,27
260295,1,1,0,0,0,0,0,0,0,0,0,0
260295,2,1,0,0,0,0,0,0,0,0,0,0
260296,1,1,0,0,0,0,0,0,0,0,0,0
260296,2,1,0,0,0,0,0,0,0,0,0,0
260297,1,1,0,0,0,0,0,0,0,0,0,0
260298,1,1,12,12,12,12,12,12,12,12,12,12
260299,1,1,0,0,0,0,0,0,0,0,0,0
260299,2,1,0,0,0,0,0,0,0,0,0,0
260300,1,1,0,0,0,0,0,0,0,0,0,0
260300,2,1,0,0,0,0,0,0,0,0,0,0
260301,1,1,6,6,6,6,6,6,6,6,6,6
260301,2,1,0,0,0,0,0,0,0,0,9,0
260301,3,1,8,0,0,0,0,0,0,0,0,0
260302,0,1,0,0,0,0,0,0,0,0,0,0
260302,1,1,0,0,0,0,0,0,0,0,0,0
260303,1,1,0,0,0,0,0,0,0,0,0,0
260303,2,1,0,0,0,0,0,0,0,7,0,0
260304,1,1,29,29,29,29,29,29,29,29,29,29
260305,1,1,25,25,25,25,25,25,25,25,25,25
260305,2,1,0,0,0,0,0,0,0,0,0,0
260306,1,1,0,0,0,0,0,0,0,0,0,0
260307,1,1,18,18,18,18,18,18,18,18,18,18
260307,2,1,0,0,0,0,0,0,0,0,0,0
260307,3,1,0,14,0,0,0,0,0,8,0,0
260308,1,1,0,0,0,0,0,0,0,0,0,0
260308,2,1,0,0,0,0,0,0,8,0,0,0
260309,0,1,7,3,14,16,9,9,12,16,24,24
260309,0,2,27,12,21,18,16,1,22,19,14,21
260309,1,1,0,27,0,0,0,0,0,28,9,18
260310,1,1,17,17,17,17,17,17,17,17,17,17
260311,1,1,15,15,15,15,15,15,15,15,15,15
260312,1,1,0,0,0,0,0,0,0,0,0,0
260312,2,1,0,0,0,0,0,0,0,0,0,0
260313,1,1,0,0,0,0,0,0,0,0,0,0
260313,2,1,0,0,0,0,0,0,0,0,0,0
260314,1,1,0,0,0,0,0,0,0,0,20,0
260314,2,1,0,0,0,0,0,0,0,0,0,0
260315,1,1,0,0,0,0,0,0,0,0,0,0
260316,1,1,0,0,0,0,0,0,0,0,0,0
260316,2,1,0,0,0,0,0,0,0,0,0,0
260317,1,1,12,0,0,0,0,0,0,0,0,0
260317,2,1,0,0,0,0,0,14,0,0,0,0
260317,3,1,0,0,0,0,0,13,0,0,0,0
260318,1,1,0,0,0,0,0,0,0,0,0,0
260319,1,1,0,0,0,0,14,0,0,0,0,0
260320,1,1,0,0,0,0,0,0,0,0,0,0
260321,1,1,0,21,5,0,0,0,10,0,22,7
260322,1,1,0,0,0,0,0,0,0,0,0,0
260322,2,1,0,0,0,0,0,0,0,0,0,0
260323,0,1,0,0,0,0,0,0,0,0,0,0
260323,1,1,21,21,21,21,21,21,21,21,21,21
260324,0,1,0,5,17,0,0,12,31,0,21,0
260324,1,1,0,0,0,0,0,0,0,0,0,0
260325,1,1,0,0,0,0,0,0,0,0,0,0
260325,2,1,0,0,0,0,0,0,0,0,0,0
260326,1,1,0,0,0,0,0,0,0,0,0,0
260326,2,1,0,12,0,0,0,0,0,0,0,0
260327,1,1,15,15,15,15,15,15,15,15,15,15
260327,2,1,0,0,0,0,0,0,0,0,0,0
260328,1,1,0,0,0,0,0,24,7,0,0,0
260329,1,1,17,17,17,17,17,17,17,17,17,17
260330,1,1,2,2,2,2,2,2,2,2,2,2
260331,1,1,5,5,5,5,5,5,5,5,5,5
260332,1,1,0,0,0,0,0,0,0,0,0,0
260332,2,1,0,0,0,0,0,0,0,0,0,0
260333,1,1,0,0,0,0,0,0,0,0,0,0
260334,0,1,0,0,0,0,0,0,0,0,0,0
260334,1,1,0,0,0,0,0,0,0,0,0,0
260335,1,1,0,0,0,0,0,0,0,0,0,0
260336,1,1,0,0,0,0,0,0,0,0,0,0
260336,2,1,0,0,0,0,0,0,0,0,0,0
260337,1,1,0,0,0,0,0,0,0,0,0,0
260338,1,1,0,0,0,0,0,0,0,0,0,0
260338,2,1,0,0,0,0,0,0,0,0,0,0
260339,1,1,0,0,0,0,0,0,0,0,0,0
260340,0,1,32,0,0,0,0,0,0,0,0,0
260340,1,1,0,0,0,0,0,0,0,0,0,0
260341,1,1,0,0,0,0,0,0,0,0,0,0
260341,2,1,3,3,3,3,3,3,3,3,3,3
260342,1,1,28,28,28,28,28,28,28,28,28,28
260343,1,1,0,0,0,0,0,0,0,0,0,0
260343,2,1,0,0,0,0,0,0,0,0,0,0
260343,3,1,0,0,0,0,0,0,0,0,0,0
260344,1,1,0,0,0,0,0,0,0,0,0,0
260344,2,1,0,0,0,0,0,0,0,0,0,0
260345,1,1,21,21,21,21,21,21,21,21,21,21
260346,1,1,0,0,0,0,0,0,0,0,0,0
260347,0,1,0,10,0,0,26,0,0,0,0,0
260347,1,1,0,0,0,0,0,0,0,0,0,0
260347,2,1,0,0,0,0,0,0,0,0,0,0
260348,1,1,0,0,0,0,0,0,0,0,0,0
260348,2,1,0,0,0,0,0,0,0,0,0,0
260349,1,1,0,0,0,0,0,0,0,0,0,0
260350,1,1,0,0,0,0,0,0,0,0,0,0
260350,2,1,0,0,0,0,0,0,0,0,0,0
260351,1,1,14,14,14,14,14,14,14,14,14,14
260352,1,1,0,0,0,0,0,0,0,0,0,0
260352,2,1,0,0,0,0,0,0,0,0,0,0
260353,1,1,0,0,0,0,0,0,0,0,0,0
260354,1,1,25,25,25,25,25,25,25,25,25,25
260355,1,1,10,10,10,10,10,10,10,10,10,10
260355,2,1,0,0,0,0,0,0,0,0,16,0
260356,1,1,1,1,1,1,1,1,1,1,1,1
260356,2,1,0,0,0,0,0,0,0,0,0,0
260357,0,1,16,16,16,16,16,16,16,16,16,16
260357,1,1,0,0,0,0,0,0,0,0,0,0
260358,1,1,0,0,0,0,0,0,0,0,0,0
260358,2,1,0,0,0,0,0,0,0,0,0,0
260359,1,1,0,0,0,0,0,0,0,0,0,0
260359,2,1,0,0,0,9,0,0,0,0,0,0
260360,0,1,0,0,0,0,0,0,0,0,0,0
260360,1,1,0,0,0,0,0,0,0,0,0,0
260361,1,1,0,0,0,0,0,0,0,0,0,0
260361,2,1,0,0,0,0,0,0,0,0,0,0
260362,0,1,0,0,0,0,0,0,0,0,0,0
260362,1,1,0,0,0,0,0,0,0,0,0,0
260363,1,1,0,0,0,5,0,0,0,0,0,0
260364,0,1,0,0,0,0,0,0,0,0,0,0
260364,1,1,0,0,0,0,0,0,0,0,0,0
260365,1,1,3,0,0,0,24,0,6,0,0,0
260366,0,1,0,0,0,0,0,0,0,0,0,0
260366,1,1,0,0,0,0,0,0,0,0,0,0
260367,0,1,16,31,0,0,38,0,0,25,0,0
260367,1,1,0,0,0,0,0,0,0,0,0,0
260368,1,1,12,12,12,12,12,12,12,12,12,12
260369,1,1,0,0,0,0,0,0,0,0,0,0
260369,2,1,0,0,0,0,0,0,0,0,0,0
260370,1,1,0,0,0,0,0,0,0,0,0,0
260371,1,1,0,0,0,0,0,0,0,0,0,0
260372,1,1,22,22,22,22,22,22,22,22,22,22
260373,1,1,0,0,0,22,0,0,0,0,0,21
260373,2,1,0,0,0,0,0,0,0,0,0,0
260374,0,1,0,0,0,0,0,0,0,0,0,0
260374,1,1,10,21,9,0,18,34,0,15,19,17
260375,1,1,0,0,0,0,0,0,0,0,0,0
260375,2,1,0,0,0,0,0,0,0,0,0,0
260376,1,1,0,0,0,0,0,0,0,0,0,0
260376,2,1,0,0,0,0,0,0,0,0,0,0
260377,1,1,6,6,6,6,6,6,6,6,6,6
260378,1,1,14,14,14,14,14,14,14,14,14,14
260379,0,1,0,0,0,0,0,0,0,0,0,0
260379,1,1,0,0,0,0,0,0,0,0,0,0
260380,1,1,0,0,0,0,0,0,0,0,0,0
260381,1,1,13,17,33,16,18,0,12,29,17,11
260382,0,1,13,13,13,13,13,13,13,13,13,13
260382,1,1,0,0,0,0,0,0,0,0,0,0
260383,1,1,12,12,12,12,12,12,12,12,12,12
260384,0,1,0,0,0,0,17,0,0,0,0,0
260384,1,1,0,0,0,0,0,0,0,0,0,0
260385,1,1,26,17,32,12,5,15,23,29,16,30
260386,1,1,0,0,0,0,0,0,0,0,0,0
260386,2,1,0,0,0,0,0,0,0,0,9,0
260387,1,1,0,0,0,0,0,0,0,0,0,0
260387,2,1,0,0,0,0,0,0,0,0,0,0
260389,0,1,0,30,0,0,0,0,0,0,0,0
260389,1,1,0,11,0,4,0,0,0,9,0,0
260390,1,1,0,0,0,0,0,0,0,0,0,0
260391,1,1,0,0,0,0,0,0,0,0,0,0
260392,1,1,0,0,0,0,0,0,0,0,0,16
260392,2,1,0,0,0,0,0,0,0,0,0,0
260393,0,1,0,0,0,0,0,0,0,0,0,0
260393,1,1,24,13,0,16,0,0,0,25,20,0
260394,1,1,0,0,0,0,0,0,0,0,0,0
260394,2,1,0,0,0,0,0,0,0,0,0,0
260395,1,1,0,0,12,0,0,16,0,12,8,37
260396,1,1,0,0,0,0,0,0,0,0,0,0
260396,2,1,0,0,0,0,0,0,0,0,0,0
260397,1,1,0,0,0,0,0,0,0,0,0,0
260397,2,1,0,0,0,0,0,0,0,0,0,0
260398,1,1,0,0,0,0,16,0,0,0,0,0
260398,2,1,0,0,0,0,0,0,0,0,0,0
260398,3,1,0,0,0,0,0,0,0,0,0,0
260399,1,1,0,0,0,0,0,0,0,0,0,0
260399,2,1,0,0,0,0,0,0,0,0,0,0
260400,1,1,0,0,0,0,0,0,0,0,0,0
260400,2,1,0,0,0,0,0,0,0,0,0,0
260401,1,1,0,0,0,0,0,0,0,0,0,0
260401,2,1,0,0,0,0,0,0,0,0,0,0
260402,1,1,0,0,0,0,0,0,0,0,0,0
260402,2,1,0,0,0,0,0,0,0,0,0,0
260403,1,1,19,19,19,19,19,19,19,19,19,19
260403,2,1,0,4,0,0,8,0,0,0,0,0
260404,1,1,0,0,0,0,0,0,0,0,0,0
260404,2,1,0,0,0,0,0,0,0,0,0,0
260405,1,1,18,18,18,18,18,18,18,18,18,18
260406,1,1,10,10,10,10,10,10,10,10,10,10
260406,2,1,0,0,0,0,0,0,0,0,0,0
260407,0,1,0,0,0,0,0,0,0,0,0,0
260407,1,1,0,0,0,0,0,0,0,0,0,0
260408,1,1,0,0,0,0,0,0,0,0,0,0
260409,1,1,0,0,0,0,0,0,0,0,0,0
260409,2,1,0,0,0,0,0,0,0,0,0,0
260410,1,1,22,22,22,22,22,22,22,22,22,22
260411,0,1,0,0,0,0,0,25,0,0,0,0
260411,1,1,0,0,0,0,0,0,0,0,0,0
260412,1,1,0,0,0,0,0,0,0,0,0,0
260413,1,1,0,0,0,0,0,0,0,0,0,0
260413,2,1,0,0,0,0,0,0,0,0,0,0
260414,1,1,0,0,0,0,0,0,0,0,0,0
260414,2,1,0,0,0,0,10,0,0,0,0,0
260415,0,1,0,0,0,0,0,0,0,16,0,10
260415,1,1,12,12,12,12,12,12,12,12,12,12
260416,1,1,9,9,9,9,9,9,9,9,9,9
260416,2,1,6,6,6,6,6,6,6,6,6,6
260417,1,1,0,0,0,0,0,0,0,0,0,0
260417,2,1,0,0,0,0,0,0,0,0,0,0
260418,0,1,0,0,0,0,0,0,0,0,0,0
260418,0,2,0,0,0,0,0,0,0,0,0,0
260418,1,1,0,0,0,0,0,0,0,0,0,0
260419,1,1,0,0,0,0,0,0,0,0,0,0
260419,2,1,0,0,0,0,0,0,0,0,0,0
260419,3,1,0,0,0,0,0,0,0,0,0,0
260419,4,1,0,0,0,0,0,0,0,0,0,0
260420,1,1,0,0,0,0,0,0,0,0,0,0
260420,2,1,0,0,0,0,0,0,0,0,0,0
260421,1,1,9,9,9,9,9,9,9,9,9,9
260422,1,1,6,6,6,6,6,6,6,6,6,6
260423,1,1,6,6,6,6,6,6,6,6,6,6
260424,1,1,0,0,0,0,0,0,0,0,0,0
260425,1,1,0,0,0,0,0,0,0,0,0,0
260425,2,1,0,0,0,0,0,0,0,0,0,0
260426,1,1,0,0,0,0,0,0,0,0,0,0
260426,2,1,14,14,14,14,14,14,14,14,14,14
260426,3,1,0,0,0,0,0,0,0,0,0,0
260427,1,1,11,11,11,11,11,11,11,11,11,11
260427,2,1,0,0,0,0,0,0,0,0,0,0
260428,1,1,8,8,8,8,8,8,8,8,8,8
260429,0,1,32,32,32,32,32,32,32,32,32,32
260429,1,1,0,0,0,0,0,0,0,0,0,0
260430,0,1,0,0,0,0,0,16,6,0,0,0
260430,1,1,0,0,0,0,0,0,0,17,0,0
260431,1,1,0,0,0,0,0,0,0,0,0,0
260432,1,1,17,9,26,14,17,12,16,27,17,14
260432,2,1,0,0,0,0,0,0,0,0,0,0
260433,1,1,0,0,0,0,0,0,0,0,0,0
260433,2,1,0,0,0,0,0,0,0,0,0,0
260434,1,1,12,12,12,12,12,12,12,12,12,12
260435,1,1,0,0,0,0,0,0,0,0,0,0
260436,1,1,14,14,14,14,14,14,14,14,14,14
260436,2,1,0,0,0,0,0,0,0,0,0,0
260437,1,1,0,0,0,0,0,0,0,0,0,0
260437,2,1,0,0,0,0,0,0,0,0,0,0
260438,1,1,34,34,34,34,34,34,34,34,34,34
260439,0,1,29,29,29,29,29,29,29,29,29,29
260439,1,1,0,0,0,0,0,0,0,0,0,0
260440,1,1,0,36,0,0,32,0,0,0,0,0
260441,1,1,0,0,0,0,0,0,0,0,0,0
260441,2,1,0,0,0,0,0,0,0,0,0,0
260442,1,1,0,0,0,0,0,0,0,0,0,0
260442,2,1,0,0,0,0,0,0,0,0,0,0
260443,1,1,0,0,0,0,0,0,0,0,0,0
260443,2,1,0,0,0,0,0,0,0,0,0,0
260443,3,1,0,0,0,0,0,0,0,0,0,0
260444,1,1,0,0,0,0,0,0,23,0,0,0
260445,0,1,22,22,22,22,22,22,22,22,22,22
260445,1,1,0,0,0,0,0,0,0,0,0,0
260446,1,1,0,0,0,0,0,0,0,0,0,0
260447,1,1,0,0,0,0,0,0,0,0,0,0
260447,2,1,0,0,0,0,0,0,0,0,0,0
260448,1,1,0,0,0,0,0,0,0,0,15,0
260448,2,1,0,0,0,0,0,6,0,0,0,0
260448,3,1,0,0,0,0,0,0,0,0,0,0
260449,1,1,0,0,0,0,0,0,0,0,0,0
260449,2,1,0,0,0,0,0,0,0,0,0,0
260449,3,1,0,0,0,0,0,0,0,0,0,0
260450,1,1,0,0,0,0,0,0,0,0,0,0
260451,1,1,26,26,26,26,26,26,26,26,26,26
260452,1,1,10,10,10,10,10,10,10,10,10,10
260453,1,1,0,0,0,0,0,0,0,0,0,0
260454,1,1,0,0,0,0,0,0,0,0,0,12
260454,2,1,0,0,0,0,0,0,0,0,0,0
260455,1,1,0,15,0,0,0,0,0,0,0,0
260455,2,1,0,0,0,0,0,0,0,0,0,0
260456,1,1,0,0,0,0,0,0,0,0,0,0
260457,1,1,0,0,0,0,0,0,18,0,0,0
260457,2,1,18,0,0,0,0,0,0,0,0,0
260457,3,1,0,0,0,0,0,0,0,0,0,0
260458,1,1,28,28,28,28,28,28,28,28,28,28
260458,2,1,0,0,0,0,0,0,0,0,0,0
260458,3,1,0,0,0,0,0,0,0,0,0,0
260459,1,1,15,15,15,15,15,15,15,15,15,15
260459,2,1,0,0,0,0,0,0,0,0,0,0
260460,1,1,0,0,0,0,0,0,0,0,0,0
260460,2,1,0,0,0,0,0,0,0,0,0,0
260461,1,1,0,0,0,0,0,0,0,0,0,0
260461,2,1,0,0,0,0,0,0,0,0,0,0
260462,1,1,10,10,10,10,10,10,10,10,10,10
260462,2,1,0,0,0,0,0,0,0,0,0,0
260463,1,1,0,0,0,0,0,0,0,0,0,0
260463,2,1,0,0,0,0,0,0,0,0,0,0
260464,1,1,4,4,4,4,4,4,4,4,4,4
260464,2,1,0,0,0,0,0,0,0,0,0,0
260465,1,1,12,12,12,12,12,12,12,12,12,12
260466,1,1,0,0,0,0,0,0,0,16,0,14
260467,1,1,0,0,0,0,0,0,0,0,0,0
260468,0,1,0,0,0,0,0,0,0,0,0,0
260468,1,1,0,0,0,0,0,0,0,0,0,0
260469,1,1,0,0,0,0,0,0,0,0,0,0
260469,2,1,11,11,11,11,11,11,11,11,11,11
260470,0,1,0,0,0,0,0,0,0,0,0,0
260470,0,2,0,0,0,0,0,0,0,0,0,0
260470,1,1,0,0,0,0,0,0,0,0,0,0
260471,1,1,0,0,0,0,0,0,0,0,0,0
260471,2,1,11,11,11,11,11,11,11,11,11,11
260472,1,1,0,0,0,0,0,0,0,0,0,0
260473,0,1,0,0,0,0,0,0,0,0,0,0
260473,1,1,0,0,0,0,0,0,16,0,0,0
260474,1,1,0,0,0,0,0,0,0,0,0,0
260474,2,1,0,0,0,0,0,0,0,0,0,0
260475,1,1,5,0,0,0,0,18,37,0,0,37
260476,1,1,14,14,14,14,14,14,14,14,14,14
260476,2,1,0,0,0,0,0,0,0,0,0,0
260477,1,1,10,10,10,10,10,10,10,10,10,10
260478,0,1,23,23,23,23,23,23,23,23,23,23
260478,1,1,0,0,0,0,0,0,0,0,22,0
260479,1,1,0,0,0,0,0,0,0,0,0,0
260479,2,1,0,0,0,0,0,0,0,0,0,0
260480,1,1,18,11,0,0,3,0,7,0,6,6
260481,1,1,21,21,21,21,21,21,21,21,21,21
260482,0,1,15,0,0,4,8,0,27,18,0,20
260482,1,1,16,22,10,31,21,0,19,0,17,0
260483,1,1,31,31,31,31,31,31,31,31,31,31
260484,1,1,0,20,0,20,0,0,22,0,23,14
260485,1,1,0,0,0,0,0,0,0,0,0,0
260486,1,1,0,0,0,0,0,0,0,0,0,0
260486,2,1,0,0,0,0,0,0,0,0,0,0
260487,1,1,0,0,0,0,0,0,0,0,0,0
260487,2,1,0,0,0,0,0,0,0,0,0,0
260488,1,1,0,0,0,0,0,0,0,0,0,0
260488,2,1,0,0,0,0,0,0,0,0,0,0
260489,1,1,0,0,0,0,0,0,0,0,0,0
260489,2,1,0,0,0,0,0,0,0,0,0,0
260490,1,1,0,0,0,0,0,0,0,0,0,0
260490,2,1,0,0,0,0,0,0,0,0,0,0
260491,1,1,0,0,0,0,0,0,0,0,0,0
260492,0,1,18,18,18,18,18,18,18,18,18,18
260492,1,1,0,0,0,0,0,0,0,0,0,0
260493,1,1,0,0,0,0,0,0,0,0,0,0
260493,2,1,0,0,0,0,3,0,0,0,0,0
260494,1,1,18,18,18,18,18,18,18,18,18,18
260495,0,1,0,0,0,0,0,0,0,0,0,0
260495,1,1,0,0,0,0,0,0,0,0,0,0
260496,1,1,0,0,0,0,0,0,0,0,0,0
260497,1,1,0,0,0,0,0,0,0,0,0,0
260498,1,1,0,0,0,0,0,0,0,0,0,0
260498,2,1,0,0,0,0,0,0,0,0,0,0
260499,1,1,17,17,17,17,17,17,17,17,17,17
260500,1,1,0,0,0,0,0,0,0,0,0,0
260501,1,1,28,28,28,28,28,28,28,28,28,28
260502,1,1,0,0,0,0,0,0,0,0,0,0
260502,2,1,0,0,0,0,0,0,0,0,0,0
260504,1,1,18,18,18,18,18,18,18,18,18,18
260505,1,1,15,15,15,15,15,15,15,15,15,15
260506,1,1,0,17,0,0,0,0,0,0,21,0
260506,2,1,0,0,15,0,0,0,0,0,0,0
260507,1,1,0,0,0,0,0,0,0,0,0,0
260508,1,1,0,0,0,0,0,0,0,0,0,26
260508,2,1,0,23,0,0,0,0,0,0,0,0
260509,1,1,0,0,0,0,0,0,0,0,0,0
260510,1,1,16,16,16,16,16,16,16,16,16,16
260511,0,1,30,30,30,30,30,30,30,30,30,30
260511,1,1,0,0,0,0,7,0,0,0,0,0
260512,1,1,0,0,0,0,0,0,0,0,0,0
260512,2,1,0,0,0,0,0,0,0,0,0,0
260513,0,1,11,11,11,11,11,11,11,11,11,11
260513,1,1,0,0,0,0,0,0,0,0,0,0
260514,1,1,0,0,0,0,0,0,0,0,0,0
260514,2,1,0,0,0,0,0,0,0,0,0,0
260515,0,1,0,0,0,0,0,0,0,0,0,0
260515,1,1,0,0,0,0,0,0,0,0,0,0
260516,1,1,0,0,0,0,0,0,0,0,0,0
260516,2,1,0,0,0,0,0,0,0,0,0,0
260517,0,1,4,0,0,28,24,0,11,0,8,5
260517,1,1,0,0,0,0,0,0,0,0,0,0
260518,0,1,0,0,0,0,0,0,0,0,0,0
260518,1,1,0,0,0,0,0,0,0,0,0,0
260519,0,1,0,0,0,0,0,0,0,0,0,0
260519,1,1,0,0,0,0,0,0,0,0,0,0
260520,0,1,0,0,0,0,0,25,0,0,0,0
260522,1,1,0,22,0,0,0,0,0,0,0,0
260523,1,1,17,17,17,17,17,17,17,17,17,17
260524,1,1,0,0,0,0,0,0,0,0,0,0
260524,2,1,0,0,0,0,0,0,0,0,0,0
260524,3,1,0,0,0,0,0,0,0,0,0,0
260524,4,1,0,0,0,0,0,0,0,0,0,0
260525,1,1,0,0,0,0,0,0,0,0,0,0
260525,2,1,0,0,0,0,0,0,0,0,0,0
260526,1,1,0,0,0,0,0,0,0,0,0,0
260526,2,1,0,0,0,0,0,0,0,0,0,0
260527,1,1,0,0,0,0,0,0,0,0,0,0