ST_CASE,VEH_NO,PER_NO,P1,P2,P3,P4,P5,P6,P7,P8,P9,P10
260528,1,1,0,0,0,0,0,0,0,0,0,0
260529,1,1,30,30,30,30,30,30,30,30,30,30
260530,1,1,20,20,20,20,20,20,20,20,20,20
260531,1,1,0,0,0,0,0,0,0,0,0,0
260531,2,1,0,0,0,0,0,0,0,0,0,0
260532,1,1,14,14,14,14,14,14,14,14,14,14
260532,2,1,15,15,15,15,15,15,15,15,15,15
260533,1,1,0,0,0,0,0,0,0,0,0,0
260533,2,1,0,0,0,0,0,0,0,0,0,0
260533,3,1,0,0,0,0,0,0,0,0,0,0
260533,4,1,0,0,0,0,0,0,0,0,0,0
260534,1,1,0,27,25,0,0,0,0,0,0,0
260535,0,1,34,34,34,34,34,34,34,34,34,34
260535,1,1,0,0,0,0,0,0,0,0,0,0
260536,1,1,0,0,7,0,0,0,0,0,0,0
260537,1,1,0,0,0,0,0,0,0,0,0,0
260538,1,1,12,12,12,12,12,12,12,12,12,12
260539,1,1,0,0,0,0,0,0,0,0,0,0
260540,1,1,0,0,0,0,0,0,0,0,0,0
260540,2,1,0,0,0,0,0,0,0,0,0,0
260541,0,1,18,18,18,18,18,18,18,18,18,18
260541,1,1,0,12,0,7,0,24,11,0,0,0
260542,1,1,0,0,0,0,0,0,0,0,0,0
260542,2,1,0,0,0,0,0,0,0,0,0,0
260543,1,1,0,0,0,0,0,0,0,0,0,0
260543,2,1,0,0,0,0,0,0,0,0,0,0
260544,1,1,3,3,3,3,3,3,3,3,3,3
260544,2,1,0,0,0,30,0,0,0,0,0,0
260545,1,1,0,0,0,0,0,0,0,0,0,0
260545,2,1,0,0,0,0,0,0,0,0,0,0
260546,1,1,9,9,9,9,9,9,9,9,9,9
260547,0,1,0,0,0,0,0,0,0,0,0,0
260547,1,1,0,0,0,0,25,0,0,0,0,6
260548,0,1,15,16,13,0,0,0,0,16,0,0
260548,1,1,0,0,0,0,0,0,0,0,0,0
260548,2,1,0,0,0,0,0,0,0,0,0,0
260549,1,1,0,0,0,0,12,24,0,0,16,0
260550,1,1,0,0,0,0,0,0,0,0,0,0
260550,2,1,0,0,0,0,8,0,0,0,0,0
260551,1,1,0,0,0,0,0,0,0,0,0,0
260551,2,1,0,0,0,0,0,0,0,0,0,0
260552,0,1,0,0,0,0,0,0,0,0,0,0
260552,1,1,0,0,0,0,0,0,0,0,0,0
260553,1,1,0,0,0,0,0,0,0,0,0,0
260553,2,1,0,0,0,0,0,0,0,0,0,0
260554,1,1,0,0,0,0,0,0,0,0,0,0
260554,2,1,0,0,0,0,0,0,0,0,0,0
260555,1,1,0,0,0,0,0,12,0,0,0,0
260555,2,1,0,0,18,0,0,0,0,0,0,0
260556,1,1,0,0,0,0,0,0,0,0,0,0
260556,2,1,0,0,29,0,0,0,0,0,0,0
260557,0,1,0,0,0,0,17,0,0,0,0,0
260557,1,1,0,12,11,0,0,0,0,0,0,0
260558,1,1,0,0,0,0,0,0,0,0,0,0
260558,2,1,0,0,0,0,0,0,0,0,0,0
260559,1,1,6,6,6,6,6,6,6,6,6,6
260560,1,1,0,0,0,0,0,0,0,0,0,0
260560,2,1,0,0,0,0,0,0,0,0,0,0
260561,1,1,20,20,20,20,20,20,20,20,20,20
260561,2,1,0,0,0,0,0,0,0,0,0,0
260562,1,1,0,0,0,0,0,0,0,18,0,0
260562,2,1,0,0,0,0,0,25,0,0,0,0
260563,1,1,0,0,0,0,0,0,0,0,0,0
260564,0,1,23,23,23,23,23,23,23,23,23,23
260564,1,1,0,0,0,0,0,0,0,0,0,0
260565,0,1,0,0,0,0,0,0,0,0,0,6
260565,1,1,0,0,0,0,0,0,0,0,0,0
260566,1,1,0,0,0,0,0,0,0,0,0,0
260566,2,1,0,0,0,0,0,0,0,0,0,0
260566,3,1,0,0,0,0,0,0,0,0,0,0
260567,1,1,13,13,13,13,13,13,13,13,13,13
260568,1,1,12,12,12,12,12,12,12,12,12,12
260569,0,1,0,0,0,0,0,0,0,0,0,0
260569,1,1,15,0,0,0,48,18,25,0,0,0
260570,1,1,25,25,25,25,25,25,25,25,25,25
260571,1,1,22,10,18,13,10,19,19,13,23,12
260572,0,1,0,0,26,25,15,26,19,30,13,0
260572,0,2,0,8,0,13,0,4,8,0,0,18
260572,1,1,0,0,0,0,26,0,0,9,21,0
260573,0,1,7,16,0,0,0,0,0,10,6,19
260573,1,1,23,0,0,0,0,0,20,3,0,15
260573,2,1,21,22,0,0,0,0,0,0,10,0
260574,1,1,0,0,0,0,0,0,13,0,0,5
260574,3,1,0,0,0,0,0,0,0,0,0,0
260575,1,1,18,20,35,28,11,14,0,16,5,29
260576,1,1,0,0,0,0,0,0,0,0,0,0
260576,2,1,0,0,0,0,0,0,0,0,0,0
260577,1,1,0,0,0,0,0,0,0,0,0,0
260577,2,1,0,14,0,0,0,0,0,34,0,0
260578,1,1,0,0,0,12,0,16,27,14,0,10
260579,1,1,0,0,0,0,0,0,0,0,13,0
260579,2,1,0,0,0,0,0,0,0,0,0,0
260580,1,1,0,0,0,3,22,22,0,29,19,25
260581,0,1,0,0,11,47,12,28,12,17,13,0
260581,1,1,0,14,0,16,34,0,0,0,0,0
260581,2,1,0,0,0,5,0,14,0,0,0,0
260581,3,1,0,0,0,0,0,13,0,0,27,0
260582,1,1,16,23,0,10,0,19,14,10,28,0
260583,0,1,27,13,11,28,14,0,33,27,0,0
260583,1,1,0,4,0,0,0,0,0,8,0,9
260583,2,1,21,22,0,0,11,0,0,0,0,0
260583,3,1,17,25,13,16,0,20,0,0,0,0
260584,0,1,0,0,0,0,0,23,0,0,0,13
260584,1,1,0,0,0,0,0,0,0,0,0,0
260585,1,1,0,0,0,0,29,25,0,0,0,0
260586,0,1,22,0,0,11,0,0,0,0,0,0
260586,1,1,18,0,0,0,0,0,5,0,17,0
260587,0,1,35,0,0,0,25,20,15,0,20,0
260587,1,1,12,0,0,25,0,0,0,13,26,0
260588,0,1,0,0,0,0,0,0,0,0,0,0
260588,1,1,10,20,0,14,25,0,0,17,0,0
260589,1,1,4,0,0,0,36,0,0,0,0,0
260589,2,1,29,16,0,26,13,0,9,0,9,0
260590,1,1,0,0,0,0,0,0,0,0,0,0
260590,2,1,0,0,0,0,0,0,0,0,0,0
260591,0,1,27,0,0,0,21,30,12,0,28,9
260591,1,1,12,0,0,19,0,7,23,0,0,0
260592,0,1,16,17,0,5,0,13,37,16,0,0
260592,1,1,0,24,17,0,0,0,0,0,0,24
260593,1,1,14,24,0,0,0,16,19,0,0,0
260593,2,1,6,0,5,4,0,19,12,11,0,10
260594,1,1,0,11,29,0,0,15,12,0,9,21
260594,2,1,0,0,0,0,0,0,0,0,0,0
260595,0,1,0,0,0,27,0,0,0,18,0,18
260595,1,1,0,0,0,0,0,0,0,0,22,0
260596,1,1,0,0,0,0,0,5,0,0,7,0
260596,2,1,0,0,19,0,12,0,0,0,0,0
260597,0,1,22,22,22,22,22,22,22,22,22,22
260597,1,1,0,0,0,0,0,0,0,0,10,0
260598,1,1,28,28,28,28,28,28,28,28,28,28
260599,1,1,16,16,16,16,16,16,16,16,16,16
260600,1,1,5,5,5,5,5,5,5,5,5,5
260601,1,1,0,0,0,0,0,0,0,0,0,0
260602,1,1,0,0,0,0,0,0,0,0,0,0
260602,2,1,0,0,0,0,0,0,0,0,0,0
260603,1,1,0,0,0,0,0,0,0,0,0,0
260604,0,1,0,0,0,0,0,0,0,0,0,0
260604,1,1,0,0,0,0,0,0,0,0,0,0
260604,2,1,0,0,0,0,0,0,0,0,0,0
260605,1,1,0,0,43,0,0,21,0,23,0,0
260606,1,1,3,3,3,3,3,3,3,3,3,3
260606,2,1,0,0,0,0,0,0,0,0,0,0
260607,1,1,0,0,0,0,0,0,0,0,0,0
260607,2,1,0,0,0,0,0,0,0,0,0,0
260608,1,1,0,0,0,0,0,0,0,0,0,0
260608,2,1,6,0,0,0,11,0,0,0,0,0
260609,0,1,0,0,0,0,0,0,0,0,0,0
260609,1,1,9,9,9,9,9,9,9,9,9,9
260610,1,1,0,0,0,0,0,0,0,0,0,0
260610,2,1,0,0,0,0,0,4,0,0,0,0
260611,1,1,0,0,0,0,0,10,0,0,0,0
260612,1,1,20,20,20,20,20,20,20,20,20,20
260613,1,1,0,0,0,0,0,0,0,0,0,0
260614,1,1,0,0,0,0,0,0,0,0,0,0
260614,2,1,0,0,0,0,0,0,0,0,0,0
260614,3,1,0,0,0,0,0,0,0,0,0,0
260615,1,1,11,11,11,11,11,11,11,11,11,11
260615,2,1,0,0,0,0,0,0,0,0,0,0
260616,1,1,9,9,9,9,9,9,9,9,9,9
260617,1,1,13,13,13,13,13,13,13,13,13,13
260618,1,1,0,0,0,0,0,0,0,0,0,0
260618,2,1,0,0,0,0,0,0,0,0,0,0
260619,1,1,0,0,0,0,0,0,14,0,0,0
260619,2,1,2,2,2,2,2,2,2,2,2,2
260620,1,1,19,19,19,19,19,19,19,19,19,19
260620,2,1,14,0,0,22,0,0,0,0,13,0
260621,1,1,0,0,0,0,0,0,0,0,0,0
260622,1,1,0,0,0,0,0,0,0,0,0,0
260622,2,1,0,0,0,0,0,0,0,0,0,0
260623,1,1,20,20,20,20,20,20,20,20,20,20
260623,2,1,0,0,0,0,0,0,0,0,0,0
260624,1,1,0,0,0,0,0,0,0,0,0,0
260624,2,1,0,0,0,0,0,0,0,0,0,0
260625,1,1,0,0,0,0,0,0,0,0,0,0
260625,2,1,0,0,0,0,0,0,0,0,0,0
260626,0,1,0,13,0,0,21,0,16,0,0,0
260626,1,1,0,8,9,0,27,0,7,0,0,0
260627,1,1,0,0,0,0,0,0,0,0,0,0
260628,0,1,0,0,0,0,0,0,0,0,0,0
260628,1,1,0,0,0,0,0,0,0,0,0,0
260629,1,1,0,0,0,0,0,0,0,0,0,0
260629,2,1,0,0,0,0,0,0,0,0,0,0
260629,3,1,0,0,0,0,0,0,0,0,0,0
260630,0,1,0,0,0,11,0,0,0,0,0,0
260630,1,1,0,0,0,0,0,0,0,0,0,0
260631,0,1,27,27,27,27,27,27,27,27,27,27
260631,1,1,0,15,5,4,38,0,10,0,0,0
260632,1,1,1,1,1,1,1,1,1,1,1,1
260633,1,1,35,35,35,35,35,35,35,35,35,35
260634,1,1,15,15,15,15,15,15,15,15,15,15
260635,1,1,13,13,13,13,13,13,13,13,13,13
260635,2,1,0,0,0,0,0,0,15,0,0,0
260636,1,1,22,22,22,22,22,22,22,22,22,22
260637,1,1,0,0,0,0,0,0,0,0,0,0
260638,1,1,0,9,0,0,16,0,0,13,24,25
260638,2,1,0,0,0,0,0,0,0,0,0,0
260638,3,1,0,0,0,0,0,0,0,0,0,0
260639,1,1,23,23,23,23,23,23,23,23,23,23
260640,0,1,0,0,0,22,20,0,0,11,0,0
260640,1,1,0,0,0,0,0,0,0,0,0,0
260641,1,1,0,0,0,0,0,0,0,0,0,0
260641,2,1,0,0,0,0,0,0,0,0,0,0
260641,3,1,0,0,0,0,0,0,0,0,0,0
260641,4,1,0,0,0,0,0,0,0,0,0,0
260642,1,1,15,13,18,32,11,11,13,11,23,22
260642,2,1,0,8,0,0,12,0,0,0,0,0
260643,0,1,28,28,28,28,28,28,28,28,28,28
260643,1,1,11,0,0,23,4,9,12,29,17,4
260644,1,1,0,0,0,0,0,0,0,0,0,0
260645,1,1,0,0,0,0,0,0,0,0,0,0
260646,1,1,26,26,26,26,26,26,26,26,26,26
260647,1,1,0,0,0,0,0,0,0,0,0,0
260648,0,1,0,0,0,0,0,0,23,0,0,0
260648,1,1,0,0,0,0,0,0,0,0,0,0
260649,1,1,27,27,27,27,27,27,27,27,27,27
260649,2,1,0,0,0,0,0,0,0,0,0,0
260650,1,1,23,23,23,23,23,23,23,23,23,23
260651,0,1,0,0,0,0,0,0,13,0,0,9
260651,1,1,0,0,0,0,0,0,0,0,0,0
260652,1,1,0,0,0,0,0,0,0,0,0,0
260653,1,1,0,0,0,0,0,0,0,0,0,0
260653,2,1,0,0,0,0,0,0,0,0,0,0
260653,3,1,0,0,0,0,0,0,0,0,0,0
260654,0,1,21,21,21,21,21,21,21,21,21,21
260654,1,1,0,0,0,0,0,0,0,0,0,0
260655,0,1,0,0,0,0,0,0,0,0,0,0
260655,1,1,0,0,0,0,0,0,0,0,0,0
260656,0,1,0,0,25,0,0,0,0,0,12,0
260656,1,1,0,0,0,0,0,0,0,0,0,0
260657,1,1,0,0,0,0,0,0,0,0,0,0
260658,1,1,16,16,16,16,16,16,16,16,16,16
260659,1,1,0,0,0,0,0,0,0,0,0,0
260659,2,1,0,0,0,0,0,0,0,0,0,0
260660,1,1,0,0,0,0,0,0,0,0,0,0
260661,1,1,0,0,0,0,0,0,0,13,0,0
260662,1,4,22,9,24,0,0,0,14,4,8,0
260663,1,1,18,18,18,18,18,18,18,18,18,18
260664,1,1,0,0,0,0,0,0,0,0,0,0
260665,0,1,12,12,12,12,12,12,12,12,12,12
260665,1,1,0,0,0,0,0,0,0,0,0,0
260666,0,1,0,0,0,0,0,0,0,0,0,0
260666,1,1,0,0,0,0,0,0,0,0,0,0
260667,1,1,0,8,0,0,0,0,0,0,0,0
260667,2,1,0,0,0,0,0,0,0,0,0,0
260668,0,1,0,0,0,0,0,0,0,0,0,0
260668,1,1,0,0,0,0,0,0,0,0,0,0
260668,2,1,0,0,0,0,0,0,0,0,0,0
260669,1,1,0,0,0,0,0,0,0,0,0,0
260670,1,1,0,0,0,0,0,0,0,0,0,0
260670,2,1,0,0,0,0,0,0,0,0,0,0
260671,0,1,11,11,11,11,11,11,11,11,11,11
260671,0,2,0,0,0,0,20,16,0,0,0,0
260671,1,1,8,12,22,10,28,0,12,11,0,0
260672,1,1,0,0,0,0,0,0,0,0,0,0
260672,2,1,0,0,0,0,0,0,0,0,0,0
260673,0,1,32,32,32,32,32,32,32,32,32,32
260673,1,1,0,0,0,0,0,0,0,0,0,0
260674,1,1,0,0,0,0,8,0,0,0,0,0
260674,2,1,0,0,0,0,0,0,0,0,0,0
260675,1,1,0,0,0,0,0,0,0,0,0,12
260675,2,1,0,0,0,0,0,0,0,0,0,0
260676,1,1,0,0,0,0,0,0,0,0,0,0
260676,2,1,0,0,0,0,0,0,0,0,0,0
260677,1,1,24,24,24,24,24,24,24,24,24,24
260678,0,1,0,0,0,0,0,0,0,0,0,0
260678,1,1,0,0,0,0,0,0,0,0,0,0
260679,1,1,0,0,0,0,0,0,0,0,0,0
260679,2,1,0,0,0,0,0,0,0,0,0,0
260680,0,1,0,23,0,0,0,0,0,0,16,0
260680,1,1,0,0,0,0,23,0,0,0,0,0
260681,1,1,0,0,0,0,6,0,0,0,0,0
260682,1,1,0,0,0,0,0,0,23,0,0,0
260683,1,1,0,0,0,0,0,0,0,0,0,0
260683,2,1,0,0,0,0,0,0,16,0,0,0
260684,0,1,7,7,7,7,7,7,7,7,7,7
260684,1,1,0,0,0,0,0,0,0,0,0,0
260684,2,1,0,0,0,0,0,0,0,0,0,0
260685,1,1,27,14,20,19,17,20,18,20,14,26
260686,0,1,0,0,0,11,0,0,0,4,0,0
260686,1,1,0,0,0,0,0,0,0,0,0,0
260687,1,1,32,32,32,32,32,32,32,32,32,32
260688,1,1,0,0,0,0,0,0,0,0,0,0
260688,2,1,0,0,0,0,0,0,0,0,0,0
260689,1,1,5,5,5,5,5,5,5,5,5,5
260690,1,1,19,19,19,19,19,19,19,19,19,19
260691,1,1,0,0,0,0,0,0,0,0,0,0
260691,2,1,0,0,0,0,0,0,0,0,0,0
260692,0,1,0,0,0,0,0,0,0,0,0,0
260692,1,1,0,0,0,0,0,0,0,0,0,0
260693,1,1,12,12,12,12,12,12,12,12,12,12
260694,1,1,15,22,35,31,18,19,25,31,21,30
260697,1,1,5,5,5,5,5,5,5,5,5,5
260698,1,1,8,8,8,8,8,8,8,8,8,8
260698,2,1,0,0,0,0,0,0,0,0,0,0
260699,1,1,0,0,0,0,0,0,0,0,0,0
260699,2,1,0,0,0,0,0,0,0,0,0,0
260700,1,1,0,0,0,0,0,0,0,0,0,0
260701,0,1,0,0,0,0,0,0,0,0,0,0
260701,1,1,0,0,0,0,0,0,0,0,0,0
260702,1,1,10,10,10,10,10,10,10,10,10,10
260703,1,1,0,0,0,0,0,0,0,0,0,0
260704,1,1,0,0,0,0,0,0,0,0,0,0
260704,2,1,0,0,0,0,0,0,0,0,0,0
260705,1,1,0,0,0,0,0,0,0,0,0,0
260705,2,1,0,0,0,0,0,0,0,0,0,0
260706,1,1,0,0,0,0,0,0,0,0,0,0
260707,1,1,24,24,24,24,24,24,24,24,24,24
260708,1,1,12,24,10,26,0,16,0,24,2,18
260709,1,1,0,0,0,0,0,0,0,0,0,0
260709,2,1,0,0,0,0,0,0,0,0,0,0
260710,1,1,0,0,0,0,0,0,0,0,0,0
260711,1,1,0,0,0,0,0,0,0,0,0,0
260711,2,1,0,0,8,0,0,0,0,0,0,0
260712,1,1,0,0,0,0,0,0,0,0,0,0
260712,2,1,0,0,0,0,0,0,0,0,0,0
260713,1,1,14,14,14,14,14,14,14,14,14,14
260714,1,1,0,0,0,0,0,0,0,0,0,0
260714,2,1,0,0,0,0,0,0,0,0,0,0
260715,0,1,33,33,33,33,33,33,33,33,33,33
260715,1,1,12,0,22,23,0,0,0,0,0,0
260716,1,1,0,0,0,0,0,0,0,0,0,0
260716,2,1,0,0,0,0,0,0,0,0,0,0
260717,1,1,0,24,0,0,0,0,0,0,0,27
260718,1,1,0,0,0,0,0,0,0,0,0,0
260719,1,1,0,0,0,0,0,0,0,0,0,0
260720,0,1,0,0,11,0,0,8,0,0,0,0
260720,1,1,0,0,0,0,0,0,0,0,0,0
260721,1,1,0,0,0,0,0,0,0,0,0,0
260722,1,1,9,9,9,9,9,9,9,9,9,9
260722,2,1,0,0,0,0,0,0,0,0,0,0
260723,1,1,0,0,0,0,0,0,0,0,0,0
260723,2,1,23,23,23,23,23,23,23,23,23,23
260724,1,1,18,18,18,18,18,18,18,18,18,18
260725,1,1,0,0,0,0,0,0,0,0,0,0
260725,2,1,0,0,0,0,0,0,0,0,0,0
260726,1,1,22,22,22,22,22,22,22,22,22,22
260727,1,1,0,0,0,0,0,0,0,0,0,0
260728,1,1,0,0,0,0,0,0,0,0,0,0
260729,1,1,0,0,6,0,0,14,0,0,0,0
260730,0,1,25,25,25,25,25,25,25,25,25,25
260730,1,1,0,0,0,0,0,0,0,0,0,0
260731,0,1,0,0,0,0,0,0,0,0,0,0
260731,1,1,0,0,0,0,0,0,0,0,0,0
260732,0,1,22,21,15,0,0,0,0,0,0,17
260732,1,1,0,0,0,0,0,0,0,0,0,0
260733,0,1,0,0,0,0,0,0,0,0,0,0
260733,1,1,0,0,0,0,0,0,0,0,0,0
260734,1,1,27,27,27,27,27,27,27,27,27,27
260734,2,1,0,0,0,0,0,0,0,0,0,0
260735,1,1,0,0,0,0,0,0,0,0,0,0
260736,1,1,16,16,16,16,16,16,16,16,16,16
260737,1,1,0,0,0,0,0,0,0,0,0,0
260738,1,1,8,8,8,8,8,8,8,8,8,8
260739,0,1,0,0,13,0,16,0,0,0,24,0
260739,1,1,0,0,0,0,0,0,0,0,0,0
260740,0,1,0,0,0,0,0,0,0,0,0,0
260740,1,1,0,0,0,0,0,0,0,0,0,0
260741,0,1,0,11,0,0,12,0,8,0,25,18
260741,1,1,0,0,0,0,0,0,0,0,0,0
260741,2,1,0,0,0,0,0,0,0,0,0,0
260742,1,1,0,0,0,0,0,0,0,0,0,0
260742,2,1,0,0,0,0,0,0,0,0,0,0
260742,3,1,0,0,0,0,0,0,0,0,0,0
260743,1,1,0,0,0,0,0,0,0,0,0,0
260744,0,1,0,0,0,0,0,0,17,0,0,17
260744,1,1,0,0,0,0,0,0,0,0,0,0
260745,0,1,24,24,24,24,24,24,24,24,24,24
260745,1,1,0,0,0,0,0,0,0,0,0,0
260746,0,1,21,21,21,21,21,21,21,21,21,21
260746,1,1,0,0,0,12,0,0,16,0,0,0
260747,0,1,0,0,0,0,0,0,0,0,0,0
260747,1,1,0,16,0,0,0,0,0,0,0,0
260748,0,1,0,0,0,0,0,0,0,0,0,0
260748,1,1,0,0,0,0,0,0,0,0,0,0
260749,0,1,0,0,27,6,0,0,0,0,0,0
260749,1,1,0,0,0,0,0,0,0,0,0,0
260750,1,1,0,0,0,0,0,0,0,23,0,27
260750,2,1,0,0,0,0,0,0,0,0,0,0
260750,3,1,0,0,0,0,0,0,0,0,0,0
260751,1,1,0,0,0,0,0,18,0,13,0,0
260751,2,1,0,0,0,0,5,14,0,0,0,7
260752,1,1,0,0,0,0,9,0,0,0,0,0
260753,1,1,50,0,0,0,0,0,14,18,0,0
260753,2,1,20,15,20,0,0,0,0,0,10,0
260754,0,1,2,0,0,0,0,0,0,0,0,0
260754,1,1,0,0,0,0,12,0,12,0,0,0
260755,1,1,0,15,0,0,0,16,0,17,0,0
260756,1,1,0,0,0,0,0,0,0,0,0,0
260757,1,1,0,0,0,0,0,0,0,0,0,0
260757,2,1,0,0,0,0,0,0,0,0,0,0
260758,1,1,21,21,21,21,21,21,21,21,21,21
260758,2,1,0,0,0,0,0,0,0,0,0,0
260759,2,1,0,0,0,0,0,0,0,0,0,0
260760,1,1,0,0,0,0,0,0,7,0,0,0
260761,1,1,0,0,0,0,0,0,0,0,0,0
260762,1,1,0,0,0,0,0,0,0,0,0,0
260762,2,1,0,0,0,0,0,0,0,0,0,0
260763,1,1,0,0,0,0,0,0,0,0,0,0
260764,1,1,0,0,0,0,0,0,0,0,0,0
260765,0,1,17,17,17,17,17,17,17,17,17,17
260765,1,1,15,11,37,29,15,19,9,35,21,8
260766,1,1,0,0,0,0,0,0,0,0,0,0
260767,0,1,13,0,0,0,0,0,0,11,0,0
260767,1,1,0,0,0,0,0,0,0,0,0,0
260768,1,1,0,0,0,0,0,0,0,0,0,0
260769,1,1,0,0,0,0,0,0,0,18,0,0
260769,2,1,0,0,0,0,0,0,0,0,0,0
260770,1,1,0,0,0,0,0,0,0,0,0,0
260772,1,1,0,0,0,0,0,0,0,0,0,0
260772,2,1,0,0,0,0,0,0,0,0,0,0
260772,3,1,0,0,0,0,0,0,16,0,0,0
260773,0,1,0,0,0,0,0,0,0,0,0,0
260773,1,1,12,12,12,12,12,12,12,12,12,12
260774,1,1,10,26,30,8,0,16,0,0,13,20
260775,1,1,0,0,0,6,0,0,0,0,0,0
260775,2,1,0,0,0,0,0,0,0,0,0,0
260776,0,1,19,20,23,19,11,17,12,20,34,27
260776,1,1,10,26,0,0,0,0,0,32,13,0
260777,1,1,0,0,19,0,0,0,25,8,0,0
260778,0,1,0,0,0,0,0,0,0,0,0,0
260778,1,1,0,0,0,0,0,0,0,0,0,0
260779,1,1,0,0,0,0,0,0,0,0,0,0
260779,2,1,0,0,0,0,0,0,0,0,0,0
260780,0,1,30,0,0,0,0,0,13,0,0,0
260780,1,1,0,0,0,0,0,0,0,0,0,0
260781,1,1,0,0,0,0,0,0,0,0,0,0
260782,1,1,0,0,0,0,0,0,0,0,0,0
260782,2,1,0,0,0,0,0,0,0,0,0,0
260783,0,1,0,0,0,0,0,0,0,0,0,0
260783,1,1,0,0,0,0,0,0,0,0,0,0
260784,1,1,5,5,5,5,5,5,5,5,5,5
260784,2,1,0,0,0,0,0,0,0,0,0,0
260785,0,1,0,0,0,0,27,0,0,0,0,0
260785,1,1,0,0,0,0,0,0,0,0,0,0
260786,1,1,26,26,26,26,26,26,26,26,26,26
260787,1,1,0,0,0,0,0,0,0,0,0,0
260788,1,1,11,11,11,11,11,11,11,11,11,11
260788,2,1,0,0,0,0,0,0,0,0,0,0
260789,1,1,0,0,0,0,0,0,0,0,0,0
260790,1,1,0,0,0,0,0,0,0,0,0,0
260790,2,1,0,0,0,0,0,0,0,0,0,0
260791,1,1,0,0,0,0,0,18,0,0,0,0
260791,2,1,0,0,0,0,5,0,0,0,0,0
260792,1,1,0,0,0,0,0,0,0,0,0,0
260793,1,1,0,0,0,0,0,0,0,0,0,0
260794,1,1,26,26,26,26,26,26,26,26,26,26
260795,1,1,0,0,0,0,0,0,0,0,0,0
260795,2,1,0,0,0,0,0,0,0,0,0,0
260796,1,1,0,0,0,0,0,0,33,0,0,0
260797,0,1,13,23,0,0,0,0,0,0,23,0
260797,1,1,0,0,0,0,0,0,15,0,0,0
260797,2,1,0,0,0,0,0,0,0,11,0,0
260798,1,1,0,0,0,0,0,0,0,0,0,0
260798,2,1,0,0,0,0,0,0,0,0,0,0
260799,1,1,0,0,0,0,0,0,0,0,0,0
260799,2,1,0,0,0,0,0,0,0,0,0,0
260800,1,1,25,25,25,25,25,25,25,25,25,25
260800,2,1,0,0,0,0,0,0,0,0,0,0
260801,1,1,0,0,0,0,0,0,0,0,0,0
260801,2,1,0,0,0,0,0,14,0,0,0,0
260802,1,1,0,0,0,0,0,0,0,0,0,0
260802,2,1,0,0,0,0,0,0,0,0,0,0
260803,1,1,9,9,9,9,9,9,9,9,9,9
260803,2,1,0,0,0,0,0,0,0,0,0,0
260804,1,1,8,8,8,8,8,8,8,8,8,8
260805,1,1,0,0,0,0,0,0,0,0,0,0
260805,2,1,0,20,26,0,0,0,0,0,0,0
260805,3,1,0,0,0,0,0,0,0,0,0,0
260807,1,1,0,0,0,0,0,0,0,0,0,0
260807,2,1,0,0,0,0,0,0,0,0,0,0
260808,1,1,23,23,23,23,23,23,23,23,23,23
260809,1,1,0,0,0,0,0,0,0,0,0,0
260810,1,1,14,14,14,14,14,14,14,14,14,14
260811,1,1,0,0,0,0,0,0,0,12,0,0
260811,2,1,0,0,0,0,18,0,0,0,8,0
260812,1,1,0,0,0,0,0,0,0,0,0,0
260812,2,1,17,17,17,17,17,17,17,17,17,17
260813,0,1,0,0,0,0,0,0,0,0,0,0
260813,1,1,0,0,0,0,0,0,0,0,0,0
260814,1,1,22,22,22,22,22,22,22,22,22,22
260815,1,1,26,7,33,29,17,17,16,3,21,14
260816,0,1,0,0,0,0,0,0,0,0,0,0
260816,1,1,0,0,0,0,0,0,0,0,0,0
260817,1,1,0,0,0,0,0,0,0,0,0,0
260817,2,1,0,0,0,0,0,0,0,0,0,0
260818,0,1,0,0,0,15,0,0,0,17,0,0
260818,1,1,0,0,0,0,0,0,0,0,0,0
260819,1,1,0,11,0,0,27,22,0,21,11,0
260820,0,1,0,0,0,13,0,0,0,0,0,0
260820,1,1,0,0,0,0,0,0,0,0,0,0
260821,0,1,0,28,0,23,0,16,15,9,8,22
260821,1,1,0,0,0,0,0,0,0,0,0,0
260822,1,1,0,0,0,0,0,0,0,0,0,0
260822,2,1,0,0,0,0,0,0,0,0,0,0
260823,0,1,0,0,0,0,0,26,0,13,0,0
260823,1,1,0,0,0,0,0,0,0,0,0,0
260824,1,1,0,0,0,0,0,0,0,0,0,0
260824,2,1,0,0,0,0,0,0,0,0,0,0
260825,0,1,22,22,22,22,22,22,22,22,22,22
260825,1,1,0,0,6,20,19,0,6,0,8,9
260826,1,1,22,7,3,17,14,4,4,16,13,14
260827,1,1,17,0,0,21,0,0,0,0,0,0
260827,2,1,11,11,11,11,11,11,11,11,11,11
260828,1,1,36,28,17,20,25,28,22,34,14,16
260829,0,1,0,19,0,0,0,0,0,14,16,7
260829,1,1,20,9,13,16,31,18,13,21,26,14
260830,1,1,0,0,0,0,0,0,0,0,0,0
260830,2,1,0,0,0,0,0,0,0,0,0,0
260831,1,1,8,8,8,8,8,8,8,8,8,8
260832,0,1,14,14,14,14,14,14,14,14,14,14