ST_CASE,VEH_NO,PER_NO,P1,P2,P3,P4,P5,P6,P7,P8,P9,P10
260832,1,1,0,0,0,0,0,0,0,0,0,0
260833,1,1,0,0,0,0,0,0,0,0,0,0
260833,2,1,0,0,0,0,0,0,0,0,0,0
260834,0,1,0,0,11,0,0,0,0,0,0,27
260834,1,1,0,0,0,0,0,0,0,0,13,0
260835,1,1,0,0,0,0,23,0,0,19,10,24
260836,0,1,0,0,20,0,0,9,26,0,0,0
260836,1,1,0,0,0,0,0,0,0,0,0,0
260836,2,1,0,0,0,0,0,0,0,0,0,0
260837,0,1,0,0,0,0,0,0,0,0,0,0
260837,1,1,0,0,0,0,0,0,0,0,0,0
260837,2,1,0,0,0,0,0,0,0,0,0,0
260837,3,1,0,0,0,0,0,0,0,0,0,0
260838,0,1,21,17,0,17,0,0,0,0,19,0
260838,0,2,0,0,0,0,0,0,0,0,0,0
260838,1,1,0,0,0,0,0,0,0,0,0,0
260839,0,1,26,26,26,26,26,26,26,26,26,26
260839,1,1,0,0,0,0,0,0,0,0,0,0
260840,0,1,0,0,0,0,0,0,0,0,0,0
260840,1,1,0,0,0,0,0,0,0,0,0,0
260840,2,1,0,0,0,0,0,0,0,0,0,0
260841,1,1,2,2,2,2,2,2,2,2,2,2
260842,0,1,0,0,0,0,0,0,13,0,0,11
260842,1,1,0,0,0,0,0,0,0,0,0,0
270001,1,1,0,0,0,0,0,0,0,0,0,0
270001,2,1,0,0,0,0,0,0,0,0,0,0
270002,1,1,0,0,0,0,0,0,0,0,0,0
270002,2,1,0,0,0,0,0,0,0,0,0,0
270003,1,1,21,21,21,21,21,21,21,21,21,21
270003,2,1,0,0,0,0,0,0,0,0,0,0
270004,1,1,0,0,0,0,0,0,0,0,0,0
270004,2,1,0,0,0,0,0,0,0,0,0,0
270005,0,1,0,0,0,0,0,0,0,0,0,0
270005,1,1,0,0,0,0,0,0,0,0,0,0
270006,1,1,0,0,0,0,0,0,0,0,0,0
270006,2,1,0,0,14,0,0,0,0,0,0,0
270007,1,1,0,0,0,0,0,0,0,0,0,0
270007,2,1,0,0,0,0,0,0,0,0,0,0
270008,1,1,10,10,10,10,10,10,10,10,10,10
270009,1,1,0,0,0,0,0,0,0,0,0,0
270009,2,1,0,0,0,0,0,0,0,0,0,0
270009,3,1,0,0,0,0,0,0,0,0,0,0
270010,1,1,0,0,0,0,0,0,0,11,0,0
270011,1,1,0,0,0,0,0,0,0,0,0,0
270013,1,1,9,9,9,9,9,9,9,9,9,9
270014,1,1,0,0,0,0,0,0,0,0,0,0
270014,2,1,0,0,0,0,0,0,0,0,0,0
270015,1,1,0,0,0,0,0,0,0,0,0,0
270015,2,1,0,0,0,0,0,0,0,0,0,0
270016,0,1,0,0,0,0,0,0,0,0,0,0
270016,1,1,0,0,0,0,0,0,0,0,0,0
270017,1,1,0,0,0,0,0,0,0,0,0,0
270017,2,1,0,0,0,0,0,0,0,0,0,0
270018,1,1,0,0,0,0,0,0,0,0,0,0
270019,1,1,0,0,0,0,0,0,0,0,0,0
270019,2,1,0,0,0,0,0,0,0,0,0,0
270020,1,1,9,9,9,9,9,9,9,9,9,9
270020,2,1,0,0,0,0,0,0,0,0,0,0
270021,1,1,0,0,0,0,0,0,13,10,2,0
270021,2,1,0,0,0,0,0,0,0,0,0,0
270022,0,1,0,0,33,24,23,18,18,6,0,23
270022,1,1,0,0,0,0,0,0,0,0,0,0
270023,1,1,28,28,28,28,28,28,28,28,28,28
270024,1,1,0,0,0,0,0,0,0,0,0,0
270024,2,1,0,0,0,0,0,0,0,0,0,0
270025,1,1,0,0,0,0,0,0,0,0,0,0
270025,2,1,0,0,0,14,0,0,0,12,0,0
270026,1,1,0,0,0,0,0,0,0,0,0,0
270026,2,1,0,0,0,0,0,0,0,0,0,0
270027,1,1,0,0,0,0,0,0,0,0,0,0
270027,2,1,0,0,0,0,0,0,0,0,0,0
270028,0,1,0,0,0,0,0,0,0,0,0,21
270028,1,1,0,0,0,6,0,0,0,7,0,0
270029,1,1,0,0,0,0,0,0,0,0,0,0
270029,2,1,0,9,0,0,0,0,0,0,0,0
270030,1,1,0,0,0,0,0,0,0,0,0,0
270030,2,1,0,0,0,0,0,0,0,0,0,0
270031,1,1,0,0,0,0,0,0,0,0,0,0
270031,2,1,0,0,0,0,0,0,0,0,0,0
270031,3,1,0,0,0,0,0,0,0,0,0,0
270032,1,1,0,0,0,0,0,0,0,0,0,0
270032,2,1,0,0,0,0,0,0,0,0,0,0
270033,1,1,0,0,0,0,0,0,0,0,0,0
270033,2,1,0,0,0,0,0,0,0,0,0,0
270034,1,1,14,14,14,14,14,14,14,14,14,14
270034,2,1,0,0,0,0,0,0,0,0,0,0
270035,1,1,0,0,0,0,0,0,0,0,0,0
270036,1,1,0,0,0,0,0,0,0,0,0,0
270036,2,1,2,2,2,2,2,2,2,2,2,2
270037,1,1,0,0,0,0,0,0,0,0,0,0
270037,2,1,22,22,22,22,22,22,22,22,22,22
270039,0,1,2,2,2,2,2,2,2,2,2,2
270039,1,1,0,0,0,0,0,0,0,0,0,0
270040,1,1,0,0,0,0,0,0,0,0,0,0
270040,2,1,0,0,0,0,0,0,0,0,0,0
270041,1,1,0,0,0,0,0,0,0,0,0,0
270041,2,1,0,0,0,0,0,0,0,0,0,0
270042,1,1,0,0,0,0,0,0,0,0,0,0
270042,2,1,0,0,0,0,0,0,0,0,0,0
270043,0,1,2,2,2,2,2,2,2,2,2,2
270043,1,1,0,0,0,0,0,0,0,0,0,0
270044,1,1,18,18,18,18,18,18,18,18,18,18
270045,1,1,18,18,18,18,18,18,18,18,18,18
270047,1,1,0,0,0,0,0,0,0,0,0,0
270047,2,1,0,0,0,0,0,0,0,0,0,0
270047,3,1,0,0,0,0,0,0,0,0,0,0
270047,4,1,0,0,0,18,0,0,0,0,0,0
270048,1,1,0,0,0,0,0,0,0,0,0,0
270049,1,1,0,0,0,0,0,0,0,0,0,0
270049,2,1,0,0,0,0,0,0,0,0,0,0
270049,3,1,0,0,0,0,0,0,0,0,0,0
270050,1,1,0,0,0,0,0,0,0,0,0,0
270050,2,1,0,0,0,0,0,0,0,0,0,0
270051,1,1,0,0,0,0,0,0,0,0,0,0
270051,2,1,0,0,0,0,0,0,0,0,0,0
270052,1,1,0,0,0,0,0,0,0,0,0,0
270052,2,1,0,0,0,0,0,0,0,0,0,0
270053,1,1,22,22,22,22,22,22,22,22,22,22
270054,1,1,0,0,0,0,0,0,0,0,0,0
270055,1,1,0,20,14,23,26,28,28,24,0,10
270056,1,1,6,6,6,6,6,6,6,6,6,6
270056,2,1,0,0,0,0,0,0,0,0,0,0
270057,1,1,0,0,0,0,0,0,0,0,0,0
270057,2,1,0,0,0,0,0,0,0,0,0,0
270058,1,1,7,7,7,7,7,7,7,7,7,7
270059,1,1,0,0,0,0,0,0,0,0,0,0
270060,1,1,0,0,0,0,0,0,14,0,0,0
270060,2,1,0,0,0,0,0,0,0,0,0,0
270061,1,1,0,0,0,0,0,0,0,0,0,0
270061,2,1,0,0,11,29,0,0,0,0,0,0
270062,1,1,0,0,0,0,0,0,0,0,0,0
270062,2,1,0,0,0,0,0,0,0,0,0,0
270062,3,1,0,0,0,0,0,0,0,0,0,0
270062,4,1,0,0,0,0,0,0,0,0,0,0
270062,5,1,0,0,0,0,0,0,0,0,0,0
270063,1,1,20,20,20,20,20,20,20,20,20,20
270063,2,1,0,0,0,0,0,0,0,0,0,0
270064,0,1,1,1,1,1,1,1,1,1,1,1
270064,1,1,15,0,0,0,0,0,0,0,0,9
270065,0,1,0,0,0,0,0,0,0,0,0,0
270065,1,1,0,0,0,0,0,0,0,0,0,0
270066,1,1,29,29,29,29,29,29,29,29,29,29
270067,1,1,14,14,14,14,14,14,14,14,14,14
270068,0,1,0,0,0,0,0,0,0,0,0,0
270068,1,1,0,0,0,0,0,0,0,0,0,0
270069,1,1,22,22,22,22,22,22,22,22,22,22
270069,2,1,0,0,0,0,0,0,0,0,0,0
270070,1,1,21,21,21,21,21,21,21,21,21,21
270071,1,1,41,41,41,41,41,41,41,41,41,41
270072,1,1,0,0,0,0,0,0,0,0,0,0
270072,2,1,2,2,2,2,2,2,2,2,2,2
270073,1,1,31,31,31,31,31,31,31,31,31,31
270074,1,1,0,0,0,0,0,0,0,0,0,0
270074,2,1,0,0,0,0,0,0,0,0,0,0
270075,1,1,0,0,0,0,0,0,0,0,0,0
270076,1,1,15,23,0,10,15,0,21,17,18,12
270077,1,1,16,16,16,16,16,16,16,16,16,16
270078,1,1,19,19,19,19,19,19,19,19,19,19
270078,2,1,0,0,0,0,0,0,0,0,0,0
270079,1,1,11,11,11,11,11,11,11,11,11,11
270080,1,1,26,26,26,26,26,26,26,26,26,26
270081,1,1,0,0,0,0,0,0,0,0,0,0
270082,1,1,0,0,0,0,0,0,0,0,0,0
270083,1,1,0,0,8,0,0,0,0,0,0,0
270084,1,1,0,0,0,0,0,0,0,23,0,0
270084,2,1,0,10,0,0,0,0,0,0,0,0
270086,1,1,0,0,0,0,0,0,0,0,0,0
270086,2,1,0,0,0,0,0,0,0,0,0,0
270087,1,1,0,0,0,0,0,0,0,0,0,0
270087,2,1,0,0,0,0,0,0,0,0,0,0
270088,1,1,0,0,0,0,0,0,0,0,0,0
270088,2,1,0,0,0,0,0,0,0,0,0,0
270089,1,1,0,0,0,0,0,0,0,0,0,0
270089,2,1,0,0,0,0,0,0,0,0,0,0
270090,1,1,0,0,0,0,0,0,0,0,0,0
270090,2,1,5,5,5,5,5,5,5,5,5,5
270091,1,1,0,0,0,0,0,0,0,0,0,0
270091,2,1,0,0,1,0,0,0,0,0,8,0
270092,1,1,18,18,18,18,18,18,18,18,18,18
270094,1,1,0,0,0,0,0,0,0,0,0,0
270094,2,1,0,0,0,0,0,0,0,0,0,0
270095,1,1,0,0,0,0,0,0,0,0,0,0
270095,2,1,0,0,0,0,0,0,0,0,0,0
270096,1,1,15,15,15,15,15,15,15,15,15,15
270097,1,1,0,0,0,0,0,0,0,0,0,0
270097,2,1,0,0,0,0,0,0,0,0,0,0
270098,1,1,0,0,0,0,0,0,0,0,0,0
270098,2,1,0,0,0,0,0,0,0,0,0,0
270099,1,1,0,0,0,0,0,0,0,0,0,0
270100,1,1,0,0,0,0,0,14,0,0,0,0
270100,2,1,11,11,11,11,11,11,11,11,11,11
270100,3,1,0,0,0,0,0,0,0,0,0,0
270101,1,1,0,0,0,0,0,0,0,0,0,0
270102,1,1,0,0,0,0,0,0,0,0,0,0
270102,2,1,0,0,0,0,0,0,0,0,0,0
270103,1,1,0,0,0,0,0,0,0,0,0,0
270103,2,1,0,0,0,0,0,0,0,0,0,0
270104,1,1,8,8,8,8,8,8,8,8,8,8
270105,1,1,10,10,10,10,10,10,10,10,10,10
270106,1,1,22,22,22,22,22,22,22,22,22,22
270107,1,1,0,0,0,0,0,0,0,0,0,0
270107,2,1,0,0,0,0,0,0,0,0,0,0
270108,1,1,0,0,0,0,0,11,25,0,0,0
270109,1,1,13,0,0,4,0,6,0,0,12,0
270109,2,1,0,0,0,0,0,0,0,0,0,0
270110,1,1,0,0,0,0,0,0,0,16,21,0
270111,1,1,0,0,0,0,0,0,0,0,0,0
270111,2,1,0,0,0,0,0,0,0,0,0,0
270112,1,1,31,0,0,0,0,0,0,0,0,4
270113,1,1,16,16,16,16,16,16,16,16,16,16
270114,1,1,0,0,0,0,0,0,0,0,0,0
270114,2,1,0,0,0,0,0,0,0,0,0,0
270115,0,1,0,0,0,0,0,0,0,0,0,0
270115,1,1,0,0,0,0,0,0,0,0,0,0
270116,1,1,12,12,12,12,12,12,12,12,12,12
270117,1,1,7,7,7,7,7,7,7,7,7,7
270118,1,1,0,0,0,0,0,0,0,0,0,0
270119,1,1,27,27,27,27,27,27,27,27,27,27
270120,1,1,16,16,16,16,16,16,16,16,16,16
270120,2,1,0,0,0,0,0,0,0,0,0,0
270121,1,1,0,0,0,0,0,0,0,0,0,0
270121,2,1,0,0,0,0,0,0,0,0,0,0
270122,1,1,0,0,0,0,0,0,0,0,0,0
270122,2,1,22,0,15,13,0,4,0,0,10,8
270123,0,1,34,34,34,34,34,34,34,34,34,34
270123,1,1,4,0,0,0,0,0,16,0,0,0
270124,1,1,21,21,21,21,21,21,21,21,21,21
270125,1,1,0,0,0,0,0,0,0,0,0,0
270125,2,1,13,0,0,8,13,0,11,13,0,0
270126,1,1,15,15,15,15,15,15,15,15,15,15
270127,1,1,0,0,0,0,0,0,0,0,0,0
270128,1,1,0,0,0,0,0,0,0,0,0,0
270128,2,1,0,0,0,0,0,0,0,0,0,0
270129,1,1,16,16,16,16,16,16,16,16,16,16
270130,1,1,29,29,29,29,29,29,29,29,29,29
270131,1,1,0,0,0,0,0,0,0,0,0,0
270131,2,1,0,0,0,0,0,0,0,0,0,0
270132,1,1,13,13,13,13,13,13,13,13,13,13
270133,1,1,0,0,0,0,0,0,0,0,0,0
270133,2,1,0,0,0,0,0,0,0,0,0,0
270134,1,1,0,0,0,0,0,0,0,0,0,0
270135,1,1,0,0,0,0,0,0,0,0,0,0
270136,1,1,0,0,0,0,0,0,0,0,0,0
270137,0,1,0,0,0,0,0,0,0,0,0,0
270137,2,1,0,0,0,0,0,14,0,0,0,0
270138,1,1,0,0,0,0,0,0,0,0,0,0
270139,1,1,11,11,11,11,11,11,11,11,11,11
270140,1,1,0,0,0,0,0,0,0,0,0,0
270141,1,1,18,18,18,18,18,18,18,18,18,18
270141,2,1,4,4,4,4,4,4,4,4,4,4
270142,1,1,0,0,0,0,0,0,0,0,0,0
270143,1,1,31,31,31,31,31,31,31,31,31,31
270144,1,1,25,25,25,25,25,25,25,25,25,25
270145,1,1,0,0,0,0,0,0,0,0,0,0
270146,1,1,5,5,5,5,5,5,5,5,5,5
270146,2,1,0,0,0,0,0,0,0,0,0,0
270147,1,1,31,31,31,31,31,31,31,31,31,31
270148,1,1,13,13,13,13,13,13,13,13,13,13
270149,0,1,11,11,11,11,11,11,11,11,11,11
270149,1,1,0,0,0,0,0,0,0,0,0,0
270150,1,1,23,23,23,23,23,23,23,23,23,23
270151,1,1,0,0,0,0,0,0,0,0,0,0
270151,2,1,0,0,0,0,0,0,0,0,0,0
270152,1,1,0,0,0,0,0,0,0,0,0,0
270153,1,1,0,0,0,0,0,0,0,0,0,0
270154,1,1,0,0,0,0,0,0,0,0,0,0
270155,1,1,0,0,0,0,0,0,0,0,0,0
270155,2,1,0,0,0,0,0,0,0,0,0,0
270155,3,1,0,0,0,0,0,0,0,0,0,0
270155,4,1,0,0,0,0,0,0,0,0,0,0
270156,1,1,0,0,0,0,0,0,0,0,0,0
270157,1,1,0,0,0,0,0,0,0,0,0,0
270157,2,1,0,0,0,0,0,0,0,0,0,0
270158,0,1,0,0,0,0,0,0,0,0,0,0
270158,1,1,0,0,0,0,0,0,0,0,0,0
270159,0,1,25,25,25,25,25,25,25,25,25,25
270159,1,1,17,17,17,17,17,17,17,17,17,17
270160,1,1,20,20,20,20,20,20,20,20,20,20
270160,2,1,1,1,1,1,1,1,1,1,1,1
270161,0,1,0,0,0,0,0,0,0,0,0,0
270161,1,1,0,0,0,0,0,0,0,0,0,0
270162,1,1,0,0,0,0,0,0,0,0,0,0
270162,2,1,0,0,0,0,0,0,0,0,0,0
270163,0,1,15,15,15,15,15,15,15,15,15,15
270163,0,2,0,0,0,0,0,0,0,0,0,0
270163,1,1,0,0,0,0,0,0,0,0,0,0
270164,1,1,0,0,0,0,0,0,0,0,0,0
270164,2,1,0,0,0,0,0,0,0,0,0,0
270165,1,1,17,17,17,17,17,17,17,17,17,17
270166,1,1,0,0,0,0,0,0,0,0,0,0
270166,2,1,0,0,0,0,0,0,0,0,0,0
270167,1,1,0,0,0,0,0,0,0,0,0,0
270168,1,1,0,0,0,0,0,0,0,0,0,0
270169,1,1,0,0,0,0,0,0,0,0,0,0
270169,2,1,0,0,0,0,0,0,0,0,0,0
270170,1,1,0,0,0,0,0,0,0,0,0,0
270170,2,1,0,0,0,0,0,0,0,2,0,0
270171,0,1,20,20,20,20,20,20,20,20,20,20
270171,1,1,0,0,0,0,0,0,0,0,0,0
270172,1,1,0,0,0,0,0,0,0,0,0,0
270172,2,1,0,0,0,0,0,0,0,0,0,0
270173,1,1,0,0,0,0,0,0,0,0,0,0
270173,2,1,36,36,36,36,36,36,36,36,36,36
270174,1,1,1,1,1,1,1,1,1,1,1,1
270174,2,1,0,0,0,0,0,0,0,0,0,0
270175,1,1,0,0,0,0,0,0,0,0,0,0
270175,2,1,0,0,0,0,0,0,0,0,0,0
270176,1,1,0,0,0,0,0,0,0,0,0,0
270177,1,1,0,0,0,0,0,0,0,0,0,0
270177,2,1,0,0,0,0,0,0,0,0,0,0
270177,3,1,0,0,0,0,0,0,0,15,0,0
270177,4,1,0,23,0,0,0,0,0,0,0,0
270178,1,1,0,0,0,0,0,0,0,0,0,0
270178,2,1,0,0,0,0,0,0,0,0,0,0
270179,1,1,0,0,0,0,0,0,0,0,0,0
270179,2,1,0,0,0,0,0,0,0,0,0,0
270180,1,1,24,24,24,24,24,24,24,24,24,24
270181,1,1,0,0,0,0,0,0,0,0,0,0
270181,2,1,0,0,0,0,0,0,0,0,0,0
270181,3,1,0,0,6,0,0,0,0,0,0,0
270182,1,1,0,0,0,0,0,0,0,0,0,0
270183,1,1,14,14,14,14,14,14,14,14,14,14
270184,1,1,0,0,0,0,0,0,0,0,0,0
270184,2,1,0,0,0,0,0,0,0,0,0,0
270185,1,1,0,0,0,0,0,0,0,0,0,0
270187,1,1,0,0,0,0,0,0,0,0,0,0
270188,1,1,0,0,0,0,0,0,0,0,0,0
270188,2,1,0,0,0,0,0,0,0,0,0,0
270189,1,1,0,0,0,0,0,0,0,0,0,0
270189,2,1,0,0,0,0,0,0,0,0,0,0
270190,1,1,0,0,0,0,0,0,0,0,0,0
270191,1,1,0,0,0,0,0,0,0,0,0,0
270191,2,1,0,0,0,0,0,0,0,0,0,0
270192,1,1,18,18,18,18,18,18,18,18,18,18
270193,1,1,0,0,0,0,0,0,0,0,0,0
270193,2,1,0,0,0,0,0,0,0,0,0,0
270194,1,1,0,0,0,0,0,0,0,0,0,0
270194,2,1,0,0,0,0,0,0,0,0,0,0
270194,3,1,0,0,0,0,0,0,0,0,0,0
270195,1,1,0,0,0,0,0,0,0,0,0,0
270195,2,1,0,0,0,0,0,0,0,0,0,0
270195,3,1,0,0,0,0,0,0,0,0,0,0
270195,4,1,0,19,0,0,0,0,0,0,0,0
270196,1,1,0,0,0,0,0,0,0,0,0,0
270196,2,1,0,0,0,0,0,0,6,0,0,0
270197,1,1,0,0,8,0,0,0,4,0,0,0
270197,2,1,0,0,0,0,0,0,0,0,0,0
270198,1,1,0,0,0,0,0,0,0,0,0,0
270198,2,1,0,0,0,0,0,0,0,0,0,0
270199,0,1,0,0,0,0,0,0,0,0,0,0
270199,1,1,0,0,0,0,0,0,0,0,0,0
270200,1,1,20,20,20,20,20,20,20,20,20,20
270201,1,1,0,0,0,0,0,0,0,0,0,0
270201,2,1,0,0,0,0,0,0,0,0,0,0
270202,1,1,23,23,23,23,23,23,23,23,23,23
270203,1,1,0,0,0,0,0,0,0,0,0,0
270204,0,1,0,0,0,0,0,0,0,0,12,0
270204,1,1,0,0,0,0,0,0,0,0,0,0
270205,1,1,0,0,0,0,0,0,0,0,0,0
270205,2,1,0,0,0,0,0,0,0,0,0,0
270205,3,1,0,0,0,0,0,0,0,0,0,0
270206,1,1,23,23,23,23,23,23,23,23,23,23
270207,1,1,0,0,0,0,0,0,0,0,0,0
270208,1,1,13,13,13,13,13,13,13,13,13,13
270209,1,1,0,0,0,0,0,0,0,0,0,0
270209,2,1,0,0,0,0,0,0,0,0,0,0
270210,1,1,0,0,0,0,0,0,0,0,0,0
270210,2,1,0,0,0,0,0,0,0,0,0,0
270211,1,1,12,12,12,12,12,12,12,12,12,12
270212,0,1,0,0,0,0,0,0,0,0,0,0
270212,1,1,0,0,0,0,0,0,0,0,0,0
270213,1,1,12,12,12,12,12,12,12,12,12,12
270214,0,1,0,0,0,0,0,0,0,0,0,0
270214,0,2,0,0,0,0,0,0,0,0,0,0
270214,1,1,0,0,0,0,0,0,0,0,0,0
270215,1,1,24,24,24,24,24,24,24,24,24,24
270216,1,1,0,0,0,0,0,0,0,0,0,0
270216,2,1,0,0,0,0,0,0,0,0,0,0
270217,1,1,13,13,13,13,13,13,13,13,13,13
270218,0,1,0,0,0,0,0,0,0,0,0,0
270218,1,1,0,0,0,0,0,0,0,0,0,0
270219,1,1,0,0,0,0,0,0,0,0,0,0
270220,0,1,17,17,17,17,17,17,17,17,17,17
270220,1,1,0,0,0,0,0,0,0,0,0,0
270221,0,1,11,11,11,11,11,11,11,11,11,11
270221,1,1,0,0,0,0,0,0,0,0,0,0
270222,1,1,0,0,24,11,0,0,0,0,0,0
270222,2,1,0,16,4,0,0,0,0,10,0,0
270223,0,1,0,0,0,0,0,0,0,0,0,0
270223,1,1,0,0,0,0,0,0,0,0,0,0
270224,1,1,0,0,0,0,0,0,0,0,0,0
270225,1,1,0,0,0,0,0,0,0,0,0,0
270226,1,1,0,0,0,0,0,0,0,0,0,0
270227,1,1,0,0,0,0,4,0,14,0,0,2
270227,2,1,0,0,0,0,0,21,0,0,0,0
270228,1,1,23,23,23,23,23,23,23,23,23,23
270229,1,1,1,1,1,1,1,1,1,1,1,1
270230,0,1,0,0,0,0,0,0,0,0,0,0
270230,1,1,0,0,0,0,0,0,0,0,0,6
270231,1,1,10,10,10,10,10,10,10,10,10,10
270232,1,1,0,0,0,0,0,0,0,0,0,0
270232,2,1,0,0,0,0,0,0,0,0,0,0
270233,1,1,0,0,0,0,0,0,0,0,0,0
270233,2,1,0,0,0,0,0,0,0,0,0,0
270234,1,1,0,0,0,0,0,0,0,0,0,0
270234,2,1,0,0,0,0,0,0,0,0,0,0
270234,3,1,0,0,0,0,0,0,0,0,0,0
270236,1,1,8,8,8,8,8,8,8,8,8,8
270237,1,1,0,0,0,0,0,0,0,0,0,0
270237,2,1,0,0,0,0,0,0,0,19,0,0
270238,1,1,23,23,23,23,23,23,23,23,23,23
270239,1,1,0,0,0,0,0,0,0,0,0,0
270239,2,1,0,0,0,0,0,0,0,0,0,0
270240,1,1,22,22,22,22,22,22,22,22,22,22
270241,1,1,0,0,0,0,0,0,0,0,0,0
270242,1,2,17,19,0,15,0,5,19,13,39,0
270243,1,1,0,0,0,0,0,0,0,0,0,0
270244,1,1,0,0,0,0,0,0,0,0,0,0
270244,2,1,0,0,0,0,0,0,0,0,0,0
270245,1,1,14,14,14,14,14,14,14,14,14,14
270246,1,1,0,0,0,0,0,0,0,0,0,0
270247,1,1,0,0,0,0,0,23,0,0,0,0
270247,2,1,0,0,0,18,0,0,0,0,24,0
270248,1,1,0,0,0,0,0,0,0,0,0,0
270248,2,1,2,2,2,2,2,2,2,2,2,2
270248,3,1,0,0,0,0,0,0,0,0,0,0
270249,1,1,0,0,0,0,0,0,0,0,0,0
270249,2,1,0,0,0,0,0,0,0,0,0,0
270250,1,1,29,29,29,29,29,29,29,29,29,29
270251,0,1,0,0,0,0,0,0,0,0,0,0
270251,1,1,10,0,28,23,23,16,10,17,7,4
270252,1,1,0,0,0,0,0,0,0,0,0,0
270252,2,1,0,0,0,0,0,0,0,0,0,0
270253,1,1,0,0,0,0,0,0,0,0,0,0
270253,2,1,0,0,0,0,0,0,0,0,0,0
270255,1,1,0,0,0,0,0,0,0,0,0,0
270255,2,1,0,0,0,0,0,0,0,0,0,0
270256,0,1,0,0,0,0,0,0,0,0,0,0
270256,0,2,0,0,0,0,0,0,0,0,0,0
270256,1,1,0,0,0,0,0,0,0,0,0,0
270257,1,1,25,25,25,25,25,25,25,25,25,25
270258,1,1,0,17,0,0,0,0,0,26,0,0
270258,2,1,0,0,0,0,0,0,0,0,0,0
270259,1,1,27,27,27,27,27,27,27,27,27,27
270260,1,1,0,0,0,0,0,0,0,0,0,0
270260,2,1,0,0,0,0,0,0,0,0,0,0
270261,1,1,0,0,0,0,0,0,0,0,0,0
270261,2,1,0,0,0,0,0,0,0,0,0,0
270262,0,1,0,0,0,0,0,0,0,0,0,0
270262,1,1,0,0,0,0,0,0,0,0,0,0
270263,1,1,0,0,0,0,0,0,0,0,0,0
270263,2,1,11,11,11,11,11,11,11,11,11,11
270265,1,1,0,0,0,0,0,0,0,0,0,0
270266,1,1,0,0,0,0,0,0,0,0,0,0
270267,1,1,1,1,1,1,1,1,1,1,1,1
270268,1,1,6,6,6,6,6,6,6,6,6,6
270269,1,1,0,0,0,0,0,0,0,0,0,0
270269,2,1,0,0,0,0,0,0,0,0,0,0
270269,3,1,0,0,0,0,0,0,0,0,0,0
270271,1,1,2,2,2,2,2,2,2,2,2,2
270272,0,1,0,0,0,0,0,14,0,0,0,0
270272,1,1,0,0,0,0,0,0,0,0,0,0
270273,1,1,3,3,3,3,3,3,3,3,3,3
270273,2,1,0,0,0,0,0,0,0,0,0,0
270274,1,1,17,17,17,17,17,17,17,17,17,17
270275,1,1,0,0,0,0,0,0,0,0,0,0
270276,0,1,0,0,0,0,0,0,0,0,0,0
270276,1,1,0,0,0,0,0,0,0,0,0,0
270277,1,1,0,0,0,0,0,0,0,0,0,0
270278,1,1,0,0,0,0,0,0,0,0,0,0
270278,2,1,16,16,16,16,16,16,16,16,16,16
270279,1,1,19,0,0,0,27,0,0,0,0,14
270279,2,1,0,0,0,0,0,0,0,0,0,0
270280,0,1,0,0,0,0,0,0,0,0,0,0
270280,1,1,0,0,0,0,0,0,0,0,0,0
270281,0,1,0,0,0,0,0,0,0,0,0,0
270281,1,1,0,0,0,0,0,0,0,0,0,0
270282,1,1,26,26,26,26,26,26,26,26,26,26
270284,1,1,0,0,0,0,0,0,0,0,0,0
270284,2,1,0,0,0,0,0,0,0,0,0,0
270284,3,1,0,0,0,0,0,0,21,0,0,0
270285,1,1,0,0,0,0,0,0,0,0,0,0
270286,1,1,0,0,0,0,0,0,0,0,0,0
270287,1,1,0,0,0,0,0,0,0,0,0,0
270288,1,1,0,0,0,0,0,0,0,0,0,0
270288,2,1,0,0,0,0,0,0,0,0,0,0
270289,0,1,0,0,0,0,0,0,0,0,0,0
270289,1,1,0,0,5,0,0,0,0,0,16,0
270290,1,1,0,0,0,0,0,0,0,0,0,0
270290,2,1,0,0,0,0,0,0,0,0,0,0
270291,1,1,2,2,2,2,2,2,2,2,2,2
270291,2,1,0,0,0,0,0,0,0,0,0,0
270292,1,1,0,0,0,33,0,0,18,6,0,0
270293,1,1,0,0,0,0,0,0,0,0,0,0
270293,2,1,23,23,23,23,23,23,23,23,23,23
270294,1,1,0,0,0,0,5,24,20,0,0,0
270295,1,1,0,0,0,0,0,0,0,0,0,10
270296,1,1,0,0,0,0,0,0,0,0,0,0
270297,1,1,0,0,0,0,0,0,0,0,0,0
270297,2,1,0,0,0,0,0,0,0,0,0,0
270298,1,1,9,9,9,9,9,9,9,9,9,9
270298,2,1,0,0,0,0,9,0,0,0,10,0
270299,1,1,20,20,20,20,20,20,20,20,20,20
270299,2,1,0,0,0,0,0,0,0,0,0,0
270300,1,1,19,19,19,19,19,19,19,19,19,19
270301,1,1,11,11,11,11,11,11,11,11,11,11
270302,1,1,17,17,17,17,17,17,17,17,17,17
270303,0,1,25,9,0,0,10,5,0,14,0,9
270303,1,1,0,0,0,0,0,0,0,0,0,0
270304,1,1,0,0,0,0,0,0,0,0,0,0
270304,2,1,0,0,0,0,0,0,0,0,0,0
270305,1,1,0,0,0,0,0,0,0,0,0,0
270306,0,1,24,24,24,24,24,24,24,24,24,24