ST_CASE,VEH_NO,PER_NO,P1,P2,P3,P4,P5,P6,P7,P8,P9,P10
270306,1,1,0,0,0,0,0,0,0,0,0,0
270307,1,1,2,2,2,2,2,2,2,2,2,2
270308,1,1,9,9,9,9,9,9,9,9,9,9
270309,1,1,25,25,25,25,25,25,25,25,25,25
270310,1,1,20,20,20,20,20,20,20,20,20,20
270311,1,1,0,0,0,0,0,0,0,0,0,0
270311,2,1,0,0,0,0,0,0,0,0,0,0
270312,1,1,0,0,0,0,0,0,0,0,0,0
270312,2,1,0,0,0,0,0,0,0,0,0,0
270313,1,1,0,0,0,0,0,0,0,0,0,0
270313,2,1,0,0,0,0,0,0,0,0,0,0
270314,1,1,0,0,0,0,0,0,0,0,0,0
270314,2,1,0,8,0,0,0,0,0,0,0,0
270315,1,1,32,32,32,32,32,32,32,32,32,32
270316,1,1,0,0,0,0,0,0,0,0,0,0
270316,2,1,0,0,0,0,0,0,0,0,0,0
270317,1,1,0,0,0,0,0,0,0,0,0,0
270318,1,1,0,0,0,0,0,0,0,0,0,0
270319,0,1,0,0,0,0,0,0,0,0,0,0
270319,1,1,0,0,0,0,0,0,0,0,0,0
270320,1,1,11,11,11,11,11,11,11,11,11,11
270320,2,1,0,0,0,0,0,0,0,0,0,0
270321,1,1,0,0,0,0,0,0,0,0,0,0
270321,2,1,0,5,0,0,0,0,0,0,0,0
270322,0,1,0,0,0,0,0,0,0,0,0,0
270322,0,2,10,12,20,18,19,2,13,0,0,0
270322,0,3,25,24,6,3,0,16,20,14,0,0
270322,1,1,9,9,9,9,9,9,9,9,9,9
270322,3,1,0,0,0,17,0,0,0,0,0,0
270323,1,1,21,21,21,21,21,21,21,21,21,21
270324,1,1,0,0,0,0,0,0,0,0,0,0
270324,2,1,0,0,0,0,0,0,0,0,0,0
270325,0,1,0,0,0,0,0,0,0,0,0,0
270325,1,1,0,0,0,0,0,0,0,0,0,0
270326,1,1,0,0,0,0,0,0,0,0,0,0
270326,2,1,0,0,0,0,0,0,0,0,0,0
270326,3,1,0,0,0,0,0,0,0,0,0,0
270326,4,1,0,0,0,0,0,0,0,0,0,0
270327,1,1,16,16,16,16,16,16,16,16,16,16
270328,0,1,0,0,0,0,0,0,0,0,0,0
270328,1,1,0,0,0,0,0,0,0,0,0,0
270329,1,1,0,0,0,0,0,0,0,0,0,0
270329,2,1,0,0,0,0,0,0,0,0,0,0
270330,1,1,0,0,0,0,0,0,0,0,0,0
270331,1,1,11,11,11,11,11,11,11,11,11,11
270332,1,1,0,0,0,0,0,0,0,26,0,0
270332,2,1,0,0,0,0,0,0,0,0,0,0
270333,0,1,18,18,18,18,18,18,18,18,18,18
270333,1,1,0,0,0,0,0,0,0,0,0,0
270334,1,1,29,29,29,29,29,29,29,29,29,29
270335,0,1,0,22,0,19,13,0,17,0,0,0
270335,1,1,0,0,0,0,0,0,0,0,0,0
270336,1,1,24,24,24,24,24,24,24,24,24,24
270337,1,1,0,0,0,0,0,0,0,0,0,0
270338,1,1,3,3,3,3,3,3,3,3,3,3
270339,1,1,21,21,21,21,21,21,21,21,21,21
270340,1,1,0,0,0,0,0,0,0,0,0,0
270341,1,1,0,0,0,0,0,0,0,0,0,0
270342,1,1,0,0,0,0,0,0,0,0,0,0
270343,0,1,0,0,0,0,0,0,0,0,0,0
270344,0,1,0,0,0,0,0,0,0,0,0,0
270344,1,1,0,0,0,0,0,0,0,0,0,0
270344,2,1,0,0,0,0,0,0,0,0,0,0
270345,1,1,19,19,19,19,19,19,19,19,19,19
270345,2,1,0,0,0,0,0,0,0,0,0,0
270345,3,1,0,0,0,0,0,0,0,0,0,0
280001,1,1,14,14,14,14,14,14,14,14,14,14
280002,1,1,0,0,0,0,0,0,0,0,0,0
280003,1,1,0,14,0,34,0,0,23,24,0,0
280004,1,1,0,0,0,0,0,0,0,0,0,0
280004,2,1,0,0,0,0,0,0,0,0,0,0
280004,3,1,0,0,0,0,0,0,19,0,0,0
280005,1,1,24,24,24,24,24,24,24,24,24,24
280006,1,1,17,17,17,17,17,17,17,17,17,17
280007,1,1,16,0,0,0,0,0,0,0,26,13
280008,1,1,1,1,1,1,1,1,1,1,1,1
280008,2,1,0,0,7,0,0,20,0,19,0,0
280009,1,1,0,4,0,0,0,0,0,0,0,23
280009,2,1,0,0,0,0,0,0,0,0,0,0
280010,1,1,0,0,0,0,0,0,0,0,0,0
280011,0,1,0,0,26,0,0,30,0,0,0,26
280011,1,1,0,0,2,0,0,0,0,0,0,0
280012,1,1,0,0,0,0,0,0,0,0,0,0
280013,1,1,0,0,0,0,6,17,0,0,0,0
280014,1,1,0,0,0,0,0,0,0,0,0,0
280015,1,1,0,0,0,0,0,0,0,0,0,0
280015,2,1,0,0,0,0,0,0,0,0,0,0
280016,1,1,0,0,0,0,0,0,0,0,0,0
280016,2,1,0,0,0,0,0,0,0,0,0,0
280017,1,1,20,20,20,20,20,20,20,20,20,20
280018,1,1,0,0,0,0,0,0,0,0,0,0
280018,2,1,0,0,0,0,0,0,0,0,0,0
280018,3,1,0,0,0,0,0,0,0,0,0,0
280019,1,1,0,0,0,0,0,0,0,0,0,0
280019,2,1,0,0,0,0,0,0,0,0,0,0
280020,1,1,14,14,14,14,14,14,14,14,14,14
280021,1,1,0,5,0,0,0,0,0,0,0,0
280022,1,1,9,9,9,9,9,9,9,9,9,9
280023,1,1,0,0,0,0,0,20,0,0,0,0
280023,2,1,9,0,0,0,0,0,0,0,13,0
280023,3,1,33,33,33,33,33,33,33,33,33,33
280023,4,1,0,0,0,0,0,34,0,0,0,0
280024,1,1,14,14,14,14,14,14,14,14,14,14
280025,1,1,0,0,0,0,0,0,0,0,0,0
280026,1,1,33,33,33,33,33,33,33,33,33,33
280026,2,1,28,28,28,28,28,28,28,28,28,28
280027,1,1,0,0,0,0,0,0,0,0,0,0
280027,2,1,0,0,0,0,0,0,0,0,0,0
280028,1,1,0,0,0,0,0,0,0,0,0,0
280028,2,1,0,0,0,0,0,0,0,0,0,0
280029,1,1,0,20,0,14,0,12,0,0,0,16
280030,1,1,0,0,0,0,0,0,0,0,0,0
280030,2,1,0,0,0,0,0,0,0,0,0,0
280031,1,1,0,0,0,0,0,0,0,0,0,0
280032,1,1,14,14,14,14,14,14,14,14,14,14
280033,1,1,0,18,25,0,0,0,0,0,0,0
280034,1,1,0,0,0,0,0,0,0,0,0,0
280035,1,1,0,5,0,0,0,0,0,0,0,5
280036,1,1,0,0,0,0,0,0,0,0,0,0
280037,0,1,0,0,0,0,0,0,0,0,0,0
280037,1,1,0,0,0,0,0,0,0,0,0,0
280038,1,1,25,25,25,25,25,25,25,25,25,25
280039,1,1,0,0,0,0,0,0,0,0,0,0
280039,2,1,0,0,0,0,0,0,0,0,0,0
280040,1,1,0,0,0,0,0,0,0,0,0,0
280040,2,1,14,14,14,14,14,14,14,14,14,14
280041,1,1,0,0,0,0,0,0,29,0,0,0
280042,1,1,0,0,0,0,0,21,0,0,0,0
280043,1,1,0,0,0,0,0,0,0,0,0,0
280043,2,1,0,0,0,0,0,0,0,0,0,0
280044,1,1,20,31,0,0,11,13,0,5,0,19
280045,1,1,0,0,0,0,0,0,0,0,0,0
280045,2,1,0,0,0,0,0,0,0,0,0,0
280046,1,1,18,18,18,18,18,18,18,18,18,18
280047,1,1,15,15,15,15,15,15,15,15,15,15
280048,1,1,31,31,31,31,31,31,31,31,31,31
280049,1,1,0,0,0,0,0,0,0,0,0,0
280050,1,1,0,0,0,0,0,0,0,0,0,0
280050,2,1,0,0,0,0,0,0,0,0,0,0
280051,1,1,0,0,30,0,0,0,0,0,0,0
280052,1,1,0,18,0,0,20,0,9,0,0,21
280053,1,1,0,0,0,0,0,0,0,0,0,0
280053,2,1,0,0,0,0,0,0,0,0,0,0
280054,1,1,0,0,5,0,0,0,0,0,0,0
280054,2,1,0,0,0,0,0,0,0,0,0,0
280055,1,1,26,26,26,26,26,26,26,26,26,26
280056,1,1,0,0,0,0,0,0,0,0,0,0
280057,1,1,0,0,0,0,0,0,0,0,0,0
280057,2,1,0,0,0,0,0,8,0,0,0,0
280058,1,1,0,0,0,0,0,17,0,0,0,0
280059,1,1,0,0,0,0,0,0,0,0,0,0
280059,2,1,0,0,0,0,0,0,0,0,0,0
280059,3,1,0,0,0,0,0,0,0,0,0,0
280060,0,1,11,11,11,11,11,11,11,11,11,11
280060,1,1,4,4,4,4,4,4,4,4,4,4
280061,1,1,0,0,0,0,0,0,0,0,0,0
280062,0,1,0,0,0,0,0,0,0,0,0,0
280062,1,1,0,0,0,0,0,0,0,0,0,0
280063,0,1,0,0,0,0,0,0,0,0,0,0
280063,1,1,0,0,0,0,0,0,0,0,0,0
280064,1,1,0,16,19,0,0,0,0,0,0,0
280065,1,1,11,11,11,11,11,11,11,11,11,11
280065,2,1,0,0,0,0,0,0,0,0,0,0
280066,1,1,0,0,0,0,0,0,0,0,0,0
280066,2,1,0,0,0,0,0,0,0,0,0,0
280067,1,1,0,0,0,0,0,0,0,0,0,0
280067,2,1,0,0,0,0,0,0,0,0,8,0
280067,3,1,0,0,0,0,0,0,0,0,0,0
280067,4,1,0,0,0,0,0,0,0,0,0,0
280067,5,1,0,0,0,0,0,0,0,0,0,0
280067,6,1,0,0,0,0,0,0,0,0,0,0
280067,7,1,0,0,0,0,0,0,0,0,0,0
280068,1,1,0,0,0,0,0,0,0,0,0,0
280068,2,1,0,0,0,0,0,0,0,0,0,0
280069,1,1,0,0,0,0,0,0,0,0,0,0
280069,2,1,0,0,0,0,0,0,0,0,0,0
280070,1,1,13,13,13,13,13,13,13,13,13,13
280071,0,1,0,8,16,0,0,0,0,0,0,0
280071,1,1,0,0,0,18,0,0,0,0,0,0
280072,1,1,20,20,20,20,20,20,20,20,20,20
280073,1,1,10,25,12,16,21,7,15,8,0,33
280074,1,1,34,0,0,0,0,0,20,0,17,29
280075,1,1,0,0,0,0,0,0,10,0,0,0
280076,1,1,0,16,0,0,0,0,0,0,0,0
280077,1,1,0,0,0,0,0,0,0,0,0,0
280077,2,1,0,0,0,0,0,0,0,0,0,0
280078,1,1,0,0,0,0,0,0,0,0,0,0
280078,2,1,0,0,0,0,0,0,0,0,0,0
280079,0,1,0,0,0,0,0,0,0,0,0,0
280079,1,1,0,0,0,0,0,0,0,0,0,0
280080,1,1,0,0,0,0,0,0,0,17,0,0
280081,1,1,10,10,10,10,10,10,10,10,10,10
280082,1,1,0,0,0,0,0,0,12,0,0,0
280083,0,1,12,12,12,12,12,12,12,12,12,12
280083,1,1,0,0,0,0,0,0,0,0,0,0
280084,1,1,0,0,0,0,0,0,0,0,0,0
280085,0,1,0,0,0,0,0,0,0,0,0,0
280085,1,1,0,0,0,0,0,0,0,0,0,0
280086,1,1,0,0,0,0,12,0,0,0,0,0
280087,1,1,0,0,0,0,0,0,0,0,0,0
280088,1,1,0,0,0,0,0,0,0,0,0,0
280089,1,1,0,0,0,0,0,0,0,0,0,0
280089,2,1,0,0,0,0,0,0,0,0,0,0
280090,1,1,0,0,0,0,0,0,0,0,0,0
280091,1,1,26,26,26,26,26,26,26,26,26,26
280092,1,1,0,0,0,0,0,0,0,22,18,0
280093,1,1,0,0,0,9,0,0,0,0,11,0
280094,1,1,0,0,0,0,0,0,0,0,0,0
280095,1,1,14,14,14,14,14,14,14,14,14,14
280096,1,1,0,0,0,0,0,0,0,0,0,0
280097,1,1,0,0,0,0,0,0,0,0,0,0
280097,2,1,23,23,23,23,23,23,23,23,23,23
280098,1,1,0,0,0,0,0,0,0,0,0,0
280098,2,1,0,0,0,0,0,0,0,0,0,0
280099,1,1,31,0,0,0,7,30,0,0,0,10
280099,2,1,21,0,0,0,0,0,0,0,0,0
280100,0,1,24,0,0,0,0,0,0,0,0,0
280100,1,1,0,0,0,0,0,0,0,0,0,0
280101,1,1,5,5,5,5,5,5,5,5,5,5
280102,1,1,0,0,0,0,0,0,14,0,0,0
280102,2,1,0,0,0,0,0,0,0,0,0,0
280103,1,1,0,19,0,0,0,0,0,0,0,0
280104,1,1,0,0,0,0,0,0,0,0,0,0
280104,2,1,0,0,0,0,0,0,0,0,0,0
280104,3,1,0,0,0,0,0,0,0,0,0,0
280105,1,1,0,0,0,0,0,0,0,0,0,0
280105,2,1,0,0,0,0,0,0,0,0,0,0
280106,1,1,0,0,0,0,0,0,0,0,0,0
280106,2,1,0,0,0,0,0,0,0,0,0,0
280107,1,1,0,0,0,0,0,0,0,0,0,0
280108,1,1,22,22,22,22,22,22,22,22,22,22
280109,1,1,0,0,0,0,0,0,0,0,0,0
280110,1,1,0,0,0,0,0,0,0,0,0,0
280110,2,1,0,0,0,0,0,0,0,0,0,0
280111,1,1,0,8,0,0,0,0,0,0,0,0
280112,1,1,0,7,0,25,0,0,10,16,18,16
280113,1,1,0,0,13,0,0,0,0,0,0,0
280114,1,1,0,0,0,0,0,0,0,0,0,0
280114,2,1,0,0,0,0,0,0,0,0,0,0
280115,1,1,0,0,0,0,0,0,0,17,0,0
280116,1,1,27,0,0,0,7,8,0,0,4,0
280116,2,1,0,0,0,0,9,0,0,0,0,0
280116,3,1,8,0,0,0,0,0,0,0,5,0
280117,1,1,30,15,0,0,0,0,12,0,0,0
280118,0,1,0,0,0,0,0,0,0,0,0,0
280118,1,1,0,0,0,0,0,0,0,0,0,0
280119,1,1,0,0,0,0,0,0,0,0,0,0
280119,2,1,0,0,0,0,0,3,0,0,0,0
280120,1,1,0,0,0,0,0,0,0,0,0,0
280121,1,1,0,0,0,0,0,0,0,0,0,0
280121,2,1,0,0,0,0,0,0,0,0,0,0
280122,1,1,0,0,0,0,0,0,0,0,0,0
280123,1,1,32,0,0,15,0,0,0,0,0,0
280124,1,1,30,22,32,32,19,21,18,0,0,27
280125,1,1,0,0,0,0,0,0,0,0,0,0
280126,1,1,0,0,0,0,0,0,0,0,0,0
280126,2,1,14,14,14,14,14,14,14,14,14,14
280127,0,1,8,0,0,7,0,0,0,0,0,0
280127,1,1,14,14,14,14,14,14,14,14,14,14
280128,1,1,0,0,0,6,21,0,29,0,17,0
280129,1,1,0,0,0,0,0,0,0,0,0,0
280130,1,1,0,0,0,0,0,0,0,0,0,0
280130,2,1,0,0,0,0,0,0,0,0,0,0
280131,1,1,0,0,0,0,0,0,0,0,0,0
280131,2,1,0,0,0,0,0,0,0,0,0,0
280132,1,1,0,0,0,0,0,0,0,0,0,0
280132,2,1,0,0,0,0,0,0,0,0,0,0
280133,1,1,0,0,0,0,0,0,0,0,0,0
280133,2,1,0,0,0,0,0,0,0,0,0,0
280134,1,1,18,18,18,18,18,18,18,18,18,18
280135,1,1,14,14,14,14,14,14,14,14,14,14
280135,2,1,0,0,0,0,0,0,0,0,0,0
280135,3,1,0,0,0,0,0,0,0,0,0,0
280135,4,1,0,0,0,0,0,0,0,0,0,0
280135,5,1,0,0,0,0,0,0,0,0,0,0
280136,1,1,0,0,0,0,0,0,0,0,0,0
280137,1,1,0,0,0,0,0,0,0,0,0,0
280137,2,1,0,0,0,0,0,0,0,0,0,0
280138,1,1,0,0,0,0,0,0,0,0,0,0
280139,0,1,0,0,0,0,0,0,0,0,0,0
280139,1,1,0,0,0,0,0,0,0,0,0,0
280140,1,1,0,0,0,0,0,0,0,0,0,0
280141,1,1,0,0,0,0,0,0,0,0,0,0
280142,1,1,11,11,11,11,11,11,11,11,11,11
280142,2,1,0,0,0,0,0,0,0,0,0,0
280142,3,1,0,0,0,0,0,0,0,0,0,0
280143,1,1,0,0,0,0,0,0,0,0,0,0
280143,2,1,12,0,0,6,0,0,0,0,0,0
280143,3,1,0,0,0,0,0,0,4,0,0,0
280144,1,1,0,0,0,0,0,0,0,0,0,0
280145,1,1,22,22,22,22,22,22,22,22,22,22
280146,1,1,0,0,15,0,0,0,0,0,0,0
280147,1,1,12,12,12,12,12,12,12,12,12,12
280148,1,1,33,33,33,33,33,33,33,33,33,33
280148,2,1,0,0,0,0,0,0,0,0,0,0
280149,1,1,0,0,0,0,0,0,0,0,0,0
280149,2,1,0,0,0,0,0,0,0,0,0,7
280150,1,1,0,0,0,0,0,0,16,0,0,0
280150,2,1,0,0,0,0,0,0,0,0,0,0
280151,1,1,0,0,0,0,0,0,0,0,0,0
280152,1,1,20,20,20,20,20,20,20,20,20,20
280153,1,1,0,0,0,0,0,0,0,0,0,0
280153,2,1,0,0,0,0,0,0,0,0,0,0
280154,1,1,0,0,0,18,20,0,0,0,0,0
280155,1,1,0,0,0,0,0,0,0,0,0,0
280156,1,1,18,18,18,18,18,18,18,18,18,18
280156,2,1,2,2,2,2,2,2,2,2,2,2
280157,0,1,14,14,14,14,14,14,14,14,14,14
280157,1,1,0,0,0,0,0,6,0,0,0,0
280158,1,1,32,32,32,32,32,32,32,32,32,32
280159,1,1,0,0,0,0,0,0,0,0,0,0
280160,1,1,14,14,14,14,14,14,14,14,14,14
280161,1,1,17,17,17,17,17,17,17,17,17,17
280162,1,1,0,0,0,0,0,0,0,0,0,0
280163,1,1,0,0,0,0,0,0,16,0,0,0
280164,0,1,0,0,9,0,0,0,0,0,0,0
280164,1,1,0,0,0,0,0,0,0,0,0,0
280165,0,1,0,0,0,11,18,0,0,0,0,0
280165,1,1,18,18,18,18,18,18,18,18,18,18
280166,1,1,0,0,0,0,0,0,0,0,0,0
280166,2,1,0,0,0,0,0,0,0,0,0,0
280167,0,1,0,0,0,0,0,0,6,0,0,0
280167,1,1,0,0,0,0,0,0,0,0,0,0
280168,1,1,0,0,0,0,0,0,0,0,0,0
280169,1,1,29,29,29,29,29,29,29,29,29,29
280169,2,1,14,14,14,14,14,14,14,14,14,14
280170,1,1,0,0,0,14,0,0,0,10,0,12
280170,2,1,0,0,0,0,0,0,0,0,0,0
280171,1,1,0,0,0,0,0,0,0,0,0,0
280171,2,1,0,0,0,0,0,0,0,0,0,0
280171,3,1,15,15,15,15,15,15,15,15,15,15
280172,1,1,0,0,24,0,0,0,0,0,0,15
280172,2,1,0,0,0,0,0,0,0,0,0,0
280173,1,1,0,0,0,0,0,0,0,0,0,0
280173,2,1,0,0,0,0,0,0,0,0,0,0
280174,1,1,18,18,18,18,18,18,18,18,18,18
280175,1,1,0,0,0,0,0,0,0,0,0,0
280176,1,1,0,0,0,0,0,8,19,0,0,0
280177,1,1,0,0,0,0,0,0,0,0,0,0
280178,1,1,0,0,0,26,0,0,0,0,0,0
280179,1,1,0,0,0,0,0,0,0,0,0,0
280179,2,1,0,0,0,0,0,0,0,0,0,0
280180,1,1,0,0,0,0,0,0,0,0,0,0
280181,1,1,0,0,0,0,0,0,0,0,0,0
280181,2,1,0,0,0,0,0,0,0,0,0,0
280182,1,1,0,0,0,0,0,0,0,0,0,0
280183,1,1,13,0,16,0,0,14,0,0,0,0
280183,2,1,0,0,0,0,0,0,0,0,0,0
280184,1,1,20,20,20,20,20,20,20,20,20,20
280185,1,1,0,0,0,0,0,0,0,0,0,0
280186,0,1,0,0,0,0,0,0,0,0,0,0
280186,1,1,0,19,0,0,0,0,0,33,0,0
280187,0,1,0,0,0,0,0,0,0,0,0,0
280187,1,1,0,0,37,0,0,0,0,0,0,0
280188,1,1,0,0,0,0,0,0,0,0,0,0
280189,1,1,0,0,0,0,0,0,0,0,0,0
280189,2,1,0,0,0,0,0,0,0,0,0,0
280190,1,1,0,0,0,8,0,0,0,0,0,0
280190,2,1,18,18,18,18,18,18,18,18,18,18
280191,1,1,0,16,0,0,0,0,0,0,0,0
280192,1,1,19,19,19,19,19,19,19,19,19,19
280192,2,1,0,0,0,0,0,0,0,0,0,0
280193,1,1,21,21,21,21,21,21,21,21,21,21
280193,2,1,0,21,15,0,0,10,0,0,0,9
280194,1,1,0,0,0,18,0,0,0,0,0,0
280195,1,1,0,0,0,0,0,0,0,0,13,0
280196,1,1,21,21,21,21,21,21,21,21,21,21
280197,1,1,0,0,0,0,0,0,0,0,0,0
280198,1,1,0,0,0,0,0,0,0,0,0,0
280199,1,1,0,0,0,0,0,0,0,0,0,0
280199,2,1,0,0,0,0,0,0,0,0,5,7
280200,1,1,0,0,0,0,0,0,0,0,0,0
280200,2,1,0,0,0,0,0,0,0,0,0,0
280201,1,1,0,0,0,0,0,0,0,0,0,0
280201,2,1,0,0,0,0,0,0,0,0,0,0
280202,1,1,20,0,0,0,0,13,0,0,0,21
280202,2,1,12,0,0,0,0,0,0,0,0,0
280203,1,1,0,0,0,0,0,31,0,0,0,0
280204,1,1,13,13,13,13,13,13,13,13,13,13
280204,2,1,11,11,11,11,11,11,11,11,11,11
280205,1,1,0,0,0,0,0,0,0,0,0,0
280206,1,1,0,0,0,0,0,0,7,0,0,0
280206,2,1,0,0,0,0,0,0,0,0,0,0
280207,1,1,0,16,0,0,0,0,0,0,0,0
280208,1,1,0,0,0,0,0,0,0,0,0,0
280209,1,1,0,0,0,0,0,0,0,0,0,0
280209,2,1,0,0,0,0,0,7,0,0,0,0
280210,1,1,16,16,16,16,16,16,16,16,16,16
280211,1,1,25,25,25,25,25,25,25,25,25,25
280212,1,1,0,15,0,23,0,0,13,13,0,0
280213,1,1,0,0,0,0,0,0,0,0,0,0
280213,2,1,0,0,0,0,0,0,0,0,0,0
280213,3,1,0,0,0,0,0,0,0,0,0,0
280213,4,1,0,0,0,0,0,0,0,0,0,0
280214,1,1,22,22,22,22,22,22,22,22,22,22
280215,1,1,0,0,0,0,0,0,0,0,0,0
280215,2,1,0,0,0,0,0,0,0,0,15,0
280215,3,1,0,0,0,0,0,0,0,0,0,0
280215,4,1,0,0,0,0,0,0,0,0,0,0
280216,1,1,0,0,0,0,0,0,0,0,0,0
280216,2,1,0,0,0,0,0,0,0,0,0,0
280217,1,1,22,22,22,22,22,22,22,22,22,22
280218,1,1,0,0,0,0,0,0,0,0,0,0
280218,2,1,0,0,0,0,0,0,0,0,0,0
280219,0,1,0,0,0,0,0,13,0,0,0,0
280219,1,1,0,0,0,0,0,0,0,0,0,0
280220,1,1,0,0,0,0,0,0,0,0,0,0
280220,2,1,0,0,0,0,0,0,0,0,0,0
280221,1,1,0,0,0,0,0,0,0,0,0,0
280222,1,1,0,0,0,0,0,0,0,0,0,0
280223,1,1,0,0,0,0,21,0,0,0,0,0
280223,2,1,0,0,0,0,0,0,0,5,0,0
280224,1,1,0,0,0,0,0,0,0,0,0,0
280225,1,1,9,9,9,9,9,9,9,9,9,9
280226,1,1,0,0,0,0,0,0,0,0,0,0
280226,2,1,0,0,0,0,0,0,0,0,0,0
280226,3,1,18,18,18,18,18,18,18,18,18,18
280226,4,1,0,0,0,6,0,34,9,0,9,15
280227,1,1,0,0,0,0,0,0,0,0,0,0
280227,2,1,0,0,0,0,0,0,0,0,0,0
280228,1,1,0,0,0,17,0,18,0,0,0,0
280228,2,1,0,0,0,0,0,0,0,0,0,0
280229,0,1,26,0,0,0,0,15,0,0,0,0
280229,1,1,0,0,0,0,0,0,0,0,0,0
280230,1,1,0,0,0,0,0,0,0,0,0,0
280230,2,1,0,0,0,0,0,0,0,0,0,0
280231,1,1,0,0,0,0,0,0,0,0,0,0
280231,2,1,0,0,0,0,0,0,0,0,0,0
280232,1,1,0,0,0,0,0,0,0,0,0,0
280232,2,1,0,0,0,0,0,0,0,0,0,0
280233,1,1,0,0,0,0,0,0,0,0,0,0
280233,2,1,0,0,0,0,0,0,0,0,0,0
280234,1,1,0,0,0,0,3,0,0,0,0,0
280235,1,1,0,0,0,0,0,0,0,0,0,0
280236,1,1,22,22,22,22,22,22,22,22,22,22
280237,1,1,18,18,18,18,18,18,18,18,18,18
280238,1,1,16,16,16,16,16,16,16,16,16,16
280239,1,1,0,0,0,0,0,0,0,0,0,0
280240,1,1,0,0,0,0,0,0,0,0,0,0
280241,1,1,0,0,0,0,0,0,0,0,0,0
280242,1,1,0,0,0,0,0,0,0,0,19,0
280243,1,1,15,15,15,15,15,15,15,15,15,15
280244,1,1,0,0,0,4,0,16,0,0,0,15
280245,1,1,0,0,0,0,0,0,0,0,0,0
280245,2,1,0,0,0,0,0,0,0,0,0,0
280246,1,1,0,0,0,0,0,0,0,0,0,6
280247,1,1,13,13,13,13,13,13,13,13,13,13
280248,1,1,0,0,0,0,0,0,0,0,0,0
280249,1,1,0,0,0,0,0,0,0,0,0,0
280249,2,1,0,0,0,0,0,0,0,0,0,0
280250,1,1,0,0,0,0,0,0,0,0,0,0
280250,2,1,0,0,0,0,0,0,0,0,0,0
280251,1,1,0,0,0,0,0,9,11,0,0,0
280252,1,1,17,17,17,17,17,17,17,17,17,17
280253,0,1,0,0,0,0,0,0,0,0,0,0
280253,1,1,0,0,0,0,0,0,0,0,0,0
280254,1,1,0,0,0,0,0,0,0,0,0,0
280254,2,1,0,0,0,0,0,0,0,0,0,0
280255,1,1,0,0,0,0,0,0,0,0,0,0
280256,1,1,0,0,0,0,0,0,0,0,0,0
280257,1,1,29,29,29,29,29,29,29,29,29,29
280258,0,1,0,0,0,0,0,0,0,0,0,0
280258,1,1,0,0,0,0,0,0,0,0,0,0
280259,1,1,0,0,0,0,0,0,0,0,0,0
280260,1,1,0,0,0,0,0,0,0,0,0,0
280261,1,1,0,0,0,0,0,0,0,0,0,0
280261,2,1,0,0,0,0,0,0,0,0,0,0
280262,1,1,14,14,14,14,14,14,14,14,14,14
280263,1,1,0,0,0,0,0,0,0,0,0,0
280264,1,1,0,0,0,0,0,0,0,0,0,0
280264,2,1,0,0,0,0,0,0,0,0,0,0
280265,1,1,25,0,0,19,10,0,40,19,23,23
280266,1,1,16,16,16,16,16,16,16,16,16,16
280267,1,1,0,0,0,0,0,10,0,0,0,14
280268,1,1,0,0,0,0,0,0,0,0,0,0
280268,2,1,0,0,0,0,0,0,0,0,0,0
280269,1,1,0,0,0,0,0,0,0,0,0,0
280270,1,1,18,18,18,18,18,18,18,18,18,18
280271,1,1,0,0,0,0,0,0,0,0,0,0
280272,1,1,0,0,0,0,0,0,34,0,0,0
280273,1,1,0,0,0,0,0,0,0,0,0,0
280273,2,1,0,0,0,0,0,0,0,0,0,0
280274,1,1,0,0,0,0,0,0,0,0,0,0
280275,1,1,0,0,0,0,0,0,0,0,0,0
280275,2,1,0,0,0,0,0,0,0,0,0,0
280276,1,1,21,21,21,21,21,21,21,21,21,21
280277,1,1,0,0,0,0,0,0,0,0,0,0
280277,2,1,0,5,0,0,0,0,0,35,0,0
280278,1,1,18,18,18,18,18,18,18,18,18,18
280279,1,1,0,0,0,0,0,0,0,0,0,0
280280,1,1,0,0,0,0,0,0,0,0,0,0
280280,2,1,0,0,0,0,0,0,0,0,0,0
280281,1,1,13,13,13,13,13,13,13,13,13,13
280282,1,1,15,0,0,28,11,0,0,0,0,0
280283,1,1,16,16,16,16,16,16,16,16,16,16
280284,1,1,0,0,0,0,0,0,0,0,0,0
280285,1,1,12,0,0,0,0,0,0,0,0,0
280285,2,1,0,0,0,14,0,0,0,0,0,0
280286,1,1,32,32,32,32,32,32,32,32,32,32
280286,2,1,0,0,0,0,0,0,0,6,15,0
280287,1,1,22,22,22,22,22,22,22,22,22,22
280288,1,1,0,0,0,0,0,0,0,0,0,20
280288,2,1,0,0,0,0,0,0,0,0,0,0
280289,1,1,0,23,0,0,0,11,0,0,0,0
280289,2,1,0,0,0,0,0,0,0,0,0,0
280290,1,1,0,16,0,0,0,0,0,0,0,0
280290,2,1,0,0,0,0,0,0,8,0,0,0
280291,0,1,0,13,0,19,0,0,10,0,0,0
280291,1,1,0,0,0,0,23,0,0,0,0,0
280292,1,1,0,0,0,0,0,0,0,0,0,0
280293,1,1,0,0,0,0,0,0,0,0,0,0