ST_CASE,VEH_NO,PER_NO,P1,P2,P3,P4,P5,P6,P7,P8,P9,P10
280294,1,1,0,0,0,0,0,0,18,0,0,0
280294,2,1,0,0,46,0,5,0,0,0,0,0
280294,3,1,0,0,0,0,0,0,0,0,0,0
280295,1,1,4,4,4,4,4,4,4,4,4,4
280296,1,1,0,0,0,0,0,0,0,0,0,0
280296,2,1,0,0,0,0,0,0,0,0,0,0
280297,1,1,22,22,22,22,22,22,22,22,22,22
280298,1,1,0,7,0,0,7,0,0,0,0,0
280299,1,1,5,7,0,0,0,0,0,0,0,0
280300,1,1,0,0,0,0,0,0,0,0,0,0
280301,1,1,0,0,0,0,0,0,0,0,0,0
280301,2,1,0,0,0,0,0,0,0,0,0,0
280301,3,1,0,0,0,0,0,0,0,0,0,0
280302,1,1,0,0,0,0,0,0,0,0,0,0
280302,2,1,0,0,0,0,0,0,0,0,0,0
280303,0,1,0,0,0,0,0,0,0,0,0,0
280303,1,1,16,16,16,16,16,16,16,16,16,16
280304,1,1,21,21,21,21,21,21,21,21,21,21
280305,1,1,0,0,0,0,0,0,0,0,12,0
280305,2,1,0,0,0,0,0,0,0,0,8,0
280306,0,1,0,2,0,0,3,0,0,0,0,0
280306,1,1,0,0,0,0,0,0,0,0,0,0
280307,1,1,0,0,0,0,0,18,16,0,20,0
280308,1,1,0,0,0,0,0,0,0,0,0,0
280308,2,1,0,0,0,0,0,0,0,0,0,0
280309,1,1,0,4,0,0,0,0,0,0,0,0
280309,2,1,0,0,0,0,0,0,0,0,0,0
280310,1,1,0,14,0,25,0,0,12,10,35,24
280311,1,1,0,0,0,0,0,0,0,0,0,0
280311,2,1,0,0,0,0,0,0,0,0,0,0
280312,1,1,0,0,0,0,0,0,0,0,0,0
280313,1,1,0,0,0,0,0,0,0,0,0,0
280314,1,1,0,0,0,0,0,0,0,0,0,0
280315,1,1,0,0,0,0,0,0,0,0,0,0
280315,2,1,0,0,0,0,0,0,0,0,0,0
280316,1,1,0,0,0,0,0,0,0,0,0,0
280316,2,1,0,6,16,0,0,0,0,0,0,0
280317,1,1,0,0,0,0,0,0,0,0,0,0
280317,2,1,0,0,0,0,0,0,0,0,0,0
280318,1,1,1,1,1,1,1,1,1,1,1,1
280319,0,1,0,0,0,0,0,0,0,0,0,0
280319,1,1,0,0,0,0,0,0,0,0,0,0
280320,1,1,0,0,0,0,0,0,0,0,0,0
280320,2,1,0,0,0,0,0,0,0,0,0,0
280321,1,1,0,0,0,0,0,0,0,0,17,0
280321,2,1,0,0,0,0,0,0,0,0,0,0
280322,1,1,0,0,3,0,0,0,0,0,0,0
280323,1,1,0,0,0,0,0,0,0,0,0,0
280324,1,1,0,0,0,0,0,0,0,0,34,0
280324,2,1,0,0,0,0,9,0,0,0,0,0
280325,1,1,0,0,0,0,0,0,0,0,0,0
280326,1,1,0,0,0,0,0,0,0,0,0,0
280326,2,1,0,0,0,0,0,0,0,0,0,0
280326,3,1,0,0,0,0,0,0,0,0,0,0
280327,0,1,0,0,0,22,0,0,0,0,0,7
280327,1,1,0,0,0,0,0,0,0,0,0,0
280328,1,1,15,15,15,15,15,15,15,15,15,15
280329,1,1,0,29,20,0,40,18,24,13,0,0
280330,1,1,18,18,18,18,18,18,18,18,18,18
280331,1,1,0,13,0,12,0,0,0,0,0,0
280332,1,1,0,0,0,0,0,0,0,0,1,0
280332,2,1,0,0,0,0,0,0,0,0,15,0
280333,1,1,0,0,0,0,0,0,0,0,15,19
280334,1,1,0,0,0,0,0,0,0,0,0,0
280335,1,1,0,0,0,0,0,0,0,0,0,0
280335,2,1,0,0,0,0,0,0,0,0,0,0
280336,1,1,0,0,0,0,0,0,0,0,0,0
280336,2,1,0,0,0,0,0,0,0,0,0,0
280337,1,1,0,0,0,0,0,0,0,0,0,0
280337,2,1,0,0,0,0,0,0,0,0,0,0
280338,1,1,0,0,0,0,0,0,0,0,0,0
280338,2,1,0,0,0,0,0,0,0,0,0,0
280338,3,1,0,0,0,0,0,0,4,0,0,0
280339,1,1,12,0,0,0,0,3,0,0,23,0
280340,1,1,21,21,21,21,21,21,21,21,21,21
280341,1,1,0,6,0,8,13,15,0,22,0,0
280342,1,1,29,29,29,29,29,29,29,29,29,29
280343,1,1,0,0,0,0,0,14,0,15,0,7
280344,1,1,4,0,0,0,0,0,0,0,0,0
280344,2,1,0,0,0,0,0,0,0,0,0,0
280344,3,1,0,0,0,0,0,0,0,0,0,0
280345,1,1,25,0,0,0,0,0,0,0,0,7
280346,1,1,0,0,0,8,0,17,0,0,0,0
280347,1,1,20,20,20,20,20,20,20,20,20,20
280347,2,1,0,0,0,0,0,0,0,0,0,0
280348,1,1,0,0,0,0,0,0,0,0,0,0
280349,1,1,0,0,0,0,0,0,0,0,0,0
280349,2,1,0,0,0,0,0,0,0,0,0,0
280350,1,1,0,0,0,0,0,0,0,0,0,0
280351,1,1,0,0,17,0,0,0,4,0,0,0
280352,0,1,21,21,21,21,21,21,21,21,21,21
280352,1,1,0,0,0,0,0,0,0,0,0,0
280353,1,1,0,0,0,0,0,0,0,0,0,0
280353,2,1,0,0,0,0,0,0,0,0,0,0
280354,1,1,33,33,33,33,33,33,33,33,33,33
280355,1,1,0,0,0,0,0,0,0,0,0,0
280355,2,1,0,0,0,0,0,0,0,0,0,0
280356,1,1,0,0,0,0,0,0,0,0,0,0
280356,2,1,0,0,0,0,0,0,0,0,0,0
280357,0,1,32,32,32,32,32,32,32,32,32,32
280357,1,1,0,0,0,0,0,0,0,0,0,0
280358,1,1,0,0,0,0,0,0,0,0,0,0
280359,1,1,0,0,0,0,0,0,0,0,0,0
280359,2,1,0,0,0,0,0,0,0,0,0,0
280360,1,1,16,0,0,0,7,0,0,0,6,0
280361,0,1,0,0,0,0,0,0,0,0,0,0
280361,1,1,13,13,13,13,13,13,13,13,13,13
280362,1,1,14,0,15,0,0,0,0,0,0,0
280362,2,1,0,0,0,0,0,0,0,0,0,0
280362,3,1,0,0,0,0,0,0,0,0,0,0
280363,1,1,0,0,0,0,0,0,0,0,0,0
280363,2,1,0,0,0,0,0,0,0,0,0,0
280364,1,1,0,0,0,0,0,0,0,0,0,0
280364,2,1,0,0,0,0,0,0,0,0,0,0
280364,3,1,0,0,0,0,0,0,0,0,0,0
280365,1,1,0,0,0,0,0,0,0,0,0,0
280365,2,1,0,0,0,0,0,0,0,0,0,0
280366,1,1,0,0,0,0,0,0,0,0,0,0
280366,2,1,0,0,0,0,0,0,0,0,0,0
280367,1,1,0,0,0,0,0,0,0,0,0,0
280367,2,1,0,0,0,0,0,0,0,0,0,0
280368,1,1,0,0,0,0,0,0,0,0,0,0
280369,1,1,16,16,16,16,16,16,16,16,16,16
280370,1,1,0,0,0,0,0,0,0,0,0,0
280371,1,1,27,27,27,27,27,27,27,27,27,27
280372,1,1,25,25,25,25,25,25,25,25,25,25
280373,0,1,0,0,0,0,0,0,0,0,0,0
280373,1,1,0,0,0,0,0,0,5,0,0,0
280374,1,1,0,0,0,15,0,0,19,0,0,10
280375,1,1,0,0,0,0,0,13,0,0,0,0
280376,1,1,0,0,0,23,0,0,0,0,0,0
280377,1,1,0,0,0,0,24,0,0,0,0,0
280378,1,1,0,0,0,0,7,0,0,0,0,26
280379,1,1,0,0,0,0,0,0,0,0,0,0
280379,2,1,0,0,0,0,0,0,0,0,0,0
280380,1,1,0,0,0,0,0,0,0,0,0,0
280381,1,1,0,0,0,0,14,0,0,0,0,0
280381,2,1,0,0,0,22,0,0,16,10,0,0
280382,1,1,0,0,0,0,0,0,0,0,0,0
280382,2,1,0,0,0,0,0,0,0,0,0,0
280383,1,1,15,15,15,15,15,15,15,15,15,15
280384,1,1,0,0,0,0,0,0,0,0,0,0
280385,1,1,0,0,0,0,0,0,0,0,0,0
280385,2,1,0,0,0,0,0,0,0,0,0,0
280385,3,1,0,0,0,0,0,0,0,0,0,0
280385,4,1,0,0,0,0,0,0,0,0,0,0
280385,5,1,0,0,0,0,0,0,0,0,0,0
280385,6,1,0,0,0,0,0,0,0,0,0,0
280386,0,1,21,21,21,21,21,21,21,21,21,21
280386,1,1,0,0,0,0,0,0,0,0,20,0
280387,1,1,16,16,16,16,16,16,16,16,16,16
280389,1,1,0,0,0,0,0,0,0,0,0,0
280389,2,1,0,0,0,0,0,0,0,0,0,0
280390,1,1,0,0,0,0,0,0,0,0,0,8
280391,1,1,0,0,0,0,0,0,0,0,0,0
280392,1,1,0,0,0,0,0,0,0,0,0,0
280393,1,1,0,0,28,0,0,0,0,0,0,22
280394,1,1,0,0,0,0,0,0,0,21,0,0
280394,2,1,0,0,0,0,0,0,0,0,0,0
280395,1,1,0,0,0,0,15,0,0,0,0,0
280395,2,1,0,0,0,0,0,0,0,0,0,0
280396,1,1,5,0,0,0,0,0,0,0,0,15
280397,1,1,15,15,15,15,15,15,15,15,15,15
280398,1,1,0,0,0,0,0,0,0,0,0,0
280399,1,1,14,14,14,14,14,14,14,14,14,14
280400,1,1,0,0,0,0,0,0,0,10,0,0
280401,1,1,0,0,0,0,0,0,0,0,0,0
280401,2,1,0,0,0,0,0,0,0,0,0,0
280402,0,1,0,0,0,17,0,0,0,0,0,23
280402,1,1,0,0,0,0,18,0,0,0,0,0
280403,1,1,0,0,0,0,0,0,0,0,0,0
280403,2,1,0,0,0,0,23,0,0,0,0,0
280404,1,1,0,0,0,0,0,0,0,0,0,0
280404,2,1,0,0,0,0,0,0,0,0,0,27
280405,1,1,21,21,21,21,21,21,21,21,21,21
280406,1,1,0,0,0,0,0,0,0,0,0,0
280406,2,1,0,0,0,0,0,0,0,0,0,0
280407,1,1,0,0,0,0,0,0,0,0,0,0
280408,1,1,2,2,2,2,2,2,2,2,2,2
280409,1,1,0,0,0,0,0,0,0,0,0,0
280410,1,1,0,0,0,0,0,0,0,0,0,0
280411,1,1,11,11,11,11,11,11,11,11,11,11
280412,1,1,24,24,24,24,24,24,24,24,24,24
280413,1,1,0,0,0,0,0,0,0,0,0,0
280413,2,1,0,0,0,0,0,0,0,0,14,0
280414,1,1,16,16,16,16,16,16,16,16,16,16
280415,1,1,0,0,0,0,0,19,0,0,0,0
280416,1,1,0,0,0,0,0,0,0,0,23,0
280417,1,1,0,0,0,0,0,0,0,0,0,0
280418,1,1,0,0,18,21,0,0,0,15,0,11
280419,1,1,0,0,0,0,0,0,0,0,0,0
280420,1,1,22,22,22,22,22,22,22,22,22,22
280421,1,1,0,0,0,0,0,0,0,0,0,0
280421,2,1,0,0,0,0,0,0,0,0,0,0
280422,1,1,17,0,0,0,15,0,14,20,19,15
280423,0,1,20,20,20,20,20,20,20,20,20,20
280423,1,1,18,18,18,18,18,18,18,18,18,18
280424,1,1,0,0,0,0,0,0,0,0,0,0
280425,0,1,0,0,0,0,0,0,0,0,0,0
280425,1,1,0,0,0,0,0,0,0,0,0,0
280426,1,1,0,0,0,0,0,0,0,0,0,0
280426,2,1,0,0,0,0,0,0,0,0,0,0
280426,3,1,0,0,0,0,0,0,0,0,0,0
280426,4,1,0,0,0,0,0,0,0,0,0,0
280427,0,1,0,0,0,0,0,0,0,0,0,0
280427,1,1,0,23,0,0,0,0,0,0,0,0
280428,1,1,8,0,0,0,0,0,0,0,0,0
280428,2,1,0,0,0,0,0,0,0,0,0,0
280429,1,1,18,18,18,18,18,18,18,18,18,18
280430,1,1,0,0,0,0,0,0,0,0,0,0
280430,2,1,0,0,0,0,0,0,0,0,0,0
280431,1,1,0,0,0,0,0,0,0,0,0,0
280432,1,1,0,0,0,0,0,0,0,0,0,0
280432,2,1,0,0,0,0,0,0,0,0,0,0
280433,1,1,6,6,6,6,6,6,6,6,6,6
280434,0,1,0,8,0,0,17,13,15,0,0,0
280434,1,1,0,0,0,0,0,0,0,11,0,17
280435,1,1,21,21,21,21,21,21,21,21,21,21
280436,1,1,0,0,0,0,20,8,0,0,0,0
280437,1,1,0,0,0,0,0,0,0,0,0,0
280437,2,1,0,0,0,0,0,0,0,0,0,0
280438,1,1,0,4,0,0,0,0,0,0,0,0
280438,2,1,0,0,0,0,0,0,0,0,0,0
280439,1,1,0,0,0,0,0,0,0,0,0,0
280439,2,1,0,0,0,0,0,0,0,0,0,0
280440,0,1,33,33,33,33,33,33,33,33,33,33
280440,1,1,0,0,0,0,0,0,0,0,0,0
280441,1,1,0,0,0,0,0,0,0,0,0,24
280442,1,1,0,0,0,0,0,0,0,0,0,0
280443,1,1,0,0,0,34,0,0,18,15,14,0
280444,1,1,0,0,0,0,0,0,0,0,0,0
280445,1,1,0,19,16,0,0,0,14,24,0,0
280446,1,1,0,0,0,0,0,0,0,0,0,0
280447,1,1,0,0,0,0,0,0,0,0,22,0
280448,1,1,13,13,13,13,13,13,13,13,13,13
280449,0,1,24,24,24,24,24,24,24,24,24,24
280449,1,1,13,0,0,0,0,0,0,0,0,0
280450,1,1,0,0,0,0,0,0,0,0,0,0
280451,0,1,26,26,26,26,26,26,26,26,26,26
280451,1,1,0,0,0,0,0,0,0,0,0,0
280452,1,1,14,14,14,14,14,14,14,14,14,14
280453,1,1,0,0,0,0,0,0,0,0,0,0
280453,2,1,0,0,0,0,0,0,0,0,0,0
280454,1,1,0,0,0,0,0,0,0,0,0,0
280454,2,1,0,0,0,0,0,0,0,0,0,0
280455,1,1,0,0,14,20,0,0,0,0,0,0
280455,2,1,0,0,0,0,0,25,0,0,0,0
280455,3,1,0,0,0,0,0,0,0,0,0,0
280455,4,1,0,0,0,0,0,0,0,0,0,0
280456,1,1,27,27,27,27,27,27,27,27,27,27
280457,1,1,0,0,0,0,0,0,0,0,0,0
280458,0,1,17,0,0,0,0,0,0,0,0,0
280458,1,1,0,0,0,0,0,0,0,0,0,0
280459,1,1,0,0,0,0,0,0,0,0,0,0
280460,0,1,0,0,0,0,0,0,0,0,0,0
280460,1,1,0,0,0,0,0,0,0,0,0,0
280461,0,1,0,0,0,0,0,0,0,0,0,0
280461,1,1,0,0,0,0,0,0,0,0,0,0
280462,1,1,0,0,0,0,0,0,0,0,0,0
280462,2,1,25,25,25,25,25,25,25,25,25,25
280463,1,1,13,0,0,26,21,0,29,24,0,0
280464,1,1,0,0,0,0,0,0,0,0,0,0
280464,2,1,0,0,0,0,0,0,0,0,0,0
280465,1,1,0,0,0,0,0,0,0,0,0,0
280465,2,1,0,0,0,0,0,0,0,0,0,0
280466,1,1,16,16,16,16,16,16,16,16,16,16
280466,2,1,0,0,0,0,0,0,0,0,0,0
280467,1,1,0,0,0,0,0,0,0,0,0,0
280467,2,1,0,0,0,0,0,0,0,0,0,0
280468,1,1,0,0,5,0,12,0,9,0,0,0
280468,2,1,24,24,24,24,24,24,24,24,24,24
280469,1,1,0,0,0,0,0,0,0,0,0,0
280469,2,1,0,0,0,0,0,0,0,0,0,0
280470,0,1,18,18,18,18,18,18,18,18,18,18
280470,1,1,0,10,0,0,0,0,0,15,0,0
280471,1,1,21,21,21,21,21,21,21,21,21,21
280472,1,1,0,0,0,0,0,0,0,0,0,0
280472,2,1,0,0,0,0,0,0,0,0,0,0
280473,1,1,0,0,0,0,0,0,0,0,0,0
280473,2,1,0,0,0,0,0,0,0,0,0,0
280474,1,1,0,0,0,0,0,0,0,0,0,0
280474,2,1,0,0,0,0,0,0,0,0,0,0
280475,1,1,10,10,10,10,10,10,10,10,10,10
280476,1,1,0,0,0,0,0,0,0,0,0,0
280476,2,1,12,12,12,12,12,12,12,12,12,12
280477,1,1,0,0,0,0,0,0,0,0,0,0
280478,1,1,15,15,15,15,15,15,15,15,15,15
280480,1,1,0,0,0,0,0,0,0,0,0,0
280481,1,1,0,27,0,0,0,0,0,0,0,0
280482,1,1,0,0,0,0,0,0,0,0,0,0
280483,1,1,0,0,0,0,0,0,0,0,0,0
280484,0,1,0,0,0,0,0,35,0,10,0,0
280484,1,1,0,0,0,0,0,0,0,0,0,0
280485,1,1,17,0,0,0,0,18,0,12,0,21
280486,1,1,21,21,21,21,21,21,21,21,21,21
280487,1,1,13,13,13,13,13,13,13,13,13,13
280488,1,1,11,11,11,11,11,11,11,11,11,11
280489,1,1,0,0,10,0,0,0,0,0,0,0
280489,2,1,0,0,0,0,0,0,0,0,0,0
280490,1,1,0,0,0,0,0,0,0,0,0,0
280490,2,1,0,0,0,0,0,0,0,0,0,0
280491,1,1,0,0,0,0,0,0,0,0,0,0
280491,2,1,0,0,0,0,0,0,0,0,0,0
280492,1,1,0,0,0,0,0,0,0,0,0,0
280493,1,1,0,0,0,0,0,0,0,3,0,0
280493,2,1,0,0,0,0,0,0,0,0,0,0
280493,3,1,0,0,0,0,0,0,0,0,0,0
280494,1,1,0,0,0,0,0,0,0,0,0,0
280495,1,1,0,0,0,0,0,0,0,0,0,0
280495,2,1,0,0,0,0,0,0,0,0,0,0
280495,3,1,0,0,0,0,0,0,0,0,0,0
280496,1,1,0,0,0,0,0,0,0,0,0,0
280496,2,1,0,0,0,0,0,0,0,0,0,0
280497,0,1,22,22,22,22,22,22,22,22,22,22
280497,1,1,0,0,0,0,0,0,0,0,0,0
280498,1,1,0,0,0,0,0,0,0,0,0,0
280499,1,1,0,0,0,0,0,0,0,0,0,0
280499,2,1,0,0,0,0,0,0,0,0,0,0
280500,1,1,20,20,20,20,20,20,20,20,20,20
280501,1,1,0,0,0,0,0,0,0,0,0,0
280501,2,1,0,0,0,0,0,0,0,0,0,0
280502,1,1,0,0,0,0,0,0,0,0,0,0
280503,1,1,15,15,15,15,15,15,15,15,15,15
280504,1,1,19,19,19,19,19,19,19,19,19,19
280505,0,1,0,0,0,0,0,0,0,0,0,0
280505,1,1,0,0,0,0,0,0,0,0,0,0
280506,1,1,0,0,0,0,0,0,0,0,0,0
280506,2,1,0,0,0,0,0,0,0,0,0,0
280507,1,1,0,0,0,0,0,0,0,0,0,0
280507,2,1,0,0,0,0,11,0,4,0,0,0
280508,1,1,0,0,0,0,0,0,0,0,0,0
280509,1,1,0,0,0,0,0,0,0,0,0,0
280510,1,1,0,0,0,0,0,0,0,0,0,0
280510,2,1,0,0,0,0,0,0,0,0,0,0
280511,1,1,0,0,0,0,0,0,0,0,0,0
280512,1,1,0,0,0,0,0,22,20,0,0,0
280513,0,1,0,0,0,0,0,0,0,0,0,0
280513,1,1,0,0,0,0,0,0,0,0,0,0
280514,1,1,0,0,21,25,0,0,0,0,0,0
280515,1,1,0,0,0,0,0,0,0,0,0,0
280515,2,1,0,0,0,0,0,0,0,0,0,0
280516,0,1,0,0,0,0,0,0,0,0,0,0
280516,1,1,16,0,0,0,0,0,0,0,0,0
280517,1,1,0,0,0,0,0,0,0,0,0,0
280518,0,1,0,0,0,0,0,0,0,0,13,0
280518,1,1,0,0,0,0,0,0,0,0,0,0
280519,1,1,0,0,0,0,0,0,0,0,0,0
280519,2,1,0,0,0,0,0,14,0,0,0,0
280519,3,1,0,0,0,0,0,0,0,0,0,0
280520,1,1,0,0,23,20,0,0,0,9,0,0
280521,1,1,0,0,0,0,22,12,0,0,0,0
280522,1,1,16,16,16,16,16,16,16,16,16,16
280523,1,1,0,0,0,0,0,0,0,0,0,0
280523,2,1,0,0,0,0,0,0,0,0,0,0
280523,3,1,0,0,0,0,0,0,0,0,0,0
280524,1,1,18,18,18,18,18,18,18,18,18,18
280525,1,1,17,17,17,17,17,17,17,17,17,17
280526,1,1,0,0,0,0,0,0,0,0,0,0
280526,2,1,0,0,0,0,0,0,0,0,0,0
280527,1,1,0,0,0,19,0,0,0,0,0,0
280528,1,1,0,0,0,0,0,0,0,0,0,0
280530,1,1,12,12,12,12,12,12,12,12,12,12
280531,1,1,0,0,0,0,0,18,0,0,0,0
280532,1,1,0,0,0,0,0,0,0,0,0,0
280533,1,1,0,0,13,0,0,27,0,0,0,0
280534,1,1,11,10,0,0,0,0,0,0,22,0
280535,1,1,27,27,27,27,27,27,27,27,27,27
280536,1,1,0,0,0,0,0,0,0,0,0,0
280537,0,1,0,0,8,0,0,14,0,0,0,0
280537,1,1,0,0,0,0,0,0,0,0,0,0
280538,1,1,0,0,0,20,0,5,0,0,0,0
280539,1,1,0,0,0,0,0,0,0,0,0,0
280539,2,1,0,0,0,0,0,0,0,0,0,0
280540,1,1,0,0,0,0,0,0,0,0,0,0
280541,1,1,0,0,0,0,0,0,0,0,0,0
280541,2,1,0,0,0,0,0,0,0,0,0,0
280542,1,1,0,0,0,0,0,0,0,0,0,0
280542,2,1,0,0,0,0,0,0,0,0,0,0
280543,1,1,0,0,0,0,0,0,0,0,0,0
280543,2,1,9,0,0,0,0,0,0,0,0,0
280544,1,1,0,0,0,0,19,0,0,0,0,0
280545,1,1,0,0,0,0,0,0,0,0,0,0
280546,0,1,0,0,0,0,0,18,0,0,0,0
280546,1,1,0,0,0,0,0,0,0,0,0,0
280547,1,1,0,19,23,22,0,0,0,0,0,13
280548,1,1,0,0,0,0,0,0,0,0,0,0
280549,1,1,0,0,0,0,0,0,0,0,0,0
280550,1,1,0,0,0,14,0,0,0,0,0,0
280551,1,1,0,0,0,0,0,0,0,0,0,0
280552,1,1,0,0,0,0,0,0,0,0,0,0
280553,1,1,18,18,18,18,18,18,18,18,18,18
280554,1,1,17,17,17,17,17,17,17,17,17,17
280555,1,1,0,0,0,0,0,0,0,0,0,0
280556,1,1,0,0,0,0,0,15,0,0,0,0
280557,1,1,0,0,0,0,0,0,0,0,0,0
280557,2,1,0,0,0,0,0,0,0,0,0,0
280558,1,1,14,14,14,14,14,14,14,14,14,14
280559,1,1,0,0,0,0,0,0,0,0,0,0
280559,2,1,0,0,0,0,0,0,0,0,0,0
280560,0,1,14,14,14,14,14,14,14,14,14,14
280560,1,1,12,12,12,12,12,12,12,12,12,12
280561,1,1,0,0,0,0,0,0,0,0,0,0
280561,2,1,0,0,0,0,0,0,0,0,0,0
280562,1,1,0,0,0,0,0,0,0,0,0,17
280563,1,1,0,0,0,0,0,0,0,0,0,0
280564,1,1,0,11,0,0,0,0,10,7,0,0
280565,1,1,0,11,0,14,0,0,0,0,0,0
280566,1,1,0,0,0,0,0,0,0,0,0,0
280566,2,1,0,0,0,0,0,0,0,0,0,0
280567,1,1,0,0,0,0,0,0,0,0,0,0
280567,2,1,16,16,16,16,16,16,16,16,16,16
280568,1,1,33,33,33,33,33,33,33,33,33,33
280569,1,1,0,0,0,0,0,0,0,0,0,0
280569,2,1,0,0,0,0,0,0,0,0,0,0
280570,1,1,0,0,0,0,0,0,0,0,0,0
280570,2,1,0,0,0,0,0,0,0,0,0,0
290001,1,1,21,21,21,21,21,21,21,21,21,21
290001,2,1,0,0,0,0,0,0,0,0,0,0
290002,1,1,17,17,17,17,17,17,17,17,17,17
290003,1,1,0,0,0,0,0,0,0,0,0,0
290003,2,1,0,0,0,0,0,0,0,0,0,0
290004,1,1,0,0,0,0,0,0,0,0,0,0
290004,2,1,0,0,0,0,0,0,0,0,0,0
290006,1,1,0,0,0,0,0,0,0,0,0,0
290007,1,1,0,0,0,0,0,0,0,0,0,0
290009,1,1,0,0,0,0,0,0,0,0,0,0
290010,1,1,0,0,0,0,0,0,0,0,0,0
290010,2,1,0,0,0,0,0,0,0,0,0,0
290011,1,1,0,0,0,0,0,0,0,0,0,0
290011,2,1,0,0,0,0,0,0,0,0,10,0
290012,1,1,0,0,0,0,0,0,0,0,0,0
290012,2,1,0,0,0,0,0,0,0,0,0,0
290013,1,1,28,28,28,28,28,28,28,28,28,28
290014,1,1,6,6,6,6,6,6,6,6,6,6
290015,1,1,0,0,0,0,0,0,0,0,0,0
290016,1,1,0,0,0,0,0,0,0,0,0,0
290017,1,1,0,0,0,0,0,0,0,0,0,0
290018,0,1,17,17,17,17,17,17,17,17,17,17
290018,1,1,0,0,0,0,0,0,0,0,0,0
290019,1,1,0,0,0,0,0,0,0,0,0,0
290020,1,1,26,26,26,26,26,26,26,26,26,26
290021,1,1,0,0,0,0,0,0,0,0,0,0
290022,1,1,0,0,0,0,0,0,0,0,0,0
290022,2,1,22,22,22,22,22,22,22,22,22,22
290023,1,1,0,0,0,0,0,0,0,0,0,0
290025,1,1,0,0,0,0,0,0,0,0,0,0
290026,1,1,0,0,0,0,0,0,0,0,0,0
290027,0,1,31,31,31,31,31,31,31,31,31,31
290027,0,2,0,0,0,0,0,0,0,0,0,0
290027,1,1,0,0,0,0,0,0,0,0,0,0
290028,1,1,0,0,0,0,0,7,19,0,0,0
290029,1,1,0,0,0,0,0,0,0,0,0,0
290029,2,1,0,0,0,0,0,0,0,0,0,0
290030,1,1,11,11,11,11,11,11,11,11,11,11
290031,0,1,0,0,0,0,0,0,0,0,0,0
290031,1,1,0,0,0,0,0,0,0,0,0,0
290032,1,1,0,0,30,0,11,0,0,17,0,0
290032,2,1,0,0,0,0,0,0,0,0,0,0
290033,0,1,0,0,0,0,0,0,0,0,0,0
290033,1,1,21,21,21,21,21,21,21,21,21,21
290034,1,1,0,0,0,0,0,0,0,0,0,0
290035,1,1,21,21,21,21,21,21,21,21,21,21
290035,2,1,0,0,0,0,0,0,0,0,0,0
290035,3,1,14,0,0,0,0,0,0,0,0,0
290036,1,1,0,0,0,0,0,0,0,0,0,0
290037,1,1,0,0,0,0,0,0,0,0,0,0
290037,2,1,24,0,0,0,21,19,0,0,26,4
290038,0,1,0,0,0,0,0,0,0,0,0,0
290038,1,1,0,0,0,0,0,0,0,0,0,0
290039,1,1,19,19,19,19,19,19,19,19,19,19
290040,1,1,0,0,0,0,0,0,0,0,0,0
290041,0,1,17,17,17,17,17,17,17,17,17,17
290041,1,1,0,17,0,0,0,0,0,0,0,0
290042,1,1,27,27,27,27,27,27,27,27,27,27
290043,1,1,13,13,13,13,13,13,13,13,13,13
290044,1,1,0,0,0,0,0,0,0,0,0,0
290044,2,1,15,0,0,26,0,0,31,31,0,0
290045,1,1,0,0,0,0,0,0,0,0,0,0
290045,2,1,0,0,0,0,0,0,0,0,0,0
290046,0,1,22,0,18,0,29,33,26,27,23,8
290046,0,2,0,0,0,0,10,0,0,22,0,18
290046,1,1,0,0,0,0,0,0,0,0,0,0
290047,0,1,17,17,17,17,17,17,17,17,17,17
290047,1,1,0,0,0,0,0,0,0,0,0,0
290048,1,1,24,24,24,24,24,24,24,24,24,24
290049,1,1,18,18,18,18,18,18,18,18,18,18
290050,1,1,0,0,0,0,0,0,0,0,0,0
290050,2,1,0,0,0,0,0,0,0,0,0,0
290051,1,1,9,0,0,0,0,0,0,0,0,0
290051,2,1,0,0,0,0,0,0,0,0,0,0
290052,1,1,0,0,0,0,0,0,0,0,0,0
290052,2,1,0,0,0,0,0,0,0,0,0,0
290053,1,1,27,27,27,27,27,27,27,27,27,27
290053,2,1,6,0,13,0,0,0,0,0,0,9
290054,1,1,0,0,0,29,15,0,0,13,0,0
290055,1,1,15,15,15,15,15,15,15,15,15,15
290055,2,1,0,0,0,0,0,0,0,0,0,0
290056,1,1,25,25,25,25,25,25,25,25,25,25
290056,2,1,0,0,0,0,0,0,0,0,0,0
290057,0,1,0,0,0,0,13,0,26,0,13,0
290057,1,1,0,0,0,0,0,0,0,0,0,0
290058,1,1,14,14,14,14,14,14,14,14,14,14
290060,1,1,10,10,10,10,10,10,10,10,10,10
290061,1,1,16,16,16,16,16,16,16,16,16,16
290062,1,1,9,0,15,0,11,0,0,0,0,0
290063,1,1,0,0,0,0,0,0,0,0,0,0
290063,2,1,0,0,0,0,0,0,0,0,0,0
290064,1,1,0,0,0,0,0,0,0,0,0,0
290065,1,1,0,0,0,0,0,0,0,0,0,0
290065,2,1,0,0,0,0,0,0,0,0,0,0