ST_CASE,VEH_NO,PER_NO,P1,P2,P3,P4,P5,P6,P7,P8,P9,P10
290066,1,1,0,0,0,0,0,0,0,17,0,0
290066,2,1,0,0,0,0,0,0,0,0,0,0
290067,1,1,25,25,25,25,25,25,25,25,25,25
290068,0,1,0,0,0,0,0,0,0,0,0,0
290068,1,1,0,0,0,0,0,0,0,0,0,0
290069,1,1,0,0,0,0,0,0,0,0,0,0
290070,1,1,30,30,30,30,30,30,30,30,30,30
290070,2,1,0,0,0,0,0,0,0,0,0,0
290071,1,1,0,0,0,0,0,0,0,0,0,0
290072,1,1,0,0,0,0,0,0,0,0,0,0
290072,2,1,0,0,0,0,0,0,0,0,0,0
290073,1,1,21,21,21,21,21,21,21,21,21,21
290074,1,1,0,0,0,0,0,0,0,0,0,0
290075,1,1,0,0,0,0,0,0,0,0,0,0
290076,1,1,7,20,10,0,0,0,0,34,13,11
290076,2,1,0,0,2,0,0,0,0,0,0,0
290077,0,1,10,10,10,10,10,10,10,10,10,10
290077,1,1,0,0,0,0,0,0,0,0,0,0
290078,1,1,0,0,0,0,0,0,0,0,0,0
290079,0,1,0,0,0,0,0,0,0,0,0,0
290079,1,1,0,0,0,0,0,0,0,0,0,0
290080,1,1,22,22,22,22,22,22,22,22,22,22
290081,1,1,24,24,24,24,24,24,24,24,24,24
290082,1,1,5,5,5,5,5,5,5,5,5,5
290083,1,1,15,15,15,15,15,15,15,15,15,15
290084,1,1,0,0,15,14,0,0,7,0,0,0
290084,2,1,0,0,0,0,0,0,0,0,0,0
290085,1,1,0,0,0,0,0,0,0,0,0,0
290086,1,1,5,5,5,5,5,5,5,5,5,5
290087,1,1,0,0,0,0,0,0,0,0,0,0
290088,1,1,0,0,0,0,0,0,0,0,0,0
290088,2,1,0,0,0,0,0,0,0,0,0,0
290089,0,1,0,0,0,0,0,0,0,0,0,0
290089,1,1,0,0,0,0,0,0,0,0,0,0
290090,1,1,11,11,11,11,11,11,11,11,11,11
290091,1,1,0,0,0,0,0,0,0,0,0,0
290092,1,1,0,0,0,0,0,0,0,0,0,0
290092,2,1,0,0,0,0,0,0,0,0,0,0
290093,1,1,10,10,10,10,10,10,10,10,10,10
290094,0,1,0,0,0,0,0,0,0,0,0,0
290094,1,1,8,0,0,0,0,0,0,15,0,0
290095,1,1,0,0,0,0,0,0,0,0,0,0
290096,1,1,0,0,0,0,0,0,0,0,0,0
290097,1,1,0,0,0,0,0,0,0,0,0,0
290097,2,1,0,0,0,18,0,4,12,0,0,0
290098,1,1,0,0,0,0,0,0,0,0,0,0
290099,1,1,0,10,15,18,18,28,5,12,0,21
290099,2,1,17,0,0,18,0,0,0,9,0,0
290100,1,1,15,15,15,15,15,15,15,15,15,15
290101,1,1,0,17,0,11,0,0,0,0,0,17
290102,1,1,0,0,0,0,0,0,0,0,0,2
290102,2,1,0,0,0,0,0,0,0,0,0,0
290102,3,1,0,0,0,0,0,0,0,0,0,0
290103,0,1,22,22,22,22,22,22,22,22,22,22
290103,1,1,19,0,0,22,0,0,0,0,9,21
290104,1,1,0,0,0,0,0,0,0,0,0,0
290105,0,1,0,0,17,0,0,0,18,0,0,0
290105,1,1,0,0,0,0,9,0,0,41,0,0
290106,0,1,22,22,22,22,22,22,22,22,22,22
290106,1,1,0,0,0,18,0,0,0,0,0,0
290107,1,1,0,0,0,0,0,0,0,0,0,0
290107,2,1,0,0,0,0,0,0,0,0,0,0
290108,0,1,18,18,18,18,18,18,18,18,18,18
290108,1,1,0,0,0,0,0,0,0,0,0,0
290109,1,1,0,0,0,0,0,0,0,0,0,0
290109,2,1,0,0,0,0,0,0,0,0,0,0
290109,3,1,0,0,37,0,0,9,0,0,0,0
290110,1,1,6,6,6,6,6,6,6,6,6,6
290110,2,1,0,26,0,0,13,0,0,12,0,0
290111,1,1,0,0,0,0,0,0,0,0,0,0
290112,0,1,0,0,0,0,0,0,0,0,0,0
290112,1,1,0,0,0,0,0,0,0,0,0,0
290113,1,1,0,0,0,0,0,0,0,0,0,0
290113,2,1,0,0,0,0,0,0,0,0,0,0
290114,0,1,22,22,22,22,22,22,22,22,22,22
290114,1,1,0,0,0,0,0,0,0,0,0,0
290115,1,1,0,0,0,0,0,0,0,0,0,0
290115,2,1,0,0,0,0,0,0,0,0,0,0
290116,1,1,0,0,0,0,0,0,0,0,0,0
290117,0,1,0,0,0,0,0,0,0,0,0,0
290117,1,1,0,0,0,0,0,0,0,0,0,0
290118,1,1,0,0,0,0,0,0,0,0,0,0
290118,2,1,0,0,0,0,0,0,0,0,0,0
290119,1,1,13,13,13,13,13,13,13,13,13,13
290120,1,1,0,0,0,0,0,0,0,0,0,0
290120,2,1,0,0,0,0,0,0,0,0,0,0
290121,1,1,0,0,0,0,0,0,0,0,0,0
290121,2,1,0,0,0,0,0,0,0,0,0,0
290122,0,1,0,0,0,0,0,0,0,0,0,0
290123,1,1,0,0,0,0,0,0,0,0,0,0
290123,2,1,0,0,0,0,0,0,0,0,0,0
290124,1,1,0,0,0,0,0,0,0,0,0,0
290125,1,1,19,0,0,0,0,15,0,9,0,0
290126,1,1,0,0,0,0,0,0,0,0,0,0
290126,2,1,0,0,10,6,0,0,0,0,0,0
290127,1,1,0,0,0,0,0,0,0,0,0,0
290127,2,1,20,20,20,20,20,20,20,20,20,20
290128,1,1,17,17,17,17,17,17,17,17,17,17
290129,1,1,17,17,17,17,17,17,17,17,17,17
290130,1,1,0,0,0,0,0,0,0,0,0,0
290130,2,1,0,0,0,0,0,0,0,0,0,0
290131,1,1,0,0,0,0,0,0,0,0,0,0
290132,1,1,0,0,0,0,0,0,0,0,0,0
290132,2,1,0,0,0,0,0,0,0,0,0,0
290133,1,1,31,31,31,31,31,31,31,31,31,31
290134,1,1,17,17,17,17,17,17,17,17,17,17
290135,1,1,0,0,0,0,0,0,0,0,0,0
290136,1,1,0,0,0,0,0,14,0,0,0,0
290136,2,1,0,0,0,0,0,20,0,0,0,0
290137,1,1,24,24,24,24,24,24,24,24,24,24
290138,1,1,0,0,0,0,0,0,0,0,0,0
290138,2,1,0,0,0,0,0,0,0,0,0,0
290139,1,1,0,0,0,0,0,0,0,0,0,0
290140,1,1,0,0,0,0,0,0,0,0,0,0
290140,2,1,0,0,0,7,0,0,0,0,0,0
290141,1,1,30,30,30,30,30,30,30,30,30,30
290142,0,1,0,0,0,0,0,0,0,0,0,7
290142,1,1,0,0,0,16,0,0,0,0,0,0
290143,0,1,0,0,0,0,0,0,0,0,0,0
290143,1,1,0,0,0,0,0,0,0,0,0,0
290144,1,1,0,0,0,0,0,0,0,0,0,0
290144,2,1,0,0,0,0,0,0,0,0,0,0
290145,1,1,11,11,11,11,11,11,11,11,11,11
290145,2,1,0,0,0,0,0,0,0,0,0,0
290146,1,1,0,0,0,0,0,0,0,0,0,0
290147,1,1,0,0,0,0,0,0,0,0,0,0
290148,1,1,0,0,0,0,0,0,0,0,0,0
290148,2,1,0,0,0,0,0,0,0,0,0,0
290149,1,1,27,27,27,27,27,27,27,27,27,27
290150,1,1,19,17,25,17,13,11,0,12,0,0
290151,1,1,21,21,21,21,21,21,21,21,21,21
290152,1,1,7,7,7,7,7,7,7,7,7,7
290153,2,1,0,0,0,0,0,0,0,0,0,0
290154,1,1,19,19,19,19,19,19,19,19,19,19
290155,1,1,6,16,0,28,14,29,12,22,13,17
290156,1,1,8,8,8,8,8,8,8,8,8,8
290157,1,1,0,0,0,0,0,0,0,0,0,0
290157,2,1,0,0,0,0,0,0,0,0,0,0
290158,1,1,18,18,18,18,18,18,18,18,18,18
290159,1,1,4,4,4,4,4,4,4,4,4,4
290160,1,1,0,0,0,0,0,0,0,0,0,0
290160,2,1,0,0,0,0,0,0,0,0,0,0
290161,1,1,0,0,0,0,0,0,0,0,0,0
290161,2,1,0,0,0,0,0,0,0,0,0,0
290162,1,1,23,23,23,23,23,23,23,23,23,23
290163,0,1,1,1,1,1,1,1,1,1,1,1
290163,1,1,0,0,0,0,0,0,0,0,0,0
290164,1,1,20,20,20,20,20,20,20,20,20,20
290164,2,1,0,0,0,0,0,0,0,0,0,0
290164,3,1,0,0,0,0,0,0,0,0,0,0
290165,1,1,25,25,25,25,25,25,25,25,25,25
290165,2,1,0,0,0,0,0,0,0,0,0,0
290166,1,1,0,0,0,0,0,0,0,0,0,0
290167,1,1,19,19,19,19,19,19,19,19,19,19
290168,1,1,0,0,0,0,0,0,0,0,0,0
290168,2,1,0,0,0,0,0,0,0,0,0,0
290169,1,1,15,15,15,15,15,15,15,15,15,15
290170,1,1,16,16,16,16,16,16,16,16,16,16
290171,1,1,23,23,23,23,23,23,23,23,23,23
290172,1,1,14,14,14,14,14,14,14,14,14,14
290173,1,1,8,8,8,8,8,8,8,8,8,8
290174,1,1,0,0,0,0,0,0,0,0,0,0
290174,2,1,0,0,0,0,0,0,0,0,0,0
290175,1,1,0,0,0,0,0,0,0,0,0,0
290176,1,1,14,14,14,14,14,14,14,14,14,14
290177,1,1,0,0,0,0,0,0,0,0,0,0
290178,1,1,0,0,0,0,0,0,0,0,0,0
290179,1,1,15,15,15,15,15,15,15,15,15,15
290180,1,1,0,0,0,0,0,0,0,0,0,0
290180,2,1,0,0,0,0,0,0,0,0,0,0
290181,1,1,0,0,0,0,0,0,0,0,0,0
290181,2,1,0,0,0,0,0,0,0,0,0,0
290182,1,1,0,0,0,0,0,0,0,0,0,0
290183,1,1,0,0,0,0,0,0,0,0,0,0
290184,1,1,0,0,0,0,0,0,0,0,0,0
290184,2,1,0,0,0,0,0,0,0,0,0,0
290185,1,1,38,38,38,38,38,38,38,38,38,38
290185,2,1,0,0,0,0,0,0,0,0,0,0
290185,3,1,0,0,0,0,4,0,0,0,0,0
290186,1,1,26,26,26,26,26,26,26,26,26,26
290187,1,1,0,0,0,0,0,0,0,0,0,0
290188,1,1,0,0,0,0,0,0,0,0,0,0
290189,1,1,14,14,14,14,14,14,14,14,14,14
290190,1,1,0,0,0,0,6,0,0,0,0,0
290191,1,1,10,10,10,10,10,10,10,10,10,10
290192,1,1,0,0,0,0,0,0,0,0,0,0
290193,1,1,34,0,0,0,0,0,0,0,0,0
290193,2,1,0,0,0,0,0,0,0,0,0,0
290193,3,1,0,0,0,0,0,0,0,0,0,0
290194,1,1,0,0,0,0,0,0,0,0,0,0
290194,2,1,0,0,0,0,0,0,0,0,0,0
290195,0,1,1,1,1,1,1,1,1,1,1,1
290195,1,1,0,0,0,0,0,0,0,0,0,0
290196,1,1,0,0,0,0,0,0,0,0,0,0
290196,2,1,0,0,0,0,0,0,0,0,0,0
290197,0,1,0,0,0,0,0,0,0,0,0,0
290197,1,1,0,0,0,0,0,0,0,0,0,0
290198,1,1,10,10,10,10,10,10,10,10,10,10
290199,1,1,7,8,12,14,11,20,35,0,30,12
290200,1,1,21,16,15,23,19,12,11,17,22,15
290200,2,1,0,0,0,0,0,0,0,0,0,0
290201,1,1,21,21,21,21,21,21,21,21,21,21
290202,1,1,0,0,0,0,0,0,0,0,0,0
290203,1,1,12,12,12,12,12,12,12,12,12,12
290204,1,1,0,0,0,0,0,0,0,0,0,0
290204,2,1,0,0,0,0,0,0,0,0,0,0
290205,1,1,23,23,23,23,23,23,23,23,23,23
290205,2,1,0,0,0,0,0,0,0,0,0,0
290206,1,1,12,12,12,12,12,12,12,12,12,12
290207,1,1,18,18,18,18,18,18,18,18,18,18
290207,2,1,0,0,0,0,0,0,0,0,0,0
290208,0,1,19,19,19,19,19,19,19,19,19,19
290208,1,1,0,0,0,0,0,0,0,0,0,0
290209,1,1,21,8,5,20,3,9,27,16,9,18
290210,1,1,0,0,0,0,0,0,0,0,0,0
290211,1,1,0,0,0,0,0,0,0,0,0,0
290211,2,1,0,0,0,0,0,0,0,0,0,0
290212,1,1,0,0,0,0,0,0,0,0,0,0
290212,2,1,0,0,0,0,0,0,0,0,0,0
290213,1,1,6,6,6,6,6,6,6,6,6,6
290213,2,1,0,0,0,0,0,0,0,0,0,0
290214,0,1,0,0,0,0,0,0,0,0,0,0
290214,1,1,0,0,0,0,0,0,0,0,0,0
290215,1,1,0,0,0,0,0,0,0,0,0,0
290216,1,1,0,0,0,0,0,0,0,0,0,0
290217,1,1,0,2,0,0,0,0,0,0,0,0
290218,1,1,20,20,20,20,20,20,20,20,20,20
290219,1,1,0,0,0,0,0,0,0,0,0,0
290219,2,1,0,0,0,0,0,0,0,0,0,0
290220,1,1,0,0,0,0,0,0,0,0,0,0
290220,2,1,0,0,0,0,0,0,0,0,0,0
290221,1,1,18,18,18,18,18,18,18,18,18,18
290222,1,1,0,0,0,0,0,0,0,0,44,0
290223,1,1,0,0,0,0,0,0,0,0,0,0
290225,1,1,0,9,0,0,0,0,0,0,0,0
290225,2,1,0,0,0,0,0,0,0,0,0,0
290226,1,1,0,0,0,0,0,0,0,0,0,0
290227,1,1,21,21,21,21,21,21,21,21,21,21
290227,2,1,0,23,0,6,14,0,0,4,12,0
290228,1,1,0,0,0,0,0,0,0,0,0,0
290228,2,1,0,0,0,0,0,0,0,0,0,0
290228,3,1,0,0,0,0,0,0,0,0,0,0
290229,1,1,31,31,31,31,31,31,31,31,31,31
290230,1,1,4,4,4,4,4,4,4,4,4,4
290231,1,1,0,0,0,0,0,0,0,0,0,0
290232,1,1,0,0,0,0,0,0,0,0,0,0
290233,1,1,0,0,0,0,0,0,0,0,0,0
290233,2,1,0,0,0,0,0,0,0,0,0,0
290234,0,1,19,19,19,19,19,19,19,19,19,19
290234,1,1,0,0,0,0,0,0,0,0,0,0
290234,2,1,0,0,0,0,0,0,0,0,0,0
290235,1,1,0,0,0,0,0,0,0,0,0,0
290236,1,1,25,25,25,25,25,25,25,25,25,25
290237,1,1,0,0,0,0,0,0,0,0,0,0
290238,1,1,0,0,0,0,0,0,0,0,0,0
290239,1,1,0,0,0,0,0,0,0,0,0,0
290240,1,1,28,28,28,28,28,28,28,28,28,28
290241,1,1,7,7,7,7,7,7,7,7,7,7
290242,1,1,0,0,0,0,0,0,0,0,0,0
290242,2,1,0,0,0,0,0,0,0,0,0,0
290243,1,1,2,2,2,2,2,2,2,2,2,2
290244,1,1,0,0,0,0,0,0,0,0,0,0
290245,1,1,0,0,0,0,0,0,0,0,0,0
290245,2,1,0,0,0,0,0,0,0,0,0,0
290246,1,1,6,9,3,27,9,28,23,12,13,17
290247,1,1,0,0,0,0,0,0,0,0,0,0
290248,1,1,0,0,0,0,0,0,0,0,0,0
290248,2,1,0,0,0,0,0,0,0,0,0,0
290248,3,1,0,0,0,0,0,0,0,0,0,0
290249,1,1,0,0,0,0,0,0,0,0,0,0
290249,2,1,0,0,0,0,0,0,0,0,0,0
290250,1,1,21,21,21,21,21,21,21,21,21,21
290251,0,1,0,0,0,0,0,0,0,0,0,0
290251,1,1,13,0,21,0,0,8,0,32,0,24
290252,1,1,20,20,20,20,20,20,20,20,20,20
290253,1,1,11,11,11,11,11,11,11,11,11,11
290254,1,1,0,0,0,0,0,0,0,0,0,0
290255,1,1,0,0,0,0,0,0,0,0,0,0
290255,2,1,0,0,0,0,0,26,0,0,0,0
290256,1,1,11,11,11,11,11,11,11,11,11,11
290257,1,1,0,0,0,0,0,0,0,0,0,0
290258,1,1,14,18,21,32,0,0,0,0,12,0
290259,0,1,0,0,0,0,0,0,0,0,0,0
290259,1,1,0,0,0,0,0,0,0,0,0,0
290260,1,1,10,10,10,10,10,10,10,10,10,10
290260,2,1,0,0,0,0,0,0,0,0,0,0
290261,1,1,0,0,0,0,0,0,0,0,0,0
290261,2,1,0,0,0,18,0,0,6,0,0,0
290261,3,1,0,26,0,21,15,24,0,0,0,0
290262,1,1,0,0,0,0,0,0,0,0,0,0
290262,2,1,11,11,11,11,11,11,11,11,11,11
290263,1,1,28,28,28,28,28,28,28,28,28,28
290264,1,1,7,7,7,7,7,7,7,7,7,7
290265,1,1,0,0,0,0,0,0,0,0,0,0
290266,1,1,0,0,0,0,0,0,0,0,0,0
290267,1,1,12,12,12,12,12,12,12,12,12,12
290267,2,1,0,0,0,0,0,0,0,0,0,0
290267,3,1,0,0,0,0,0,0,0,0,0,0
290268,1,1,0,0,0,24,0,0,0,20,0,0
290269,1,1,0,0,0,0,0,0,0,0,0,0
290270,1,1,0,0,0,0,0,0,0,0,0,0
290270,2,1,0,14,0,0,0,0,9,0,10,19
290271,1,1,0,0,0,0,0,0,0,0,0,0
290271,2,1,0,0,0,0,14,0,0,0,0,0
290272,1,1,9,21,28,0,0,0,0,0,0,0
290272,2,1,0,0,0,0,0,0,0,0,0,0
290273,1,1,29,29,29,29,29,29,29,29,29,29
290274,1,1,0,0,0,0,0,0,0,0,0,0
290275,1,1,0,0,0,0,0,0,0,0,0,0
290275,2,1,0,0,0,0,0,0,0,0,0,0
290276,1,1,0,0,0,0,0,0,0,0,0,0
290277,1,1,0,0,0,0,0,0,0,0,0,0
290277,2,1,0,0,0,0,0,0,0,0,0,0
290277,3,1,0,0,0,0,0,0,0,0,0,0
290278,0,1,0,0,0,0,0,0,0,0,0,0
290278,1,1,0,0,0,0,0,0,0,0,0,0
290279,1,1,6,6,6,6,6,6,6,6,6,6
290280,1,1,11,11,11,11,11,11,11,11,11,11
290281,1,1,0,0,0,0,0,0,0,0,0,0
290282,1,1,7,7,7,7,7,7,7,7,7,7
290282,2,1,0,7,16,0,0,0,0,0,0,39
290283,1,1,0,0,0,0,0,0,0,0,0,0
290284,1,1,0,0,0,0,24,0,0,0,0,0
290284,2,1,0,0,13,0,0,0,0,0,0,26
290285,1,1,0,0,0,0,0,0,0,0,0,0
290285,2,1,0,0,0,0,0,0,0,0,0,0
290285,3,1,0,0,0,0,0,0,0,0,0,0
290286,1,1,0,0,0,0,0,0,0,0,0,0
290287,1,1,0,0,0,0,0,0,0,0,0,0
290288,1,1,0,0,0,0,0,0,0,0,0,0
290288,2,1,0,0,0,0,0,0,0,0,0,0
290289,1,1,0,19,0,0,0,0,0,0,0,0
290290,1,1,0,0,0,0,0,0,0,0,0,0
290290,2,1,0,0,0,0,0,0,0,0,0,0
290291,1,1,22,0,10,21,0,12,0,0,0,0
290291,2,1,8,8,8,8,8,8,8,8,8,8
290292,1,1,14,14,14,14,14,14,14,14,14,14
290293,1,1,12,29,0,0,14,0,0,21,0,30
290294,1,1,0,0,0,0,0,0,0,0,0,0
290294,2,1,0,0,0,7,0,0,0,0,0,0
290295,1,1,0,0,0,20,0,0,0,0,0,0
290296,0,1,0,0,0,0,0,0,0,0,0,0
290296,1,1,0,0,0,0,0,0,0,0,0,0
290297,1,1,0,0,0,0,0,0,0,0,0,0
290297,2,1,0,0,0,0,0,0,0,0,0,0
290298,1,1,0,0,0,0,0,0,0,0,0,0
290299,1,1,0,0,0,0,0,0,0,0,0,0
290299,2,1,0,0,0,0,0,0,0,0,0,0
290300,1,1,9,9,9,9,9,9,9,9,9,9
290300,2,1,0,0,0,0,0,0,0,0,0,0
290301,1,1,0,0,0,0,0,0,0,0,0,0
290301,2,1,0,0,0,0,0,0,0,0,0,0
290301,3,1,0,0,0,0,22,0,0,0,0,0
290302,0,1,0,0,0,0,0,0,0,0,0,0
290302,1,1,0,0,0,0,0,0,0,0,0,0
290303,1,1,0,0,0,0,0,0,0,0,0,0
290304,1,1,0,11,0,0,0,0,0,0,0,0
290304,2,1,0,0,0,0,0,0,0,0,0,0
290305,1,1,0,0,0,0,0,0,0,0,0,0
290305,2,1,0,0,0,0,0,0,0,0,0,0
290306,1,1,18,18,18,18,18,18,18,18,18,18
290306,2,1,0,0,0,0,0,0,0,0,0,0
290307,1,1,0,0,0,0,0,0,0,0,0,0
290308,0,1,14,14,14,14,14,14,14,14,14,14
290308,1,1,0,0,0,0,0,0,0,0,0,0
290309,1,1,22,22,22,22,22,22,22,22,22,22
290310,1,1,0,0,0,0,0,0,0,0,0,0
290311,1,1,0,0,0,0,0,0,0,0,0,0
290312,1,1,0,0,0,0,0,0,0,0,0,0
290313,1,1,25,25,25,25,25,25,25,25,25,25
290314,1,1,22,22,22,22,22,22,22,22,22,22
290315,1,1,0,0,0,0,0,0,0,0,0,0
290316,1,1,19,19,19,19,19,19,19,19,19,19
290317,1,1,22,0,24,0,0,0,0,0,0,8
290318,0,1,0,0,0,0,0,0,0,0,0,0
290318,1,1,0,0,0,0,0,0,0,0,0,0
290319,1,1,18,18,18,18,18,18,18,18,18,18
290320,1,1,11,11,11,11,11,11,11,11,11,11
290320,2,1,13,13,13,13,13,13,13,13,13,13
290321,1,1,0,0,0,0,0,0,0,0,0,0
290321,2,1,14,14,14,14,14,14,14,14,14,14
290322,1,1,0,0,0,0,0,0,0,0,0,0
290322,2,1,0,0,0,0,0,0,0,0,0,0
290323,0,1,18,18,18,18,18,18,18,18,18,18
290323,1,1,1,1,1,1,1,1,1,1,1,1
290324,1,2,16,0,24,38,16,20,10,13,18,16
290325,1,1,0,15,0,0,0,0,0,6,12,0
290326,1,1,0,0,0,0,0,0,0,0,0,0
290327,1,1,0,0,0,0,0,0,0,0,0,0
290328,1,1,0,0,0,0,0,0,0,0,0,0
290328,2,1,0,0,0,0,0,0,0,0,0,0
290329,1,1,15,15,15,15,15,15,15,15,15,15
290330,1,1,0,19,0,34,0,18,15,0,13,29
290331,1,1,16,16,16,16,16,16,16,16,16,16
290332,1,1,13,28,16,11,10,12,4,12,29,12
290333,1,1,0,0,0,0,0,0,0,0,0,0
290334,0,1,0,0,0,0,0,0,0,0,0,0
290335,1,1,0,0,0,0,0,0,0,0,0,0
290336,1,1,0,0,0,0,0,0,0,0,0,0
290337,1,1,0,0,0,0,0,0,0,0,0,0
290338,0,1,0,0,0,0,0,0,0,0,16,0
290338,1,1,0,0,0,0,0,0,0,0,0,0
290339,0,1,12,12,12,12,12,12,12,12,12,12
290339,1,1,0,0,0,0,0,0,0,0,0,0
290340,1,1,0,0,0,0,0,0,0,0,11,0
290340,2,1,0,0,0,0,0,0,0,0,0,0
290341,1,1,0,0,0,0,0,0,0,0,0,0
290342,0,1,15,15,15,15,15,15,15,15,15,15
290342,1,1,22,25,15,33,34,9,10,16,11,23
290343,1,1,19,19,19,19,19,19,19,19,19,19
290344,1,1,0,0,0,0,0,0,0,0,0,0
290345,1,1,0,0,0,0,0,0,0,0,0,0
290345,2,1,16,18,14,12,10,16,0,5,8,14
290346,1,1,0,0,0,0,0,0,0,0,0,0
290346,2,1,0,0,0,0,0,0,0,0,0,0
290347,1,1,0,0,0,0,0,0,0,0,0,0
290348,1,1,15,15,15,15,15,15,15,15,15,15
290349,0,1,0,21,20,23,0,0,0,0,21,37
290349,1,1,14,14,14,14,14,14,14,14,14,14
290350,1,1,23,23,23,23,23,23,23,23,23,23
290351,1,1,8,8,8,8,8,8,8,8,8,8
290352,1,1,0,0,0,0,0,0,0,0,0,0
290353,1,1,20,20,20,20,20,20,20,20,20,20
290354,1,1,0,0,0,0,0,0,0,0,0,0
290355,1,1,18,18,18,18,18,18,18,18,18,18
290356,1,1,0,0,0,0,0,0,0,0,0,0
290357,1,1,0,0,0,0,0,0,0,0,0,0
290357,2,1,7,7,7,7,7,7,7,7,7,7
290358,1,1,0,0,0,0,0,0,0,0,0,0
290359,1,1,25,25,25,25,25,25,25,25,25,25
290360,1,1,0,0,0,0,0,0,0,0,0,0
290360,2,1,0,0,0,0,0,0,0,0,0,0
290361,1,1,25,25,25,25,25,25,25,25,25,25
290362,1,1,0,0,0,0,0,0,0,0,0,0
290362,2,1,1,1,1,1,1,1,1,1,1,1
290363,1,1,0,0,0,0,0,0,0,0,0,0
290363,2,1,0,0,0,0,0,0,9,0,0,0
290364,1,1,10,10,10,10,10,10,10,10,10,10
290365,1,1,0,0,14,14,0,29,0,15,0,15
290366,1,1,0,0,0,0,0,0,0,0,0,0
290367,1,1,0,0,0,0,0,0,0,0,0,0
290367,2,1,0,0,0,0,0,0,0,0,0,0
290368,1,1,13,13,13,13,13,13,13,13,13,13
290369,1,1,3,3,3,3,3,3,3,3,3,3
290370,1,1,0,0,0,0,0,24,0,0,0,0
290370,2,1,0,0,0,0,0,0,0,0,0,0
290371,1,1,20,20,20,20,20,20,20,20,20,20
290373,1,1,0,0,0,0,0,0,0,0,0,0
290374,0,1,0,0,0,0,0,0,0,0,0,0
290374,0,2,0,0,0,0,0,0,0,0,0,0
290374,1,1,8,8,8,8,8,8,8,8,8,8
290375,1,1,0,0,0,0,0,0,0,0,0,0
290376,1,1,0,0,0,0,0,0,0,0,0,0
290376,2,1,0,0,0,0,0,0,0,13,0,0
290377,1,1,19,19,19,19,19,19,19,19,19,19
290378,1,1,0,0,0,0,0,0,0,0,0,0
290379,1,1,11,11,11,11,11,11,11,11,11,11
290380,1,1,0,0,0,0,0,0,0,0,0,0
290380,2,1,0,0,0,0,0,0,0,9,5,0
290381,0,1,10,10,10,10,10,10,10,10,10,10
290381,1,1,0,0,18,32,0,0,0,0,0,0
290382,1,1,4,4,4,4,4,4,4,4,4,4
290383,1,1,34,34,34,34,34,34,34,34,34,34
290384,1,1,0,0,0,0,0,0,0,0,0,0
290384,2,1,0,0,0,0,0,0,0,0,0,0
290385,0,1,0,0,0,0,0,0,0,0,0,0
290385,1,1,0,0,0,0,0,0,0,0,0,0
290386,1,1,0,4,0,0,21,0,0,0,15,0
290387,1,1,18,18,18,18,18,18,18,18,18,18
290388,1,1,0,19,0,4,0,0,0,0,0,0
290388,2,1,0,0,0,0,0,0,0,0,0,0
290389,1,1,23,20,30,19,21,12,13,14,21,15
290390,1,1,0,0,0,0,0,0,0,0,0,0
290390,2,1,0,0,0,0,0,0,0,0,0,0
290391,1,1,0,0,0,0,0,0,0,0,0,0
290391,2,1,0,0,0,0,0,0,0,0,0,0
290392,1,1,0,0,0,15,0,0,0,0,0,0
290393,1,1,20,20,20,20,20,20,20,20,20,20
290394,1,1,0,0,0,0,0,0,0,0,0,0
290394,2,1,2,2,2,2,2,2,2,2,2,2
290395,1,1,0,0,0,0,0,0,0,0,0,0
290396,1,1,24,24,24,24,24,24,24,24,24,24
290397,1,1,0,0,0,0,0,0,0,0,0,0
290397,2,1,0,0,0,0,0,0,0,0,0,16
290398,1,1,4,4,4,4,4,4,4,4,4,4
290399,1,1,0,0,0,0,0,0,0,10,0,0
290400,1,1,0,0,0,0,0,0,0,0,0,0
290400,2,1,0,0,0,0,0,0,0,0,0,0
290401,1,1,0,0,0,0,0,0,28,28,21,14
290402,1,1,0,0,0,0,0,0,0,0,0,0
290403,1,1,24,24,24,24,24,24,24,24,24,24
290404,1,1,0,0,0,0,12,0,0,0,0,0
290405,1,1,0,0,0,0,0,0,0,0,0,0
290406,1,1,0,13,13,14,0,0,0,0,0,0
290407,1,1,0,0,0,0,0,0,0,0,0,0
290408,1,1,0,0,0,0,0,0,0,0,0,0
290408,2,1,0,0,0,0,0,0,0,0,0,0
290409,1,1,21,21,21,21,21,21,21,21,21,21
290410,1,1,0,0,0,0,0,0,0,0,0,0
290411,1,1,0,0,0,0,0,0,0,0,0,0
290412,1,1,15,15,15,15,15,15,15,15,15,15
290413,1,1,0,0,0,0,0,40,0,8,7,33
290414,1,1,0,4,0,0,0,0,0,5,0,0
290414,2,1,0,0,0,0,0,0,0,0,0,0