ST_CASE,VEH_NO,PER_NO,P1,P2,P3,P4,P5,P6,P7,P8,P9,P10
290415,1,1,0,0,0,0,0,0,0,0,0,0
290416,1,1,14,14,14,14,14,14,14,14,14,14
290416,2,1,0,0,16,0,29,0,0,0,0,0
290417,1,1,15,15,15,15,15,15,15,15,15,15
290418,1,1,17,17,17,17,17,17,17,17,17,17
290419,1,1,13,13,13,13,13,13,13,13,13,13
290420,1,1,0,0,0,0,0,0,0,15,0,0
290420,2,1,0,16,0,0,0,0,0,0,0,18
290421,1,1,0,0,0,0,0,0,0,0,0,0
290421,2,1,0,0,0,0,0,0,0,0,0,0
290422,1,1,17,17,17,17,17,17,17,17,17,17
290423,1,1,0,0,0,0,0,0,0,0,0,0
290424,1,1,0,0,0,0,0,0,0,0,0,0
290424,2,1,0,0,0,0,0,0,0,0,0,0
290424,3,1,0,0,0,0,0,0,0,0,0,0
290425,1,1,15,15,15,15,15,15,15,15,15,15
290426,1,1,9,9,9,9,9,9,9,9,9,9
290427,1,1,15,15,15,15,15,15,15,15,15,15
290427,2,1,0,0,0,0,0,0,24,0,0,13
290428,0,1,0,0,0,0,0,0,0,0,0,0
290428,1,1,0,0,0,0,0,0,19,0,0,0
290428,2,1,0,0,0,0,0,0,0,0,0,0
290429,1,1,26,26,26,26,26,26,26,26,26,26
290429,2,1,0,0,0,0,0,0,0,0,0,0
290430,1,1,6,6,6,6,6,6,6,6,6,6
290430,2,1,18,18,18,18,18,18,18,18,18,18
290431,1,1,20,20,20,20,20,20,20,20,20,20
290431,2,1,0,0,0,0,0,0,0,0,0,0
290432,1,1,0,0,0,0,0,0,0,0,0,0
290433,1,1,0,0,0,0,0,0,0,0,0,0
290433,2,1,0,0,0,0,0,0,0,0,0,0
290434,1,1,17,17,17,17,17,17,17,17,17,17
290435,0,1,16,16,16,16,16,16,16,16,16,16
290435,1,1,12,12,12,12,12,12,12,12,12,12
290436,1,1,15,15,15,15,15,15,15,15,15,15
290437,1,1,0,0,0,0,0,0,0,0,0,0
290438,0,1,0,0,0,0,0,0,0,0,0,0
290438,1,1,0,0,0,0,0,0,0,0,0,0
290439,1,1,0,0,0,0,0,0,0,0,0,0
290440,1,1,17,17,17,17,17,17,17,17,17,17
290441,1,1,0,0,0,0,0,0,0,0,0,0
290442,1,1,0,0,0,0,0,0,0,0,0,0
290442,2,1,0,0,0,0,0,0,0,0,0,0
290443,1,1,18,18,18,18,18,18,18,18,18,18
290443,2,1,0,0,0,0,0,0,0,0,0,0
290444,1,1,0,0,0,0,0,0,0,0,0,0
290445,1,1,3,3,3,3,3,3,3,3,3,3
290445,2,1,0,0,0,0,0,0,0,0,0,0
290446,1,1,17,17,6,21,21,10,6,15,14,13
290447,1,1,21,21,21,21,21,21,21,21,21,21
290448,1,1,0,0,0,0,0,0,0,0,0,0
290448,2,1,0,0,0,0,0,0,0,0,0,0
290449,1,1,0,0,0,0,0,0,0,0,0,0
290450,1,1,0,2,0,0,0,0,0,0,0,0
290451,0,1,0,0,13,13,0,0,0,0,0,0
290451,1,1,0,0,0,0,0,0,0,0,0,0
290452,1,1,0,0,0,0,0,0,0,0,0,0
290453,1,1,0,0,0,0,0,0,0,0,0,0
290454,1,1,0,0,0,0,0,0,0,0,0,0
290455,1,1,0,0,0,0,0,0,0,0,0,0
290455,2,1,0,0,0,0,0,0,0,0,0,0
290455,3,1,0,0,0,0,0,0,0,0,0,0
290456,1,1,0,0,0,0,0,0,0,0,0,0
290457,1,1,0,0,0,0,0,0,0,0,0,0
290457,2,1,0,0,0,0,0,0,0,0,0,0
290457,3,1,6,0,14,0,0,0,0,0,0,0
290458,1,1,20,20,20,20,20,20,20,20,20,20
290459,1,1,21,21,21,21,21,21,21,21,21,21
290461,1,1,10,10,10,10,10,10,10,10,10,10
290462,0,1,0,0,0,0,0,0,0,0,0,0
290462,1,1,0,0,0,0,0,0,0,0,0,0
290463,1,1,0,0,0,0,0,0,0,0,0,0
290463,2,1,0,0,0,0,0,0,0,0,0,0
290464,1,1,0,0,0,0,0,0,0,0,0,0
290464,2,1,0,0,0,0,0,0,0,0,0,0
290465,1,1,0,0,0,0,0,0,0,0,0,18
290465,2,1,0,0,0,0,0,0,0,0,0,0
290466,1,1,0,0,0,0,0,0,0,0,0,0
290467,1,1,12,12,12,12,12,12,12,12,12,12
290467,2,1,2,2,2,2,2,2,2,2,2,2
290468,1,1,0,0,0,0,0,0,0,0,0,0
290468,2,1,0,0,0,0,0,0,0,0,0,0
290469,1,1,0,0,0,21,0,0,0,0,0,0
290469,2,1,0,0,0,0,0,0,0,0,0,0
290470,1,1,0,0,0,0,0,0,0,0,0,0
290471,1,1,14,14,14,14,14,14,14,14,14,14
290472,1,1,5,13,0,0,0,0,20,0,6,0
290472,2,1,25,25,25,25,25,25,25,25,25,25
290473,1,1,0,0,0,0,0,0,0,0,0,0
290473,2,1,0,0,0,0,0,0,0,0,0,0
290474,1,1,0,0,0,0,0,0,0,0,0,0
290475,1,1,3,3,3,3,3,3,3,3,3,3
290476,1,1,14,0,0,0,0,0,24,10,0,0
290477,1,1,0,0,0,0,0,0,0,0,0,0
290477,2,1,0,0,0,0,0,0,0,0,0,0
290478,1,1,0,0,0,0,0,0,0,0,0,0
290478,2,1,0,0,0,0,0,0,0,0,0,0
290479,1,1,9,15,15,0,0,0,0,0,0,10
290480,1,1,16,16,16,16,16,16,16,16,16,16
290481,1,1,23,0,19,0,0,0,0,0,0,0
290483,1,1,3,3,3,3,3,3,3,3,3,3
290483,2,1,10,10,10,10,10,10,10,10,10,10
290484,1,1,0,0,0,0,0,0,0,0,0,0
290484,2,1,0,0,0,0,0,0,0,0,0,0
290485,1,1,0,0,0,0,0,0,0,0,0,0
290485,2,1,0,0,0,0,0,0,0,0,0,0
290486,1,1,20,20,20,20,20,20,20,20,20,20
290487,1,1,0,0,0,0,0,0,0,0,0,0
290487,2,1,0,0,0,0,0,0,0,0,0,0
290487,3,1,0,0,0,0,0,0,0,0,0,0
290487,4,1,0,0,0,0,0,0,0,0,0,0
290488,0,1,0,0,0,0,0,0,0,0,0,0
290488,1,1,0,0,0,0,0,0,0,0,0,0
290489,1,1,0,0,0,0,0,0,0,0,0,0
290489,2,1,0,0,0,0,0,0,0,0,0,0
290490,1,1,14,14,14,14,14,14,14,14,14,14
290490,2,1,0,0,0,0,0,0,0,0,0,0
290491,1,1,0,0,0,0,0,0,0,0,0,0
290492,1,1,0,0,0,0,0,0,0,0,0,0
290493,1,1,27,26,0,0,21,0,0,13,0,20
290494,1,1,16,16,16,16,16,16,16,16,16,16
290494,2,1,0,0,0,0,0,0,0,0,0,0
290495,1,1,0,0,0,0,0,0,0,0,0,0
290496,1,1,11,11,11,11,11,11,11,11,11,11
290497,1,1,0,0,0,0,0,0,0,0,0,0
290498,0,1,17,17,17,17,17,17,17,17,17,17
290498,1,1,0,0,0,0,0,0,0,0,0,0
290499,1,1,0,0,0,0,0,0,0,0,0,0
290500,1,1,0,0,0,0,0,0,0,0,0,0
290500,2,1,0,0,0,0,0,0,0,0,0,0
290501,1,1,0,0,0,0,0,0,0,0,0,0
290502,1,1,0,0,0,0,0,18,15,0,0,0
290503,1,1,25,25,25,25,25,25,25,25,25,25
290504,1,1,12,12,12,12,12,12,12,12,12,12
290504,2,1,0,0,0,0,0,0,0,0,0,0
290505,1,1,0,0,0,0,0,0,0,0,2,0
290506,1,1,0,0,0,0,0,0,0,0,0,0
290507,1,1,0,0,0,0,14,0,0,0,3,8
290508,0,1,0,0,0,0,0,0,0,0,0,0
290508,0,2,23,27,0,17,9,18,0,0,21,21
290508,1,1,0,0,0,0,0,0,0,0,0,0
290509,1,1,0,0,0,0,0,0,0,0,0,0
290510,1,1,0,0,0,0,0,0,0,0,0,0
290510,2,1,16,16,16,16,16,16,16,16,16,16
290511,1,1,0,0,0,0,0,0,0,0,0,0
290511,2,1,0,0,0,0,0,0,0,0,0,0
290512,0,1,20,0,0,18,15,18,0,4,0,0
290512,1,1,10,10,10,10,10,10,10,10,10,10
290513,1,1,0,0,0,0,0,0,0,0,0,0
290513,2,1,0,0,0,0,0,0,0,0,0,0
290513,3,1,0,0,0,0,0,0,0,0,0,0
290513,4,1,0,0,0,0,0,0,0,0,0,0
290514,1,1,0,0,0,0,0,0,9,0,0,0
290515,1,1,0,0,0,0,0,0,0,0,0,0
290516,1,1,15,15,15,15,15,15,15,15,15,15
290517,1,1,0,0,0,0,0,0,0,0,0,0
290517,2,1,0,0,0,0,0,0,0,0,0,0
290518,1,1,20,0,0,0,4,22,17,4,0,15
290519,1,1,0,0,0,0,0,0,0,17,0,0
290519,2,1,0,0,0,0,0,0,0,0,0,0
290520,0,1,0,0,0,0,0,0,0,0,0,0
290520,1,1,0,0,0,0,0,0,0,0,0,0
290521,0,1,18,18,18,18,18,18,18,18,18,18
290521,1,1,0,0,0,0,0,0,0,0,0,0
290522,1,1,0,12,23,10,28,0,0,0,21,12
290523,1,1,23,23,23,23,23,23,23,23,23,23
290524,1,1,15,11,19,16,6,24,27,7,8,18
290525,1,1,0,0,0,0,0,0,0,0,0,0
290525,2,1,0,0,0,0,0,0,0,0,0,0
290526,0,1,0,0,0,0,0,0,0,0,0,0
290526,1,1,5,0,0,0,0,17,0,12,0,0
290527,1,1,0,0,0,0,0,0,0,0,0,0
290527,2,1,0,0,0,0,0,0,0,0,0,2
290528,1,1,16,22,15,16,22,27,19,9,16,20
290529,1,1,0,0,0,0,0,0,0,0,0,0
290530,1,1,0,0,0,0,0,0,0,0,0,0
290531,1,1,0,0,0,0,0,0,0,0,0,0
290531,2,1,0,0,0,0,0,0,0,0,0,0
290532,1,1,2,2,2,2,2,2,2,2,2,2
290533,1,1,0,0,0,0,0,0,0,0,0,0
290533,2,1,0,0,0,0,0,0,0,0,0,0
290534,1,1,35,16,22,13,6,24,12,16,0,29
290535,1,1,7,7,7,7,7,7,7,7,7,7
290536,1,1,0,0,0,0,0,0,0,0,0,14
290537,1,1,0,0,0,0,0,0,0,0,0,0
290538,0,1,0,0,0,0,0,0,0,0,0,0
290538,1,1,0,0,0,0,0,0,0,0,0,0
290539,1,1,0,0,0,0,0,0,0,0,0,0
290540,1,1,0,0,0,0,0,0,0,0,0,0
290540,2,1,0,0,0,0,0,0,0,0,0,0
290541,1,1,0,0,0,0,0,0,0,0,0,0
290541,2,1,0,0,0,0,12,0,0,0,0,0
290542,1,1,0,0,0,0,0,0,0,0,0,0
290542,2,1,0,0,0,0,0,0,0,0,0,0
290542,3,1,0,0,0,0,0,0,0,0,0,0
290542,4,1,0,0,0,0,0,0,0,0,0,0
290543,1,1,0,0,0,0,0,0,0,0,0,0
290543,2,1,0,0,0,0,0,0,0,0,0,0
290544,1,1,0,0,0,0,0,0,0,12,0,0
290545,1,1,0,25,0,0,13,0,0,0,0,0
290546,0,1,0,0,0,0,0,0,0,0,0,0
290546,1,1,0,0,0,0,0,0,0,0,0,0
290547,1,1,7,7,7,7,7,7,7,7,7,7
290548,1,1,0,0,0,0,0,0,0,0,0,0
290549,1,1,15,15,15,15,15,15,15,15,15,15
290550,1,1,0,0,0,0,0,0,0,0,0,0
290551,1,1,0,0,0,0,0,0,0,0,0,0
290551,2,1,0,0,0,0,0,0,0,0,0,0
290552,1,1,0,0,0,0,0,0,0,0,0,0
290552,2,1,0,0,0,0,0,0,0,0,7,0
290553,1,1,7,7,7,7,7,7,7,7,7,7
290554,1,1,14,14,14,14,14,14,14,14,14,14
290555,1,1,2,14,6,0,0,0,0,0,21,0
290556,1,1,10,10,10,10,10,10,10,10,10,10
290557,1,1,0,0,0,0,0,0,23,0,0,0
290557,2,1,0,0,0,0,0,0,0,0,0,0
290558,1,1,0,0,0,0,0,0,0,0,0,0
290558,2,1,0,0,0,0,0,0,0,0,0,0
290559,1,1,16,13,19,0,21,18,24,17,7,11
290560,1,1,0,0,0,0,0,0,0,0,0,0
290561,1,1,30,30,30,30,30,30,30,30,30,30
290562,1,1,0,0,0,0,0,0,0,0,0,0
290562,2,1,0,0,0,0,0,0,0,0,0,0
290563,1,1,0,0,0,0,0,0,0,0,0,0
290564,1,1,0,0,6,3,6,0,8,0,0,0
290566,1,1,0,0,0,0,0,0,0,0,0,0
290566,2,1,0,0,0,0,0,0,0,0,0,0
290566,3,1,0,0,0,0,0,0,0,0,0,0
290567,1,1,12,0,0,0,0,0,15,0,0,0
290568,1,2,0,0,28,0,0,0,0,0,0,0
290569,1,1,0,0,0,0,0,0,0,0,0,0
290570,1,1,0,0,0,0,0,0,0,0,0,0
290571,1,1,0,0,0,0,0,0,0,0,0,0
290571,2,1,0,0,0,0,0,0,0,0,0,0
290572,1,1,25,0,0,0,0,26,0,0,0,0
290572,2,1,0,18,0,0,0,0,0,0,0,0
290573,1,1,5,5,5,5,5,5,5,5,5,5
290574,0,1,11,0,0,18,0,26,0,0,38,39
290574,1,1,0,0,0,0,0,0,0,0,0,0
290575,1,1,0,0,0,0,0,0,0,0,0,0
290576,1,1,22,22,22,22,22,22,22,22,22,22
290577,1,1,0,0,12,0,22,0,0,0,0,0
290577,2,1,0,17,0,0,13,13,0,7,0,12
290578,1,1,0,0,0,0,0,0,0,0,0,0
290579,1,1,0,0,0,0,0,0,0,0,0,0
290579,2,1,0,0,0,0,0,0,0,0,0,0
290579,3,1,0,0,0,0,0,0,0,0,0,0
290580,1,1,0,0,0,0,0,0,0,0,0,0
290580,2,1,0,0,0,0,0,0,0,0,0,0
290581,1,1,0,0,0,0,0,0,0,0,0,0
290582,1,1,6,0,0,0,0,0,0,0,0,0
290582,2,1,0,0,0,0,0,0,0,0,0,0
290583,1,1,0,0,0,0,0,0,0,0,0,0
290584,1,1,0,0,0,0,0,0,0,0,0,0
290584,2,1,0,0,0,0,0,0,0,0,0,0
290585,0,1,0,0,0,0,0,0,0,0,0,0
290585,1,1,0,0,0,0,0,0,0,0,0,0
290586,1,1,11,11,11,11,11,11,11,11,11,11
290587,1,1,24,24,24,24,24,24,24,24,24,24
290588,1,1,0,0,0,0,0,0,0,0,0,0
290588,2,1,0,0,0,0,0,0,0,0,0,0
290589,1,1,4,4,4,4,4,4,4,4,4,4
290590,1,1,21,21,21,21,21,21,21,21,21,21
290591,1,1,0,0,0,0,0,0,0,0,0,0
290591,2,1,0,0,0,0,0,0,0,0,0,0
290592,1,1,0,0,0,13,13,21,0,0,0,16
290593,1,1,0,0,0,8,0,4,0,27,26,0
290594,1,1,0,11,0,0,0,0,0,0,0,0
290594,2,1,0,0,0,0,0,0,0,0,12,0
290595,1,1,0,0,0,0,0,0,0,0,0,0
290596,1,1,0,0,0,0,0,0,0,0,0,0
290596,2,1,0,0,0,0,0,0,0,0,0,0
290597,1,1,14,14,14,14,14,14,14,14,14,14
290597,2,1,0,0,0,0,0,0,0,0,0,0
290598,1,1,0,0,0,0,0,0,0,0,0,0
290598,2,1,0,0,0,0,0,0,0,0,0,0
290599,1,1,0,0,0,0,0,0,0,0,0,0
290599,2,1,0,0,0,0,0,0,0,0,0,0
290599,3,1,0,0,0,0,0,0,0,0,0,0
290600,1,1,0,0,0,0,0,0,0,0,0,0
290601,1,1,0,0,0,0,0,0,0,0,0,0
290601,2,1,0,0,0,0,0,0,0,0,0,0
290602,1,1,0,0,0,0,0,0,12,0,16,0
290603,1,1,10,10,10,10,10,10,10,10,10,10
290604,1,1,0,0,0,0,0,0,0,0,0,0
290605,1,1,11,11,11,11,11,11,11,11,11,11
290606,1,1,0,0,0,0,0,0,0,0,0,0
290607,1,1,0,0,0,0,0,0,0,0,0,0
290608,1,1,0,0,0,0,0,0,0,0,0,0
290608,2,1,1,1,1,1,1,1,1,1,1,1
290609,1,1,11,11,11,11,11,11,11,11,11,11
290610,1,1,15,15,15,15,15,15,15,15,15,15
290611,1,1,25,25,25,25,25,25,25,25,25,25
290611,2,1,0,0,0,0,0,0,0,0,0,0
290612,0,1,0,0,0,0,0,0,0,0,0,0
290612,1,1,0,0,0,0,0,0,0,0,0,0
290613,1,1,0,0,0,0,0,0,0,20,0,0
290614,1,1,9,0,0,0,11,0,0,0,0,0
290614,2,1,0,0,0,0,0,0,0,0,0,0
290615,1,1,0,0,0,0,0,0,0,0,0,0
290616,1,1,22,22,22,22,22,22,22,22,22,22
290616,2,1,0,0,0,0,0,0,0,0,0,0
290617,1,1,10,0,0,18,0,0,0,0,0,23
290617,2,1,0,0,0,0,0,0,0,0,0,0
290618,1,1,0,0,0,0,0,0,0,0,0,0
290618,2,1,0,12,0,13,0,5,0,0,0,0
290619,1,1,25,0,0,0,0,0,0,0,0,28
290619,2,1,0,0,0,0,0,0,7,0,0,0
290620,1,1,0,0,0,0,0,0,0,0,0,0
290621,1,1,0,0,0,0,0,0,0,0,0,0
290622,1,1,0,0,0,0,0,0,0,0,0,0
290623,1,1,0,0,0,0,0,0,0,27,0,14
290623,2,1,4,0,0,0,0,0,0,0,0,0
290624,1,1,0,0,0,0,0,0,0,0,0,0
290624,2,1,0,0,0,0,0,0,0,0,0,0
290625,1,1,0,0,0,0,0,0,0,0,0,0
290626,1,1,0,0,0,0,0,0,0,0,0,0
290626,2,1,0,0,0,0,0,0,0,0,0,0
290627,1,1,0,0,0,0,0,0,0,0,0,0
290628,1,1,29,29,29,29,29,29,29,29,29,29
290629,1,1,0,0,0,0,0,0,0,0,0,0
290629,2,1,0,0,0,0,0,0,0,0,0,0
290630,0,1,0,0,0,0,0,0,0,0,0,0
290630,1,1,0,0,0,0,0,0,0,0,0,0
290631,1,1,0,0,0,0,0,0,0,0,0,0
290632,1,1,23,23,23,23,23,23,23,23,23,23
290633,1,1,0,0,0,0,0,0,0,0,0,0
290634,1,1,0,0,0,0,0,0,0,0,0,0
290634,2,1,0,0,0,0,0,0,0,0,0,0
290635,1,1,0,0,0,0,0,0,14,0,0,13
290636,1,1,0,0,0,0,0,0,0,0,0,0
290636,2,1,0,0,0,0,0,0,0,0,0,0
290637,1,1,0,0,0,0,0,0,0,0,0,0
290637,2,1,0,0,0,0,0,0,0,0,0,0
290638,1,1,0,0,0,0,0,0,0,0,0,0
290639,1,1,14,15,30,7,11,11,11,19,21,0
290639,2,1,0,0,0,0,0,0,0,0,0,0
290640,1,1,0,0,0,0,0,0,0,0,0,0
290640,2,1,0,0,0,0,0,0,0,0,0,0
290641,1,1,0,0,0,0,0,0,0,0,0,0
290642,1,1,11,19,0,0,0,0,0,0,0,17
290643,1,1,0,0,0,0,0,0,0,0,0,0
290643,2,1,0,0,0,0,0,0,0,0,0,0
290644,1,1,0,0,0,0,0,0,0,0,0,0
290645,1,1,28,28,28,28,28,28,28,28,28,28
290646,1,1,0,0,0,0,0,0,0,0,0,0
290647,1,1,21,21,21,21,21,21,21,21,21,21
290648,1,1,0,0,0,0,0,0,0,0,0,0
290648,2,1,0,0,0,28,0,0,0,0,0,0
290649,1,1,0,0,0,0,0,0,0,0,0,0
290649,2,1,0,0,0,0,0,0,0,0,0,0
290650,1,1,0,0,0,0,0,0,0,0,0,0
290650,2,1,0,0,0,0,0,0,0,0,0,0
290651,0,1,0,0,0,0,0,0,0,0,0,0
290651,1,1,15,15,15,15,15,15,15,15,15,15
290652,1,1,0,0,0,0,0,0,0,0,0,0
290652,2,1,25,25,25,25,25,25,25,25,25,25
290653,1,1,0,0,9,0,6,0,0,0,0,18
290653,2,1,0,0,0,0,0,0,0,0,0,0
290653,3,1,0,0,0,0,0,0,0,0,0,0
290654,1,1,21,0,0,19,0,0,0,0,43,0
290654,2,1,0,0,0,0,0,0,0,0,0,0
290655,1,1,0,0,0,0,0,0,0,0,0,0
290655,2,1,0,0,0,0,0,0,0,0,0,0
290656,0,1,0,0,0,0,0,0,0,0,0,0
290656,1,1,0,0,0,0,0,0,0,0,0,0
290657,1,1,3,3,3,3,3,3,3,3,3,3
290657,2,1,0,0,0,0,0,0,0,0,0,0
290658,1,1,0,0,0,0,0,0,0,0,0,0
290658,2,1,0,0,0,0,0,0,0,0,0,0
290658,3,1,0,0,0,0,0,0,0,0,0,0
290659,1,1,10,10,10,10,10,10,10,10,10,10
290660,1,1,0,0,0,0,0,0,0,0,0,0
290660,2,1,0,0,0,0,0,0,0,0,0,0
290661,1,1,0,0,0,0,0,0,0,0,0,0
290662,1,1,15,15,15,15,15,15,15,15,15,15
290663,1,1,0,0,0,0,0,0,0,0,0,0
290664,1,1,20,20,20,20,20,20,20,20,20,20
290665,1,1,0,0,0,0,0,0,0,10,0,0
290665,2,1,7,7,7,7,7,7,7,7,7,7
290666,1,1,25,25,25,25,25,25,25,25,25,25
290667,1,1,0,0,0,0,0,0,0,0,0,0
290668,2,1,22,22,22,22,22,22,22,22,22,22
290669,1,1,0,0,0,0,0,37,0,0,0,0
290669,2,1,0,0,0,0,0,0,0,0,0,0
290670,1,1,24,24,24,24,24,24,24,24,24,24
290671,1,1,28,28,28,28,28,28,28,28,28,28
290672,1,1,11,11,11,11,11,11,11,11,11,11
290673,2,1,0,0,0,0,0,0,0,0,0,0
290674,1,1,0,0,0,0,0,0,0,0,0,0
290674,2,1,0,0,0,0,0,0,0,0,0,0
290675,1,1,0,0,0,0,0,0,0,0,0,0
290675,2,1,0,0,0,0,0,0,0,0,0,0
290675,3,1,0,0,0,0,0,0,0,0,0,0
290676,1,1,0,0,0,0,0,0,0,0,0,0
290677,1,1,16,23,14,12,11,0,26,0,0,0
290678,0,1,0,0,0,0,0,0,0,0,0,0
290678,1,1,0,0,0,0,0,0,0,0,0,0
290679,1,1,18,18,18,18,18,18,18,18,18,18
290680,1,1,0,0,0,0,0,0,0,0,0,0
290681,1,1,37,37,37,37,37,37,37,37,37,37
290682,1,1,0,0,0,0,0,0,0,0,0,0
290683,1,1,15,15,15,15,15,15,15,15,15,15
290684,0,1,39,39,39,39,39,39,39,39,39,39
290684,1,1,0,0,0,0,0,0,0,0,0,0
290685,1,1,0,0,0,0,0,0,0,0,0,0
290685,2,1,0,0,0,0,0,0,0,0,0,0
290686,1,1,0,0,9,0,0,2,0,27,35,0
290687,1,1,0,0,0,0,0,0,0,0,0,0
290687,2,1,0,0,0,0,0,0,0,0,0,0
290688,1,1,0,0,0,0,0,38,0,0,16,0
290688,2,1,0,0,0,0,0,0,0,0,0,0
290689,1,1,0,0,0,0,0,0,0,0,0,0
290690,1,1,0,0,0,0,0,0,0,0,0,0
290690,2,1,0,0,0,0,0,0,0,0,0,0
290691,0,1,0,0,0,0,0,0,0,0,0,0
290691,1,1,0,0,0,46,0,0,0,0,0,0
290692,1,1,0,0,17,13,17,0,9,11,6,17
290693,1,1,0,0,0,0,0,0,0,0,0,0
290693,2,1,0,0,0,0,0,0,0,0,0,0
290694,1,1,0,0,0,0,0,0,0,0,0,0
290695,1,1,23,23,23,23,23,23,23,23,23,23
290696,1,1,0,0,0,0,0,0,0,0,0,0
290696,2,1,37,0,0,0,14,0,0,0,0,0
290697,1,1,20,20,20,20,20,20,20,20,20,20
290698,1,1,22,22,22,22,22,22,22,22,22,22
290699,1,1,0,0,0,0,0,0,0,0,0,0
290699,2,1,0,0,0,0,0,0,0,0,0,0
290700,1,1,0,0,21,0,17,28,0,18,0,0
290700,2,1,0,0,0,0,0,0,0,0,0,0
290701,1,1,0,19,18,20,0,28,18,3,10,15
290702,1,1,18,18,18,18,18,18,18,18,18,18
290703,1,1,0,0,0,0,0,0,0,0,0,0
290703,2,1,0,0,0,0,0,0,0,0,0,0
290703,3,1,0,0,0,0,0,0,0,0,0,0
290704,0,1,10,0,0,22,10,0,7,0,0,7
290704,0,2,0,0,0,0,0,0,0,0,0,0
290704,1,1,0,0,0,0,0,0,0,0,0,0
290705,0,1,0,0,0,0,0,0,0,0,0,0
290705,1,1,0,0,0,0,0,0,0,0,0,0
290706,1,1,0,0,0,14,0,0,0,0,0,0
290706,2,1,0,0,0,0,0,0,0,0,0,0
290707,0,1,0,0,0,0,0,0,0,0,0,0
290707,1,1,0,0,0,0,0,0,0,0,0,0
290708,0,1,11,11,11,11,11,11,11,11,11,11
290708,1,1,0,0,0,0,0,0,0,0,0,0
290709,1,1,13,0,22,0,13,10,7,19,0,0
290710,1,4,28,0,0,0,8,4,7,0,21,0
290712,1,1,0,0,0,0,0,0,0,0,0,0
290714,1,1,0,0,0,0,0,0,0,0,0,0
290715,1,1,29,29,29,29,29,29,29,29,29,29
290715,2,1,0,14,0,0,0,0,0,0,0,0
290716,1,1,23,23,23,23,23,23,23,23,23,23
290716,2,1,0,0,0,0,0,0,0,0,0,0
290717,1,1,16,0,0,0,0,0,4,0,0,17
290717,2,1,0,6,0,0,5,10,0,0,0,0
290718,1,1,0,0,0,0,0,0,0,0,0,0
290719,1,1,21,21,21,21,21,21,21,21,21,21
290720,1,1,0,0,0,0,0,0,0,0,0,0
290720,2,1,0,0,0,9,20,0,19,29,0,24
290721,0,1,21,21,21,21,21,21,21,21,21,21
290721,1,1,0,0,0,0,0,0,0,0,0,0
290722,1,1,24,24,24,24,24,24,24,24,24,24
290722,2,1,0,0,0,0,0,0,0,0,0,0
290722,3,1,0,0,0,10,0,0,0,0,0,0
290722,4,1,0,0,10,12,0,0,0,0,6,5
290723,1,1,0,0,0,0,0,0,0,0,0,0
290723,2,1,0,21,0,0,0,20,0,0,0,0
290724,1,1,0,0,0,0,0,59,0,0,0,0
290724,2,1,0,0,0,0,0,0,0,0,0,0
290725,1,1,0,0,0,14,0,25,0,0,0,0
290725,2,1,12,0,11,0,0,7,0,0,0,0
290725,3,1,0,0,0,0,0,0,0,0,0,0
290725,4,1,0,0,0,0,0,0,0,0,0,0
290726,1,1,0,0,0,10,0,0,0,0,0,0
290726,2,1,0,0,0,14,0,0,0,0,0,0
290727,1,1,0,0,0,0,0,0,0,0,0,0
300001,1,1,0,0,0,0,0,0,0,0,0,0
300002,1,1,28,28,28,28,28,28,28,28,28,28
300002,2,1,0,0,0,0,0,20,0,0,0,0
300002,3,1,0,0,0,0,0,0,0,0,0,0
300003,1,1,6,6,6,6,6,6,6,6,6,6
300003,2,1,0,0,0,0,0,0,0,0,0,0
300004,1,1,0,0,0,0,0,0,0,0,0,0
300004,2,1,0,0,0,0,0,0,0,0,0,0
300005,1,1,6,6,6,6,6,6,6,6,6,6
300005,2,1,0,0,0,0,0,0,0,0,0,0
300006,1,1,0,0,0,0,0,0,0,8,0,0
300006,2,1,0,0,0,0,0,0,0,0,0,0
300007,1,1,0,0,0,0,0,0,0,0,0,0
300008,1,1,0,0,0,0,0,0,0,0,0,0
300009,1,1,6,6,6,6,6,6,6,6,6,6
300010,1,1,11,11,11,11,11,11,11,11,11,11
300010,2,1,11,11,11,11,11,11,11,11,11,11
300011,1,1,0,0,0,0,0,0,0,0,0,0
300011,2,1,0,0,0,0,0,0,0,0,0,0
300012,1,1,0,0,0,0,0,0,0,0,0,0
300012,2,1,0,0,0,0,0,0,0,0,0,0
300013,1,1,0,0,0,0,0,0,0,0,0,0
300013,2,1,0,0,0,0,0,0,0,0,0,0
300014,1,1,0,0,0,0,0,0,0,0,0,0
300014,2,1,0,0,0,0,0,0,0,0,0,0
300015,1,1,0,0,0,0,0,0,0,0,0,0
300016,0,1,0,0,18,23,20,6,12,13,17,18
300016,1,1,0,0,0,0,0,11,0,0,0,0
300017,1,1,0,0,0,0,0,0,0,0,0,0
300018,1,1,0,0,0,0,0,0,0,0,0,0
300019,1,1,0,0,0,0,0,0,0,0,0,0
300020,1,1,0,0,0,0,0,0,0,0,0,0