ST_CASE,VEH_NO,PER_NO,P1,P2,P3,P4,P5,P6,P7,P8,P9,P10
300020,2,1,0,0,0,0,0,0,0,0,0,0
300020,3,1,0,0,0,0,0,0,0,0,0,0
300021,1,1,28,28,28,28,28,28,28,28,28,28
300021,2,1,0,0,0,0,0,0,0,0,0,0
300022,1,1,8,8,8,8,8,8,8,8,8,8
300022,2,1,0,0,0,0,0,0,0,0,0,0
300023,1,1,0,0,0,0,0,0,0,0,0,0
300023,2,1,0,0,0,0,0,0,0,0,0,0
300024,1,1,18,18,18,18,18,18,18,18,18,18
300025,1,1,15,31,6,18,41,12,23,24,11,24
300026,1,1,23,23,23,23,23,23,23,23,23,23
300027,1,1,0,0,0,0,0,0,0,0,0,0
300028,1,1,27,27,27,27,27,27,27,27,27,27
300029,1,1,18,15,9,9,16,14,13,16,15,10
300030,1,1,23,23,23,23,23,23,23,23,23,23
300031,1,1,0,0,0,0,0,0,0,0,0,0
300031,2,1,0,0,0,0,0,0,0,0,0,0
300032,1,1,0,0,0,0,0,0,0,0,0,0
300033,1,1,26,26,26,26,26,26,26,26,26,26
300034,1,1,18,18,18,18,18,18,18,18,18,18
300035,1,1,24,24,24,24,24,24,24,24,24,24
300036,1,1,19,19,19,19,19,19,19,19,19,19
300037,1,1,20,20,20,20,20,20,20,20,20,20
300038,1,1,0,0,0,0,0,0,0,0,0,0
300039,1,1,22,22,22,22,22,22,22,22,22,22
300040,1,1,0,0,0,0,0,0,0,0,0,0
300040,2,1,0,0,0,0,0,0,0,0,0,0
300041,1,1,0,0,0,0,0,0,0,0,0,0
300042,1,1,31,31,31,31,31,31,31,31,31,31
300043,1,1,31,31,31,31,31,31,31,31,31,31
300043,2,1,0,0,0,0,0,0,0,3,0,0
300044,1,1,0,0,0,0,0,0,0,0,0,0
300044,2,1,0,0,0,0,0,0,0,0,0,0
300045,1,1,17,17,17,17,17,17,17,17,17,17
300045,2,1,0,0,0,0,0,0,0,0,0,0
300046,1,1,0,0,0,0,0,0,0,0,0,0
300047,1,1,0,0,0,0,0,0,0,0,0,0
300048,1,1,0,0,0,0,0,0,0,0,0,0
300049,1,1,22,22,22,22,22,22,22,22,22,22
300049,2,1,0,0,0,0,0,0,0,0,0,0
300050,1,1,0,0,0,0,0,0,0,0,0,0
300050,2,1,0,0,11,0,0,0,0,0,0,0
300051,1,1,0,0,0,0,0,0,0,0,0,0
300052,1,1,0,0,0,0,0,0,0,0,0,0
300053,1,1,0,0,0,0,0,0,0,0,0,0
300054,1,1,0,0,0,0,0,0,0,0,0,0
300054,2,1,0,0,0,0,0,0,0,0,0,0
300054,3,1,0,0,0,0,0,0,0,0,0,0
300055,1,1,0,0,0,0,0,0,0,0,0,0
300055,2,1,0,0,0,0,0,0,0,0,0,0
300056,1,1,0,0,0,0,0,0,0,0,0,0
300056,2,1,0,0,0,0,0,0,0,0,0,0
300057,1,1,0,0,0,0,0,0,0,0,0,0
300057,2,1,0,0,0,0,0,0,0,0,0,0
300058,1,1,0,0,0,0,0,0,0,0,0,0
300058,2,1,0,0,0,0,0,0,0,0,0,0
300059,1,1,15,15,15,15,15,15,15,15,15,15
300060,1,1,0,0,0,0,0,0,0,0,0,0
300061,1,1,16,16,16,16,16,16,16,16,16,16
300062,1,1,0,0,0,0,0,0,0,0,0,0
300063,1,1,23,23,23,23,23,23,23,23,23,23
300064,1,1,25,25,25,25,25,25,25,25,25,25
300065,1,1,0,0,0,0,0,0,0,0,0,0
300065,2,1,0,0,0,0,0,0,0,0,0,0
300066,1,1,0,0,0,0,0,0,0,0,0,0
300067,1,1,0,0,0,0,0,0,0,0,0,0
300067,2,1,17,17,17,17,17,17,17,17,17,17
300068,0,1,4,4,4,4,4,4,4,4,4,4
300068,1,1,0,0,0,0,0,0,0,0,0,0
300069,1,1,28,28,28,28,28,28,28,28,28,28
300070,1,1,0,0,0,0,0,0,0,0,0,0
300071,1,1,0,0,0,0,0,0,0,0,0,0
300072,1,1,0,0,0,0,0,0,0,0,0,0
300073,1,1,0,0,0,0,0,0,0,0,0,0
300074,1,1,4,4,4,4,4,4,4,4,4,4
300075,1,1,0,0,0,0,0,0,0,0,0,0
300076,1,1,15,15,15,15,15,15,15,15,15,15
300077,1,1,0,0,0,0,0,0,0,0,0,0
300077,2,1,0,0,0,0,0,0,0,0,0,0
300078,1,1,10,10,10,10,10,10,10,10,10,10
300078,2,1,0,0,0,0,0,0,0,0,0,0
300078,3,1,0,0,0,0,0,0,0,0,0,0
300079,1,1,0,0,0,0,0,0,0,0,0,0
300079,2,1,0,0,0,0,0,0,0,0,0,0
300079,3,1,0,0,0,0,11,0,0,0,0,0
300080,1,1,0,0,0,0,0,0,0,0,0,0
300081,1,1,0,0,0,0,0,0,0,0,0,0
300081,2,1,0,0,0,0,0,0,0,0,0,0
300081,3,1,0,0,0,0,0,0,0,0,0,0
300082,1,1,0,0,0,0,0,0,0,0,0,0
300082,2,1,0,0,0,0,0,0,0,0,0,0
300083,1,1,0,0,0,0,0,0,0,0,0,0
300084,1,1,0,0,0,0,0,0,0,0,0,0
300085,1,1,13,13,13,13,13,13,13,13,13,13
300085,2,1,0,0,0,0,0,0,0,0,0,0
300086,1,1,0,19,10,22,27,15,24,9,13,21
300087,1,1,0,0,0,0,0,0,0,0,0,0
300087,2,1,0,0,0,0,0,0,0,0,0,0
300088,1,1,12,6,15,13,21,9,19,12,15,17
300088,2,1,0,0,0,0,0,0,0,0,0,0
300089,1,1,0,32,0,0,0,0,0,0,0,0
300090,1,1,0,0,0,0,0,0,0,0,0,0
300091,1,1,0,0,0,0,0,0,0,0,0,0
300091,2,1,0,0,0,0,0,0,0,0,0,0
300092,1,1,18,18,18,18,18,18,18,18,18,18
300093,1,1,0,0,0,0,0,0,0,0,0,0
300094,1,1,27,27,27,27,27,27,27,27,27,27
300095,1,1,2,0,26,13,10,18,0,14,15,6
300096,1,1,16,16,16,16,16,16,16,16,16,16
300096,2,1,0,0,0,0,0,0,0,0,0,0
300097,1,1,20,20,20,20,20,20,20,20,20,20
300098,1,1,0,0,0,0,0,0,0,0,0,0
300099,1,1,21,21,21,21,21,21,21,21,21,21
300099,2,1,0,0,0,0,0,0,0,0,0,0
300099,3,1,0,0,0,0,0,0,0,0,0,0
300100,1,1,0,0,0,0,0,0,0,0,0,0
300100,2,1,0,0,0,0,0,0,0,0,0,0
300101,1,1,0,0,0,0,0,0,0,0,0,0
300102,1,1,23,23,23,23,23,23,23,23,23,23
300103,1,1,29,29,29,29,29,29,29,29,29,29
300104,1,1,0,0,0,0,0,0,0,0,0,0
300105,0,1,0,0,0,0,0,0,0,0,0,0
300106,1,1,37,37,37,37,37,37,37,37,37,37
300107,1,1,0,0,0,0,0,0,0,0,0,0
300107,2,1,3,3,3,3,3,3,3,3,3,3
300108,1,1,0,0,0,0,0,0,0,0,0,0
300108,2,1,0,0,0,0,0,0,0,0,0,0
300108,3,1,0,0,0,0,0,0,0,0,0,0
300109,1,1,13,13,13,13,13,13,13,13,13,13
300110,1,1,0,0,0,0,0,0,0,0,0,0
300110,2,1,0,0,0,0,0,0,0,0,0,0
300110,3,1,0,0,0,0,0,0,0,0,0,0
300111,1,1,17,17,17,17,17,17,17,17,17,17
300112,1,1,0,0,0,0,0,0,0,0,0,0
300112,2,1,0,0,0,0,0,0,0,0,0,0
300113,1,1,0,0,0,0,0,0,0,0,0,0
300113,2,1,0,0,0,0,0,0,0,0,0,0
300114,1,1,16,16,16,16,16,16,16,16,16,16
300114,2,1,0,0,0,0,0,0,0,0,0,0
300115,1,1,14,14,14,14,14,14,14,14,14,14
300115,2,1,0,0,0,0,0,0,0,0,0,0
300116,1,1,0,0,0,28,0,0,0,15,0,0
300117,1,1,19,19,19,19,19,19,19,19,19,19
300117,2,1,0,0,0,0,0,0,0,0,2,3
300118,1,1,20,20,20,20,20,20,20,20,20,20
300119,1,1,4,4,4,4,4,4,4,4,4,4
300120,1,1,20,20,20,20,20,20,20,20,20,20
300121,1,1,0,0,0,0,0,0,0,0,0,0
300121,2,1,0,0,0,0,0,0,0,0,0,0
300121,3,1,0,0,0,0,0,0,0,0,0,0
300122,1,1,0,0,0,0,0,0,0,0,0,0
300122,2,1,0,0,0,0,0,0,0,0,0,0
300123,1,1,0,0,0,0,0,0,0,0,0,0
300123,2,1,0,0,0,0,0,0,0,0,0,0
300124,0,1,29,29,29,29,29,29,29,29,29,29
300124,1,1,0,0,0,8,20,0,0,0,0,0
300125,1,1,0,0,0,0,0,0,0,0,0,0
300126,1,1,9,9,9,9,9,9,9,9,9,9
300127,0,1,0,0,0,30,11,9,18,0,0,0
300127,0,2,9,0,0,0,0,0,18,0,0,0
300127,0,3,0,0,0,0,15,0,0,0,7,21
300127,0,4,0,13,0,0,0,0,0,0,32,0
300127,0,5,31,0,0,0,0,23,0,17,0,0
300127,1,1,10,10,10,10,10,10,10,10,10,10
300128,1,1,0,0,0,0,0,0,0,0,0,0
300129,1,1,0,0,0,0,0,0,0,0,0,0
300130,1,1,37,37,37,37,37,37,37,37,37,37
300131,1,1,0,0,0,0,0,0,0,0,0,0
300131,2,1,0,0,0,0,0,0,0,0,0,0
300132,0,1,0,0,0,0,0,0,0,0,0,0
300132,1,1,0,0,9,0,0,0,0,0,0,0
300133,1,1,0,0,0,0,0,0,0,0,0,0
300134,1,1,9,9,9,9,9,9,9,9,9,9
300135,1,1,0,0,0,0,0,0,0,0,0,0
300135,2,1,0,0,0,0,0,0,0,0,0,0
300136,1,1,8,8,8,8,8,8,8,8,8,8
300137,1,1,35,35,35,35,35,35,35,35,35,35
300138,1,1,0,0,0,0,0,0,0,0,31,14
300138,2,1,0,0,0,0,0,0,0,0,0,0
300139,1,1,0,0,0,0,0,0,0,0,0,0
300139,2,1,0,0,0,0,0,0,0,0,0,0
300140,1,1,0,0,0,0,0,0,0,0,0,0
300141,1,1,0,0,0,0,0,0,0,0,0,0
300142,1,1,21,21,21,21,21,21,21,21,21,21
300143,1,1,0,0,0,0,0,0,0,0,0,0
300143,2,1,0,0,0,0,0,0,0,0,0,0
300144,1,1,0,0,0,0,0,0,0,0,0,0
300145,0,1,0,0,0,0,0,0,0,0,0,0
300145,1,1,0,0,0,0,0,0,0,0,0,0
300146,1,2,0,0,0,26,19,18,0,25,34,5
300147,1,1,0,0,0,6,4,0,0,0,13,3
300148,1,1,16,16,16,16,16,16,16,16,16,16
300148,2,1,0,0,0,0,0,0,0,0,0,0
300149,1,1,10,10,10,10,10,10,10,10,10,10
300150,1,1,21,21,21,21,21,21,21,21,21,21
300151,1,1,0,0,0,0,0,0,0,0,0,0
300152,1,1,0,0,0,0,0,0,0,0,0,0
300152,2,1,0,0,0,0,0,0,0,0,0,0
300153,0,1,0,0,0,0,0,0,0,0,0,0
300153,1,1,0,0,0,0,0,0,0,0,0,0
300154,1,1,15,15,15,15,15,15,15,15,15,15
300155,1,1,0,0,0,0,0,0,0,0,0,0
300156,1,1,14,14,14,14,14,14,14,14,14,14
300157,1,1,0,0,0,0,0,0,0,0,0,0
300157,2,1,0,0,0,0,0,0,0,0,0,0
300158,1,1,0,0,0,0,0,0,0,0,0,0
300158,2,1,0,0,0,0,0,0,0,0,0,0
300159,1,1,0,0,0,0,0,0,0,0,0,0
300160,1,1,0,0,0,0,0,0,0,0,0,0
300160,2,1,0,0,0,0,0,0,0,0,0,0
300161,1,1,20,20,20,20,20,20,20,20,20,20
300162,1,1,0,0,0,0,0,0,0,0,0,0
300163,1,1,0,18,0,0,0,0,9,0,0,0
300164,1,1,0,0,0,0,0,0,0,0,0,0
300165,1,1,13,13,13,13,13,13,13,13,13,13
300165,2,1,0,0,0,0,0,0,0,0,0,0
300166,1,1,0,0,0,0,0,0,0,0,0,0
300167,1,1,0,0,0,0,0,0,0,0,0,0
300168,0,1,0,0,0,0,0,0,0,0,0,5
300168,1,1,0,0,0,0,0,0,0,0,0,0
300169,1,1,14,14,14,14,14,14,14,14,14,14
300170,0,1,25,25,25,25,25,25,25,25,25,25
300170,1,1,0,0,0,0,0,0,0,0,0,0
300171,1,1,29,29,29,29,29,29,29,29,29,29
300172,1,1,14,14,14,14,14,14,14,14,14,14
300173,1,1,23,23,23,23,23,23,23,23,23,23
300174,0,1,0,0,0,0,0,0,0,0,0,0
300174,1,1,0,0,0,0,0,0,0,0,0,0
300175,1,1,0,0,0,0,0,0,0,0,0,0
300175,2,1,0,0,0,0,0,0,0,0,0,0
300176,1,1,0,0,0,0,0,0,0,0,0,0
300177,0,1,0,0,0,0,0,0,0,0,0,0
300177,0,2,0,0,0,0,0,0,0,0,11,0
300177,1,1,0,0,0,0,0,0,0,0,0,0
300178,1,1,23,23,23,23,23,23,23,23,23,23
300179,1,1,29,29,29,29,29,29,29,29,29,29
300180,1,1,0,0,0,0,0,0,0,0,0,0
300181,1,1,36,36,36,36,36,36,36,36,36,36
300182,1,1,17,17,17,17,17,17,17,17,17,17
300183,1,1,21,21,21,21,21,21,21,21,21,21
300184,1,1,19,19,19,19,19,19,19,19,19,19
300184,2,1,0,0,0,0,0,0,0,0,0,0
300185,1,1,18,18,18,18,18,18,18,18,18,18
300185,2,1,0,0,0,0,0,0,0,0,0,0
300186,0,1,22,22,22,22,22,22,22,22,22,22
300186,1,1,0,0,0,0,0,0,0,0,0,0
300187,0,1,0,0,0,0,0,0,0,0,0,0
300187,1,1,0,0,0,0,0,0,0,0,0,0
310001,1,1,14,14,14,14,14,14,14,14,14,14
310002,1,1,0,0,0,0,0,0,0,0,0,0
310003,1,1,0,0,0,0,0,0,0,0,0,0
310003,2,1,0,0,0,0,0,0,0,0,0,0
310003,3,1,0,0,0,0,0,0,0,0,0,0
310004,1,1,0,22,0,13,0,0,0,0,4,0
310005,1,1,0,0,0,0,0,0,0,0,0,0
310006,1,1,0,0,0,0,0,0,0,0,0,0
310006,2,1,0,0,0,0,0,0,0,0,0,0
310007,1,1,0,0,0,0,0,0,0,0,0,0
310008,1,1,18,18,18,18,18,18,18,18,18,18
310009,1,1,0,0,0,0,0,0,0,0,0,0
310010,1,1,0,0,0,0,0,0,0,0,0,0
310010,2,1,0,0,0,0,0,0,0,0,0,0
310011,1,1,0,0,0,0,0,0,0,0,0,0
310012,1,1,0,0,0,0,0,0,0,0,0,0
310013,1,1,0,0,0,0,0,0,0,0,5,0
310013,2,1,0,0,0,0,0,0,0,0,0,0
310014,1,1,22,22,22,22,22,22,22,22,22,22
310015,1,1,0,0,0,0,0,0,0,0,0,0
310015,2,1,0,0,0,0,0,0,0,0,0,0
310016,1,1,0,0,0,0,0,0,0,0,0,0
310016,2,1,0,0,0,0,0,0,0,0,0,0
310017,1,1,0,0,0,0,0,0,0,0,0,0
310018,1,1,0,0,0,0,0,0,0,0,0,0
310018,2,1,0,0,0,0,0,0,0,0,0,0
310019,1,1,24,24,24,24,24,24,24,24,24,24
310020,1,1,0,0,0,0,0,0,0,0,0,0
310020,2,1,0,0,0,0,0,0,0,0,0,0
310021,1,1,0,0,0,0,0,0,0,0,0,0
310022,1,1,0,0,0,0,0,0,0,0,0,0
310022,2,1,0,0,0,0,0,0,0,0,0,0
310023,1,1,0,0,0,0,0,0,0,0,0,0
310023,2,1,0,0,0,0,0,0,0,0,0,0
310024,1,1,0,0,0,0,0,0,0,0,0,0
310024,2,1,0,0,0,0,0,0,0,0,0,0
310025,1,1,29,29,29,29,29,29,29,29,29,29
310026,1,1,0,0,0,0,0,0,0,0,0,0
310026,2,1,0,0,0,0,0,0,0,14,0,0
310027,1,1,0,0,0,0,0,0,0,0,0,0
310027,2,1,0,0,0,0,0,0,0,0,0,0
310028,1,1,0,0,0,0,0,0,0,0,0,0
310028,2,1,0,0,0,0,0,0,0,0,0,0
310029,1,1,24,24,24,24,24,24,24,24,24,24
310030,1,1,0,0,0,0,0,0,0,0,0,0
310030,2,1,0,0,0,0,0,0,0,0,0,0
310031,1,1,0,0,0,0,0,0,0,0,0,0
310031,2,1,0,0,0,0,0,0,0,0,0,0
310032,1,1,0,0,0,0,0,0,0,0,0,0
310032,2,1,0,0,0,0,0,0,0,0,0,0
310033,1,1,34,34,34,34,34,34,34,34,34,34
310034,1,1,0,0,0,0,0,0,0,0,0,0
310034,2,1,0,0,0,0,0,0,0,0,0,0
310035,1,1,0,0,0,0,0,0,0,0,0,0
310035,2,1,0,0,0,0,0,0,0,0,0,0
310036,1,1,0,0,0,0,0,0,0,0,0,0
310037,1,1,20,20,20,20,20,20,20,20,20,20
310038,1,1,18,18,18,18,18,18,18,18,18,18
310039,1,1,0,0,0,0,0,0,0,0,0,0
310040,1,1,0,0,0,0,0,0,0,0,0,0
310041,1,1,0,0,0,0,0,0,0,0,0,0
310042,1,1,0,0,0,0,0,0,0,0,0,0
310042,2,1,0,0,0,0,0,0,0,0,0,0
310043,0,1,21,31,0,0,0,0,33,29,0,0
310043,1,1,0,0,0,0,0,0,0,0,0,0
310044,1,1,0,0,0,0,0,0,0,0,0,0
310044,2,1,0,0,0,0,0,0,0,0,0,0
310045,1,1,0,0,0,0,0,0,0,0,0,0
310045,2,1,0,0,0,0,0,0,0,0,0,0
310045,3,1,0,0,0,0,0,0,0,0,0,0
310046,1,1,0,0,0,0,0,0,0,0,0,0
310046,2,1,0,0,0,0,0,0,0,0,0,0
310047,1,1,0,0,0,0,0,0,0,0,0,0
310047,2,1,0,0,0,0,0,0,0,0,0,0
310048,1,1,0,0,0,0,0,0,0,0,0,0
310048,2,1,0,0,0,0,0,0,0,0,0,0
310049,1,1,0,0,0,0,0,0,0,0,0,0
310049,2,1,0,0,0,0,0,0,0,0,0,0
310050,1,1,0,0,0,0,0,0,0,0,0,0
310051,1,1,19,19,19,19,19,19,19,19,19,19
310052,0,1,30,30,30,30,30,30,30,30,30,30
310052,1,1,0,0,0,0,0,0,0,0,0,0
310053,1,1,5,8,4,11,3,21,5,22,11,9
310054,1,1,22,22,22,22,22,22,22,22,22,22
310055,1,1,0,0,0,0,0,0,0,0,0,0
310055,2,1,0,0,0,0,0,0,0,0,0,0
310056,0,1,27,27,27,27,27,27,27,27,27,27
310056,1,1,0,0,0,0,0,0,0,0,0,0
310057,1,1,0,0,0,0,0,0,0,0,0,0
310057,2,1,0,0,0,0,0,0,0,0,0,0
310058,1,1,0,0,0,0,0,0,0,0,0,0
310058,2,1,0,0,0,0,0,0,0,0,0,0
310059,1,1,20,20,20,20,20,20,20,20,20,20
310060,1,1,14,14,14,14,14,14,14,14,14,14
310061,1,1,0,0,0,0,0,0,0,0,0,0
310061,2,1,0,0,0,0,0,0,0,0,0,0
310062,1,1,0,0,0,0,0,0,0,0,0,0
310062,2,1,0,0,0,0,0,0,0,0,0,0
310063,1,1,0,0,0,0,0,0,0,14,0,20
310064,1,1,0,0,0,0,0,0,0,0,0,0
310064,2,1,0,0,0,0,0,0,0,0,0,0
310065,1,1,1,1,1,1,1,1,1,1,1,1
310066,0,1,0,0,0,0,0,0,0,0,0,0
310066,0,2,0,0,12,0,0,0,0,0,0,0
310066,1,1,18,18,18,18,18,18,18,18,18,18
310067,1,1,13,13,13,13,13,13,13,13,13,13
310068,1,1,14,14,14,14,14,14,14,14,14,14
310069,1,1,0,0,0,0,0,0,0,0,0,0
310069,2,1,0,0,0,0,0,0,0,0,0,0
310070,1,1,0,0,0,0,0,0,0,0,0,0
310070,2,1,0,0,0,0,0,0,0,0,0,0
310071,1,1,0,0,0,0,0,0,0,0,0,0
310071,2,1,0,0,0,0,0,0,0,0,0,0
310072,1,1,0,0,0,0,0,0,0,0,0,0
310072,2,1,0,0,0,0,0,0,0,0,0,0
310073,1,1,14,14,14,14,14,14,14,14,14,14
310074,1,1,0,0,0,0,0,0,0,0,0,0
310075,1,1,18,18,18,18,18,18,18,18,18,18
310076,1,1,0,0,0,0,0,0,0,0,0,0
310076,2,1,0,0,0,0,0,0,0,0,0,0
310076,3,1,0,0,0,0,0,0,0,0,0,0
310077,1,1,0,0,0,0,0,0,0,0,0,0
310077,2,1,0,0,0,0,0,0,0,0,0,0
310077,3,1,0,0,0,0,0,0,0,0,0,0
310078,1,1,16,16,16,16,16,16,16,16,16,16
310079,1,1,0,0,0,0,0,0,0,0,0,0
310079,2,1,0,0,0,0,0,0,0,0,0,0
310080,1,1,22,22,22,22,22,22,22,22,22,22
310081,1,1,3,3,3,3,3,3,3,3,3,3
310082,1,1,0,0,0,0,0,0,0,0,0,0
310083,1,1,0,0,0,0,0,0,0,0,0,0
310083,2,1,0,0,0,0,0,0,0,16,5,0
310084,1,1,0,0,0,0,0,0,0,0,0,0
310084,2,1,0,0,0,0,0,0,0,0,0,0
310085,1,1,8,8,8,8,8,8,8,8,8,8
310085,2,1,0,0,0,0,0,0,0,0,0,0
310086,1,1,0,0,0,0,0,0,0,0,0,0
310087,1,1,0,0,0,0,0,0,0,0,0,0
310088,1,1,0,0,0,0,0,0,0,0,0,0
310088,2,1,0,0,0,0,0,0,0,0,0,0
310089,1,1,0,0,0,0,0,0,0,0,0,0
310090,1,1,0,0,0,0,0,0,0,0,0,0
310090,2,1,0,0,0,0,0,0,0,0,0,0
310091,1,1,0,0,0,0,0,0,0,0,0,0
310091,2,1,0,0,0,0,0,0,0,0,0,0
310092,1,1,0,0,0,0,0,0,0,0,0,0
310092,2,1,0,0,0,0,0,0,0,0,0,0
310093,1,1,0,0,0,0,0,0,0,0,0,0
310093,2,1,0,0,0,0,0,0,0,0,0,0
310093,3,1,0,0,0,0,0,0,0,0,0,0
310094,1,1,0,0,0,0,0,0,0,0,0,0
310094,2,1,0,0,0,0,0,0,0,0,0,0
310095,1,1,0,0,0,0,0,0,0,0,0,0
310096,1,1,24,24,24,24,24,24,24,24,24,24
310096,2,1,0,0,0,0,0,0,0,0,0,0
310097,1,1,0,0,0,0,0,0,0,0,0,0
310097,2,1,0,0,0,0,0,0,0,0,0,0
310098,1,1,0,0,0,0,0,0,0,0,0,0
310098,2,1,0,0,0,0,0,0,0,0,0,0
310099,1,1,0,0,0,0,0,0,0,0,0,0
310100,1,1,32,32,32,32,32,32,32,32,32,32
310101,1,1,0,0,0,0,0,0,0,0,0,0
310101,2,1,0,0,0,0,0,0,0,0,0,0
310102,1,1,1,1,1,1,1,1,1,1,1,1
310102,2,1,0,0,0,0,0,0,0,0,0,0
310103,1,1,0,0,8,0,0,0,0,0,12,0
310104,1,1,0,0,0,0,0,0,0,0,0,0
310104,2,1,0,0,0,0,0,0,0,0,0,0
310104,3,1,0,0,0,0,0,0,0,0,0,0
310105,1,1,0,0,0,0,0,0,0,0,0,0
310105,2,1,0,0,0,0,0,0,0,0,0,0
310106,1,1,0,0,0,0,0,0,0,0,0,0
310106,2,1,0,0,0,0,0,0,0,0,0,0
310107,0,1,0,0,0,0,0,0,0,0,0,0
310107,1,1,0,0,0,0,0,0,0,0,0,0
310108,1,1,0,0,0,0,0,0,0,0,0,0
310108,2,1,0,0,0,0,0,0,0,0,0,0
310109,1,1,15,15,15,15,15,15,15,15,15,15
310109,2,1,15,0,0,0,0,0,0,0,0,0
310109,3,1,0,0,0,0,0,0,0,0,0,0
310110,1,1,0,15,0,0,0,7,0,0,5,0
310111,1,1,27,27,27,27,27,27,27,27,27,27
310112,1,1,30,30,30,30,30,30,30,30,30,30
310113,1,1,0,0,0,0,0,0,0,0,0,0
310114,1,1,0,0,0,0,0,0,0,0,0,0
310114,2,1,0,0,0,0,0,0,0,0,0,0
310115,1,1,0,0,0,0,0,0,0,0,0,0
310115,2,1,19,19,19,19,19,19,19,19,19,19
310116,1,1,0,0,0,0,0,0,0,0,0,0
310116,2,1,0,0,0,0,9,0,0,0,0,0
310117,0,1,0,0,0,0,0,0,0,0,0,0
310117,1,1,7,7,7,7,7,7,7,7,7,7
310118,1,1,0,0,0,0,0,0,0,0,0,0
310118,2,1,0,0,0,0,0,0,0,0,0,0
310119,1,1,16,16,16,16,16,16,16,16,16,16
310120,1,1,15,15,15,15,15,15,15,15,15,15
310121,1,1,0,0,0,0,0,0,0,0,0,0
310121,2,1,0,0,0,0,0,0,0,0,0,0
310122,1,1,0,0,0,0,0,0,0,0,0,0
310122,2,1,0,0,0,0,0,0,0,0,0,0
310123,1,1,0,0,0,0,0,0,0,0,0,0
310123,2,1,0,0,0,0,0,0,0,0,0,0
310124,1,1,12,12,12,12,12,12,12,12,12,12
310124,2,1,0,0,0,0,0,0,0,0,0,0
310125,1,1,0,0,0,0,0,0,0,0,0,0
310126,1,1,20,20,20,20,20,20,20,20,20,20
310127,1,1,18,18,18,18,18,18,18,18,18,18
310128,1,1,0,0,0,0,0,0,0,0,0,0
310128,2,1,0,0,0,0,0,0,0,0,0,0
310129,1,1,0,0,0,0,0,0,0,0,0,0
310129,2,1,0,0,0,0,0,0,0,0,0,0
310130,0,1,0,0,0,0,0,0,0,0,0,0
310130,1,1,0,0,0,0,0,0,0,0,0,0
310131,1,1,23,23,23,23,23,23,23,23,23,23
310132,1,1,0,0,0,0,0,0,0,0,0,0
310132,2,1,0,0,0,0,0,0,0,0,0,0
310133,1,1,17,17,17,17,17,17,17,17,17,17
310134,1,1,0,0,0,0,0,0,0,0,0,0
310135,0,1,9,9,9,9,9,9,9,9,9,9
310135,1,1,15,15,15,15,15,15,15,15,15,15
310136,1,1,0,0,0,0,0,0,0,0,0,0
310136,2,1,0,0,0,0,0,0,0,0,0,0
310137,1,1,0,0,0,0,0,0,0,0,0,0
310137,2,1,0,0,0,0,0,0,0,0,0,0
310138,1,1,1,1,1,1,1,1,1,1,1,1
310138,2,1,0,0,0,0,0,0,0,0,0,0
310139,1,1,0,0,0,0,0,0,0,0,0,0
310139,2,1,0,0,0,0,0,0,0,0,0,0
310140,1,1,0,0,0,0,0,0,0,0,0,0
310141,1,1,0,0,0,0,0,0,0,0,0,0
310142,1,1,20,20,20,20,20,20,20,20,20,20
310143,1,1,0,0,0,0,0,0,0,0,0,0
310143,2,1,0,0,0,0,0,0,0,0,0,0
310143,3,1,0,0,0,0,0,0,0,0,0,0
310144,1,1,0,0,0,0,0,0,0,0,0,0
310145,1,1,17,17,17,17,17,17,17,17,17,17
310146,1,1,0,0,0,0,0,0,0,0,0,0
310146,2,1,0,0,0,0,0,0,0,0,0,0
310147,1,1,0,25,28,0,0,0,0,0,0,0
310148,1,1,0,0,0,0,0,0,0,0,0,0
310149,1,1,0,0,0,0,0,0,0,0,0,0
310149,2,1,30,30,30,30,30,30,30,30,30,30
310150,1,1,1,1,1,1,1,1,1,1,1,1
310151,1,1,0,0,0,0,0,0,0,0,0,0
310152,1,1,0,0,0,0,0,0,0,0,0,0
310152,2,1,0,0,0,0,0,0,0,0,0,0
310153,0,1,30,30,30,30,30,30,30,30,30,30
310153,1,1,0,0,0,0,0,0,0,0,0,0
310154,1,1,0,0,0,0,0,0,0,0,0,0
310154,2,1,0,0,0,0,0,0,0,0,0,0
310155,1,1,0,0,0,0,0,0,0,0,0,0
310155,2,1,0,0,0,0,0,0,0,0,0,0
310155,3,1,0,0,0,0,0,0,0,0,0,0
310156,1,1,0,0,0,0,0,0,0,0,0,0
310156,2,1,0,0,0,0,0,0,0,0,0,0
310157,1,1,8,8,8,8,8,8,8,8,8,8
310158,1,1,1,1,1,1,1,1,1,1,1,1
310158,2,1,0,0,0,0,0,0,0,0,0,0
310159,1,1,0,0,0,0,0,0,0,0,0,0
310159,2,1,0,0,0,0,0,0,0,0,0,0