ST_CASE,VEH_NO,PER_NO,P1,P2,P3,P4,P5,P6,P7,P8,P9,P10
310160,1,1,0,0,0,0,0,0,0,0,0,0
310161,1,1,22,0,0,0,0,0,0,0,0,0
310161,2,1,0,0,0,0,0,0,0,0,0,0
310162,1,1,13,13,13,13,13,13,13,13,13,13
310163,1,1,25,25,25,25,25,25,25,25,25,25
310164,1,1,0,0,0,0,0,0,0,0,0,0
310164,2,1,0,0,0,0,0,0,0,0,0,0
320001,0,1,0,0,0,0,0,0,0,0,0,0
320001,1,1,0,0,0,0,0,0,0,0,0,0
320002,1,1,0,0,0,0,0,0,0,0,0,0
320003,1,1,0,0,0,0,0,0,0,0,0,0
320004,1,1,9,9,9,9,9,9,9,9,9,9
320005,1,1,0,5,0,0,0,0,0,0,0,5
320005,2,1,0,0,0,0,0,7,0,0,0,0
320005,3,1,0,0,0,0,0,0,0,0,0,0
320006,1,1,0,0,0,0,0,0,0,0,0,0
320007,1,1,0,0,0,0,0,0,0,0,0,0
320008,1,1,0,0,0,0,0,0,0,0,0,0
320009,0,1,0,0,0,0,0,0,0,0,0,0
320009,1,1,0,0,0,0,0,0,0,0,0,0
320010,0,1,24,24,24,24,24,24,24,24,24,24
320010,1,1,0,0,0,0,0,0,0,0,0,0
320011,1,1,0,0,0,0,0,0,0,0,0,0
320012,0,1,0,0,0,0,0,0,0,0,0,23
320012,1,1,0,0,0,0,0,0,0,0,0,0
320013,1,1,0,0,0,0,0,0,0,0,0,0
320013,2,1,0,0,0,0,0,0,0,0,0,0
320013,3,1,0,0,0,0,0,0,0,0,0,0
320013,4,1,0,0,0,0,0,0,0,0,0,0
320014,1,1,0,0,0,0,0,0,0,0,0,0
320014,2,1,0,0,0,0,0,0,0,0,0,0
320015,1,1,2,2,2,2,2,2,2,2,2,2
320015,2,1,0,0,0,0,0,0,0,0,0,0
320016,1,1,0,0,0,0,0,0,0,0,0,0
320017,0,1,0,0,0,0,0,0,0,0,0,0
320017,1,1,0,0,0,0,0,0,0,0,0,0
320018,1,1,1,1,1,1,1,1,1,1,1,1
320018,2,1,0,0,0,0,0,0,0,0,0,0
320019,1,1,0,0,0,0,0,0,0,0,0,0
320019,2,1,19,0,29,0,0,0,0,0,0,0
320020,1,1,0,0,0,0,0,0,0,0,0,0
320021,1,1,0,0,0,0,0,0,0,0,0,0
320022,1,1,0,0,0,0,0,0,0,0,0,0
320022,2,1,0,0,0,0,0,0,0,0,0,0
320023,1,1,24,10,0,0,0,18,0,0,0,0
320024,1,1,18,18,18,18,18,18,18,18,18,18
320025,1,1,9,9,9,9,9,9,9,9,9,9
320026,1,1,0,0,0,0,0,0,0,0,0,0
320027,1,1,6,6,6,6,6,6,6,6,6,6
320027,2,1,0,0,0,0,0,0,0,0,0,0
320028,0,1,0,0,24,0,0,0,0,0,0,0
320028,1,1,29,29,29,29,29,29,29,29,29,29
320029,1,1,0,0,0,0,0,0,0,0,0,0
320029,2,1,0,0,0,0,0,0,0,0,0,0
320030,1,1,5,5,5,5,5,5,5,5,5,5
320030,2,1,0,0,0,0,0,0,0,0,0,0
320031,1,1,0,0,0,0,0,0,0,0,0,0
320031,2,1,0,0,0,0,0,0,0,0,0,0
320032,1,1,8,8,8,8,8,8,8,8,8,8
320033,1,1,21,21,21,21,21,21,21,21,21,21
320034,0,1,0,0,0,0,0,0,0,6,0,27
320034,1,1,0,0,0,0,0,0,0,0,0,0
320035,1,1,0,0,0,0,0,0,0,0,0,0
320035,2,1,0,0,0,0,0,0,0,0,0,0
320035,3,1,0,0,0,0,0,0,0,0,0,0
320036,1,1,6,6,6,6,6,6,6,6,6,6
320037,1,1,24,24,24,24,24,24,24,24,24,24
320037,2,1,0,0,0,12,12,0,0,0,0,0
320038,1,1,0,0,0,0,0,0,0,0,0,0
320038,2,1,0,0,0,0,0,0,0,0,0,0
320039,1,1,24,20,9,0,23,20,0,11,11,8
320040,1,1,21,21,21,21,21,21,21,21,21,21
320040,2,1,0,0,0,0,0,0,0,0,0,0
320041,1,1,3,3,3,3,3,3,3,3,3,3
320042,1,1,0,0,0,0,0,0,0,0,0,0
320042,2,1,0,0,0,0,0,0,0,0,0,0
320043,1,1,12,12,12,12,12,12,12,12,12,12
320044,0,1,0,0,0,0,0,0,0,0,0,0
320044,1,1,0,0,0,0,0,0,0,0,0,0
320045,1,1,22,22,22,22,22,22,22,22,22,22
320046,1,1,24,24,24,24,24,24,24,24,24,24
320047,0,1,29,20,10,11,21,21,27,16,21,15
320047,1,1,0,0,0,0,0,0,0,0,0,0
320048,1,1,23,23,23,23,23,23,23,23,23,23
320048,2,1,0,0,0,0,0,0,0,0,0,0
320048,3,1,0,0,0,0,0,0,0,0,0,0
320048,4,1,0,0,0,0,0,0,0,0,0,0
320049,1,1,7,7,7,7,7,7,7,7,7,7
320050,1,1,16,16,16,16,16,16,16,16,16,16
320050,2,1,0,0,0,0,0,0,0,0,0,0
320051,1,1,30,30,30,30,30,30,30,30,30,30
320052,1,1,0,0,0,0,0,0,0,0,0,0
320053,1,1,14,14,14,14,14,14,14,14,14,14
320054,1,1,9,9,9,9,9,9,9,9,9,9
320054,2,1,0,0,0,0,0,0,0,0,0,0
320055,1,1,1,1,1,1,1,1,1,1,1,1
320055,2,1,0,0,0,0,0,0,0,0,0,0
320055,3,1,0,0,0,0,0,0,0,0,0,0
320056,1,1,0,0,0,0,0,0,0,0,0,0
320056,2,1,0,0,0,0,0,0,0,0,0,0
320057,1,1,0,0,0,0,0,0,0,0,0,0
320058,1,1,0,0,0,0,0,0,0,0,0,0
320058,2,1,0,0,0,0,0,0,0,0,0,0
320059,1,1,0,0,0,0,0,0,0,0,0,0
320059,2,1,0,0,0,0,0,0,0,0,0,0
320060,1,1,0,0,0,0,17,0,0,0,0,0
320060,2,1,0,0,0,0,0,0,0,0,0,0
320061,1,1,0,0,0,0,0,0,0,0,0,0
320061,2,1,9,0,0,0,0,0,0,0,0,0
320061,3,1,0,0,0,0,0,0,0,0,0,0
320062,1,1,15,15,15,15,15,15,15,15,15,15
320063,1,1,18,18,18,18,18,18,18,18,18,18
320064,1,1,11,11,11,11,11,11,11,11,11,11
320065,0,1,0,0,0,0,0,0,0,0,0,0
320065,1,1,9,9,9,9,9,9,9,9,9,9
320066,1,1,25,25,25,25,25,25,25,25,25,25
320067,1,1,0,0,0,0,0,0,0,0,0,0
320068,1,1,0,0,0,0,0,0,0,0,0,0
320069,1,1,0,0,0,0,0,0,0,0,0,0
320069,2,1,0,0,0,0,0,0,0,0,0,0
320070,1,1,0,0,0,0,0,0,0,0,0,0
320070,2,1,0,0,0,0,0,0,0,0,0,0
320071,1,1,21,21,21,21,21,21,21,21,21,21
320071,2,1,0,0,0,0,0,0,0,0,0,21
320071,3,1,0,0,0,0,0,0,0,0,0,0
320072,1,1,17,17,17,17,17,17,17,17,17,17
320072,2,1,0,0,0,0,0,0,0,0,0,0
320073,0,1,0,0,0,0,0,0,0,0,0,0
320073,1,1,0,0,0,0,0,0,0,0,0,0
320073,2,1,0,0,0,0,0,0,0,0,0,0
320073,3,1,0,0,0,0,0,0,0,0,0,0
320074,0,1,0,0,0,0,0,0,0,0,0,0
320074,1,1,0,0,0,0,0,0,0,0,0,0
320075,0,1,26,26,26,26,26,26,26,26,26,26
320075,1,1,0,0,0,0,0,0,0,0,0,0
320076,1,1,0,0,0,0,0,0,0,0,0,0
320076,2,1,0,0,0,0,0,0,0,0,0,0
320077,1,1,0,0,0,0,0,0,0,0,0,0
320078,1,1,0,0,0,0,0,0,0,0,0,0
320078,2,1,0,9,0,0,0,0,0,0,0,0
320079,1,1,0,0,0,0,0,0,0,0,0,0
320080,1,1,0,0,0,0,0,0,0,0,0,0
320081,1,1,1,1,1,1,1,1,1,1,1,1
320081,2,1,0,0,0,0,0,0,0,0,0,0
320082,1,1,0,0,0,0,0,0,0,0,0,0
320083,0,1,13,13,13,13,13,13,13,13,13,13
320083,1,1,0,0,0,0,0,0,0,0,0,0
320084,1,1,0,0,0,0,0,0,0,0,0,0
320085,1,1,12,12,12,12,12,12,12,12,12,12
320086,1,1,17,17,17,17,17,17,17,17,17,17
320087,1,1,0,0,0,0,0,0,0,0,0,0
320087,2,1,0,0,0,5,0,0,0,0,0,0
320088,1,1,17,17,17,17,17,17,17,17,17,17
320089,1,1,0,0,0,0,0,0,0,0,0,0
320089,2,1,0,0,0,0,0,0,0,0,0,0
320090,1,1,11,11,11,11,11,11,11,11,11,11
320091,1,1,0,0,0,0,0,0,0,0,0,0
320092,1,1,0,0,0,0,0,0,0,0,0,0
320092,2,1,0,0,0,0,0,0,0,0,0,0
320093,1,1,0,0,0,0,0,0,0,0,0,0
320093,2,1,0,0,0,0,0,0,0,0,0,0
320094,1,1,28,28,28,28,28,28,28,28,28,28
320095,1,1,1,1,1,1,1,1,1,1,1,1
320096,1,1,12,12,12,12,12,12,12,12,12,12
320097,1,1,0,0,0,0,0,0,0,0,0,0
320097,2,1,0,0,0,0,0,0,0,0,0,0
320098,0,1,0,0,0,0,0,0,0,0,0,0
320098,1,1,18,18,18,18,18,18,18,18,18,18
320099,1,1,0,0,0,0,0,0,0,0,0,0
320100,1,1,0,0,10,0,0,0,0,0,0,0
320101,0,1,0,0,0,0,0,0,0,0,0,0
320101,1,1,0,0,0,0,0,0,0,0,0,0
320102,1,1,0,0,0,0,0,0,0,0,0,0
320103,0,1,13,13,13,13,13,13,13,13,13,13
320103,1,1,0,0,0,0,0,0,0,0,0,0
320104,1,1,0,0,0,0,0,0,0,0,0,0
320105,1,1,0,0,0,0,0,0,0,0,0,0
320105,2,1,0,0,0,0,15,0,0,0,0,0
320106,1,1,0,0,0,0,0,0,0,0,0,0
320106,2,1,0,0,0,0,0,0,0,0,0,0
320106,3,1,0,0,0,0,0,0,0,0,0,0
320106,4,1,0,0,0,0,0,0,0,0,0,0
320106,5,1,0,0,0,0,0,6,0,0,0,0
320107,1,1,22,21,8,13,12,0,21,20,24,15
320108,1,1,26,26,26,26,26,26,26,26,26,26
320109,1,1,0,0,0,0,0,0,0,0,0,0
320109,2,1,0,0,0,0,0,0,0,0,0,0
320110,1,1,0,0,0,0,0,0,0,0,0,0
320110,2,1,0,0,0,0,0,0,0,0,0,0
320111,0,1,0,0,0,0,27,0,0,0,0,0
320111,1,1,0,0,0,0,0,0,0,0,0,0
320112,1,1,0,0,0,0,0,0,0,0,0,0
320112,2,1,2,2,2,2,2,2,2,2,2,2
320113,1,1,11,11,11,11,11,11,11,11,11,11
320114,0,1,0,0,0,0,0,0,0,0,0,0
320114,1,1,0,0,0,0,0,0,0,0,0,0
320115,1,1,0,0,0,0,0,0,0,0,0,0
320116,1,1,0,0,0,0,0,0,0,0,0,0
320117,1,1,1,1,1,1,1,1,1,1,1,1
320118,1,1,0,0,0,0,0,0,0,0,0,0
320118,2,1,0,0,0,0,0,0,0,0,0,0
320119,1,1,0,0,0,0,0,0,0,0,0,0
320119,2,1,7,32,31,0,14,0,15,0,20,8
320120,1,1,0,0,0,0,0,0,0,0,0,0
320120,2,1,0,0,0,0,0,0,0,0,0,0
320120,3,1,0,0,0,0,0,0,0,0,0,0
320121,1,1,23,23,23,23,23,23,23,23,23,23
320122,1,1,0,0,0,0,0,0,0,0,0,0
320122,2,1,0,0,0,0,0,0,0,0,0,0
320123,1,1,0,0,0,0,0,0,0,0,0,0
320124,1,1,0,0,0,0,22,0,0,0,14,0
320125,0,1,11,0,0,6,10,0,10,13,0,17
320125,0,2,21,21,21,21,21,21,21,21,21,21
320125,1,1,21,21,21,21,21,21,21,21,21,21
320126,1,1,8,8,8,8,8,8,8,8,8,8
320126,2,1,0,0,0,0,0,0,0,0,0,0
320126,3,1,0,0,0,0,0,0,0,0,0,0
320127,1,1,0,0,0,0,0,0,0,0,0,0
320127,2,1,0,0,0,0,0,0,0,0,0,0
320127,3,1,0,0,0,0,0,0,0,0,0,0
320128,1,1,0,0,0,0,0,0,0,0,0,0
320128,2,1,0,0,0,0,18,0,0,0,0,0
320129,1,1,19,19,19,19,19,19,19,19,19,19
320130,0,1,0,0,0,0,0,0,0,0,0,0
320130,1,1,9,9,9,9,9,9,9,9,9,9
320131,0,1,2,2,2,2,2,2,2,2,2,2
320131,1,1,1,1,1,1,1,1,1,1,1,1
320132,1,1,0,0,0,0,0,0,0,0,0,0
320133,0,1,0,19,0,0,0,0,0,0,0,0
320133,1,1,0,0,0,0,0,0,0,0,0,0
320134,1,1,11,15,0,0,0,17,0,17,0,11
320134,2,1,0,0,0,0,0,0,0,0,0,0
320135,1,1,6,18,17,20,4,6,15,21,18,25
320136,1,1,0,0,0,0,0,0,0,0,0,0
320136,2,1,0,0,0,0,0,0,0,0,0,0
320137,1,1,13,13,13,13,13,13,13,13,13,13
320137,2,1,0,0,0,0,0,0,0,0,0,0
320138,1,1,1,1,1,1,1,1,1,1,1,1
320138,2,1,0,0,0,0,0,0,0,0,0,0
320139,0,1,1,1,1,1,1,1,1,1,1,1
320139,1,1,15,15,15,15,15,15,15,15,15,15
320140,0,1,22,0,0,0,0,0,12,0,0,0
320140,1,1,0,0,0,0,0,0,0,0,0,0
320141,1,1,0,15,0,15,0,0,0,0,0,0
320141,2,1,9,0,12,12,0,24,0,23,19,19
320142,1,1,0,0,0,0,0,0,0,0,0,0
320142,2,1,0,0,0,0,0,0,0,0,0,0
320143,0,1,0,0,0,0,0,0,0,0,0,0
320143,1,1,21,0,0,0,0,0,0,0,0,0
320144,1,1,0,0,0,0,0,0,0,0,0,0
320144,2,1,0,0,0,0,0,0,0,0,0,0
320145,1,1,0,0,0,0,0,0,0,0,0,0
320145,2,1,0,0,0,0,0,0,0,0,0,0
320146,0,1,24,24,24,24,24,24,24,24,24,24
320146,1,1,0,0,0,0,0,0,0,0,0,0
320147,1,1,0,0,0,0,0,0,0,0,0,0
320147,2,1,0,0,0,26,0,0,0,0,0,0
320148,0,1,18,18,18,18,18,18,18,18,18,18
320148,1,1,0,0,0,0,0,0,0,0,0,0
320149,1,1,0,0,0,0,0,0,0,0,0,0
320150,1,1,0,0,0,0,0,0,0,0,0,0
320150,2,1,0,0,0,0,0,0,0,0,0,0
320151,1,1,22,22,22,22,22,22,22,22,22,22
320151,2,1,0,0,0,0,0,0,0,0,0,0
320152,0,1,0,0,0,0,0,0,0,0,0,0
320152,1,1,0,0,0,0,0,0,0,0,3,0
320153,1,1,0,0,0,9,10,0,3,0,17,0
320154,0,1,18,18,18,18,18,18,18,18,18,18
320154,1,1,0,0,0,0,0,0,0,12,0,0
320154,2,1,0,0,0,33,0,0,0,0,0,0
320155,0,1,1,1,1,1,1,1,1,1,1,1
320155,1,1,0,0,0,0,0,0,0,0,0,0
320156,1,1,0,0,0,0,0,0,0,0,0,0
320157,1,1,0,0,0,0,0,0,0,0,0,0
320158,1,1,0,0,0,0,0,0,0,0,0,0
320158,2,1,0,0,0,0,0,0,0,0,0,0
320159,1,1,21,21,21,21,21,21,21,21,21,21
320160,1,1,28,28,28,28,28,28,28,28,28,28
320160,2,1,0,0,0,0,0,0,0,0,0,0
320161,1,1,19,19,19,19,19,19,19,19,19,19
320161,2,1,0,0,0,0,0,0,0,0,0,0
320162,1,1,0,0,0,0,0,0,0,0,0,0
320164,0,1,23,23,23,23,23,23,23,23,23,23
320164,1,1,0,0,0,8,0,0,0,0,0,14
320165,1,1,0,0,0,0,0,0,0,0,0,0
320166,0,1,23,23,23,23,23,23,23,23,23,23
320166,1,1,0,0,0,0,0,0,0,0,0,0
320167,1,1,0,0,0,0,0,0,0,0,0,0
320167,2,1,0,0,0,0,0,0,0,0,0,0
320168,1,1,0,0,0,0,0,0,0,0,0,0
320168,2,1,0,0,0,0,0,0,0,0,0,0
320169,1,1,0,0,0,0,0,0,0,0,0,0
320169,2,1,0,0,0,0,0,0,0,0,0,0
320169,3,1,0,0,0,0,0,0,0,0,0,0
320170,1,1,14,14,14,14,14,14,14,14,14,14
320171,1,1,25,25,25,25,25,25,25,25,25,25
320172,1,1,0,0,0,0,0,0,0,0,0,0
320173,1,1,24,24,24,24,24,24,24,24,24,24
320173,2,1,0,0,0,0,0,15,0,0,0,0
320173,3,1,0,0,0,0,0,0,0,0,0,0
320174,1,1,19,19,19,19,19,19,19,19,19,19
320174,2,1,0,0,0,0,0,0,0,0,0,0
320175,0,1,2,2,2,2,2,2,2,2,2,2
320175,1,1,0,0,0,0,0,0,0,0,0,0
320176,0,1,0,0,0,0,0,0,0,0,0,0
320176,1,1,0,0,19,0,0,0,0,0,0,0
320177,1,1,26,26,26,26,26,26,26,26,26,26
320178,1,1,0,0,18,13,5,0,0,23,0,0
320179,1,1,0,0,0,0,0,0,0,0,0,0
320179,2,1,0,0,0,0,0,0,0,0,0,0
320180,1,1,0,0,0,0,0,0,0,0,0,0
320180,2,1,0,0,0,0,0,0,0,0,0,0
320181,0,1,0,0,0,0,0,0,0,0,0,0
320181,0,2,0,0,0,0,0,0,0,0,0,0
320181,0,3,0,0,0,0,0,0,0,0,0,0
320181,1,1,0,0,0,0,0,0,0,0,0,0
320182,1,1,0,0,0,0,0,0,0,0,0,0
320183,0,1,18,18,18,18,18,18,18,18,18,18
320183,1,1,0,0,0,0,0,0,0,0,0,0
320183,2,1,0,0,0,0,0,0,0,0,0,0
320184,0,1,21,21,21,21,21,21,21,21,21,21
320184,1,1,8,8,8,8,8,8,8,8,8,8
320185,0,1,0,0,0,0,0,0,0,0,0,0
320185,1,1,11,11,11,11,11,11,11,11,11,11
320186,1,1,0,0,0,0,0,0,0,0,0,0
320186,2,1,5,5,5,5,5,5,5,5,5,5
320187,0,1,0,0,0,0,0,0,0,0,0,0
320187,1,1,0,0,0,0,0,0,0,0,0,0
320188,1,1,0,0,0,0,0,0,0,0,0,0
320188,2,1,0,0,0,0,0,0,0,0,0,0
320189,0,1,0,0,0,0,0,0,0,0,0,0
320189,1,1,0,0,0,12,0,0,0,0,0,0
320190,0,1,0,0,0,0,0,0,16,0,25,0
320190,1,1,6,6,6,6,6,6,6,6,6,6
320191,0,1,11,11,11,11,11,11,11,11,11,11
320191,1,1,0,0,0,0,0,0,0,0,0,0
320192,1,1,6,6,6,6,6,6,6,6,6,6
320193,1,1,0,0,0,0,0,0,0,0,0,0
320194,1,1,15,0,30,0,0,0,0,0,0,0
320194,2,1,0,0,0,0,0,0,0,0,0,0
320195,1,1,13,13,13,13,13,13,13,13,13,13
320195,2,1,0,0,0,0,0,0,0,0,0,0
320196,1,1,8,8,8,8,8,8,8,8,8,8
320197,1,1,0,0,0,0,0,0,0,0,0,0
320197,2,1,13,0,0,0,0,0,0,0,0,0
320198,1,1,11,0,0,0,0,0,24,7,0,0
320198,2,1,0,0,0,0,0,0,0,0,0,0
320198,3,1,0,0,0,0,0,0,0,0,0,0
320198,4,1,0,0,0,0,0,0,0,0,0,0
320199,1,1,14,14,14,14,14,14,14,14,14,14
320200,1,1,0,0,0,10,0,0,22,0,7,10
320201,1,1,9,9,9,9,9,9,9,9,9,9
320202,1,1,16,0,0,24,0,0,0,11,0,5
320203,1,1,0,0,0,0,0,0,0,0,0,0
320204,1,1,0,0,0,0,0,0,0,0,0,0
320204,2,1,0,0,0,0,0,0,0,0,0,0
320205,1,1,0,0,0,0,0,0,0,0,0,0
320205,2,1,0,0,0,0,0,0,0,0,0,0
320206,1,1,15,15,15,15,15,15,15,15,15,15
320207,1,1,0,0,0,0,0,0,0,0,0,0
320208,1,1,0,0,0,0,0,0,0,0,0,0
320209,1,1,0,0,0,0,0,0,0,0,0,0
320210,1,1,0,0,0,0,0,0,0,0,0,0
320211,1,1,0,0,0,0,0,0,0,0,0,0
320211,2,1,0,0,0,0,0,0,0,0,0,0
320212,1,1,0,0,0,0,0,0,0,0,0,0
320213,0,1,23,23,23,23,23,23,23,23,23,23
320213,0,2,23,23,23,23,23,23,23,23,23,23
320213,1,1,0,0,0,0,0,0,0,0,0,0
320214,1,1,1,1,1,1,1,1,1,1,1,1
320215,0,1,0,0,0,0,0,0,0,0,0,0
320215,1,1,0,0,0,0,0,0,0,0,0,0
320216,1,1,0,0,20,0,0,0,0,0,0,0
320216,2,1,0,0,9,10,0,0,0,0,0,0
320217,0,1,0,0,0,0,0,15,0,0,0,0
320217,1,1,0,0,0,0,0,15,0,0,0,0
320218,0,1,0,0,0,0,0,0,0,0,0,0
320218,1,1,0,0,0,0,0,0,0,0,0,0
320219,0,1,0,0,0,0,0,0,0,0,0,0
320219,1,1,0,0,0,0,13,0,0,0,0,0
320220,1,1,0,0,0,0,0,0,0,0,0,0
320220,2,1,0,0,0,0,0,0,2,0,0,0
320221,1,1,0,0,0,0,0,0,0,0,0,0
320221,2,1,0,0,0,4,5,0,0,0,0,0
320222,0,1,5,5,5,5,5,5,5,5,5,5
320222,0,2,21,22,0,0,0,0,13,25,0,21
320222,1,1,0,24,0,0,0,0,0,0,0,0
320223,0,1,0,0,11,12,0,0,0,16,0,0
320223,1,1,0,0,0,0,0,0,0,0,0,0
320224,0,1,19,19,19,19,19,19,19,19,19,19
320224,1,1,15,18,12,10,3,9,21,10,12,6
330001,1,1,0,0,0,0,0,0,0,0,0,0
330001,2,1,0,0,0,0,0,0,0,0,0,0
330002,1,1,0,0,0,0,0,0,0,0,0,0
330002,2,1,0,7,0,0,0,34,14,0,0,0
330002,3,1,0,0,0,0,0,0,0,0,0,0
330003,1,1,15,15,15,15,15,15,15,15,15,15
330004,1,1,0,0,0,0,0,0,0,0,0,0
330004,2,1,0,0,0,0,0,0,0,0,0,0
330005,1,1,0,0,0,0,0,0,0,0,0,0
330006,1,1,0,0,0,0,0,0,0,0,0,0
330006,2,1,0,0,0,0,0,0,0,0,0,0
330007,1,1,0,0,0,0,0,0,0,0,0,0
330007,2,1,0,0,0,0,0,0,0,0,0,0
330008,1,1,0,0,0,0,0,0,0,0,0,0
330008,2,1,0,0,0,0,0,0,0,0,0,0
330009,1,1,0,0,0,0,0,0,0,0,0,0
330009,2,1,0,0,0,0,0,0,0,0,0,0
330010,1,1,0,0,0,0,0,0,0,0,0,0
330010,2,1,0,0,0,0,0,0,0,0,0,0
330011,1,1,0,0,0,0,0,0,0,0,0,0
330011,2,1,0,0,0,0,0,0,0,0,0,0
330012,1,1,0,0,0,0,0,0,0,0,0,0
330013,1,1,16,16,16,16,16,16,16,16,16,16
330014,0,1,0,0,0,0,0,0,0,0,0,0
330014,1,1,0,0,0,0,0,0,0,0,0,0
330015,1,1,0,0,0,0,0,0,0,0,0,0
330015,2,1,0,0,0,0,0,0,0,0,0,0
330016,1,1,24,24,24,24,24,24,24,24,24,24
330017,1,1,0,0,0,0,0,0,0,0,0,0
330017,2,1,0,0,0,0,0,0,0,0,21,0
330018,1,1,22,22,22,22,22,22,22,22,22,22
330019,1,1,0,10,0,0,0,0,26,0,24,13
330020,1,1,0,0,0,0,0,0,0,0,0,0
330020,2,1,0,0,0,0,0,0,0,0,0,0
330021,1,1,0,27,0,9,0,0,0,0,0,0
330022,1,1,16,16,16,16,16,16,16,16,16,16
330023,0,1,0,0,0,0,0,0,0,0,0,0
330023,1,1,0,0,0,0,0,0,0,0,0,0
330024,1,1,0,0,0,0,0,0,0,0,0,0
330024,2,1,0,0,0,0,0,0,0,0,0,0
330025,1,1,0,0,0,0,0,0,0,0,0,0
330025,2,1,0,0,0,0,0,0,0,0,0,0
330026,1,1,0,0,0,0,0,0,0,0,0,0
330027,1,1,0,0,0,0,0,0,0,0,0,0
330028,1,1,20,20,20,20,20,20,20,20,20,20
330029,1,1,0,0,0,0,0,0,0,0,0,0
330029,2,1,0,0,0,0,0,0,0,0,0,0
330030,1,1,0,0,0,0,0,4,0,7,0,0
330031,1,1,0,0,0,0,0,0,0,0,0,0
330031,2,1,0,0,0,0,0,0,0,0,0,0
330032,1,1,26,0,0,0,0,27,14,0,6,0
330033,1,1,17,17,17,17,17,17,17,17,17,17
330034,1,1,0,0,0,0,0,0,0,0,0,0
330035,1,1,0,0,0,0,0,0,0,0,0,0
330036,1,1,26,26,26,26,26,26,26,26,26,26
330037,0,1,0,0,0,0,0,0,0,0,0,0
330037,0,2,0,0,0,0,0,0,0,0,0,0
330037,1,1,0,0,0,0,0,0,0,0,0,0
330038,1,1,0,0,0,0,0,0,0,0,0,0
330039,1,1,0,0,0,0,0,0,0,0,0,0
330040,1,1,0,0,0,0,0,0,0,0,0,0
330040,2,1,0,0,0,0,0,0,0,0,0,0
330041,1,1,0,0,0,0,0,0,0,0,0,0
330041,2,1,0,0,0,0,0,0,0,0,0,0
330042,1,1,0,0,0,0,0,0,0,0,0,0
330042,2,1,0,0,0,0,0,0,0,0,0,0
330043,1,1,0,0,0,0,0,0,0,0,0,0
330043,2,1,0,0,0,0,0,0,0,0,0,0
330044,1,1,0,0,0,0,0,0,0,0,0,0
330044,2,1,0,0,0,0,0,0,0,0,0,0
330045,1,1,15,15,15,15,15,15,15,15,15,15
330046,1,1,0,0,0,0,0,0,0,0,0,0
330046,2,1,0,0,0,0,0,0,0,0,0,0
330047,1,1,0,0,0,0,0,0,0,0,0,0
330047,2,1,0,0,0,0,0,0,0,0,0,0
330047,3,1,0,0,31,0,10,0,13,21,0,0
330048,1,1,0,0,0,0,0,0,0,0,0,0
330048,2,1,0,0,0,0,0,0,0,0,0,0
330048,3,1,9,0,0,0,0,0,0,0,0,0
330049,1,1,15,15,15,15,15,15,15,15,15,15
330049,2,1,13,13,13,13,13,13,13,13,13,13
330050,0,1,0,0,0,0,0,0,0,0,0,0
330050,1,1,0,0,0,0,0,0,5,12,17,0
330051,1,1,0,0,0,0,0,0,0,0,0,0
330052,1,1,0,0,0,0,0,0,0,0,0,0
330053,1,1,17,17,17,17,17,17,17,17,17,17
330053,2,1,12,0,8,0,0,0,0,13,0,0
330054,1,1,0,0,19,0,0,13,0,0,0,11
330055,1,1,0,0,0,0,0,0,0,0,0,0
330056,1,1,0,0,0,0,0,0,0,0,0,0
330057,1,1,20,20,20,20,20,20,20,20,20,20
330058,0,1,32,32,32,32,32,32,32,32,32,32
330058,1,1,0,0,0,0,0,0,0,0,0,0
330058,2,1,0,0,0,0,0,0,0,0,0,0
330058,3,1,3,3,3,3,3,3,3,3,3,3
330059,1,1,0,0,0,0,0,0,0,0,0,0
330059,2,1,0,0,0,0,0,0,0,0,0,0
330060,1,1,19,19,19,19,19,19,19,19,19,19
330061,1,1,0,0,0,0,0,0,0,0,0,0
330062,1,1,16,16,16,16,16,16,16,16,16,16
330063,1,1,23,23,23,23,23,23,23,23,23,23
330064,1,1,0,18,0,0,0,21,0,0,0,5
330064,2,1,0,0,0,17,0,0,0,0,0,0
330065,1,1,0,0,0,0,0,0,0,0,0,0
330066,1,1,0,0,0,0,0,11,0,0,0,0
330066,2,1,0,0,0,0,0,0,0,0,0,0
330067,1,1,0,0,0,0,0,0,0,0,0,0
330068,1,1,20,20,20,20,20,20,20,20,20,20
330069,1,1,0,0,0,0,0,0,0,0,0,0
330070,1,1,0,0,0,0,0,0,0,0,0,0
330071,1,1,0,0,0,0,0,0,0,0,0,0
330072,0,1,0,0,0,0,0,0,0,0,0,0
330072,1,1,0,0,0,0,0,0,0,0,0,0
330073,1,1,0,0,0,0,20,0,26,0,13,0
330074,0,1,0,0,0,0,0,0,0,15,0,0
330074,1,1,0,0,0,11,0,0,0,0,0,0
330075,1,1,16,16,16,16,16,16,16,16,16,16
330076,1,1,0,0,0,0,0,0,0,0,0,0
330077,1,1,0,0,0,0,0,0,0,0,0,0
330077,2,1,0,0,15,0,0,0,5,0,0,0
330078,0,1,0,0,0,0,0,0,0,0,0,0