ST_CASE,VEH_NO,PER_NO,P1,P2,P3,P4,P5,P6,P7,P8,P9,P10
330078,1,1,0,0,0,0,0,0,0,0,0,0
330079,1,1,8,8,8,8,8,8,8,8,8,8
330080,0,1,0,0,13,0,0,0,17,0,0,25
330080,1,1,0,0,0,0,0,0,0,0,0,0
330081,1,1,24,24,24,24,24,24,24,24,24,24
330081,2,1,0,0,0,7,23,33,22,4,0,0
330082,1,1,9,9,9,9,9,9,9,9,9,9
330083,1,1,0,0,0,0,0,0,0,0,0,0
330084,1,1,17,17,17,17,17,17,17,17,17,17
340002,1,1,22,22,22,22,22,22,22,22,22,22
340003,1,1,0,0,0,0,0,0,0,0,0,0
340004,1,1,41,41,41,41,41,41,41,41,41,41
340005,0,1,36,11,13,15,36,46,0,15,26,0
340005,0,2,16,16,16,16,16,16,16,16,16,16
340005,1,1,16,0,0,0,11,0,0,17,24,0
340006,1,1,0,0,0,0,0,0,0,0,0,0
340006,2,1,0,0,0,0,0,0,0,0,0,0
340007,1,1,7,7,7,7,7,7,7,7,7,7
340008,0,1,0,0,0,0,0,0,0,0,0,0
340008,1,1,0,0,0,0,0,0,0,0,0,0
340009,0,1,0,0,0,0,0,0,0,0,0,0
340009,1,1,0,0,0,0,0,0,0,0,0,0
340010,0,1,1,1,1,1,1,1,1,1,1,1
340010,1,1,28,28,28,28,28,28,28,28,28,28
340011,0,1,22,22,22,22,22,22,22,22,22,22
340011,1,1,21,0,8,0,0,0,0,0,0,18
340012,1,1,0,0,0,0,0,9,0,0,0,0
340012,2,1,10,10,10,10,10,10,10,10,10,10
340013,1,1,0,0,0,0,0,0,0,0,0,0
340013,2,1,0,0,0,0,0,0,0,0,0,0
340014,1,1,0,0,0,0,0,0,0,0,0,0
340015,1,1,0,15,0,0,14,0,14,0,16,12
340017,1,1,12,12,12,12,12,12,12,12,12,12
340017,2,1,0,0,0,0,0,0,0,0,0,0
340018,0,1,0,0,0,0,0,0,0,0,0,0
340018,1,1,0,0,9,0,7,0,0,0,17,0
340019,0,1,0,0,0,0,0,0,0,0,0,0
340019,1,1,0,0,0,0,0,0,0,0,0,0
340020,0,1,22,22,22,22,22,22,22,22,22,22
340020,1,1,0,0,0,0,0,0,0,0,0,0
340021,1,1,0,0,0,0,0,0,0,0,0,0
340022,1,1,0,0,0,0,0,0,0,0,0,0
340023,1,1,24,24,24,24,24,24,24,24,24,24
340024,1,1,0,0,0,0,0,0,0,0,0,0
340024,2,1,0,0,0,0,0,0,0,0,0,0
340025,1,1,0,0,0,0,0,0,0,0,0,0
340026,1,1,0,0,0,0,0,0,0,0,0,0
340026,2,1,0,0,0,0,0,0,0,0,0,0
340027,1,1,0,0,0,0,0,0,0,0,0,0
340028,0,1,0,0,0,0,0,0,0,0,0,0
340028,1,1,0,0,0,0,0,0,0,0,0,0
340029,1,1,0,0,0,0,0,0,0,0,0,0
340030,1,1,0,0,9,0,0,20,17,45,0,0
340031,1,1,0,0,0,0,0,0,0,0,0,0
340031,2,1,0,0,0,0,0,0,0,15,0,0
340032,0,1,0,0,0,0,0,0,0,0,0,0
340032,1,1,0,0,3,8,0,14,0,30,0,22
340033,1,1,0,23,11,0,0,11,10,0,27,26
340033,2,1,16,16,16,16,16,16,16,16,16,16
340034,1,1,0,0,0,0,0,0,0,0,0,0
340034,2,1,25,25,25,25,25,25,25,25,25,25
340035,0,1,16,16,16,16,16,16,16,16,16,16
340035,1,1,0,0,0,0,0,0,0,0,0,0
340036,1,1,14,14,14,14,14,14,14,14,14,14
340037,1,1,31,31,31,31,31,31,31,31,31,31
340038,1,1,0,0,0,0,0,0,0,0,0,0
340038,2,1,0,0,0,0,0,0,0,0,0,0
340039,1,1,0,0,0,0,0,0,0,0,0,0
340040,0,1,0,0,11,0,0,0,0,10,0,0
340040,1,1,0,0,0,0,0,0,0,0,0,0
340041,1,1,0,0,0,0,0,0,0,0,0,0
340042,0,1,0,0,0,0,0,0,0,0,0,0
340042,1,1,0,0,0,8,0,0,0,0,0,0
340043,0,1,0,0,0,0,0,0,0,0,0,0
340043,1,1,0,0,0,0,0,0,0,0,0,0
340044,0,1,0,0,0,0,0,0,0,0,0,0
340044,1,1,0,0,0,0,0,0,0,0,0,0
340045,1,1,3,3,3,3,3,3,3,3,3,3
340045,2,1,0,0,0,0,0,0,0,0,0,0
340046,1,1,0,0,0,0,0,0,0,0,0,0
340046,2,1,0,0,0,0,0,0,0,0,0,0
340046,3,1,0,0,0,0,0,0,0,0,0,0
340047,1,1,15,15,15,15,15,15,15,15,15,15
340048,0,1,0,0,0,0,0,0,0,0,0,0
340048,1,1,0,0,0,0,0,0,0,0,0,0
340049,1,1,0,0,0,0,0,0,0,0,0,0
340050,1,1,0,0,0,0,0,0,0,0,0,0
340050,2,1,0,0,0,0,0,0,0,0,0,0
340051,1,1,0,0,0,0,0,0,0,0,0,0
340052,0,1,0,0,0,9,0,0,0,0,0,0
340052,1,1,0,0,0,0,0,0,0,0,0,0
340053,1,1,0,0,0,0,0,0,16,0,0,0
340053,2,1,0,0,0,0,0,0,0,0,0,0
340054,1,1,0,0,0,0,0,0,0,0,0,0
340054,2,1,0,0,0,0,0,0,0,0,0,0
340054,3,1,0,0,0,0,0,0,8,0,0,0
340054,4,1,0,0,0,0,2,0,0,0,0,0
340054,5,1,0,0,0,0,0,0,0,0,0,0
340055,0,1,0,0,0,0,0,0,0,0,0,0
340055,1,1,0,0,0,0,0,0,0,0,0,0
340056,1,1,0,0,0,0,0,0,0,0,0,0
340056,2,1,0,0,0,0,0,0,0,0,11,0
340057,1,1,0,0,12,0,0,0,28,0,0,0
340057,2,1,0,0,0,0,0,19,0,0,0,0
340057,3,1,0,0,0,0,0,0,0,0,0,0
340058,1,1,0,0,0,0,0,0,0,0,0,0
340058,2,1,0,0,17,0,0,33,0,0,0,0
340058,3,1,11,16,0,0,0,30,56,0,0,16
340059,1,1,0,0,0,0,0,0,0,0,0,0
340060,1,1,25,25,25,25,25,25,25,25,25,25
340061,1,1,8,8,8,8,8,8,8,8,8,8
340062,1,1,16,16,16,16,16,16,16,16,16,16
340063,1,1,0,0,0,10,0,0,33,0,0,15
340065,1,1,0,0,0,0,0,0,0,0,0,0
340065,2,1,0,0,0,0,0,0,0,0,6,0
340065,3,1,0,17,0,0,0,0,0,0,0,17
340066,1,1,0,0,2,15,0,0,19,13,0,25
340067,0,1,0,0,0,0,0,0,0,0,0,0
340067,1,1,0,0,0,0,0,0,0,0,0,0
340068,1,1,0,0,0,0,0,0,0,0,0,0
340068,2,1,0,0,0,0,0,0,0,0,0,0
340069,0,1,0,0,0,0,0,0,0,0,0,0
340069,1,1,0,0,0,0,0,0,0,0,0,0
340070,1,1,13,13,13,13,13,13,13,13,13,13
340070,2,1,0,0,0,0,0,0,0,0,0,0
340071,1,1,0,0,0,0,0,0,0,0,0,0
340071,2,1,0,0,0,0,0,0,0,0,44,0
340072,0,1,0,0,0,0,0,0,0,0,0,0
340072,1,1,0,0,0,0,0,26,0,0,0,0
340073,0,1,0,0,0,0,0,0,0,0,0,0
340073,1,1,0,9,12,11,48,0,0,0,0,11
340074,0,1,0,22,0,0,41,19,0,14,0,0
340074,1,1,0,0,0,0,0,0,0,0,12,16
340075,0,1,0,0,0,0,0,0,0,0,0,0
340075,1,1,0,0,0,0,0,0,0,0,0,0
340076,1,1,0,0,0,0,0,0,0,0,0,0
340076,2,1,0,0,0,0,0,0,0,0,0,0
340077,1,1,0,0,0,0,0,0,0,0,0,0
340077,2,1,0,0,0,0,0,0,9,0,0,3
340077,3,1,0,0,0,0,0,0,0,0,0,0
340077,4,1,0,0,0,0,0,0,0,0,0,0
340077,5,1,0,0,0,0,0,0,0,0,0,0
340077,6,1,0,0,0,0,0,0,0,22,0,0
340079,0,1,15,15,15,15,15,15,15,15,15,15
340079,1,1,0,0,0,0,26,0,0,0,0,0
340080,1,1,30,30,30,30,30,30,30,30,30,30
340081,1,1,0,0,0,0,0,0,0,0,0,0
340081,2,1,0,0,0,0,0,0,0,0,0,0
340082,1,1,13,13,13,13,13,13,13,13,13,13
340083,1,1,24,24,24,24,24,24,24,24,24,24
340084,1,1,0,0,0,0,19,7,0,0,0,0
340085,0,1,9,9,9,9,9,9,9,9,9,9
340085,1,1,0,0,0,0,0,0,0,0,0,0
340086,0,1,20,20,20,20,20,20,20,20,20,20
340086,1,1,20,0,0,26,0,7,28,0,0,0
340087,1,1,6,6,6,6,6,6,6,6,6,6
340088,0,1,0,0,0,0,0,0,0,0,0,0
340088,1,1,0,0,0,0,0,0,0,0,0,0
340089,1,1,0,0,0,0,12,0,0,20,0,0
340089,2,1,0,0,0,0,0,0,0,0,0,0
340090,1,1,0,0,0,0,0,0,0,0,0,13
340090,2,1,0,0,14,7,33,0,0,0,0,0
340090,3,1,0,0,0,0,0,0,0,0,0,0
340091,1,1,0,0,0,0,0,0,0,0,0,0
340092,1,1,3,3,3,3,3,3,3,3,3,3
340093,1,1,18,18,18,18,18,18,18,18,18,18
340094,1,1,0,0,0,0,0,0,0,0,0,0
340095,1,1,25,25,25,25,25,25,25,25,25,25
340095,2,1,0,14,9,9,0,0,0,0,0,10
340096,1,1,0,0,0,0,0,0,0,0,0,0
340096,2,1,15,15,15,15,15,15,15,15,15,15
340097,1,1,0,0,0,0,0,0,0,0,0,0
340097,2,1,0,0,0,3,0,0,0,0,0,0
340097,3,1,0,0,0,0,0,0,0,0,0,0
340098,0,1,1,1,1,1,1,1,1,1,1,1
340098,1,1,0,0,0,0,0,0,0,0,0,0
340099,0,1,1,1,1,1,1,1,1,1,1,1
340099,1,1,0,0,0,0,0,0,0,0,0,0
340101,1,1,13,0,0,0,0,0,0,0,0,0
340101,2,1,0,0,0,0,0,0,0,0,0,0
340102,1,1,0,0,0,0,0,0,0,0,0,0
340102,2,1,0,0,0,0,0,0,0,0,0,0
340102,3,1,0,0,0,0,0,0,0,0,0,0
340104,2,1,18,18,18,18,18,18,18,18,18,18
340105,0,1,0,0,0,0,0,0,0,0,0,0
340105,1,1,15,0,0,13,0,0,0,0,0,0
340106,1,1,0,0,0,0,0,0,0,0,0,0
340107,1,1,16,16,16,16,16,16,16,16,16,16
340108,1,1,0,0,0,0,0,0,0,0,0,0
340108,2,1,0,0,0,14,0,0,0,0,0,0
340110,1,1,0,0,33,0,0,19,0,0,0,0
340110,2,1,0,0,0,0,0,0,0,0,0,0
340111,1,1,0,0,0,0,0,0,0,0,0,0
340112,0,1,0,0,0,0,0,0,0,0,0,0
340112,1,1,0,0,0,0,0,0,0,0,0,0
340113,1,1,21,18,0,0,0,0,0,0,0,0
340113,2,1,31,31,31,31,31,31,31,31,31,31
340114,1,1,0,0,0,19,0,0,12,0,20,0
340114,2,1,4,4,4,4,4,4,4,4,4,4
340115,0,1,0,0,0,0,0,0,0,0,0,0
340115,0,2,0,0,0,0,0,0,0,0,0,0
340115,0,3,0,16,0,10,0,0,0,0,21,11
340115,1,1,0,0,0,0,0,0,0,0,0,0
340115,2,1,0,0,0,0,0,0,0,0,0,0
340116,1,1,14,14,14,14,14,14,14,14,14,14
340117,1,1,23,23,23,23,23,23,23,23,23,23
340117,2,1,0,0,0,0,0,0,0,0,0,0
340117,3,1,21,12,0,0,10,0,0,0,0,0
340118,1,1,0,0,0,0,0,0,0,0,0,0
340118,2,1,0,0,0,0,0,0,0,0,0,0
340119,1,1,0,0,0,0,12,0,0,0,0,0
340120,1,1,0,0,0,0,0,0,19,0,0,0
340120,2,1,0,0,0,0,0,0,0,0,0,0
340121,1,1,0,0,0,0,0,0,0,0,0,0
340122,1,1,0,0,0,0,0,0,0,0,0,0
340123,0,1,22,22,22,22,22,22,22,22,22,22
340123,1,1,4,4,4,4,4,4,4,4,4,4
340123,2,1,0,0,0,0,0,0,0,0,0,0
340125,1,1,11,38,0,13,11,18,17,0,16,23
340126,1,1,12,12,12,12,12,12,12,12,12,12
340127,1,1,8,8,8,8,8,8,8,8,8,8
340127,2,1,0,0,0,0,0,0,29,14,0,0
340128,0,1,10,28,0,0,0,31,0,0,0,10
340128,1,1,0,0,0,0,0,0,0,0,0,0
340129,1,1,0,0,0,0,0,0,0,0,0,0
340130,1,1,0,0,0,0,0,0,0,0,0,0
340131,1,1,0,0,0,0,0,0,0,0,0,0
340131,2,1,0,0,0,0,0,0,0,0,0,0
340131,3,1,0,0,0,0,0,0,0,0,0,0
340132,1,1,0,0,0,0,0,0,0,0,0,31
340133,1,1,0,0,0,0,0,0,0,0,0,0
340134,1,1,0,0,0,0,0,0,0,0,0,0
340134,2,1,0,0,0,0,0,0,0,0,0,0
340134,3,1,0,0,0,0,0,0,0,0,0,0
340134,4,1,0,0,0,0,0,0,28,0,0,0
340134,5,1,0,32,0,0,0,0,0,0,0,0
340135,0,1,0,0,0,0,0,0,0,0,0,0
340135,1,1,36,36,36,36,36,36,36,36,36,36
340137,1,1,0,0,0,0,0,0,0,0,0,0
340138,1,1,0,0,0,0,0,0,0,0,0,0
340139,0,1,31,31,31,31,31,31,31,31,31,31
340139,1,1,0,0,0,0,0,0,0,0,0,0
340140,1,1,0,0,0,0,0,0,0,0,0,0
340141,1,1,0,0,0,0,0,0,0,0,0,0
340142,1,1,0,0,0,0,0,0,0,0,0,0
340142,2,1,0,0,0,0,0,0,0,0,0,0
340143,1,1,0,0,0,0,0,0,0,0,0,0
340143,2,1,12,12,12,12,12,12,12,12,12,12
340143,3,1,0,0,0,13,0,0,0,0,0,0
340144,1,1,0,0,0,0,0,0,0,0,0,0
340144,2,1,0,0,11,0,0,0,0,15,0,0
340145,1,1,0,0,0,0,0,0,0,0,0,26
340145,2,1,0,0,0,0,0,0,0,0,0,0
340146,0,1,0,0,0,0,0,0,0,0,0,0
340146,1,1,30,19,0,12,12,0,0,24,0,14
340146,2,1,0,0,0,6,10,0,0,0,0,41
340147,1,1,0,0,0,0,0,0,0,0,0,0
340147,2,1,43,0,22,0,0,0,0,0,0,0
340147,3,1,0,0,0,0,0,0,0,0,0,0
340148,1,1,0,0,0,0,0,0,0,0,0,0
340148,2,1,0,0,0,0,0,0,0,0,0,0
340149,1,1,8,8,8,8,8,8,8,8,8,8
340150,1,1,11,11,11,11,11,11,11,11,11,11
340150,2,1,0,0,0,0,0,0,0,0,0,0
340150,3,1,18,0,9,0,14,0,0,0,0,0
340150,4,1,0,0,0,16,9,27,19,0,0,0
340151,1,1,1,1,1,1,1,1,1,1,1,1
340152,1,1,0,0,0,0,0,0,0,0,0,0
340153,1,1,0,0,0,0,0,0,0,0,0,0
340154,0,1,0,0,0,0,0,0,0,0,0,0
340154,1,1,0,18,0,6,0,0,0,0,0,0
340155,1,1,17,0,12,8,0,18,0,0,0,26
340156,1,1,0,0,0,0,0,0,0,0,0,0
340157,1,1,0,0,0,0,0,0,0,0,0,0
340157,2,1,19,19,19,19,19,19,19,19,19,19
340158,1,1,13,13,13,13,13,13,13,13,13,13
340159,1,1,0,0,0,0,34,0,0,0,0,0
340159,2,1,0,0,15,0,0,0,0,0,0,0
340160,1,1,0,0,0,0,0,0,0,0,0,0
340160,2,1,0,0,0,0,0,0,0,0,0,0
340161,0,1,0,0,0,0,0,0,0,0,0,0
340161,1,1,0,0,0,0,0,21,0,0,19,0
340162,0,1,22,22,22,22,22,22,22,22,22,22
340162,1,1,13,13,13,13,13,13,13,13,13,13
340163,1,1,0,0,0,0,0,0,0,0,0,0
340164,0,1,1,1,1,1,1,1,1,1,1,1
340164,1,1,0,0,0,0,0,0,0,0,0,0
340165,1,1,0,0,0,0,0,0,0,0,0,0
340166,1,1,0,0,0,0,0,0,0,0,0,0
340166,2,1,0,0,0,0,0,0,0,0,4,0
340167,1,1,0,0,0,0,0,0,0,0,0,0
340167,2,1,0,0,0,0,0,0,0,0,0,0
340167,3,1,0,0,0,0,0,0,0,0,0,0
340168,0,1,33,21,12,0,35,17,0,0,0,7
340168,1,1,0,0,0,0,0,13,0,0,0,0
340169,0,1,5,5,5,5,5,5,5,5,5,5
340169,1,1,0,0,0,0,0,0,0,0,0,0
340170,0,1,17,17,17,17,17,17,17,17,17,17
340170,1,1,33,0,0,0,0,9,0,0,0,25
340171,0,1,0,0,0,0,0,0,0,0,0,0
340171,1,1,0,0,0,0,0,0,0,0,0,0
340172,1,1,18,18,18,18,18,18,18,18,18,18
340173,0,1,13,13,13,13,13,13,13,13,13,13
340173,1,1,0,0,0,22,0,0,0,18,0,0
340173,2,1,0,0,0,19,0,0,0,0,0,0
340174,1,1,13,13,13,13,13,13,13,13,13,13
340175,1,1,0,0,0,0,0,0,0,0,0,0
340175,2,1,0,0,0,0,0,0,0,0,0,0
340176,1,1,18,18,18,18,18,18,18,18,18,18
340177,1,1,0,0,0,0,0,0,0,0,0,0
340177,2,1,23,23,23,23,23,23,23,23,23,23
340178,1,1,0,0,0,0,0,0,0,0,0,0
340178,2,1,0,0,0,0,0,0,0,0,0,0
340179,1,1,0,0,0,0,0,0,0,0,0,0
340179,2,1,34,34,34,34,34,34,34,34,34,34
340180,1,1,0,0,0,0,0,17,0,0,10,0
340180,2,1,0,0,0,0,0,0,0,0,0,0
340181,1,1,30,30,30,30,30,30,30,30,30,30
340182,1,1,0,0,0,14,0,0,0,0,0,0
340182,2,1,0,0,0,0,0,0,0,0,0,0
340183,1,1,18,18,18,18,18,18,18,18,18,18
340184,1,1,15,15,15,15,15,15,15,15,15,15
340184,2,1,0,0,0,0,0,0,0,0,0,0
340185,1,1,0,0,0,0,0,0,0,0,0,0
340185,2,1,0,0,0,0,0,0,0,0,0,0
340186,1,1,0,0,0,0,0,0,0,0,0,0
340187,1,1,0,0,0,0,0,0,0,0,0,0
340188,1,1,14,14,14,14,14,14,14,14,14,14
340189,1,1,0,0,0,0,0,0,0,0,0,0
340190,1,1,0,0,27,20,9,0,0,0,0,26
340190,2,1,0,0,0,0,0,0,0,0,0,0
340192,0,1,0,0,0,0,0,0,0,0,0,0
340192,1,1,0,0,0,0,0,0,0,0,0,0
340193,1,1,6,6,6,6,6,6,6,6,6,6
340194,0,1,22,22,22,22,22,22,22,22,22,22
340194,1,1,0,16,0,0,0,0,0,0,0,0
340195,1,1,0,0,0,0,0,0,0,0,0,0
340196,1,1,0,0,0,0,0,0,0,0,0,0
340197,1,1,0,0,0,0,0,0,0,0,0,0
340197,2,1,0,0,0,0,0,0,0,0,0,0
340198,1,1,0,0,0,0,0,0,0,0,0,0
340198,2,1,0,0,0,4,0,0,0,0,0,0
340198,3,1,0,0,0,9,0,0,0,0,0,0
340199,0,1,0,0,0,0,0,0,0,0,0,0
340199,1,1,0,0,0,29,0,0,0,0,0,0
340200,0,1,0,0,0,0,0,0,0,0,0,0
340200,1,1,0,43,0,0,0,0,0,0,0,0
340202,0,1,0,0,0,0,0,0,0,0,0,0
340202,1,1,0,0,0,0,0,0,13,0,0,0
340203,1,1,0,0,0,0,0,0,0,0,8,0
340203,2,1,0,0,0,0,0,0,0,0,0,0
340204,1,1,20,20,20,20,20,20,20,20,20,20
340205,1,1,15,15,15,15,15,15,15,15,15,15
340206,1,1,0,0,0,0,0,0,0,0,0,0
340207,0,1,0,0,0,0,0,0,0,0,0,0
340207,1,1,0,0,0,10,0,0,0,0,0,3
340208,1,1,0,0,0,0,0,0,0,0,0,0
340209,1,1,0,0,0,0,0,0,5,0,0,0
340209,2,1,0,0,0,0,0,0,0,0,0,0
340210,0,1,0,0,0,17,0,2,0,0,0,0
340210,1,1,0,0,0,0,0,0,0,0,0,0
340210,2,1,0,0,0,0,0,0,0,0,0,15
340210,3,1,0,0,0,0,0,0,0,0,0,0
340210,4,1,0,0,0,18,0,0,0,0,0,0
340211,1,1,0,0,0,0,0,0,0,0,0,0
340212,1,1,0,0,0,0,0,0,0,0,0,0
340213,1,1,0,0,0,0,0,0,0,0,0,0
340214,1,1,21,21,21,21,21,21,21,21,21,21
340215,1,1,15,15,15,15,15,15,15,15,15,15
340216,1,1,14,14,14,14,14,14,14,14,14,14
340217,0,1,21,26,27,37,31,28,20,8,0,43
340217,0,2,9,9,9,9,9,9,9,9,9,9
340217,1,1,0,0,0,0,0,0,0,0,0,0
340218,0,1,34,34,34,34,34,34,34,34,34,34
340218,1,1,0,0,0,0,0,0,0,0,0,0
340219,1,1,0,0,0,0,0,0,0,0,0,0
340219,2,1,11,0,0,0,0,11,0,0,0,0
340220,1,1,11,11,11,11,11,11,11,11,11,11
340221,1,1,0,0,18,0,0,0,0,0,0,0
340221,2,1,0,0,0,0,0,0,0,0,0,0
340222,1,1,0,21,0,7,0,0,32,0,0,0
340222,2,1,0,0,0,0,0,0,0,0,0,0
340223,1,1,0,0,0,0,0,0,21,0,0,0
340223,2,1,16,16,16,16,16,16,16,16,16,16
340224,0,1,7,7,7,7,7,7,7,7,7,7
340224,1,1,14,14,14,14,14,14,14,14,14,14
340225,1,1,7,13,0,27,14,21,0,18,0,0
340226,1,1,0,0,0,0,0,0,0,0,0,0
340226,2,1,0,0,0,0,0,0,0,0,0,0
340227,1,1,25,25,25,25,25,25,25,25,25,25
340227,2,1,0,0,0,0,0,0,0,0,0,0
340227,3,1,25,0,0,0,0,0,0,0,21,0
340228,1,1,14,14,14,14,14,14,14,14,14,14
340228,2,1,7,7,7,7,7,7,7,7,7,7
340228,3,1,18,0,24,0,9,10,17,23,0,18
340229,0,1,0,0,0,0,0,0,0,0,0,0
340229,1,1,0,0,0,0,0,0,0,0,0,0
340230,1,1,11,11,11,11,11,11,11,11,11,11
340230,2,1,27,27,27,27,27,27,27,27,27,27
340231,0,1,0,0,0,0,0,0,0,0,0,0
340231,2,1,0,12,0,0,0,0,0,0,0,4
340232,1,1,0,0,0,0,0,0,0,0,0,0
340232,2,1,9,9,9,9,9,9,9,9,9,9
340233,1,1,0,0,0,0,0,0,0,0,0,0
340234,1,1,0,0,0,0,0,0,0,0,0,0
340234,2,1,0,0,0,0,0,0,0,0,0,0
340235,1,1,0,0,0,0,0,0,0,0,0,0
340235,2,1,0,0,0,14,0,0,0,0,0,0
340236,1,1,0,0,0,0,0,0,0,0,0,0
340236,2,1,0,0,0,0,0,0,0,0,0,0
340237,1,1,0,0,0,0,0,0,0,0,0,0
340237,2,1,0,0,0,0,0,0,0,0,0,0
340238,1,1,0,0,0,0,0,0,0,0,0,0
340238,2,1,0,0,0,0,0,0,0,0,0,0
340239,1,1,0,0,0,0,0,11,0,0,0,0
340239,2,1,2,2,2,2,2,2,2,2,2,2
340240,0,1,0,0,0,0,0,0,0,0,0,0
340240,1,1,0,0,0,0,0,5,0,0,0,0
340241,0,1,0,0,0,0,0,0,0,0,0,0
340241,1,1,0,0,0,0,0,0,0,0,0,0
340242,1,1,14,14,14,14,14,14,14,14,14,14
340242,2,1,0,23,0,20,35,0,0,0,7,0
340243,1,1,31,31,31,31,31,31,31,31,31,31
340243,2,1,0,0,0,0,0,0,0,37,0,0
340244,0,1,0,0,0,0,0,0,28,0,24,0
340244,0,2,0,0,0,0,0,0,0,0,0,0
340244,1,1,0,0,0,0,0,0,0,0,0,0
340244,2,1,21,0,0,0,0,24,0,0,9,0
340244,3,1,0,11,0,0,15,0,0,0,14,0
340245,1,1,0,0,0,0,0,0,0,0,0,0
340245,2,1,13,13,13,13,13,13,13,13,13,13
340246,1,1,0,0,0,0,0,0,0,0,0,0
340246,2,1,0,0,0,0,0,0,0,0,0,0
340247,1,1,0,0,0,0,0,0,0,0,0,0
340248,1,1,0,0,0,0,0,0,0,0,0,0
340248,2,1,0,0,0,0,0,0,0,0,0,0
340249,1,1,19,20,0,0,0,26,12,11,0,0
340249,2,1,26,0,24,0,11,9,0,0,17,0
340250,0,1,0,0,0,0,0,0,0,0,0,0
340250,1,1,0,0,0,0,0,0,0,0,0,0
340251,1,1,13,13,13,13,13,13,13,13,13,13
340252,1,1,3,3,3,3,3,3,3,3,3,3
340253,1,1,0,0,0,0,0,0,0,0,0,0
340254,1,1,0,0,0,0,0,0,0,0,0,0
340255,1,1,25,25,25,25,25,25,25,25,25,25
340256,1,1,0,0,0,0,0,0,0,0,0,0
340256,2,1,0,0,0,0,0,0,0,0,0,0
340256,3,1,0,0,0,0,0,0,0,0,0,0
340256,4,1,0,0,0,0,6,0,30,0,0,0
340256,5,1,0,0,0,0,0,0,0,0,8,0
340257,1,1,0,0,0,0,0,0,0,0,0,0
340257,2,1,0,0,0,0,0,0,0,0,0,0
340257,3,1,0,0,0,0,0,0,0,0,0,0
340258,1,1,0,0,0,0,0,0,0,0,0,0
340258,2,1,0,0,0,0,0,0,0,0,0,0
340259,1,1,0,0,0,0,0,0,0,0,0,0
340259,2,1,0,0,0,0,0,0,0,0,0,0
340260,1,1,0,0,0,0,0,0,0,0,0,0
340261,1,1,0,0,0,0,0,0,0,0,0,0
340261,2,1,19,19,19,19,19,19,19,19,19,19
340261,3,1,0,0,0,0,0,0,0,0,0,0
340261,4,1,0,0,0,0,0,0,0,0,0,0
340262,1,1,0,0,0,0,0,0,0,0,0,0
340262,2,1,0,0,0,0,0,0,0,0,0,0
340263,0,1,13,13,13,13,13,13,13,13,13,13
340263,1,1,0,0,0,0,0,21,0,0,0,0
340264,1,1,0,0,0,0,0,0,0,0,0,0
340265,1,1,0,14,0,17,0,0,4,12,0,0
340266,1,1,0,0,0,0,0,0,11,0,0,0
340266,2,1,0,0,0,0,0,0,0,0,0,0
340266,3,1,0,0,0,0,0,0,0,0,0,0
340267,1,1,6,6,6,6,6,6,6,6,6,6
340268,1,1,10,10,10,10,10,10,10,10,10,10
340269,1,1,0,0,0,0,0,0,0,0,0,34
340269,2,1,0,0,0,0,0,0,0,0,0,0
340270,1,1,2,2,2,2,2,2,2,2,2,2
340270,2,1,8,5,5,6,0,0,0,0,0,0
340271,1,1,0,0,0,0,0,0,0,0,0,0
340271,2,1,15,15,15,15,15,15,15,15,15,15
340272,1,1,0,0,0,0,0,0,0,0,0,0
340272,2,1,15,15,15,15,15,15,15,15,15,15
340273,0,1,0,0,0,0,0,0,0,0,0,0
340273,1,1,0,0,0,4,0,0,0,0,0,0
340274,1,1,0,0,0,0,0,0,0,0,0,0
340274,2,1,0,0,0,0,0,0,0,0,0,0
340275,1,1,3,3,3,3,3,3,3,3,3,3
340275,2,1,0,0,0,0,0,0,0,0,0,0
340276,1,1,5,5,5,5,5,5,5,5,5,5
340277,0,1,0,0,0,0,0,0,0,0,0,0
340277,1,1,0,0,0,0,0,0,0,0,0,0
340279,1,1,0,0,8,0,0,0,0,0,0,0
340279,2,1,10,10,10,10,10,10,10,10,10,10
340281,1,1,27,27,27,27,27,27,27,27,27,27
340282,1,1,0,0,0,0,12,0,0,0,0,0
340282,2,1,0,0,0,0,0,0,0,0,0,0
340283,1,1,15,15,15,15,15,15,15,15,15,15
340284,1,1,0,0,0,0,0,0,0,0,0,0
340284,2,1,0,0,0,0,0,0,0,0,0,0
340285,1,1,0,0,0,0,0,0,0,0,0,0
340285,2,1,0,0,0,0,0,0,0,0,0,0
340286,0,1,0,0,0,0,0,0,0,0,0,0
340286,1,1,0,0,0,0,0,0,0,0,0,7
340287,1,1,0,0,0,0,0,0,0,0,0,0
340287,2,1,0,0,0,0,0,0,0,0,0,0
340288,1,1,1,1,1,1,1,1,1,1,1,1
340288,2,1,22,0,0,0,0,0,0,0,0,0
340289,0,1,22,22,22,22,22,22,22,22,22,22
340289,1,1,30,0,0,0,0,5,17,0,0,0
340290,1,1,0,0,0,0,0,0,0,0,0,0