ST_CASE,VEH_NO,PER_NO,P1,P2,P3,P4,P5,P6,P7,P8,P9,P10
340291,0,1,0,0,0,0,0,0,0,0,0,0
340291,0,2,0,26,0,0,0,10,0,27,0,33
340291,1,1,14,14,14,14,14,14,14,14,14,14
340292,1,1,0,0,0,0,0,0,0,0,0,0
340292,2,1,0,0,0,0,0,0,0,0,4,0
340293,1,1,8,8,8,8,8,8,8,8,8,8
340293,2,1,0,0,0,6,9,0,0,0,0,9
340294,0,1,1,1,1,1,1,1,1,1,1,1
340294,1,1,0,6,0,0,0,25,0,0,0,1
340294,2,1,0,0,0,16,0,0,0,0,0,18
340294,3,1,0,0,0,0,17,0,25,0,0,19
340295,1,1,26,26,26,26,26,26,26,26,26,26
340296,1,1,0,0,0,0,0,0,0,0,0,0
340296,2,1,16,16,16,16,16,16,16,16,16,16
340297,1,1,0,0,0,0,0,0,0,0,0,0
340297,2,1,0,0,0,0,0,0,0,0,0,0
340298,1,1,0,14,0,0,0,0,15,0,0,0
340298,2,1,0,0,0,0,0,0,0,0,0,0
340298,3,1,0,0,0,0,0,0,0,0,0,22
340299,1,1,0,0,0,0,0,0,0,0,0,0
340299,2,1,0,22,0,3,0,0,0,21,0,0
340300,1,1,7,7,7,7,7,7,7,7,7,7
340301,1,1,16,16,16,16,16,16,16,16,16,16
340302,1,1,0,18,4,0,0,14,0,0,25,0
340302,2,1,17,17,17,17,17,17,17,17,17,17
340303,1,1,0,0,0,0,0,0,0,0,0,0
340304,0,1,0,0,0,0,0,0,0,0,0,0
340304,1,1,30,0,0,0,0,0,22,0,0,0
340305,1,1,0,0,0,0,0,0,0,0,0,0
340306,0,1,14,0,0,0,13,14,0,0,0,0
340306,1,1,5,0,0,0,0,0,0,0,0,0
340307,1,1,0,0,0,0,0,0,19,0,0,0
340307,2,1,0,0,0,0,0,0,0,0,0,0
340308,1,1,10,10,10,10,10,10,10,10,10,10
340309,1,1,0,0,0,0,0,0,0,0,0,0
340309,2,1,0,0,0,0,0,11,11,0,0,0
340310,1,1,14,0,0,0,0,0,0,0,0,0
340310,2,1,0,0,0,4,0,0,0,2,0,0
340311,1,1,0,0,0,0,0,0,0,0,0,0
340311,2,1,6,0,0,0,0,0,0,0,0,0
340312,1,1,20,20,20,20,20,20,20,20,20,20
340313,0,1,0,0,0,0,0,0,0,0,0,0
340313,1,1,0,0,0,0,0,0,0,0,0,0
340314,1,1,0,0,0,0,0,0,0,0,0,0
340314,2,1,0,0,15,0,0,0,0,0,0,0
340315,1,1,0,0,0,0,0,0,0,0,0,0
340315,2,1,0,0,0,0,0,0,0,0,0,0
340315,3,1,0,0,0,0,0,0,0,0,0,0
340315,4,1,0,0,0,0,0,0,0,0,0,0
340316,1,1,0,0,0,0,0,0,0,0,0,0
340317,0,1,0,0,0,0,0,0,0,0,0,0
340317,1,1,0,0,0,0,0,0,0,0,0,0
340317,2,1,0,0,0,0,0,0,0,0,0,0
340318,0,1,0,0,0,0,0,0,0,0,0,0
340318,1,1,0,0,0,0,0,0,0,0,0,0
340319,0,1,0,0,0,0,0,0,0,0,0,0
340319,1,1,8,8,8,8,8,8,8,8,8,8
340320,1,1,0,0,0,0,0,0,0,0,0,0
340320,2,1,0,0,0,0,6,0,0,0,0,0
340321,1,1,40,0,0,0,0,0,0,0,0,0
340321,2,1,0,0,0,0,0,0,0,0,0,0
340322,0,1,0,0,0,0,0,0,0,0,0,0
340322,1,1,0,0,0,0,0,0,0,0,0,0
340323,1,1,0,15,0,0,0,0,13,0,0,26
340324,1,1,0,0,0,0,0,0,0,0,0,0
340324,2,1,0,19,0,0,0,4,0,0,0,0
340325,1,1,0,0,0,0,0,0,0,0,0,0
340325,2,1,0,0,0,0,0,0,0,0,0,0
340326,0,1,0,0,0,0,0,0,0,0,0,7
340326,1,1,0,0,32,0,0,0,11,0,0,0
340327,1,1,0,0,0,0,0,0,0,0,0,0
340327,2,1,0,0,0,0,0,0,0,0,0,0
340328,1,1,0,0,0,0,0,0,0,0,0,0
340328,2,1,18,18,18,18,18,18,18,18,18,18
340329,1,1,0,0,0,0,0,0,0,0,0,0
340329,2,1,13,13,13,13,13,13,13,13,13,13
340330,0,1,16,16,16,16,16,16,16,16,16,16
340330,1,1,0,0,0,0,0,0,0,0,0,0
340331,1,1,0,0,0,0,0,0,0,0,0,0
340331,2,1,0,0,0,14,0,0,0,0,0,0
340332,1,1,22,0,0,0,2,9,0,22,19,0
340333,1,1,0,0,0,0,0,0,0,0,0,0
340334,1,1,0,0,0,0,16,0,0,0,0,0
340334,2,1,0,0,0,0,0,0,0,0,0,0
340335,1,1,18,18,18,18,18,18,18,18,18,18
340336,1,1,0,0,0,0,0,0,0,0,0,0
340337,1,1,0,0,0,0,0,0,0,0,0,0
340338,1,1,15,15,15,15,15,15,15,15,15,15
340339,1,1,12,12,12,12,12,12,12,12,12,12
340339,2,1,0,0,9,0,14,0,0,0,0,0
340340,1,1,0,0,0,0,0,0,0,0,0,0
340341,1,1,25,25,25,25,25,25,25,25,25,25
340342,1,1,0,0,0,0,0,0,0,0,0,0
340342,2,1,0,0,0,0,0,0,0,0,0,0
340343,0,1,0,0,0,0,0,0,0,0,0,0
340343,1,1,0,0,0,0,0,0,0,0,0,0
340344,0,1,0,0,0,0,0,0,0,0,0,0
340344,1,1,16,0,13,0,0,3,0,0,0,0
340345,1,1,0,0,0,11,22,0,0,0,0,28
340346,1,1,21,21,21,21,21,21,21,21,21,21
340347,1,1,0,0,0,0,0,0,0,0,0,0
340348,0,1,19,19,19,19,19,19,19,19,19,19
340348,1,1,1,1,1,1,1,1,1,1,1,1
340349,1,1,8,8,8,8,8,8,8,8,8,8
340349,2,1,0,0,0,10,0,0,0,0,0,0
340350,1,1,0,0,0,0,0,0,0,0,0,0
340350,2,1,3,0,0,0,0,0,0,0,0,0
340351,0,1,0,0,0,0,0,0,0,0,0,0
340351,1,1,0,0,0,0,0,0,0,0,0,0
340352,1,1,0,0,0,0,0,0,0,0,0,0
340352,2,1,0,0,0,0,0,0,0,16,0,0
340353,1,1,13,25,0,0,0,0,0,0,0,0
340353,2,1,0,0,0,17,0,0,0,13,0,0
340354,1,1,0,17,20,0,0,0,21,0,0,0
340354,2,1,0,0,0,0,0,0,0,0,0,0
340355,1,1,0,0,0,0,0,0,0,0,0,0
340356,1,1,0,0,0,0,0,0,0,0,11,0
340356,2,1,0,0,0,0,0,0,0,0,0,0
340357,1,1,27,27,27,27,27,27,27,27,27,27
340358,0,1,1,1,1,1,1,1,1,1,1,1
340358,1,1,0,0,0,0,0,0,0,0,0,0
340359,1,1,0,0,0,0,0,0,0,0,0,0
340360,0,1,32,32,32,32,32,32,32,32,32,32
340360,1,1,0,0,0,0,0,0,0,0,0,0
340361,1,1,1,1,1,1,1,1,1,1,1,1
340362,0,1,0,0,0,0,0,0,0,0,0,0
340362,1,1,0,0,0,0,0,0,0,0,0,0
340363,1,1,11,0,0,25,0,27,18,0,0,0
340363,2,1,7,7,7,7,7,7,7,7,7,7
340364,0,1,0,0,0,0,0,0,0,0,0,0
340364,1,1,0,0,0,0,20,0,0,0,0,0
340365,1,1,0,0,0,0,0,0,0,0,0,0
340366,1,1,35,35,35,35,35,35,35,35,35,35
340367,1,1,0,0,0,0,0,0,0,0,0,0
340368,1,1,16,29,0,0,19,28,0,8,0,0
340369,1,1,0,0,0,0,0,0,0,0,0,0
340370,1,1,23,23,23,23,23,23,23,23,23,23
340371,1,1,15,15,15,15,15,15,15,15,15,15
340371,2,1,0,0,0,0,0,0,0,0,0,0
340372,1,1,0,0,0,0,0,0,0,0,0,0
340373,1,1,0,19,0,0,0,20,0,0,0,0
340373,2,1,0,0,0,0,15,0,0,0,0,0
340374,0,1,0,21,28,0,28,9,0,14,24,0
340374,1,1,20,0,0,0,0,0,0,0,10,28
340375,0,1,2,2,2,2,2,2,2,2,2,2
340375,1,1,0,0,0,0,0,0,0,0,0,0
340376,0,1,0,0,0,0,0,0,0,0,0,0
340376,1,1,0,0,0,0,0,23,0,0,0,0
340377,0,1,18,18,18,18,18,18,18,18,18,18
340377,1,1,0,0,0,0,0,0,0,0,0,0
340378,1,1,0,0,0,0,0,0,0,0,0,0
340379,1,1,0,0,0,0,0,0,0,0,0,0
340379,2,1,0,0,0,0,0,0,0,0,0,0
340379,3,1,0,22,0,19,0,0,0,0,0,0
340380,1,1,17,17,17,17,17,17,17,17,17,17
340381,1,1,12,12,12,12,12,12,12,12,12,12
340381,2,1,11,13,10,0,6,6,0,0,8,7
340382,0,1,0,0,0,0,0,0,0,0,18,0
340382,0,2,0,0,0,0,0,0,0,0,0,0
340382,2,1,0,0,0,0,0,0,0,0,0,0
340383,1,1,8,8,8,8,8,8,8,8,8,8
340384,1,1,0,0,0,0,0,0,0,0,0,0
340384,2,1,0,28,0,0,0,0,0,0,6,0
340385,1,1,0,0,0,0,0,0,0,0,0,0
340385,2,1,12,29,0,23,20,26,6,16,11,0
340386,1,1,0,0,0,0,0,0,0,0,0,0
340386,2,1,18,21,0,0,12,25,0,25,0,17
340387,1,1,25,25,25,25,25,25,25,25,25,25
340388,1,1,11,18,25,8,0,0,13,52,0,9
340389,1,1,0,0,0,0,33,0,0,0,0,0
340389,2,1,0,0,0,0,0,0,0,0,0,0
340390,1,1,0,0,0,0,0,0,0,0,0,0
340390,2,1,0,0,0,0,0,0,0,0,0,0
340391,0,1,14,14,14,14,14,14,14,14,14,14
340391,1,1,11,11,11,11,11,11,11,11,11,11
340392,0,1,17,17,17,17,17,17,17,17,17,17
340392,1,1,0,0,0,0,0,0,0,0,0,0
340393,1,1,0,0,0,0,0,0,0,0,0,0
340393,2,1,0,0,0,0,0,0,0,0,0,0
340394,1,1,17,17,17,17,17,17,17,17,17,17
340395,0,1,14,14,14,14,14,14,14,14,14,14
340395,1,1,0,0,0,0,0,0,0,0,0,0
340396,1,1,0,0,0,0,0,0,12,0,0,0
340396,2,1,0,0,0,0,0,0,0,0,0,0
340397,1,1,0,0,0,0,0,0,0,0,0,0
340397,2,1,0,0,0,0,0,0,0,0,0,0
340398,1,1,13,13,13,13,13,13,13,13,13,13
340398,2,1,16,16,16,16,16,16,16,16,16,16
340400,1,1,12,12,12,12,12,12,12,12,12,12
340401,1,1,0,0,0,0,0,0,0,0,0,0
340401,2,1,0,0,0,0,0,0,0,0,0,0
340401,3,1,0,0,0,0,0,0,0,0,0,0
340402,0,1,19,19,19,19,19,19,19,19,19,19
340402,1,1,0,24,2,0,0,16,10,31,0,11
340403,1,1,8,8,8,8,8,8,8,8,8,8
340404,1,1,13,13,13,13,13,13,13,13,13,13
340405,1,1,0,0,0,0,0,0,0,0,0,0
340405,2,1,0,0,0,0,0,0,15,11,0,0
340406,1,1,0,0,0,0,0,0,0,0,0,0
340406,2,1,0,0,0,0,0,0,0,0,0,25
340407,0,1,0,0,0,0,0,0,0,0,0,0
340407,1,1,0,0,0,0,0,0,0,0,0,0
340408,1,1,0,0,0,0,0,0,0,0,0,0
340408,2,1,0,0,0,0,0,0,0,0,0,0
340409,1,1,12,12,12,12,12,12,12,12,12,12
340410,1,1,0,0,0,0,0,0,0,0,0,0
340411,1,1,16,16,16,16,16,16,16,16,16,16
340412,1,1,11,11,11,11,11,11,11,11,11,11
340413,1,1,0,0,0,0,0,0,0,0,0,0
340413,2,1,0,0,0,0,0,0,0,0,0,0
340414,1,1,0,0,0,0,0,0,0,0,0,0
340414,2,1,0,0,0,0,0,0,0,0,0,0
340415,1,1,0,0,0,0,0,0,0,0,0,0
340416,1,1,0,0,0,0,0,0,0,0,0,0
340416,2,1,0,0,0,0,0,0,0,0,0,0
340417,1,1,22,22,22,22,22,22,22,22,22,22
340418,1,1,22,22,22,22,22,22,22,22,22,22
340419,0,1,0,0,0,0,0,0,0,0,0,0
340419,1,1,0,0,0,0,0,0,0,0,0,0
340420,1,1,4,4,4,4,4,4,4,4,4,4
340420,2,1,8,8,8,8,8,8,8,8,8,8
340421,1,1,0,0,0,0,0,0,0,0,0,0
340421,2,1,0,0,0,0,0,0,0,0,0,0
340422,1,1,9,9,9,9,9,9,9,9,9,9
340423,1,1,0,0,0,0,0,0,0,0,0,0
340423,2,1,0,0,0,0,0,0,0,0,0,0
340423,3,1,0,0,0,0,0,0,5,12,0,0
340424,1,1,16,16,16,16,16,16,16,16,16,16
340425,1,1,20,20,20,20,20,20,20,20,20,20
340426,1,1,5,5,5,5,5,5,5,5,5,5
340426,2,1,0,0,0,0,0,0,0,0,0,0
340426,3,1,0,26,0,0,0,0,0,0,0,0
340427,1,1,0,0,0,0,0,0,0,0,0,0
340427,2,1,0,0,0,0,0,0,0,0,0,0
340428,1,1,0,0,0,0,0,0,0,0,0,0
340428,2,1,0,0,0,0,0,0,0,0,0,0
340429,1,1,0,10,24,0,0,0,0,0,0,0
340429,2,1,29,29,29,29,29,29,29,29,29,29
340430,0,1,0,0,0,0,0,0,0,0,0,0
340430,1,1,0,0,0,0,0,0,0,0,0,0
340431,1,1,17,17,17,17,17,17,17,17,17,17
340432,1,1,0,0,0,0,0,0,0,0,0,0
340433,1,1,9,9,9,9,9,9,9,9,9,9
340434,1,1,0,0,0,0,0,0,0,0,0,0
340435,0,1,0,0,0,0,0,0,0,0,0,0
340435,1,1,0,0,0,0,0,8,0,0,0,0
340437,1,1,0,0,0,0,0,0,0,0,0,0
340437,2,1,0,0,0,0,0,0,0,0,0,0
340438,1,1,15,15,15,15,15,15,15,15,15,15
340439,0,1,6,6,6,6,6,6,6,6,6,6
340439,1,1,0,0,0,0,0,0,0,0,0,0
340440,1,1,0,0,0,0,0,0,0,0,0,0
340441,0,1,16,16,16,16,16,16,16,16,16,16
340441,1,1,16,24,0,12,0,20,18,3,0,0
340442,0,1,0,0,0,0,0,0,0,0,0,0
340442,1,1,0,0,0,0,0,0,0,0,0,0
340443,1,1,43,43,43,43,43,43,43,43,43,43
340444,0,1,0,0,0,0,0,0,0,0,0,0
340444,1,1,0,44,10,0,0,0,0,0,0,0
340445,1,1,0,26,0,0,0,0,0,12,0,0
340446,1,1,0,0,0,0,0,0,0,0,0,0
340446,2,1,0,0,0,0,0,0,0,21,0,0
340447,1,1,1,1,1,1,1,1,1,1,1,1
340448,1,1,0,0,0,0,0,0,0,0,0,0
340449,1,1,11,11,11,11,11,11,11,11,11,11
340450,1,1,26,26,26,26,26,26,26,26,26,26
340450,2,1,0,0,0,0,0,0,0,0,0,0
340451,1,1,0,0,0,0,0,0,10,0,14,0
340451,2,1,0,0,0,0,0,0,0,23,0,0
340452,0,1,0,0,0,0,0,0,0,0,0,0
340452,1,1,0,0,0,0,0,0,0,0,0,0
340453,0,1,0,0,0,0,0,0,0,0,0,0
340453,1,1,0,0,0,0,0,0,0,0,0,0
340454,1,1,0,0,0,0,0,0,0,0,0,0
340454,2,1,0,0,0,0,0,0,0,0,0,0
340455,0,1,0,0,0,0,0,0,0,0,0,0
340455,1,1,0,0,0,0,0,0,0,0,0,0
340456,0,1,38,38,38,38,38,38,38,38,38,38
340456,2,1,0,0,0,0,0,0,0,0,0,0
340457,1,1,0,0,0,0,0,0,0,0,0,0
340458,0,1,29,29,29,29,29,29,29,29,29,29
340458,1,1,0,0,0,0,0,0,0,18,0,29
340459,1,1,18,18,18,18,18,18,18,18,18,18
340459,2,1,14,14,14,14,14,14,14,14,14,14
340460,1,1,8,8,8,8,8,8,8,8,8,8
340461,1,1,0,0,0,0,0,0,0,0,0,0
340462,1,1,0,0,0,0,0,0,0,0,0,0
340462,2,1,0,7,0,0,0,0,0,0,0,0
340463,1,1,0,0,0,0,0,0,0,0,0,0
340463,2,1,0,0,0,0,0,0,0,0,0,0
340464,1,1,0,0,0,0,0,0,0,0,0,0
340465,1,1,0,14,0,26,0,0,27,0,0,0
340465,2,1,0,0,0,0,0,0,0,0,0,0
340466,1,1,0,0,0,0,0,0,0,0,0,0
340467,1,1,0,0,0,22,0,0,0,0,0,0
340467,2,1,0,0,0,0,0,0,0,0,0,0
340468,1,1,0,0,0,0,0,0,0,0,0,0
340468,2,1,0,0,0,0,0,0,0,0,0,0
340468,3,1,0,0,0,0,0,29,0,0,0,0
340468,4,1,0,21,0,0,0,0,0,0,0,0
340469,0,1,13,13,13,13,13,13,13,13,13,13
340469,0,2,19,19,19,19,19,19,19,19,19,19
340469,1,1,13,13,13,13,13,13,13,13,13,13
340470,1,1,0,0,0,0,0,0,0,0,0,0
340470,2,1,12,0,0,0,0,0,0,0,0,0
340471,0,1,32,32,32,32,32,32,32,32,32,32
340471,1,1,21,0,0,0,0,0,0,0,0,0
340472,1,1,0,0,0,0,0,0,0,0,0,0
340472,2,1,13,11,23,0,18,29,0,0,0,14
340473,2,1,24,0,0,0,0,27,0,0,0,0
340473,3,1,0,12,0,0,0,26,0,0,0,0
340474,0,1,0,0,0,0,0,0,0,0,0,0
340474,1,1,0,0,0,0,0,0,0,0,0,0
340475,1,1,0,0,0,0,0,0,0,0,0,0
340475,2,1,0,0,0,0,0,0,0,10,0,0
340475,3,1,0,0,0,0,0,0,0,0,0,0
340476,0,1,0,0,0,0,0,0,0,0,0,0
340476,1,1,0,16,0,0,0,0,0,0,34,0
340477,1,1,0,0,0,0,0,0,0,0,0,0
340478,0,1,26,26,26,26,26,26,26,26,26,26
340478,1,1,0,0,0,0,0,0,0,0,0,0
340479,1,1,0,0,0,0,0,0,0,0,0,0
340480,1,1,11,11,11,11,11,11,11,11,11,11
340481,0,1,0,0,0,0,0,0,0,0,0,0
340481,1,1,0,0,0,0,0,0,0,0,0,0
340481,2,1,0,0,0,0,0,0,0,0,12,0
340482,1,1,0,0,0,0,0,0,0,0,0,0
340482,2,1,0,0,0,0,0,0,0,0,0,0
340483,0,1,0,0,0,0,0,0,0,0,0,0
340483,1,1,0,0,0,7,25,0,0,0,0,0
340484,1,1,0,0,0,0,0,0,0,0,0,0
340484,2,1,0,0,0,0,0,0,0,0,0,0
340485,1,1,0,23,31,27,0,0,13,0,11,0
340486,0,1,2,2,2,2,2,2,2,2,2,2
340486,1,1,0,0,0,0,0,0,0,0,0,0
340487,1,1,0,0,0,0,0,0,0,0,0,0
340487,2,1,19,19,19,19,19,19,19,19,19,19
340487,3,1,0,0,0,0,0,0,0,0,0,0
340488,0,1,0,0,0,0,0,0,0,0,0,0
340488,1,1,0,0,0,0,0,0,0,0,0,0
340489,1,1,0,0,0,0,0,0,0,0,0,0
340490,0,1,10,10,10,10,10,10,10,10,10,10
340490,1,1,27,23,19,18,12,16,11,0,0,0
340491,0,1,0,17,0,0,0,0,0,0,0,0
340491,1,1,0,0,0,0,0,0,0,0,0,0
340492,0,1,0,0,0,0,0,0,0,0,0,0
340492,1,1,19,0,0,0,0,9,0,0,0,17
340493,1,1,0,0,0,0,0,0,0,0,0,0
340494,0,1,0,0,0,0,0,0,0,0,0,0
340494,1,1,0,0,0,0,10,0,0,0,0,0
340495,0,1,0,0,0,0,0,0,0,0,0,0
340495,1,1,0,0,0,0,0,0,0,0,0,0
340496,1,1,12,12,12,12,12,12,12,12,12,12
340497,1,1,0,0,0,0,0,0,0,0,0,0
340497,2,1,22,22,22,22,22,22,22,22,22,22
340498,1,1,0,0,0,0,0,0,0,0,0,0
340499,1,1,0,0,0,0,0,0,0,0,0,0
340499,2,1,0,0,0,0,0,0,0,0,0,0
340500,1,1,0,0,0,0,0,0,0,0,0,0
340500,2,1,0,0,0,0,0,0,0,0,0,0
340502,0,1,0,0,0,0,0,0,0,0,0,0
340502,0,2,0,0,0,0,0,0,0,0,0,0
340502,0,3,0,0,0,0,27,0,5,0,0,0
340502,2,1,0,0,0,0,0,0,0,0,0,0
340503,0,1,0,0,0,18,0,0,0,0,0,0
340503,1,1,0,0,0,0,0,0,0,0,0,0
340504,2,1,0,0,0,0,0,0,0,0,0,0
340505,1,1,0,0,0,0,0,0,0,0,0,0
340506,0,1,0,0,0,0,0,0,0,0,0,0
340506,0,2,14,0,0,0,0,0,0,0,0,0
340506,1,1,0,0,0,0,0,0,0,0,0,0
340507,1,1,0,0,0,0,13,0,0,18,0,0
340508,1,1,0,30,0,0,16,0,6,26,10,0
340509,1,1,2,2,2,2,2,2,2,2,2,2
340510,1,1,15,15,15,15,15,15,15,15,15,15
340510,2,1,0,0,0,0,14,0,0,0,0,18
340511,1,1,0,0,0,0,0,0,0,0,0,0
340511,2,1,0,0,0,0,0,0,0,0,0,0
340512,0,1,13,13,13,13,13,13,13,13,13,13
340512,1,1,0,0,0,0,0,0,0,0,0,0
340513,1,1,0,0,0,0,0,0,0,0,0,0
340514,0,1,0,0,0,0,0,11,0,10,0,0
340514,1,1,0,0,0,0,20,0,0,0,0,0
340515,1,1,0,0,0,0,0,0,0,0,0,0
340515,2,1,0,0,0,0,5,0,0,0,17,0
340516,0,1,0,0,0,0,0,0,0,0,0,0
340516,1,1,0,0,0,0,0,0,0,0,0,0
340517,1,1,0,0,0,0,0,0,7,13,0,0
340517,2,1,0,0,0,0,0,0,22,0,0,0
340518,1,1,0,0,0,16,30,0,34,0,0,0
340518,2,1,0,17,0,0,0,0,0,0,0,0
340519,1,1,0,0,0,0,0,0,0,0,0,0
340519,2,1,9,9,9,9,9,9,9,9,9,9
340520,1,1,14,14,14,14,14,14,14,14,14,14
340520,2,1,20,0,0,0,0,0,14,12,0,0
340521,1,1,0,0,0,0,0,0,0,0,0,0
340522,1,1,0,0,0,0,0,0,0,0,0,0
340522,2,1,0,0,0,0,0,0,0,0,0,0
340523,0,1,18,18,18,18,18,18,18,18,18,18
340523,1,1,0,0,0,0,0,0,0,0,0,0
340524,1,1,0,0,0,0,0,0,0,0,0,0
340524,2,1,0,0,0,0,0,0,0,0,0,0
340524,3,1,0,0,0,0,0,0,0,0,0,0
340524,4,1,0,0,0,0,0,0,0,0,0,0
340525,1,1,17,17,17,17,17,17,17,17,17,17
340526,1,1,25,0,0,0,19,0,15,11,0,10
340526,2,1,10,10,10,10,10,10,10,10,10,10
340527,1,1,18,18,18,18,18,18,18,18,18,18
340528,1,1,0,0,0,0,0,0,9,0,7,0
340528,2,1,0,0,0,0,0,0,0,0,0,0
340530,1,1,0,0,0,0,0,0,0,0,0,0
340531,0,1,1,1,1,1,1,1,1,1,1,1
340531,1,1,0,0,0,0,0,0,0,0,0,0
340532,1,1,28,28,28,28,28,28,28,28,28,28
340533,0,1,0,0,0,0,0,0,0,0,0,0
340533,1,1,0,0,0,10,13,0,0,0,0,12
340534,0,1,0,0,0,0,0,0,0,0,0,0
340534,1,1,0,0,0,0,0,9,0,0,0,0
340535,1,1,7,7,7,7,7,7,7,7,7,7
340536,1,1,0,0,0,0,0,0,0,0,0,0
340536,2,1,0,0,0,0,0,0,0,0,0,0
340538,0,1,0,0,0,0,0,0,0,0,0,0
340538,2,1,0,0,0,0,0,0,0,0,0,0
340539,1,1,0,0,0,9,0,0,0,0,0,0
340539,2,1,0,0,0,0,0,0,0,0,0,0
340540,1,1,0,0,0,0,0,0,0,0,0,0
340540,2,1,0,0,0,11,0,0,0,0,0,0
340540,3,1,0,0,0,0,0,0,0,0,0,0
340541,1,1,0,0,0,0,0,0,0,0,0,0
340542,1,1,0,0,0,0,0,0,0,0,0,0
340543,1,1,0,0,0,0,0,0,0,0,0,0
340544,1,1,21,21,21,21,21,21,21,21,21,21
340544,2,1,0,0,0,0,2,0,0,0,0,0
340545,0,1,3,3,3,3,3,3,3,3,3,3
340545,1,1,0,0,0,0,0,0,0,0,0,0
340545,2,1,0,0,0,0,0,0,0,0,0,0
340546,1,1,11,11,11,11,11,11,11,11,11,11
340547,1,1,0,0,0,0,0,0,0,0,0,0
340549,1,1,0,0,0,0,0,0,0,0,0,0
340549,2,1,0,0,0,0,0,0,0,0,0,0
340550,1,1,0,0,0,31,0,0,0,12,0,0
340550,2,1,0,0,0,0,0,0,0,0,0,0
340552,0,1,0,0,0,0,0,0,0,0,0,0
340552,1,1,0,0,0,0,0,0,0,7,0,0
340553,0,1,22,22,22,22,22,22,22,22,22,22
340553,1,1,13,17,0,0,0,0,18,0,16,0
340554,1,1,0,0,0,0,0,0,0,0,0,0
340554,2,1,12,12,12,12,12,12,12,12,12,12
340555,0,1,0,0,0,0,14,25,5,0,0,0
340555,1,1,0,0,0,0,0,0,0,0,0,20
340556,1,1,0,0,0,0,0,0,0,0,0,0
340556,2,1,0,0,0,0,0,0,0,0,0,0
340557,1,1,0,0,0,0,0,0,0,0,0,0
340558,1,1,0,0,0,0,0,0,0,0,0,0
340559,1,1,0,0,0,0,25,0,0,0,0,22
340559,2,1,0,0,0,0,0,0,0,0,0,0
340560,0,1,0,0,0,0,0,0,0,0,0,0
340560,0,2,0,0,0,0,0,0,0,0,0,0
340560,1,1,0,0,33,0,13,18,0,0,0,0
340561,1,1,6,6,6,6,6,6,6,6,6,6
340561,2,1,0,0,0,0,0,0,0,0,0,0
340562,0,1,0,0,0,0,0,0,0,0,0,0
340562,1,1,25,0,0,23,0,0,3,27,0,0
340563,1,1,15,0,15,0,19,0,0,0,0,4
340563,2,1,0,0,0,0,0,0,0,0,0,0
340564,1,1,0,0,0,0,0,0,0,0,0,0
340564,2,1,0,0,0,0,0,0,0,0,0,0
340565,0,1,0,0,0,0,0,0,0,0,0,0
340565,1,1,0,0,0,0,0,0,0,0,0,0
340565,2,1,0,0,0,0,0,0,0,0,0,0
340566,0,1,0,0,0,0,0,0,0,0,0,0
340567,1,1,18,18,18,18,18,18,18,18,18,18
340568,1,1,0,0,0,0,0,0,0,0,0,0
340568,2,1,0,0,0,0,0,0,0,0,0,0
340568,3,1,0,0,0,0,0,0,0,0,0,0
340569,1,1,0,26,9,0,0,25,19,0,12,16
340570,1,1,0,0,0,0,0,0,0,0,0,0
340570,2,1,0,0,0,0,0,0,0,0,0,0
340571,1,1,0,0,0,0,0,0,0,0,0,20
340571,2,1,0,0,0,0,0,0,0,0,0,0
340572,0,1,0,0,0,0,0,0,0,0,0,0
340572,1,1,0,0,0,0,0,0,0,0,0,0
340573,0,1,41,41,41,41,41,41,41,41,41,41
340573,1,1,0,0,0,0,0,0,0,7,0,0
340574,1,1,15,0,0,0,0,0,20,0,0,20
340574,2,1,0,0,0,0,0,0,0,0,0,0
340575,1,1,9,9,9,9,9,9,9,9,9,9
340576,1,1,34,34,34,34,34,34,34,34,34,34
340577,0,1,0,0,0,0,0,0,0,0,0,0
340577,1,1,0,0,0,0,0,0,0,28,0,0
340579,0,1,0,0,0,0,0,0,0,0,0,0
340579,1,1,0,0,0,0,0,0,0,0,8,0
340580,1,1,0,0,0,0,0,0,0,0,0,0
340581,0,1,36,36,36,36,36,36,36,36,36,36
340581,1,1,0,0,0,0,0,0,0,0,0,0
340582,0,1,0,0,0,0,0,0,0,0,0,0
340582,1,1,0,0,0,0,0,0,0,0,0,0
340583,0,1,0,0,0,0,0,0,0,0,0,0
340583,1,1,12,12,12,12,12,12,12,12,12,12
340584,0,1,30,30,30,30,30,30,30,30,30,30
340584,1,1,26,24,14,0,0,0,0,0,25,25
340585,0,1,0,0,0,0,0,0,0,0,0,0
340586,0,1,13,13,13,13,13,13,13,13,13,13
340586,1,1,13,0,0,0,25,0,0,23,0,0
340587,1,1,0,0,0,0,0,0,0,0,0,0
340587,2,1,0,0,8,0,21,0,0,0,0,0
340588,0,1,28,28,28,28,28,28,28,28,28,28
340588,1,1,0,0,0,0,0,0,0,0,0,0
340589,0,1,0,0,0,0,0,0,0,0,0,0