ST_CASE,VEH_NO,PER_NO,P1,P2,P3,P4,P5,P6,P7,P8,P9,P10
340589,1,1,0,21,0,0,7,0,0,0,0,0
340590,0,1,0,0,0,0,0,0,0,0,0,0
340590,1,1,0,0,0,0,0,0,0,0,0,0
340591,1,1,0,0,0,0,12,15,0,0,0,0
340591,2,1,0,13,0,15,28,15,0,24,0,0
340592,1,1,0,0,0,0,0,0,18,0,0,24
340592,2,1,0,0,0,0,0,0,0,0,0,0
340593,1,1,21,21,21,21,21,21,21,21,21,21
340593,2,1,0,0,0,0,0,0,0,0,0,0
340594,1,1,0,0,0,0,0,0,0,0,16,14
340595,1,1,7,7,7,7,7,7,7,7,7,7
340596,0,1,6,6,6,6,6,6,6,6,6,6
340596,1,1,0,0,0,0,0,0,0,0,0,0
340597,1,1,2,2,2,2,2,2,2,2,2,2
340598,1,1,0,0,0,0,0,0,0,0,0,0
340598,2,1,0,0,9,0,0,0,0,0,0,16
340598,3,1,0,0,0,8,14,0,0,0,17,17
340599,1,1,0,0,0,0,0,0,0,0,0,0
340599,2,1,19,19,19,19,19,19,19,19,19,19
340601,0,1,44,44,44,44,44,44,44,44,44,44
340601,1,1,0,0,0,0,13,0,0,0,0,0
340602,1,1,0,0,0,0,0,0,0,8,0,0
340602,2,1,0,0,0,0,0,0,0,0,0,0
340602,3,1,0,0,0,0,0,0,0,0,0,0
340602,4,1,0,12,0,0,0,0,0,0,0,0
340603,1,1,0,0,0,0,0,0,0,0,0,0
340604,1,1,23,23,23,23,23,23,23,23,23,23
340605,1,1,0,0,0,0,0,0,0,0,0,0
340605,2,1,0,0,0,0,17,0,0,0,0,0
340606,0,1,0,0,0,0,0,0,0,0,0,0
340606,1,1,0,0,5,0,0,0,0,0,0,0
340607,0,1,0,0,0,0,0,0,0,0,0,0
340607,1,1,1,1,1,1,1,1,1,1,1,1
340608,0,1,0,0,0,0,0,0,0,0,0,0
340608,1,1,0,15,0,0,0,0,0,0,0,0
350001,1,1,0,0,0,0,0,0,0,0,0,0
350001,2,1,0,0,0,0,0,0,0,0,0,0
350002,1,1,0,0,0,0,0,0,0,0,0,0
350002,2,1,0,0,0,0,0,0,0,0,0,0
350002,3,1,0,0,0,0,0,0,0,0,0,0
350003,0,1,17,17,17,17,17,17,17,17,17,17
350003,1,1,16,16,16,16,16,16,16,16,16,16
350004,1,1,0,0,0,0,0,0,0,0,0,0
350005,1,1,0,0,0,0,0,0,0,0,0,0
350005,2,1,0,0,0,0,0,0,0,0,0,0
350006,1,1,0,0,0,0,0,0,0,0,0,0
350007,1,1,0,0,0,0,0,0,0,0,0,0
350008,1,1,0,0,0,0,0,0,0,0,0,0
350009,0,1,0,0,0,0,0,0,0,0,0,0
350009,0,2,0,0,0,0,0,0,0,0,0,0
350009,1,1,0,0,0,0,0,0,0,0,0,0
350010,1,1,4,4,4,4,4,4,4,4,4,4
350011,1,1,3,3,3,3,3,3,3,3,3,3
350012,1,1,0,0,0,0,0,0,0,0,0,0
350012,2,1,0,0,0,0,0,0,0,0,0,0
350013,1,1,0,0,0,0,0,0,0,0,0,0
350014,1,1,0,0,0,0,0,0,0,0,0,0
350015,1,1,23,38,16,30,34,25,28,29,6,31
350016,1,1,0,0,0,0,0,0,0,0,0,0
350017,1,1,0,0,0,0,0,0,0,0,0,0
350017,2,1,0,0,0,0,0,0,0,0,0,0
350018,1,1,35,35,35,35,35,35,35,35,35,35
350019,0,1,0,0,0,0,0,0,0,0,0,0
350019,0,2,0,12,0,13,0,0,0,0,0,0
350019,1,1,14,14,14,14,14,14,14,14,14,14
350019,3,1,0,0,0,4,0,0,12,0,6,0
350020,1,1,0,0,0,0,0,0,0,0,0,0
350021,0,1,0,0,0,0,0,0,0,0,0,0
350021,1,1,0,0,0,0,0,0,0,0,0,0
350022,1,1,0,0,0,0,0,0,0,0,0,0
350022,2,1,0,0,0,0,0,0,0,0,0,0
350025,1,1,0,0,0,0,0,0,0,0,0,0
350025,2,1,0,0,0,0,0,0,0,0,0,0
350026,1,1,0,0,0,0,0,0,0,0,0,0
350026,2,1,0,24,0,0,0,15,0,0,13,0
350027,1,1,0,0,0,0,0,0,0,0,0,0
350028,1,1,15,15,15,15,15,15,15,15,15,15
350028,2,1,0,0,0,0,0,0,0,0,0,0
350029,1,1,25,25,25,25,25,25,25,25,25,25
350030,0,1,18,18,18,18,18,18,18,18,18,18
350030,1,1,0,0,0,0,0,0,0,0,0,0
350031,1,1,13,13,13,13,13,13,13,13,13,13
350032,0,1,0,0,0,0,0,0,0,0,0,0
350032,1,1,0,0,0,0,0,0,0,0,0,0
350033,0,1,0,0,0,0,0,0,0,0,0,0
350033,1,1,0,0,0,0,0,0,0,0,0,0
350034,1,1,0,0,0,0,0,0,0,0,0,0
350035,1,1,0,0,0,0,0,0,0,0,0,0
350036,1,1,0,0,0,0,0,0,0,0,0,0
350037,1,1,20,20,20,20,20,20,20,20,20,20
350038,1,1,0,0,0,0,0,0,0,0,0,0
350038,2,1,0,0,0,0,0,0,0,0,0,0
350039,1,1,0,0,0,0,0,0,0,0,0,0
350040,1,1,0,0,0,0,0,0,0,0,0,0
350041,1,1,0,0,0,0,0,0,0,0,0,0
350042,1,1,0,0,0,0,0,0,0,0,0,0
350042,2,1,36,36,36,36,36,36,36,36,36,36
350043,0,1,23,23,23,23,23,23,23,23,23,23
350043,1,1,0,0,0,0,0,0,0,0,0,0
350044,1,1,0,0,0,0,0,0,0,0,0,0
350045,1,1,0,0,0,0,0,0,0,0,0,0
350045,2,1,0,0,0,0,0,0,0,0,0,0
350046,1,1,24,24,24,24,24,24,24,24,24,24
350047,1,1,0,0,0,0,0,0,0,0,0,0
350047,2,1,0,0,0,0,0,0,0,0,0,0
350048,1,1,0,0,0,0,0,0,0,0,0,0
350049,1,1,11,11,11,11,11,11,11,11,11,11
350049,2,1,0,0,0,0,0,0,0,0,0,0
350050,1,1,0,0,0,0,0,0,0,0,0,0
350050,2,1,0,0,0,0,0,0,0,0,0,0
350051,1,1,30,30,30,30,30,30,30,30,30,30
350051,2,1,0,0,0,0,0,0,0,0,0,0
350052,1,1,0,0,0,0,0,0,0,0,0,0
350053,1,1,32,32,32,32,32,32,32,32,32,32
350054,1,1,24,24,24,24,24,24,24,24,24,24
350055,1,1,0,0,0,0,0,0,0,0,0,0
350056,1,1,0,0,0,0,0,0,0,0,0,0
350056,2,1,0,0,0,0,0,0,0,0,0,0
350057,1,1,0,0,0,0,0,0,0,0,0,0
350058,0,1,0,0,0,0,0,0,0,0,0,0
350058,1,1,0,0,0,0,0,0,0,0,0,0
350058,2,1,0,0,0,0,0,0,0,0,0,0
350058,3,1,0,0,0,0,0,0,0,0,0,0
350058,4,1,0,0,0,0,0,0,0,0,0,0
350059,0,1,33,33,33,33,33,33,33,33,33,33
350059,1,1,0,0,0,0,0,0,0,0,0,0
350060,1,1,0,0,0,0,0,0,0,0,0,0
350060,2,1,0,0,0,0,0,0,0,0,0,0
350061,1,1,2,17,11,10,13,0,29,12,10,23
350061,2,1,0,0,0,0,0,0,0,0,0,0
350061,3,1,0,0,0,0,0,0,0,0,0,0
350062,1,1,0,10,29,15,10,25,15,39,14,23
350062,2,1,0,0,0,0,0,0,0,0,0,0
350063,1,1,0,0,0,0,0,0,0,0,0,0
350063,2,1,0,0,0,0,0,0,0,0,0,0
350064,1,1,22,28,11,26,9,28,29,22,16,12
350065,1,1,0,0,0,0,0,0,0,0,0,0
350065,2,1,0,0,0,0,0,0,0,0,0,0
350066,1,1,0,0,0,0,0,0,0,0,0,0
350067,0,1,17,17,17,17,17,17,17,17,17,17
350067,1,1,0,0,0,0,0,0,0,0,0,0
350067,2,1,0,0,0,0,0,0,0,0,0,0
350068,1,1,28,28,28,28,28,28,28,28,28,28
350069,1,1,0,0,0,0,0,0,0,0,0,0
350069,2,1,0,0,0,0,0,0,0,0,0,0
350070,1,1,18,18,18,18,18,18,18,18,18,18
350071,1,1,0,0,0,0,0,0,0,0,0,0
350072,1,1,20,20,20,20,20,20,20,20,20,20
350073,1,1,25,25,25,25,25,25,25,25,25,25
350074,1,1,0,0,0,0,0,0,0,0,0,0
350075,1,1,0,0,0,0,0,0,0,0,0,0
350075,2,1,0,0,0,0,0,0,0,0,0,0
350076,1,1,17,17,17,17,17,17,17,17,17,17
350077,0,1,0,0,0,0,0,0,0,0,0,0
350077,3,1,0,0,0,0,0,0,0,0,0,0
350078,1,1,0,0,0,0,0,0,0,0,0,0
350078,2,1,0,0,0,0,0,0,0,0,0,0
350079,0,1,27,27,27,27,27,27,27,27,27,27
350079,1,1,0,0,0,0,0,0,0,0,0,0
350080,1,1,0,0,0,0,0,0,0,0,0,0
350081,1,1,0,0,0,0,0,0,0,0,0,0
350082,1,1,9,16,20,19,18,37,9,25,19,14
350082,2,1,1,1,1,1,1,1,1,1,1,1
350082,3,1,0,0,0,0,0,0,0,0,0,0
350083,1,1,0,0,0,0,0,0,0,0,0,0
350084,1,1,6,6,6,6,6,6,6,6,6,6
350085,1,1,0,0,0,0,0,0,0,0,0,0
350086,1,1,0,0,0,0,0,0,0,0,0,0
350087,1,1,0,0,0,0,0,0,0,0,0,0
350087,2,1,0,0,0,0,0,0,0,0,0,0
350088,1,1,26,26,26,26,26,26,26,26,26,26
350089,1,1,4,4,4,4,4,4,4,4,4,4
350090,1,1,19,15,15,12,28,17,19,22,28,7
350091,1,1,0,0,0,0,0,0,0,0,0,0
350092,1,1,0,0,0,0,0,0,0,0,0,0
350092,2,1,0,0,0,0,0,0,0,0,0,0
350093,1,1,0,0,0,0,0,0,0,0,0,0
350093,2,1,0,0,0,0,0,0,0,0,0,0
350094,1,1,0,0,0,0,0,0,0,0,0,0
350094,2,1,0,0,0,0,0,0,0,0,0,0
350095,1,1,0,0,0,0,0,0,0,0,0,0
350095,2,1,0,0,0,0,0,0,0,0,0,0
350096,1,1,0,0,0,0,0,0,0,0,0,0
350097,0,1,0,0,0,0,0,0,0,0,0,0
350097,1,1,0,0,0,0,0,0,0,0,0,0
350098,0,1,0,0,0,0,0,0,0,0,0,0
350098,1,1,0,0,0,0,0,0,0,0,0,0
350099,1,1,0,0,0,0,0,0,0,0,0,0
350100,1,1,0,0,0,0,0,0,0,0,0,0
350101,1,1,0,0,0,0,0,0,0,0,0,0
350102,1,1,0,0,0,0,0,0,0,0,0,0
350103,1,1,0,0,0,0,0,0,0,0,0,0
350103,2,1,0,0,0,0,0,0,0,0,0,0
350104,1,1,16,18,12,20,16,12,7,12,7,19
350105,0,1,25,9,16,18,0,17,4,0,16,26
350105,1,1,0,0,0,0,0,0,0,0,0,0
350106,1,1,0,0,0,0,0,0,0,0,0,0
350107,1,1,0,0,0,0,0,0,0,0,0,0
350107,2,1,0,0,0,0,0,0,0,0,0,0
350108,1,1,23,23,23,23,23,23,23,23,23,23
350109,1,1,0,0,0,0,0,0,0,0,0,0
350109,2,1,0,0,0,0,0,0,0,0,0,0
350110,1,1,22,22,22,22,22,22,22,22,22,22
350111,1,1,0,0,0,0,0,0,0,0,0,0
350112,1,1,0,0,0,0,0,0,0,0,0,0
350113,1,1,21,21,21,21,21,21,21,21,21,21
350114,1,1,33,29,13,23,11,24,34,20,26,19
350115,1,1,0,0,0,0,0,0,0,0,0,0
350116,1,1,12,16,13,12,11,9,17,18,14,9
350117,1,1,21,21,21,21,21,21,21,21,21,21
350118,1,1,23,37,20,30,29,27,7,11,23,22
350119,0,1,0,0,0,0,0,0,0,0,0,0
350119,1,1,0,0,0,0,0,0,0,0,0,0
350120,0,1,0,0,0,0,0,0,0,0,0,0
350120,1,1,0,0,0,0,0,0,0,0,0,0
350121,1,1,0,0,0,0,0,0,0,0,0,0
350121,2,1,0,0,0,0,0,0,0,0,0,0
350123,1,1,0,0,0,0,0,0,0,0,0,0
350124,1,1,0,0,0,0,0,0,0,0,0,0
350124,2,1,0,0,0,0,0,0,0,0,0,0
350125,1,1,31,31,31,31,31,31,31,31,31,31
350126,1,1,0,0,0,0,0,0,0,0,0,0
350128,1,1,15,25,12,33,27,0,21,18,17,17
350129,1,1,15,20,31,18,18,16,17,22,26,21
350130,1,1,0,0,0,0,0,0,0,0,0,0
350131,1,1,8,8,8,8,8,8,8,8,8,8
350131,2,1,5,21,19,5,11,0,0,0,11,0
350132,1,1,0,0,0,0,0,0,0,0,0,0
350132,2,1,0,0,0,0,0,0,0,0,0,0
350132,3,1,0,0,0,0,0,0,0,0,0,0
350133,1,1,0,0,0,0,0,0,0,0,0,0
350133,2,1,0,0,0,0,0,0,0,0,0,0
350134,1,1,5,5,5,5,5,5,5,5,5,5
350135,1,1,24,30,10,9,15,17,26,9,18,0
350136,1,1,0,0,0,0,0,0,0,0,0,0
350137,0,1,17,17,17,17,17,17,17,17,17,17
350137,1,1,0,0,0,0,0,0,0,0,0,0
350138,1,1,0,0,0,0,0,0,0,0,0,0
350138,2,1,0,0,0,0,0,0,0,0,0,0
350139,1,1,0,0,0,0,0,0,0,0,0,0
350139,2,1,0,0,0,0,0,0,0,0,0,0
350140,0,1,22,32,27,4,4,22,24,21,11,35
350140,1,1,0,0,0,0,0,0,0,0,0,0
350141,1,1,0,0,0,0,0,0,0,0,0,0
350141,2,1,0,0,0,0,0,0,0,0,0,0
350142,1,1,0,0,0,0,0,0,0,0,0,0
350143,1,1,13,13,13,13,13,13,13,13,13,13
350144,1,1,28,11,25,17,23,17,19,20,19,25
350145,1,1,0,0,0,0,0,0,0,0,0,0
350145,2,1,0,0,0,0,0,0,0,0,0,0
350146,1,1,14,14,14,14,14,14,14,14,14,14
350147,1,1,19,19,19,19,19,19,19,19,19,19
350149,1,1,0,0,0,0,0,0,0,0,0,0
350150,1,1,0,0,0,0,0,0,0,0,0,0
350150,2,1,0,0,0,0,0,0,0,0,0,0
350151,1,1,25,21,18,23,20,0,0,19,9,18
350151,2,1,0,0,0,0,0,0,0,0,0,0
350152,1,1,0,0,0,0,0,0,0,0,0,0
350153,1,1,0,0,0,0,0,0,0,0,0,0
350153,2,1,0,0,0,0,0,0,0,0,0,0
350154,1,1,0,0,0,0,0,0,0,0,0,0
350154,2,1,0,0,0,0,0,0,0,0,0,0
350155,1,1,9,6,30,19,9,0,22,4,15,31
350156,0,1,0,0,0,0,0,0,0,0,0,0
350156,1,1,0,0,0,0,0,0,0,0,0,0
350157,0,1,0,0,0,0,0,0,0,0,0,0
350157,1,1,0,0,0,0,0,0,0,0,0,0
350158,1,1,0,0,0,0,0,0,0,0,0,0
350159,1,1,0,0,0,0,0,0,0,0,0,0
350160,1,1,0,0,0,0,0,0,0,0,0,0
350161,1,1,0,0,0,0,0,0,0,0,0,0
350161,2,1,0,0,0,0,0,0,0,0,0,0
350162,1,1,26,26,26,26,26,26,26,26,26,26
350163,1,1,10,19,24,14,0,8,0,10,18,5
350164,1,1,20,12,0,12,20,18,12,16,20,19
350165,1,1,0,0,0,0,0,0,0,0,0,0
350166,1,1,0,0,0,0,0,0,0,0,0,0
350167,1,1,21,21,21,21,21,21,21,21,21,21
350168,1,1,0,0,0,0,0,0,0,0,0,0
350169,1,1,29,29,29,29,29,29,29,29,29,29
350170,1,1,0,0,0,0,0,0,0,0,0,0
350171,1,1,0,0,0,0,0,0,0,0,0,0
350171,2,1,0,0,0,0,0,0,0,0,0,0
350172,0,1,0,0,0,0,0,0,0,0,0,0
350172,1,1,0,0,0,0,0,0,0,0,0,0
350173,1,1,0,0,0,0,0,0,0,0,0,0
350174,1,1,20,15,15,21,14,7,17,8,11,30
350175,0,1,0,0,0,0,0,0,0,0,0,0
350175,1,1,0,0,0,0,0,0,0,0,0,0
350176,1,1,0,0,0,0,0,0,0,0,0,0
350177,1,1,26,26,26,26,26,26,26,26,26,26
350178,1,1,0,0,0,0,0,0,0,0,0,0
350179,1,1,0,0,0,0,0,0,0,0,0,0
350180,1,1,0,0,0,0,0,0,0,0,0,0
350181,1,1,0,0,0,0,0,0,0,0,0,0
350182,1,1,0,0,0,0,0,0,0,0,0,0
350183,1,1,0,0,0,0,0,0,0,0,0,0
350183,2,1,0,0,0,0,0,0,0,0,0,0
350184,1,1,0,0,0,0,0,0,0,0,0,0
350185,1,1,0,0,0,0,0,0,0,0,0,0
350185,2,1,0,0,0,0,0,0,0,0,0,0
350186,1,1,0,0,0,0,0,0,0,0,0,0
350187,1,1,0,0,0,0,0,0,0,0,0,0
350187,2,1,0,0,0,0,0,0,0,0,0,0
350188,1,1,0,0,0,0,0,0,0,0,0,0
350189,1,1,8,6,10,27,22,23,10,12,10,22
350190,0,1,8,8,8,8,8,8,8,8,8,8
350190,1,1,0,0,0,0,0,0,0,0,0,0
350191,1,1,0,0,0,0,0,0,0,0,0,0
350191,2,1,0,0,0,0,0,0,0,0,0,0
350192,1,1,0,0,0,0,0,0,0,0,0,0
350192,2,1,0,0,0,0,0,0,0,0,0,0
350193,1,1,0,0,0,0,0,0,0,0,0,0
350194,1,1,0,21,12,30,15,23,17,21,30,22
350195,1,1,0,0,0,0,0,0,0,0,0,0
350196,1,1,0,0,0,0,0,0,0,0,0,0
350197,1,1,0,0,0,0,0,0,0,0,0,0
350198,1,1,0,15,17,6,0,17,0,17,9,0
350198,2,1,0,0,0,0,0,0,0,0,0,0
350199,1,1,0,0,0,0,0,0,0,0,0,0
350199,2,1,20,18,2,0,3,0,7,15,27,23
350199,3,1,0,0,0,0,0,0,0,0,0,0
350200,0,1,0,0,0,0,0,0,0,0,0,0
350200,0,2,0,0,0,0,0,0,0,0,0,0
350200,0,3,0,0,0,0,0,0,0,0,0,0
350200,1,1,0,0,0,0,0,0,0,0,0,0
350200,2,1,0,0,0,0,0,0,0,0,0,0
350201,1,1,0,0,0,0,0,0,0,0,0,0
350202,1,1,0,0,0,0,0,0,0,0,0,0
350203,1,1,0,0,0,0,0,0,0,0,0,0
350204,1,1,0,0,0,0,0,0,0,0,0,0
350204,2,1,0,0,0,0,0,0,0,0,0,0
350205,1,1,12,12,12,12,12,12,12,12,12,12
350205,2,1,0,0,0,0,0,0,0,0,0,0
350206,1,1,0,0,0,0,0,0,0,0,0,0
350206,2,1,0,0,0,0,0,0,0,0,0,0
350207,1,1,0,0,0,0,0,0,0,0,0,0
350208,1,1,15,11,20,28,0,17,4,12,33,17
350209,1,1,0,0,0,0,0,0,0,0,0,0
350209,2,1,0,0,0,0,0,0,0,0,0,0
350210,1,1,11,11,11,11,11,11,11,11,11,11
350211,2,1,0,0,0,0,0,0,0,0,0,0
350212,1,1,0,0,0,0,0,0,0,0,0,0
350213,0,1,0,0,0,0,0,0,0,0,0,0
350213,1,1,9,4,16,22,7,14,13,11,12,6
350214,0,1,0,0,0,0,0,0,0,0,0,0
350214,1,1,0,0,0,0,0,0,0,0,0,0
350215,1,1,0,0,0,0,0,0,0,0,0,0
350215,2,1,0,0,0,0,0,0,0,0,0,0
350216,1,1,22,23,35,11,0,19,34,0,28,17
350216,2,1,0,0,0,0,0,0,0,0,0,0
350217,1,1,0,0,0,0,0,0,0,0,0,0
350218,0,1,22,16,25,15,22,0,19,20,34,11
350218,1,1,0,0,0,0,0,0,0,0,0,0
350219,1,1,22,20,19,8,17,12,20,31,23,17
350220,1,1,0,0,0,0,0,0,0,0,0,0
350220,2,1,0,0,0,0,0,0,0,0,0,0
350221,1,1,0,0,0,0,0,0,0,0,0,0
350221,2,1,0,0,0,0,0,0,0,0,0,0
350222,1,1,8,12,20,8,11,11,21,5,18,10
350223,1,1,0,0,0,0,0,0,0,0,0,0
350224,1,1,0,0,0,0,0,0,0,0,0,0
350225,1,1,8,18,3,29,19,2,9,0,2,17
350226,1,1,0,0,0,0,0,0,0,0,0,0
350226,2,1,0,0,6,13,11,5,14,5,22,10
350227,1,1,0,0,0,0,0,0,0,0,0,0
350227,2,1,0,0,0,0,0,0,0,0,0,0
350228,1,1,0,0,0,0,0,0,0,0,0,0
350228,2,1,0,0,0,0,0,0,0,0,0,0
350229,1,1,9,0,8,10,10,0,0,17,7,4
350229,2,1,0,0,0,0,0,0,0,0,0,0
350229,3,1,0,0,0,0,0,0,0,0,0,0
350230,1,1,0,0,0,0,0,0,0,0,0,0
350231,1,1,37,7,32,18,25,23,22,22,23,37
350232,1,1,13,34,35,6,25,8,5,36,14,34
350233,1,1,29,27,14,16,6,9,16,19,24,15
350234,1,1,12,11,41,9,13,12,11,0,10,10
350234,2,1,0,0,0,0,0,0,0,0,0,0
350234,3,1,0,0,0,0,0,0,0,0,0,0
350234,4,1,0,0,0,0,0,0,0,0,0,0
350235,1,1,0,0,0,0,0,0,0,0,0,0
350235,2,1,0,0,0,0,0,0,0,0,0,0
350236,1,1,0,0,0,0,0,0,0,0,0,0
350236,2,1,0,0,0,0,0,0,0,0,0,0
350237,1,1,0,0,0,0,0,0,0,2,0,0
350238,1,1,0,0,0,0,0,0,0,0,0,0
350239,1,1,0,12,38,24,20,25,6,20,0,15
350240,1,1,29,15,32,17,27,17,21,13,11,16
350241,0,1,8,22,22,26,8,17,26,24,20,24
350241,1,1,0,0,0,0,0,0,0,0,0,0
350242,1,1,0,0,0,0,0,0,0,0,0,0
350243,1,1,0,0,0,0,0,0,0,0,0,0
350243,2,1,0,0,0,0,0,0,0,0,0,0
350244,0,1,27,29,17,21,25,21,16,11,27,11
350244,1,1,0,0,0,0,0,0,0,0,0,0
350244,2,1,0,0,0,0,0,0,0,0,0,0
350244,3,1,0,0,0,0,0,0,0,0,0,0
350245,1,1,0,0,0,0,0,0,0,0,0,0
350246,1,1,17,22,9,22,15,11,5,7,17,11
350247,1,1,10,29,7,30,8,10,31,12,20,18
350248,1,1,18,15,22,23,24,12,19,28,12,6
350249,1,1,25,14,0,24,9,8,26,3,8,23
350250,1,1,0,0,0,0,0,0,0,0,0,0
350251,1,1,10,10,10,10,10,10,10,10,10,10
350252,1,1,18,9,15,0,0,20,11,0,9,15
350252,2,1,0,0,0,0,0,0,0,0,0,0
350253,1,1,0,0,0,0,0,0,0,0,0,0
350253,2,1,0,0,0,0,0,0,0,0,0,0
350254,1,1,0,0,0,0,0,0,0,0,0,0
350254,2,1,0,0,0,0,0,0,0,0,0,0
350254,3,1,0,0,0,0,0,0,0,0,0,0
350254,4,1,0,0,0,0,0,0,0,0,0,0
350255,0,1,0,0,0,0,0,0,0,0,0,0
350255,1,1,0,0,0,0,0,0,0,0,0,0
350256,1,1,0,0,0,0,0,0,0,0,0,0
350257,1,1,0,0,0,0,0,0,0,0,0,0
350257,2,1,0,0,0,0,0,0,0,0,0,0
350258,1,1,0,0,0,0,0,0,0,0,0,0
350259,0,1,0,0,0,0,0,0,0,0,0,0
350259,1,1,0,0,0,0,0,0,0,0,0,0
350260,1,1,8,8,8,8,8,8,8,8,8,8
350260,2,1,0,0,0,0,0,0,0,0,0,0
350261,0,1,0,0,0,0,0,0,0,0,0,0
350261,1,1,0,0,0,0,0,0,0,0,0,0
350262,1,1,15,15,12,20,6,13,13,0,6,17
350263,0,1,0,0,0,0,0,0,0,0,0,0
350263,0,2,0,0,0,0,0,0,0,0,0,16
350263,3,1,0,0,0,0,0,0,0,0,0,0
350264,0,1,0,0,0,0,0,0,0,0,0,0
350264,0,2,0,0,0,0,0,0,0,0,0,0
350264,1,1,0,0,0,0,0,0,0,0,0,0
350265,0,1,0,0,0,0,0,0,0,0,0,0
350265,0,2,0,33,0,0,0,0,0,0,0,0
350265,1,1,0,0,0,0,0,0,0,0,0,0
350266,1,1,0,0,15,0,0,9,3,7,3,0
350266,2,1,0,0,0,0,0,0,0,0,0,0
350266,3,1,0,0,0,0,0,0,0,0,0,0
350267,1,1,0,0,0,0,0,0,0,0,0,0
350268,1,1,0,0,0,0,0,0,0,0,0,0
350269,1,1,24,20,26,13,20,7,20,13,16,6
350270,1,1,9,23,7,13,27,14,25,9,15,16
350271,1,1,28,14,20,14,22,17,5,15,0,10
350272,0,1,5,20,0,21,30,15,12,19,35,43
350272,1,1,0,0,0,0,0,0,0,0,0,0
350273,1,1,25,23,20,23,13,13,30,27,23,15
350274,1,1,27,27,27,27,27,27,27,27,27,27
350275,1,1,0,0,0,0,0,0,0,0,0,0
350276,1,1,7,12,11,0,12,20,17,0,22,15
350277,1,1,9,9,16,21,17,5,18,11,34,7
350278,1,1,9,0,0,21,4,0,3,25,16,10
350279,1,1,25,12,24,49,23,12,4,27,32,0
350280,1,1,0,0,0,0,0,0,0,0,0,0
350281,1,1,0,0,0,0,0,0,0,0,0,0
350281,2,1,21,21,21,21,21,21,21,21,21,21
350282,1,1,0,0,0,0,0,0,0,0,0,0
350282,2,1,0,0,0,0,0,0,0,0,0,0
350283,1,1,0,0,0,0,0,0,0,0,0,0
350283,2,1,0,0,0,0,0,0,0,0,0,0
350284,1,1,0,0,0,0,0,0,0,0,0,0
350284,2,1,0,0,0,0,0,0,0,0,0,0
350285,0,1,0,0,0,0,0,0,0,0,0,0
350286,1,1,17,13,0,29,12,27,5,0,14,22
350286,2,1,0,0,0,0,0,0,0,0,0,0
350287,1,1,0,0,0,0,0,0,0,0,0,0
350287,2,1,0,0,0,0,0,0,0,0,0,0
350288,1,1,0,0,0,0,0,0,0,0,0,0
350288,2,1,0,0,0,0,0,0,0,0,0,0
350289,1,1,0,0,0,0,0,0,0,0,0,0
350291,0,1,17,17,17,17,17,17,17,17,17,17
350291,1,1,0,0,0,0,0,0,0,0,0,0
350292,0,1,0,0,0,0,0,0,0,0,0,0
350292,0,2,0,0,0,0,0,0,0,0,0,0
350292,0,3,0,0,0,0,0,0,0,0,0,0
350292,1,1,0,0,0,0,0,0,0,0,0,0
350292,2,1,0,0,0,0,0,0,0,0,0,0
350293,0,1,17,17,17,17,17,17,17,17,17,17
350293,1,1,0,0,0,0,0,0,0,0,0,0
350294,1,1,0,0,0,0,0,0,0,0,0,0
350295,1,1,12,12,12,12,12,12,12,12,12,12
350295,2,1,0,0,0,0,0,0,0,0,0,0
350295,3,1,0,0,0,0,0,0,0,0,0,0
350296,1,1,0,0,0,0,0,0,0,0,0,0
350297,1,1,0,0,0,0,0,0,0,0,0,0
350298,1,1,11,11,11,11,11,11,11,11,11,11
350299,0,1,0,0,0,0,0,0,0,0,0,0
350299,1,1,0,0,0,0,0,0,0,0,0,0
350300,0,1,17,17,17,17,17,17,17,17,17,17
350300,1,1,0,0,0,0,0,0,0,0,0,0
350301,1,1,0,0,0,0,0,0,0,0,0,0
350301,2,1,0,0,0,0,0,0,0,0,0,0
350302,1,1,54,54,54,54,54,54,54,54,54,54
350303,1,1,0,0,0,0,0,0,0,0,0,0
350304,1,1,0,0,0,0,0,0,0,0,0,0
350304,2,1,0,0,0,0,0,0,0,0,0,0
350305,1,1,10,10,10,10,10,10,10,10,10,10
350306,1,1,0,0,0,0,0,0,0,0,0,0
350307,1,1,9,13,8,0,23,21,17,17,13,24
350308,1,1,11,11,11,11,11,11,11,11,11,11
350309,1,1,0,0,6,0,0,18,14,11,0,10
350310,1,1,0,0,0,0,0,0,0,0,0,0
350310,2,1,0,0,0,0,0,0,0,0,0,0
350312,1,1,0,0,0,0,0,0,0,0,0,0
360001,1,1,0,0,0,0,0,0,0,0,0,0
360002,0,1,18,18,18,18,18,18,18,18,18,18
360002,1,1,0,0,6,0,0,0,0,0,0,0
360003,1,1,18,18,18,18,18,18,18,18,18,18
360004,1,1,0,0,0,0,0,0,0,0,0,0
360005,1,1,2,2,2,2,2,2,2,2,2,2
360006,1,1,23,23,23,23,23,23,23,23,23,23
360007,1,1,25,25,25,25,25,25,25,25,25,25