ST_CASE,VEH_NO,PER_NO,P1,P2,P3,P4,P5,P6,P7,P8,P9,P10
360598,1,1,0,0,0,0,0,0,0,0,0,0
360599,1,1,0,0,0,0,0,0,0,0,0,0
360600,0,1,22,26,26,36,26,34,30,17,26,9
360600,1,1,17,0,0,0,19,9,20,0,20,0
360601,1,1,11,14,16,0,21,0,6,0,7,20
360602,1,1,0,9,8,0,0,0,0,0,0,0
360602,2,1,0,0,0,0,0,0,0,0,0,0
360603,0,1,0,0,0,0,0,0,0,0,27,31
360603,1,1,0,0,0,0,0,0,0,0,8,0
360604,0,1,0,0,0,0,0,0,0,0,0,0
360604,1,1,0,0,0,0,0,0,0,0,0,0
360605,1,1,0,0,0,0,0,0,0,0,0,0
360606,1,1,17,0,0,0,0,0,0,0,0,21
360607,1,1,0,0,0,0,3,0,8,0,0,12
360608,0,1,0,0,0,0,0,0,0,0,0,0
360608,1,1,0,19,0,0,27,0,0,0,0,0
360609,1,1,0,0,0,0,0,0,0,0,0,0
360609,2,1,0,0,0,0,0,0,0,0,0,0
360610,1,1,0,0,0,0,0,0,0,0,0,0
360611,1,1,0,0,0,0,0,0,0,0,0,0
360611,2,1,1,1,1,1,1,1,1,1,1,1
360612,1,1,17,17,0,4,0,30,11,30,17,0
360613,1,1,0,0,0,0,0,0,0,0,0,0
360614,1,1,9,9,9,9,9,9,9,9,9,9
360614,2,1,0,0,0,0,0,0,0,0,0,0
360615,1,1,0,0,0,0,0,24,6,0,0,10
360616,1,1,0,0,0,0,0,0,0,0,0,0
360617,1,1,0,0,0,0,0,0,0,0,0,0
360617,2,1,0,0,0,0,0,0,0,0,0,0
360617,3,1,24,0,0,0,0,0,0,0,0,0
360618,1,1,21,21,21,21,21,21,21,21,21,21
360618,2,1,0,0,0,0,0,20,19,0,0,0
360619,0,1,0,0,4,0,0,0,0,0,0,0
360619,1,1,0,0,0,0,0,0,0,0,0,0
360620,1,1,26,11,8,21,3,13,9,0,0,13
360620,2,1,0,7,5,0,0,0,0,0,0,0
360621,0,1,0,0,0,0,0,0,0,0,0,0
360621,1,1,0,0,0,9,0,14,0,0,23,11
360622,1,1,11,11,11,11,11,11,11,11,11,11
360622,2,1,0,17,6,0,17,23,10,21,0,0
360623,1,1,0,0,0,0,0,0,0,0,0,0
360624,0,1,0,0,0,0,10,0,0,0,0,0
360624,1,1,0,0,0,0,0,4,0,19,22,0
360625,1,1,0,0,0,0,0,0,0,0,0,0
360626,0,1,0,0,0,0,0,0,0,0,0,0
360626,1,1,0,0,0,6,0,0,0,0,0,0
360627,1,1,0,0,0,0,0,10,0,0,7,0
360628,0,1,10,0,17,0,16,0,19,14,18,0
360628,1,1,0,0,19,8,0,0,13,0,0,0
360629,1,1,9,14,6,7,0,19,30,5,15,12
360630,1,1,16,0,28,0,0,23,0,23,30,9
360631,1,1,13,13,13,13,13,13,13,13,13,13
360632,1,1,0,0,0,0,0,0,0,0,0,0
360632,2,1,0,0,27,0,0,0,0,0,0,13
360633,0,1,0,0,0,0,0,0,0,0,0,0
360633,1,1,0,0,0,0,0,0,0,0,0,0
360634,0,1,0,0,0,0,0,0,0,0,0,0
360634,1,1,0,0,0,0,0,0,0,0,0,0
360635,1,1,0,0,0,0,0,0,0,0,0,0
360635,2,1,0,0,0,0,0,0,0,0,0,0
360636,1,1,11,0,0,0,0,10,0,0,0,0
360636,2,1,0,12,0,0,0,0,0,0,0,0
360637,1,1,0,0,0,0,0,0,0,0,0,0
360637,2,1,0,0,0,0,0,0,0,0,0,0
360638,1,1,18,0,27,0,0,23,0,0,0,0
360638,2,1,12,22,15,0,0,11,0,0,0,18
360639,1,1,0,0,0,0,0,0,0,0,0,0
360640,1,1,0,0,0,0,0,0,0,0,0,0
360640,2,1,0,0,0,0,0,0,0,0,0,0
360641,1,1,0,0,0,0,0,0,0,0,0,0
360642,0,1,28,28,28,28,28,28,28,28,28,28
360642,1,1,0,0,0,13,0,0,0,0,0,0
360643,1,1,0,0,0,0,0,0,0,0,0,0
360643,2,1,0,0,0,0,0,0,0,0,9,0
360644,1,1,0,0,0,0,0,0,0,5,0,0
360644,2,1,0,0,0,0,0,0,0,0,0,0
360645,1,1,14,14,14,14,14,14,14,14,14,14
360646,1,1,0,0,4,10,0,5,0,0,11,0
360647,1,1,6,0,0,0,0,0,0,0,0,0
360648,0,1,0,0,0,0,0,0,0,0,0,0
360648,1,1,0,0,0,0,0,0,0,0,0,0
360649,1,1,12,12,12,12,12,12,12,12,12,12
360650,1,1,0,0,0,0,0,0,0,0,0,0
360650,2,1,0,0,0,20,0,0,0,0,0,0
360650,3,1,0,21,12,16,0,13,16,17,0,0
360651,1,1,25,25,25,25,25,25,25,25,25,25
360651,2,1,0,26,0,7,21,0,11,0,10,0
360652,0,1,26,26,26,26,26,26,26,26,26,26
360652,1,1,0,0,0,0,0,0,0,0,0,0
360653,1,1,37,15,8,5,17,17,25,3,13,15
360653,2,1,0,0,0,0,0,0,0,0,0,0
360654,0,1,0,0,0,0,0,0,0,0,0,0
360654,1,1,0,0,0,0,0,0,0,0,0,0
360655,0,1,0,0,0,0,0,0,0,0,0,0
360655,1,1,0,0,11,20,0,19,14,0,0,0
360656,1,1,3,3,3,3,3,3,3,3,3,3
360656,2,1,0,0,0,30,14,0,0,20,0,0
360657,1,1,0,11,0,8,12,0,0,0,0,0
360657,2,1,0,0,0,0,0,0,0,0,0,0
360658,1,1,0,0,0,0,0,0,0,0,0,0
360658,2,1,0,0,0,0,0,0,0,0,0,0
360658,3,1,0,0,0,0,0,0,0,0,0,0
360659,1,1,0,0,0,0,12,0,0,0,0,0
360659,2,1,0,0,0,0,0,0,0,0,0,0
360660,1,1,0,0,0,0,0,0,0,0,0,0
360660,2,1,0,0,0,0,0,0,0,0,0,0
360661,0,1,5,5,5,5,5,5,5,5,5,5
360661,1,1,20,8,17,15,20,18,20,13,18,22
360662,1,1,0,0,0,0,0,0,0,0,0,0
360663,1,1,4,0,0,0,0,0,11,0,0,0
360664,1,1,13,13,13,13,13,13,13,13,13,13
360665,1,1,28,28,28,28,28,28,28,28,28,28
360666,0,1,30,30,30,30,30,30,30,30,30,30
360666,1,1,0,0,0,0,0,0,0,0,29,0
360667,1,1,0,0,0,0,14,0,0,0,0,0
360667,2,1,0,0,0,0,0,0,0,0,0,0
360668,1,1,5,12,3,18,10,0,7,13,13,18
360669,1,1,0,0,0,0,0,0,0,0,0,0
360670,1,1,0,0,0,0,0,0,0,0,0,0
360670,2,1,0,0,0,0,0,0,0,0,0,0
360671,0,1,0,0,0,0,0,0,10,0,0,0
360671,1,1,0,0,0,0,0,0,0,0,0,0
360672,1,1,0,0,0,0,0,0,0,0,0,0
360672,2,1,0,0,0,0,0,0,0,0,0,0
360673,1,1,0,0,0,0,0,0,0,8,0,0
360673,2,1,0,0,0,0,0,0,8,0,0,0
360674,1,1,14,14,14,14,14,14,14,14,14,14
360675,1,1,0,0,0,0,0,0,0,0,0,0
360675,2,1,0,28,0,0,0,0,0,0,0,0
360676,0,1,24,24,24,24,24,24,24,24,24,24
360676,1,1,0,0,0,0,0,28,0,25,0,26
360677,0,1,0,0,0,0,0,0,0,0,0,0
360677,1,1,0,0,0,16,0,0,0,0,0,0
360678,1,1,0,0,0,0,0,0,0,0,0,0
360678,2,1,0,0,22,24,0,0,0,0,22,0
360679,0,1,0,0,0,0,0,0,0,0,0,0
360679,1,1,0,0,0,0,0,0,0,0,0,0
360679,2,1,0,0,0,0,0,0,0,0,0,0
360680,1,1,16,16,16,16,16,16,16,16,16,16
360681,1,1,1,1,1,1,1,1,1,1,1,1
360682,1,1,20,20,20,20,20,20,20,20,20,20
360683,0,1,33,33,33,33,33,33,33,33,33,33
360683,1,1,0,18,0,0,0,16,0,0,0,0
360684,1,1,0,0,0,0,0,0,0,0,0,0
360685,1,1,0,0,0,0,0,0,0,0,0,0
360685,2,1,16,16,16,16,16,16,16,16,16,16
360685,3,1,0,17,0,0,0,29,15,0,24,13
360686,1,1,19,19,19,19,19,19,19,19,19,19
360687,1,1,3,3,3,3,3,3,3,3,3,3
360688,1,1,22,22,22,22,22,22,22,22,22,22
360689,0,1,0,0,0,0,0,0,0,0,0,0
360689,1,1,15,14,23,22,16,12,15,12,12,10
360690,1,1,21,0,0,0,0,0,0,0,0,0
360690,2,1,0,0,0,0,34,0,0,0,15,0
360691,1,1,0,0,0,0,0,0,0,6,0,0
360691,2,1,0,0,0,0,0,0,0,0,0,0
360692,1,1,0,20,13,0,0,0,29,0,0,0
360692,2,1,0,0,0,0,0,0,0,0,0,0
360693,1,1,0,0,0,0,0,0,0,0,0,0
360694,0,1,0,0,0,0,0,0,0,0,0,0
360694,1,1,0,0,0,0,0,0,0,0,0,0
360695,1,1,17,20,3,13,24,5,9,20,0,5
360696,1,1,0,0,0,0,0,0,0,0,0,0
360696,2,1,0,0,0,0,0,0,0,0,0,0
360697,0,1,0,0,0,0,0,0,0,0,0,0
360697,1,1,0,0,0,0,0,0,0,0,0,0
360698,1,1,21,21,21,21,21,21,21,21,21,21
360699,1,1,0,0,0,0,0,0,0,0,0,0
360700,1,1,0,0,0,0,0,0,0,0,0,0
360700,2,1,0,0,0,0,0,0,0,14,0,0
360701,1,1,0,0,11,0,0,0,0,0,0,0
360702,0,1,10,10,10,10,10,10,10,10,10,10
360702,1,1,4,27,0,14,18,0,5,8,13,0
360703,1,1,0,0,0,0,0,0,0,0,0,0
360704,0,1,24,24,24,24,24,24,24,24,24,24
360704,1,1,0,0,0,0,0,15,0,17,0,0
360705,0,1,0,0,0,0,0,0,0,0,0,0
360705,1,1,0,0,0,0,0,0,0,0,0,17
360706,1,1,19,19,19,19,19,19,19,19,19,19
360707,0,1,0,0,0,0,0,0,0,0,0,0
360707,1,1,8,0,0,0,0,0,8,19,0,0
360708,1,1,0,0,0,0,0,0,0,0,0,0
360708,2,1,0,0,0,0,0,0,0,0,0,0
360709,0,1,22,20,0,0,0,0,0,0,17,0
360709,1,1,0,0,0,0,0,0,13,0,0,11
360710,1,1,0,0,0,0,0,0,0,0,0,0
360711,0,1,23,23,23,23,23,23,23,23,23,23
360711,1,1,0,29,0,0,0,0,0,0,54,0
360711,2,1,0,0,0,23,0,24,0,0,0,16
360712,0,1,0,11,34,0,21,0,11,15,9,21
360712,1,1,0,0,0,0,0,0,0,0,0,0
360713,1,1,0,0,0,0,0,0,0,0,0,0
360714,1,1,0,0,0,0,0,0,0,0,0,0
360714,2,1,0,0,0,0,0,0,0,0,0,0
360715,1,1,10,18,31,12,0,0,0,22,18,17
360716,0,1,0,0,0,0,0,0,0,0,0,0
360716,1,1,0,0,0,0,15,0,0,17,0,0
360717,1,1,0,0,0,0,0,0,0,0,0,0
360718,1,1,0,0,0,0,0,0,0,0,0,0
360719,1,1,0,0,0,0,0,0,0,0,0,0
360720,1,1,15,15,15,15,15,15,15,15,15,15
360720,2,1,0,0,0,0,0,0,0,0,0,0
360720,3,1,0,16,0,0,0,0,4,0,0,0
360721,0,1,1,1,1,1,1,1,1,1,1,1
360721,1,1,0,0,0,0,0,0,0,0,0,0
360721,2,1,0,0,0,9,0,0,0,0,0,0
360722,1,1,0,0,0,0,0,0,0,0,0,0
360722,2,1,0,0,0,0,0,0,0,0,0,0
360723,1,1,26,26,26,26,26,26,26,26,26,26
360724,0,1,0,0,0,0,0,0,0,0,0,0
360724,1,1,0,0,0,13,0,0,0,0,0,0
360725,1,1,1,1,1,1,1,1,1,1,1,1
360726,1,1,0,0,0,0,0,0,0,0,0,0
360726,2,1,23,12,0,0,5,0,0,0,11,41
360727,0,1,18,18,18,18,18,18,18,18,18,18
360727,1,1,0,4,0,16,11,9,0,0,0,0
360728,1,1,16,16,16,16,16,16,16,16,16,16
360729,0,1,9,9,9,9,9,9,9,9,9,9
360729,1,1,14,20,0,0,0,0,18,12,0,4
360730,0,1,23,23,23,23,23,23,23,23,23,23
360730,1,1,0,0,0,0,22,24,0,0,0,0
360731,1,1,21,9,21,5,26,15,16,25,17,19
360732,0,1,0,0,0,0,0,0,0,0,0,0
360732,1,1,14,0,0,0,0,0,18,0,0,5
360733,1,1,0,0,0,0,0,0,0,0,0,0
360733,2,1,0,0,0,0,0,0,0,0,0,5
360734,1,1,0,0,0,0,0,0,0,0,0,0
360734,2,1,0,0,0,39,0,0,0,0,0,0
360735,1,1,0,0,0,0,0,0,0,0,0,0
360735,2,1,0,4,0,0,0,0,0,23,0,0
360735,3,1,0,0,0,0,0,0,0,0,0,0
360736,0,1,0,0,0,0,0,0,0,0,0,0
360736,1,1,0,0,0,0,0,0,0,0,0,0
360737,1,1,0,0,0,0,0,0,0,0,0,0
360738,1,1,0,0,0,0,0,0,0,0,0,0
360738,2,1,0,0,0,0,0,0,0,0,0,0
360739,1,1,25,0,0,0,0,0,0,0,0,0
360739,2,1,0,0,0,0,0,0,0,20,0,0
360739,3,1,0,0,0,0,0,0,0,27,0,0
360740,0,1,0,0,0,0,0,0,0,0,0,0
360740,1,1,15,0,0,0,28,12,28,0,0,0
360741,0,1,21,21,21,21,21,21,21,21,21,21
360741,1,1,0,0,0,0,0,0,0,0,0,0
360742,0,1,0,0,0,0,0,0,0,0,0,0
360742,1,1,0,27,0,0,0,0,0,0,8,0
360742,2,1,0,0,0,0,0,0,0,0,0,0
360743,1,1,0,0,0,0,14,19,0,26,0,0
360744,0,1,19,19,19,19,19,19,19,19,19,19
360744,1,1,0,20,0,0,0,0,9,0,14,0
360745,1,1,0,0,0,0,0,0,0,0,0,0
360745,2,1,0,0,8,0,0,0,0,15,24,0
360746,0,1,34,34,34,34,34,34,34,34,34,34
360746,1,1,0,8,15,0,16,0,0,0,18,0
360747,1,1,0,0,0,0,0,0,0,0,0,0
360748,1,1,0,0,0,0,0,0,0,0,13,0
360748,2,1,0,0,0,0,0,0,0,0,0,0
360749,1,1,27,27,27,27,27,27,27,27,27,27
360750,1,1,0,0,0,0,14,0,0,0,14,0
360750,2,1,0,0,0,0,0,0,0,0,0,0
360751,1,1,0,14,12,0,0,21,14,0,0,11
360751,2,1,0,0,0,0,0,0,0,0,0,0
360752,1,1,19,19,19,19,19,19,19,19,19,19
360753,0,1,0,0,26,0,7,23,0,0,0,24
360753,1,1,0,0,8,0,11,0,0,0,0,21
360753,2,1,0,0,0,0,0,0,0,0,0,0
360754,0,1,0,0,0,0,0,0,0,0,0,0
360754,1,1,10,0,13,0,18,19,13,14,19,21
360755,0,1,26,26,26,26,26,26,26,26,26,26
360755,1,1,0,0,0,0,0,0,0,18,0,0
360756,0,1,0,0,0,0,0,0,0,0,0,0
360756,1,1,0,0,0,8,0,0,0,0,0,0
360757,1,1,0,0,0,0,0,0,0,0,0,0
360757,2,1,0,0,0,0,0,0,0,0,0,0
360757,3,1,0,0,0,0,0,0,0,0,0,0
360758,0,1,0,0,0,0,0,0,0,0,0,0
360758,1,1,0,0,0,2,2,0,0,0,0,0
360759,0,1,0,0,0,0,0,0,0,0,0,0
360759,1,1,0,0,0,0,0,0,0,30,0,0
360760,1,1,0,0,0,0,0,0,0,0,0,0
360760,2,1,0,0,0,0,0,0,0,0,0,0
360761,1,1,0,0,0,0,0,0,0,0,0,0
360761,2,1,0,0,0,0,0,0,0,0,0,0
360762,1,1,0,0,0,0,0,0,0,0,0,0
360763,1,1,12,12,12,12,12,12,12,12,12,12
360763,2,1,0,0,0,0,0,0,0,0,0,0
360764,0,1,0,11,0,0,29,0,0,28,22,0
360764,1,1,19,19,19,19,19,19,19,19,19,19
360765,1,1,0,0,0,0,16,21,13,8,0,19
360766,1,1,16,0,14,12,0,16,9,35,23,17
360767,1,1,2,2,2,2,2,2,2,2,2,2
360768,1,1,0,0,0,0,0,0,0,0,0,0
360768,2,1,0,0,0,0,0,0,0,0,0,0
360769,1,1,0,0,0,0,0,0,0,0,0,0
360770,1,1,0,0,0,10,0,7,8,0,0,0
360770,2,1,3,3,3,3,3,3,3,3,3,3
360771,0,1,0,0,0,0,0,0,0,0,0,0
360771,1,1,0,6,0,0,0,0,0,26,0,3
360772,1,1,0,0,0,0,0,0,0,0,0,0
360773,1,1,0,11,0,0,0,0,0,12,0,0
360773,2,1,0,0,0,0,0,0,0,0,0,0
360774,1,1,19,8,18,25,36,7,28,26,23,13
360774,2,1,0,0,0,0,10,14,0,12,0,0
360775,0,1,31,31,31,31,31,31,31,31,31,31
360775,1,1,0,0,0,0,0,0,0,6,0,0
360776,1,1,14,14,14,14,14,14,14,14,14,14
360777,1,1,0,0,0,0,0,0,0,0,0,0
360777,2,1,0,5,0,0,0,0,0,0,0,0
360778,1,1,0,0,0,0,0,0,0,0,0,0
360778,2,1,0,0,0,0,0,0,0,0,0,0
360779,1,1,0,0,0,0,24,12,0,0,0,0
360779,2,1,0,0,0,0,0,0,0,0,0,0
360780,1,1,7,7,7,7,7,7,7,7,7,7
360781,0,1,0,0,0,0,0,0,0,0,0,0
360781,1,1,0,0,0,0,0,0,0,0,0,0
360782,1,1,0,0,0,0,0,0,0,0,0,0
360783,1,1,0,0,0,0,0,0,0,0,11,0
360783,2,1,0,0,0,0,0,0,0,0,0,0
360784,0,1,0,0,0,0,0,0,0,0,0,0
360784,1,1,12,0,15,0,21,0,3,29,13,0
360785,2,1,0,0,0,0,0,0,0,0,0,0
360786,1,1,0,0,0,0,0,0,0,0,0,0
360786,2,1,0,0,0,0,0,0,0,0,0,0
360787,1,1,0,0,0,0,0,0,0,0,0,0
360788,1,1,0,0,0,0,0,0,0,0,0,0
360789,1,1,13,0,0,0,15,18,0,0,0,24
360790,0,1,22,22,22,22,22,22,22,22,22,22
360790,1,1,0,0,0,0,0,0,10,0,0,0
360791,0,1,4,4,4,4,4,4,4,4,4,4
360791,1,1,0,0,0,0,16,0,0,0,0,0
360792,1,1,0,0,0,0,9,0,0,0,0,0
360792,2,1,9,9,9,9,9,9,9,9,9,9
360793,1,1,0,0,0,0,0,0,0,0,0,0
360794,1,1,0,0,0,0,0,0,0,0,0,0
360794,2,1,9,0,0,0,0,0,0,0,0,0
360795,1,1,0,0,0,0,0,0,0,0,0,0
360796,1,1,0,0,0,0,0,7,0,7,0,0
360796,2,1,0,15,0,0,17,0,0,0,11,24
360797,1,1,0,0,0,0,0,0,0,0,0,0
360797,2,1,0,0,0,0,0,0,0,0,0,0
360798,0,1,5,5,5,5,5,5,5,5,5,5
360798,1,1,28,0,0,0,0,0,0,0,0,0
360798,2,1,0,0,0,0,0,0,0,0,0,0
360799,0,1,0,0,0,0,0,0,0,0,0,0
360799,1,1,0,0,0,0,0,0,0,0,0,0
360800,0,1,0,0,0,0,0,0,0,0,0,0
360800,1,1,15,0,0,0,0,0,0,0,0,0
360801,0,1,0,0,0,0,0,0,0,0,0,0
360801,1,1,0,0,3,0,0,0,15,0,0,0
360802,1,1,0,0,0,0,0,0,0,0,0,0
360802,2,1,0,0,0,0,0,0,0,0,0,0
360803,1,1,0,0,0,0,0,0,0,0,0,0
360803,2,1,0,0,0,0,14,0,0,0,0,0
360804,1,1,0,0,0,0,0,0,0,0,0,0
360805,0,1,9,9,9,9,9,9,9,9,9,9
360805,1,1,0,0,0,0,0,0,0,0,0,0
360806,1,1,0,0,0,0,0,0,0,0,0,0
360806,2,1,0,0,0,0,0,0,0,14,0,34
360807,0,1,0,0,0,0,0,0,0,0,0,0
360807,1,1,0,0,0,0,0,0,0,0,0,0
360808,0,1,0,0,0,0,0,0,0,0,0,0
360808,0,2,1,1,1,1,1,1,1,1,1,1
360808,2,1,0,0,0,0,0,0,0,0,0,0
360809,1,1,0,0,0,0,0,0,0,0,0,0
360809,2,1,0,0,0,0,0,0,0,0,0,0
360810,0,1,0,0,0,0,0,0,0,0,0,0
360810,1,1,0,0,0,0,8,0,17,16,0,0
360811,0,1,0,0,0,0,0,0,0,0,0,0
360811,1,1,0,0,0,0,0,0,0,0,0,0
360812,1,1,8,13,18,12,6,22,26,18,15,24
360813,1,1,24,24,24,24,24,24,24,24,24,24
360814,1,1,24,0,0,0,0,0,23,6,0,0
360815,0,1,0,0,0,0,0,0,0,0,0,0
360815,1,1,0,0,0,0,0,0,0,0,0,0
360816,0,1,0,0,0,0,0,0,0,0,0,0
360816,1,1,0,23,0,0,0,0,0,7,25,0
360817,0,1,0,0,0,0,0,0,0,0,0,0
360817,1,1,0,0,13,7,0,0,0,0,0,0
360818,1,1,0,0,0,0,0,0,0,0,0,0
360818,2,1,0,0,0,0,0,0,0,0,0,0
360819,1,1,0,0,0,0,0,0,0,0,0,0
360820,0,1,0,0,0,0,0,0,0,0,0,0
360820,1,1,12,0,13,0,0,0,0,0,0,17
360821,0,1,0,0,0,0,0,0,0,0,0,0
360821,1,1,0,0,0,0,0,0,0,0,0,0
360822,1,1,0,0,0,0,0,0,0,0,0,0
360822,2,1,8,0,0,0,0,0,0,0,0,13
360823,1,1,0,0,0,0,0,0,0,0,0,0
360823,2,1,0,13,0,0,0,0,0,0,0,0
360823,3,1,0,0,0,0,0,0,0,0,0,0
360824,0,1,0,0,0,0,0,0,0,0,0,0
360824,1,1,0,0,0,0,0,0,0,0,0,0
360825,0,1,37,37,37,37,37,37,37,37,37,37
360825,1,1,0,0,0,18,6,0,0,27,0,0
360827,0,1,0,0,0,0,0,0,0,0,0,0
360827,1,1,0,0,0,0,0,0,0,0,21,0
360828,1,1,11,11,11,11,11,11,11,11,11,11
360829,0,1,0,26,0,18,19,0,4,0,0,26
360829,0,2,0,0,0,0,0,0,0,0,0,0
360829,1,1,17,0,0,0,0,0,14,30,0,19
360830,1,1,0,0,0,0,0,0,0,0,0,0
360831,0,1,0,0,0,0,0,0,0,0,0,0
360831,1,1,0,0,0,0,0,0,0,0,0,0
360832,0,1,0,0,0,0,0,0,0,0,0,0
360832,1,1,0,0,12,0,0,0,9,0,0,0
360833,1,1,16,16,16,16,16,16,16,16,16,16
360833,2,1,0,19,0,0,0,0,0,0,0,0
360834,0,1,22,22,22,22,22,22,22,22,22,22
360834,1,1,0,0,0,0,0,0,0,11,0,0
360835,1,1,1,1,1,1,1,1,1,1,1,1
360836,1,1,0,0,0,0,0,0,0,0,0,0
360837,0,1,20,20,20,20,20,20,20,20,20,20
360837,1,1,0,0,0,0,0,0,14,0,17,0
360838,1,1,0,14,0,2,0,0,0,10,0,0
360838,2,1,0,0,0,0,0,0,0,0,0,0
360839,0,1,0,0,0,0,0,0,0,0,0,0
360839,0,2,0,0,0,8,0,0,0,0,0,0
360839,0,3,0,0,0,0,0,0,0,0,0,0
360839,2,1,3,3,3,3,3,3,3,3,3,3
360840,0,1,0,0,0,0,0,0,0,0,0,0
360841,1,1,0,0,0,0,0,9,0,8,0,16
360841,2,1,0,0,0,0,0,0,0,0,0,0
360842,1,1,0,0,0,0,0,0,0,0,0,0
360843,1,1,0,0,0,0,0,0,0,0,0,0
360843,2,1,0,0,0,0,0,4,0,0,4,0
360844,0,1,18,18,18,18,18,18,18,18,18,18
360844,1,1,30,28,17,38,34,17,3,30,10,0
360845,1,1,0,0,0,0,0,0,0,0,0,0
360845,2,1,0,0,0,0,0,0,0,0,0,0
360846,1,1,8,8,8,8,8,8,8,8,8,8
360847,0,1,0,0,0,0,0,0,0,0,0,0
360847,1,1,0,0,0,5,0,0,0,0,0,0
360848,1,1,2,2,2,2,2,2,2,2,2,2
360849,0,1,7,7,7,7,7,7,7,7,7,7
360849,1,1,0,0,0,0,0,0,0,0,0,0
360850,1,1,0,0,0,0,0,0,0,0,0,0
360851,0,1,0,0,0,0,0,0,0,0,0,0
360851,1,1,0,0,0,0,0,0,0,0,0,0
360852,1,1,0,0,0,0,0,0,0,0,0,0
360853,0,1,0,0,0,0,0,0,0,0,0,0
360853,1,1,0,0,0,0,0,0,0,0,0,0
360854,1,1,0,0,0,0,0,0,0,0,0,0
360854,2,1,0,0,0,0,0,0,0,0,0,0
360855,0,1,12,12,12,12,12,12,12,12,12,12
360855,1,1,16,8,0,0,13,0,0,8,23,0
360856,0,1,0,0,0,0,0,0,0,0,0,0
360856,0,2,0,0,0,0,0,4,21,0,0,0
360856,1,1,17,0,0,0,0,0,0,0,0,0
360857,1,1,20,20,20,20,20,20,20,20,20,20
360858,1,1,0,0,0,0,0,0,0,0,0,0
360859,0,1,0,0,0,0,0,0,0,0,0,0
360859,1,1,8,8,8,8,8,8,8,8,8,8
360860,0,1,10,10,10,10,10,10,10,10,10,10
360860,1,1,14,3,9,0,0,0,0,0,9,0
360861,0,1,0,0,0,0,0,0,0,0,0,0
360861,1,1,0,0,0,0,17,0,0,0,5,0
360862,1,1,0,0,0,0,0,0,0,0,0,0
360862,2,1,0,0,0,9,0,0,0,0,0,0
360863,1,1,0,0,0,0,0,0,0,0,0,0
360864,1,1,0,0,0,0,0,0,0,0,0,0
360865,1,1,0,0,0,0,0,0,0,0,0,0
360865,2,1,0,0,0,0,0,0,0,0,0,0
360866,1,1,0,0,0,0,0,0,0,0,0,0
360866,2,1,0,0,0,0,0,0,0,11,0,0
360866,3,1,0,0,0,0,0,0,0,0,0,0
360867,1,1,14,0,0,19,0,22,12,0,0,0
360867,2,1,0,0,0,18,25,18,0,0,0,0
360867,3,1,0,0,20,0,0,0,17,26,0,0
360868,1,1,0,0,0,0,0,0,0,0,0,0
360868,2,1,0,0,0,0,0,0,0,0,0,0
360868,3,1,0,0,0,0,10,0,0,0,0,0
360869,1,1,0,0,0,0,0,0,0,0,0,0
360870,1,1,0,0,0,0,0,12,0,30,16,0
360870,2,1,0,9,0,28,14,0,0,10,14,7
360871,0,1,0,0,0,0,0,0,0,0,0,0
360871,0,2,19,0,0,0,0,0,0,0,0,0
360871,1,1,0,0,9,16,0,0,0,7,0,0
360872,0,1,0,0,0,0,0,0,0,0,0,0
360872,1,1,11,16,8,3,6,34,17,3,5,9
360873,1,1,0,0,0,0,0,0,0,0,0,0
360874,1,1,0,0,0,0,0,0,0,0,0,0
360875,1,1,0,0,0,0,0,0,0,0,0,0
360875,2,1,0,0,0,0,0,0,0,0,0,0
360876,0,1,0,0,0,0,0,0,27,10,17,0
360876,1,1,0,0,0,0,0,0,0,0,0,0
360877,0,1,30,30,30,30,30,30,30,30,30,30
360877,1,1,0,0,0,0,0,0,6,0,0,0
360878,1,1,0,0,0,0,0,0,0,0,0,0
360879,1,1,1,1,1,1,1,1,1,1,1,1
360879,2,1,0,10,0,0,0,0,0,31,0,0
360880,0,1,0,0,0,0,0,0,0,0,0,0
360880,1,1,0,0,0,0,0,12,0,0,6,0
360881,0,1,0,0,22,0,20,0,0,0,0,29
360881,1,1,0,6,0,0,15,0,0,0,0,0
360882,0,1,7,6,12,21,30,7,0,25,24,18
360882,1,1,0,0,0,0,0,0,0,0,0,0
360883,0,1,0,0,0,0,0,0,0,0,0,0
360883,1,1,0,0,8,17,0,0,0,0,0,0
360884,1,1,0,0,0,0,0,0,0,0,0,0
360885,1,1,0,0,0,0,0,0,0,0,0,0
360886,1,1,31,31,31,31,31,31,31,31,31,31
360887,1,1,4,4,4,4,4,4,4,4,4,4
360888,0,1,0,0,0,0,0,0,0,0,0,0
360888,1,1,0,0,0,13,0,0,0,0,12,0
360889,1,1,0,0,0,0,0,0,0,0,0,0
360890,1,1,0,0,0,0,0,0,0,0,0,0
360891,1,1,0,0,0,0,0,0,0,0,0,0
360892,0,1,0,25,0,0,0,0,0,0,0,0
360892,0,2,0,28,0,0,31,0,0,0,0,0
360892,1,1,0,0,0,18,0,14,0,6,0,0
360893,1,1,0,26,0,0,42,0,0,0,0,0
360894,0,1,17,0,0,0,0,0,0,11,0,0
360894,1,1,0,0,0,0,0,0,0,0,0,0
360895,0,1,0,0,0,0,0,0,0,0,0,0