ST_CASE,VEH_NO,PER_NO,P1,P2,P3,P4,P5,P6,P7,P8,P9,P10
360895,1,1,16,0,12,0,0,0,0,0,0,0
360896,0,1,0,0,0,0,0,0,0,0,0,0
360896,1,1,11,0,0,0,0,0,0,27,0,0
360897,1,1,15,0,0,0,0,0,0,10,0,0
360897,2,1,0,0,0,0,0,32,13,0,0,0
360898,1,1,0,0,0,0,0,0,0,0,0,0
360898,2,1,0,0,0,0,0,0,0,0,0,0
360899,1,1,0,0,0,0,0,0,0,0,0,0
360899,2,1,7,0,0,0,0,0,0,0,0,0
360900,1,1,0,0,0,0,0,0,0,0,0,0
360900,2,1,0,0,0,0,0,0,0,0,0,0
360901,0,1,0,0,0,0,0,0,0,0,0,0
360901,1,1,0,0,0,0,0,0,0,0,0,0
360902,0,1,0,0,0,0,0,0,0,0,0,0
360902,1,1,15,0,0,0,0,0,0,0,0,0
360903,0,1,0,0,0,0,0,0,0,0,0,0
360903,1,1,17,0,0,7,19,0,14,0,0,0
360904,0,1,0,0,0,0,0,0,0,0,0,0
360904,1,1,0,0,0,0,0,0,0,0,0,0
360905,1,1,0,0,0,0,0,0,0,0,0,0
360906,0,1,0,0,0,0,0,0,0,0,0,0
360906,1,1,0,0,0,0,0,0,0,0,0,26
360907,1,1,7,0,0,0,0,4,0,15,0,0
360908,1,1,14,11,23,7,0,11,0,0,22,20
360909,1,1,16,16,16,16,16,16,16,16,16,16
360910,1,1,0,0,0,19,0,0,0,0,0,0
360910,2,1,21,21,21,21,21,21,21,21,21,21
360911,1,1,8,8,8,8,8,8,8,8,8,8
360912,1,1,0,0,0,9,9,0,0,0,0,0
360913,1,1,0,0,0,0,0,0,13,0,0,0
360914,1,1,0,0,0,0,0,0,0,0,0,0
360915,0,1,13,13,13,13,13,13,13,13,13,13
360915,1,1,0,0,16,0,12,0,0,0,0,0
360916,1,1,0,0,0,0,0,0,0,0,0,0
360916,2,1,0,0,0,0,0,0,30,0,0,4
360917,1,1,13,0,0,0,0,3,0,0,0,0
360917,2,1,0,0,0,0,0,0,0,0,0,0
360918,1,1,0,0,0,0,0,0,0,0,19,0
360918,2,1,0,0,0,0,0,0,0,0,0,0
360919,0,1,0,0,0,0,0,0,0,0,0,0
360919,1,1,0,0,0,0,0,0,0,18,20,7
360920,0,1,0,0,0,0,0,0,0,0,0,0
360920,1,1,0,0,0,0,0,0,0,0,24,0
360921,1,1,21,28,14,5,13,8,16,10,21,23
360922,1,1,16,15,20,10,31,15,8,14,13,5
360923,0,1,0,0,0,0,0,0,0,0,0,0
360923,1,1,0,0,0,0,0,0,0,0,0,0
360924,0,1,5,5,5,5,5,5,5,5,5,5
360924,1,1,4,0,0,0,4,5,11,13,0,20
360925,1,1,0,0,0,0,0,0,0,0,0,0
360925,2,1,0,0,0,0,0,0,0,0,0,0
360926,0,1,0,0,0,0,0,0,0,0,0,0
360926,1,1,0,0,0,10,0,0,0,0,0,0
360927,1,1,19,19,19,19,19,19,19,19,19,19
360928,1,1,0,0,0,0,0,0,0,0,0,0
360928,2,1,0,0,0,0,0,0,0,0,0,0
360928,3,1,0,0,0,0,0,0,0,0,0,15
360929,1,1,19,19,19,19,19,19,19,19,19,19
360930,0,1,0,0,0,0,0,0,0,0,0,0
360930,1,1,0,0,0,0,0,0,0,0,0,0
360931,1,1,0,0,0,0,0,0,0,0,0,0
360932,0,1,0,0,0,0,0,0,0,0,0,0
360932,1,1,0,14,23,0,22,16,0,0,0,0
360933,1,1,11,15,25,22,10,11,2,9,32,20
360934,0,1,0,0,0,0,0,0,0,0,0,0
360934,1,1,0,0,0,0,0,0,0,0,0,0
360935,1,1,0,0,0,0,0,0,0,0,0,0
360935,2,1,0,0,0,0,0,0,0,0,0,0
360936,1,1,0,0,0,0,0,0,0,0,0,0
360937,1,1,0,0,0,0,0,0,0,0,0,0
360937,2,1,0,0,0,0,0,0,0,0,0,0
360938,1,1,0,0,0,0,0,0,0,0,0,0
360938,2,1,14,16,12,0,0,0,0,0,0,0
360939,0,1,0,0,0,0,0,0,0,0,0,0
360939,1,1,0,0,0,0,0,0,0,0,0,0
360940,1,1,9,0,12,0,0,0,0,0,0,0
360940,2,1,0,0,18,0,0,0,0,0,14,0
360941,1,1,0,0,0,0,0,0,0,0,0,0
360941,2,1,0,0,0,0,0,0,8,0,0,0
360941,3,1,0,0,0,0,0,11,0,0,0,0
360941,4,1,0,0,0,11,0,0,0,0,0,0
360942,1,1,0,0,0,0,0,0,0,0,0,0
360942,2,1,0,0,0,0,0,0,0,0,0,0
360943,0,1,0,0,0,0,0,0,0,0,0,0
360943,1,1,0,13,0,0,24,0,0,22,0,0
360944,1,1,0,0,0,0,0,0,0,0,0,0
360944,2,1,24,0,0,0,0,0,0,0,24,0
360945,1,1,15,7,13,17,26,24,29,25,16,15
360946,0,1,23,11,7,0,16,0,0,0,0,0
360946,1,1,0,0,0,0,0,0,0,0,0,7
360947,1,1,9,0,13,0,0,11,0,0,29,0
360947,2,1,0,0,0,0,21,0,0,0,0,0
360948,1,1,0,0,0,0,0,0,0,0,0,0
360948,2,1,0,0,0,0,0,0,0,0,0,0
360949,0,1,0,0,0,0,0,0,0,0,0,0
360949,1,1,0,0,0,19,0,0,0,0,0,0
360950,1,1,6,16,19,13,6,10,21,15,6,5
360951,0,1,7,7,7,7,7,7,7,7,7,7
360951,1,1,0,0,0,0,0,0,0,0,0,0
360951,2,1,0,0,0,0,0,0,0,0,0,0
360951,3,1,0,0,0,0,0,0,0,0,0,0
360952,0,1,0,0,0,0,0,0,0,0,0,0
360952,1,1,0,0,0,0,0,0,0,0,0,0
360953,1,1,15,15,15,15,15,15,15,15,15,15
360953,2,1,0,0,0,0,0,0,0,0,0,0
360954,1,1,8,8,8,8,8,8,8,8,8,8
360955,1,1,0,0,0,0,0,0,0,0,0,0
360956,0,1,17,17,17,17,17,17,17,17,17,17
360956,1,1,0,0,0,0,7,0,0,5,0,0
360957,1,1,0,0,0,0,0,0,0,0,0,0
360957,2,1,0,0,0,0,0,0,0,0,0,0
360957,3,1,17,0,0,0,0,0,0,0,0,0
360958,1,1,0,0,0,0,0,0,0,0,9,44
360959,1,1,0,0,0,0,0,0,0,0,0,0
360960,1,1,0,0,0,0,0,0,0,0,0,0
360961,1,1,21,21,21,21,21,21,21,21,21,21
360962,1,1,0,0,0,0,0,0,0,0,0,0
360962,2,1,0,0,0,0,0,0,0,0,0,0
360963,1,1,0,12,0,7,0,0,20,0,0,21
360964,1,1,0,0,0,0,0,0,0,0,0,0
360964,2,1,0,0,0,0,0,0,0,0,0,0
360965,0,1,24,24,24,24,24,24,24,24,24,24
360965,1,1,0,0,0,0,0,0,0,0,0,0
360966,1,1,0,0,0,0,0,0,0,0,0,0
360967,1,1,0,0,0,0,0,0,0,0,0,0
360967,2,1,0,0,0,0,0,0,0,0,0,5
360968,0,1,0,0,0,0,0,0,0,0,0,0
360968,1,1,0,0,0,0,0,0,0,0,0,0
360969,1,1,0,0,0,0,0,0,0,0,0,0
360970,1,1,14,21,0,0,0,12,0,0,0,24
360970,2,1,10,10,10,10,10,10,10,10,10,10
360971,1,1,0,0,0,0,0,0,0,0,0,0
360971,2,1,0,0,0,0,0,0,0,0,0,0
360972,1,1,0,0,0,0,0,0,0,0,0,0
360973,1,1,17,17,17,17,17,17,17,17,17,17
360974,1,1,9,9,9,9,9,9,9,9,9,9
360975,0,1,0,0,0,0,0,0,0,0,0,0
360975,1,1,0,0,0,0,0,0,0,0,0,0
360975,2,1,0,0,0,0,0,0,0,14,0,0
360976,0,1,0,0,0,0,0,0,0,0,0,0
360976,1,1,0,0,0,0,0,0,0,0,0,0
360977,1,1,0,0,0,0,0,0,0,0,0,0
360977,2,1,0,0,0,0,0,0,0,0,0,0
360978,1,1,26,0,0,16,26,0,12,0,0,0
360978,2,1,0,0,0,0,0,0,0,0,0,0
360979,1,1,0,0,0,0,0,0,0,29,0,0
360979,2,1,5,0,0,0,5,0,0,0,0,0
360980,1,1,27,27,27,27,27,27,27,27,27,27
360981,1,1,8,8,10,3,23,28,13,34,16,17
360982,1,1,0,0,0,0,0,0,0,0,0,0
360983,1,1,0,0,0,0,0,0,0,0,0,0
360984,1,1,0,0,0,0,0,0,0,0,0,0
360985,1,1,0,0,0,0,0,0,0,0,0,0
360986,1,1,17,17,17,17,17,17,17,17,17,17
360987,1,1,0,0,0,0,0,0,0,0,0,0
360987,2,1,10,10,10,10,10,10,10,10,10,10
360988,0,1,0,0,0,0,0,0,0,0,0,0
360988,1,1,0,0,0,0,7,2,15,19,11,0
360989,0,1,0,0,0,0,0,0,0,0,0,0
360989,1,1,0,0,0,0,0,0,0,0,0,0
360990,0,1,35,35,35,35,35,35,35,35,35,35
360990,1,1,0,0,0,11,0,0,0,0,14,11
360991,0,1,0,0,0,0,0,0,0,0,0,0
360991,1,1,0,0,0,0,11,0,0,0,0,0
360992,0,1,0,0,0,0,0,0,0,0,0,0
360992,1,1,19,11,21,0,0,0,0,0,0,0
360993,0,1,0,0,0,18,0,0,0,0,0,0
360993,1,1,0,0,0,0,0,0,0,0,0,0
360994,0,1,0,0,0,0,0,0,0,0,0,0
360994,1,1,0,0,0,0,0,0,0,0,0,0
360995,0,1,0,0,0,0,0,0,0,0,0,0
360995,0,2,0,0,0,0,0,19,0,0,0,0
360995,1,1,17,0,0,0,13,0,0,0,0,9
360996,1,1,0,0,0,0,25,0,0,0,0,0
360997,1,1,0,0,0,0,0,0,0,0,0,0
360998,0,1,0,0,0,0,0,0,0,0,0,0
360998,1,1,0,0,0,0,0,0,0,0,0,0
360999,1,1,0,0,0,0,0,0,0,0,0,0
360999,2,1,0,0,27,0,0,0,0,0,0,0
361000,0,1,0,0,0,0,0,0,0,0,0,0
361000,1,1,0,0,0,0,0,0,0,0,0,0
361001,1,1,0,0,0,0,0,0,0,0,0,0
361001,2,1,0,0,0,0,0,0,0,0,0,0
361002,1,1,0,0,0,0,0,0,0,0,0,0
361002,2,1,9,9,9,9,9,9,9,9,9,9
361003,0,1,0,0,0,0,0,0,0,0,0,0
361003,1,1,0,0,0,0,0,0,25,21,23,0
361004,0,1,0,0,0,0,0,0,0,0,0,0
361004,1,1,0,0,0,0,0,0,0,0,0,0
361005,0,1,23,23,23,23,23,23,23,23,23,23
361005,1,1,8,0,22,0,0,25,0,0,0,12
361006,1,1,24,24,24,24,24,24,24,24,24,24
361007,1,1,0,0,0,2,0,0,0,0,0,0
361007,2,1,0,0,0,0,0,0,0,0,0,0
361008,0,1,6,6,6,6,6,6,6,6,6,6
361008,1,1,0,28,0,0,0,17,12,0,0,0
361008,2,1,0,0,0,0,0,13,0,6,0,0
361009,0,1,0,0,0,0,0,0,0,0,0,0
361009,1,1,0,0,0,0,0,0,0,0,0,0
361010,1,1,12,12,12,12,12,12,12,12,12,12
361011,0,1,0,0,0,0,0,0,0,0,0,0
361011,1,1,0,0,0,0,0,0,0,0,0,0
361012,0,1,0,0,0,0,0,0,0,0,8,0
361012,1,1,16,0,0,0,0,17,26,13,0,0
361013,0,1,0,0,0,0,0,0,0,0,0,0
361013,1,1,0,0,19,0,8,18,0,0,6,0
361014,0,1,0,0,0,0,0,0,0,0,0,0
361014,1,1,0,0,0,0,0,0,0,0,0,0
361015,0,1,0,0,0,0,0,0,0,0,0,0
361015,0,2,0,0,0,2,0,0,0,0,0,0
361015,1,1,20,0,10,0,0,0,0,0,0,12
361016,0,1,0,0,0,0,0,0,0,0,0,0
361016,1,1,0,0,0,0,0,0,0,0,0,0
361017,0,1,10,10,10,10,10,10,10,10,10,10
361017,1,1,12,10,14,17,22,15,10,13,0,17
361018,1,1,0,16,0,11,0,0,0,3,0,0
361018,2,1,0,0,1,0,0,0,0,0,0,0
361019,0,1,0,0,0,0,0,0,0,0,0,0
361019,1,1,0,0,0,0,0,0,0,0,0,0
361020,0,1,14,14,14,14,14,14,14,14,14,14
361020,1,1,0,0,0,0,0,0,0,0,0,0
361021,1,1,0,0,0,0,0,0,0,0,0,0
361022,1,1,0,0,0,0,0,0,0,0,0,0
361023,0,1,0,0,0,0,0,0,0,0,0,0
361023,1,1,7,0,0,13,0,0,0,15,0,0
361023,2,1,0,0,0,0,7,0,0,0,0,0
361024,1,1,0,0,0,0,0,0,10,0,0,14
361024,2,1,0,0,0,0,0,0,0,0,4,0
361025,1,1,1,1,1,1,1,1,1,1,1,1
361026,1,1,0,0,0,0,0,0,0,0,0,0
361027,0,1,0,0,2,0,0,0,0,20,0,22
361027,1,1,0,0,0,18,0,0,0,19,0,0
361028,1,1,0,0,0,0,0,0,0,0,0,0
361029,1,1,0,0,0,0,0,7,13,0,9,0
361029,2,1,0,0,0,0,0,0,0,0,0,0
361030,1,1,0,0,0,0,0,0,0,0,0,0
361030,2,1,0,0,0,0,0,0,0,0,0,0
361030,3,1,0,0,0,0,0,0,0,0,0,0
361031,1,1,0,0,0,0,0,0,0,0,0,0
361032,0,1,0,0,0,0,0,0,0,0,0,0
361032,1,1,0,0,0,0,0,0,0,0,0,0
361033,0,1,0,0,0,0,0,0,0,0,0,0
361033,1,1,0,0,0,0,0,0,0,0,0,0
361034,1,1,0,0,0,0,0,0,0,0,0,0
361035,0,1,0,0,0,0,0,0,0,0,0,0
361035,1,1,0,0,0,0,0,11,0,0,0,0
361036,1,1,19,19,19,19,19,19,19,19,19,19
361037,1,1,30,30,30,30,30,30,30,30,30,30
361037,2,1,0,0,0,0,0,0,0,0,0,0
361038,1,1,12,22,20,0,0,23,0,0,15,29
361039,0,1,0,0,0,0,0,0,0,0,0,0
361039,1,1,0,0,0,0,0,0,0,16,0,0
361040,1,1,0,0,0,0,0,0,0,0,0,0
361040,2,1,0,0,0,0,0,0,0,0,0,0
361041,0,1,17,17,17,17,17,17,17,17,17,17
361041,1,1,0,0,7,0,17,0,0,0,0,0
361042,0,1,28,28,28,28,28,28,28,28,28,28
361042,1,1,0,0,0,0,0,0,0,0,0,0
361043,0,1,0,0,0,0,0,0,0,0,0,0
361043,1,1,0,0,0,0,20,0,0,0,0,0
361044,0,1,0,0,0,0,0,0,0,0,0,0
361044,0,2,0,0,0,0,0,0,0,0,0,0
361044,1,1,0,15,0,0,0,0,0,0,0,26
361045,1,1,0,0,0,0,0,0,0,0,0,0
361045,2,1,0,0,0,0,0,0,0,0,0,0
361046,0,1,0,0,0,0,0,0,0,0,0,0
361046,1,1,12,17,0,0,0,0,0,0,7,0
361047,1,1,0,22,0,0,0,0,0,0,0,0
361047,2,1,0,0,0,0,0,0,0,0,0,0
361048,1,1,0,0,0,0,0,0,0,0,0,0
361048,2,1,0,0,0,0,0,0,0,0,0,0
361049,0,1,1,1,1,1,1,1,1,1,1,1
361049,1,1,0,0,0,23,0,8,0,0,0,0
361050,1,1,0,22,0,0,21,0,0,0,0,0
361050,2,1,0,0,0,0,0,0,0,0,0,0
361051,1,1,0,0,0,0,0,0,0,0,0,0
361052,0,1,0,0,0,0,0,0,0,0,0,0
361052,1,1,0,0,0,0,0,0,0,0,0,0
361053,0,1,0,0,0,0,0,0,0,0,0,0
361053,1,1,0,0,0,0,0,0,0,0,0,0
361054,0,1,0,0,0,0,0,0,0,0,0,0
361054,1,1,0,0,0,14,0,0,17,0,32,0
361055,0,1,0,0,0,0,0,0,0,0,0,0
361055,1,1,0,0,0,0,0,0,0,15,0,0
361056,1,1,0,0,0,0,0,0,0,0,26,21
361056,2,1,0,0,0,0,0,0,27,22,17,0
361057,0,1,0,0,0,0,0,0,0,0,0,0
361057,0,2,0,0,0,0,0,0,0,0,0,16
361057,1,1,0,0,0,0,0,0,0,0,0,0
361058,1,1,0,0,23,0,13,0,0,8,0,0
361058,2,1,0,0,0,0,0,0,0,0,0,0
361059,1,1,0,0,0,0,0,0,0,0,0,0
361060,0,1,0,0,0,0,0,0,0,0,0,0
361060,1,1,12,0,0,0,0,0,0,5,0,0
361061,0,1,0,0,0,0,0,0,0,0,0,0
361061,1,1,11,11,11,15,10,18,14,11,19,36
361062,0,1,0,0,0,0,0,0,0,0,0,0
361062,1,1,0,0,0,19,0,0,0,0,0,0
361063,0,1,0,0,0,0,0,0,0,0,0,0
361063,1,1,0,0,9,0,0,0,0,0,0,0
361064,0,1,0,0,0,0,0,0,0,0,0,0
361064,1,1,0,0,0,0,0,0,0,0,0,0
361065,1,1,0,0,0,0,0,0,0,0,0,0
361065,2,1,0,0,0,0,0,0,0,0,0,0
361066,0,1,0,0,0,0,0,0,0,0,0,0
361066,1,1,0,0,0,0,0,0,0,11,0,0
361067,1,1,12,13,10,15,12,25,31,22,24,19
361067,2,1,0,0,0,0,0,0,0,0,0,0
361068,0,1,0,0,0,0,0,0,0,0,0,0
361068,1,1,0,0,0,25,23,8,0,12,0,20
361069,0,1,18,18,18,18,18,18,18,18,18,18
361069,1,1,0,0,0,0,18,27,8,9,0,18
361070,1,1,0,0,0,0,0,0,0,0,0,0
361070,2,1,0,0,0,19,0,0,0,0,0,0
361070,3,1,18,15,9,23,14,13,7,0,15,0
361071,0,1,0,0,0,0,0,0,0,0,0,0
361071,1,1,0,0,0,0,0,0,0,0,0,0
361072,0,1,0,0,0,0,0,0,0,0,0,0
361072,1,1,0,0,0,0,0,0,15,22,16,0
361072,2,1,8,1,0,9,0,0,6,0,18,0
361073,1,1,0,0,0,0,0,0,19,0,0,0
361073,2,1,20,20,20,20,20,20,20,20,20,20
361074,0,1,0,0,0,0,0,0,0,0,0,0
361074,1,1,0,0,0,0,0,0,0,0,0,0
361075,1,1,27,17,23,5,18,8,19,0,1,0
361076,0,1,0,0,0,0,0,0,0,0,0,0
361076,1,1,0,0,0,0,0,0,0,0,0,0
361077,1,1,12,12,12,12,12,12,12,12,12,12
361077,2,1,0,0,0,0,0,0,0,0,9,0
361077,3,1,12,0,0,0,0,0,0,0,0,13
361078,0,1,0,0,0,0,0,0,0,0,0,0
361078,1,1,0,0,0,0,0,32,0,10,22,9
361079,1,1,15,15,15,15,15,15,15,15,15,15
361079,2,1,0,0,0,0,0,0,0,0,0,0
361080,0,1,0,0,0,0,0,0,0,0,0,0
361080,1,1,0,0,0,0,0,0,0,0,0,0
361081,1,1,15,34,0,0,0,20,0,19,0,0
361081,2,1,11,0,25,0,0,0,0,0,4,21
361081,3,1,15,23,13,33,0,27,11,0,9,0
361082,0,1,25,25,25,25,25,25,25,25,25,25
361082,1,1,0,14,0,0,0,12,16,15,0,13
361082,2,1,29,0,15,28,0,0,0,0,17,17
361083,0,1,0,0,0,0,0,0,9,14,0,0
361083,1,1,0,0,4,30,10,0,0,38,0,15
361084,1,1,0,16,0,0,0,0,20,0,0,0
361085,1,1,34,34,34,34,34,34,34,34,34,34
361086,1,1,0,0,0,0,0,5,0,0,0,0
361086,2,1,0,0,26,0,0,0,0,10,0,0
361087,1,1,0,0,0,0,0,0,0,0,0,0
361088,1,1,0,8,0,0,0,0,0,0,0,0
361088,2,1,0,0,0,0,0,0,0,0,0,0
361089,1,1,0,0,0,0,0,0,22,0,0,0
361089,2,1,0,0,0,0,0,0,0,0,0,0
361089,3,1,0,0,0,0,0,33,0,0,0,0
361090,1,1,0,14,0,0,0,0,0,0,0,14
361091,1,1,0,0,0,0,0,0,0,0,0,0
361091,2,1,0,0,11,0,0,0,0,0,0,0
361091,3,1,0,0,0,0,0,0,0,0,0,0
361091,4,1,0,0,0,0,0,0,0,0,0,0
361092,1,1,0,0,0,0,0,0,0,0,0,0
361092,2,1,0,0,0,0,0,0,0,0,0,0
361093,1,1,0,0,0,0,0,6,0,0,0,0
361093,2,1,0,0,0,0,0,0,0,0,0,0
361094,0,1,0,0,0,0,0,0,0,0,0,0
361094,1,1,0,0,0,0,0,0,0,0,0,0
361095,0,1,0,0,0,0,0,0,0,0,0,0
361095,1,1,0,0,0,0,0,0,0,0,24,0
361096,1,1,25,0,0,0,0,0,0,0,0,0
361096,2,1,0,0,0,0,0,0,0,0,0,20
361097,1,1,10,18,0,0,16,24,23,0,27,17
370001,1,1,0,0,0,0,0,0,0,0,0,0
370001,2,1,0,0,0,0,0,0,0,0,0,0
370002,1,1,14,14,14,14,14,14,14,14,14,14
370003,1,1,0,0,0,0,0,0,0,0,0,0
370003,2,1,0,0,0,0,0,0,0,0,0,0
370004,1,1,11,11,11,11,11,11,11,11,11,11
370005,1,1,0,0,0,0,0,0,0,0,0,0
370005,2,1,0,0,0,0,0,0,0,0,0,0
370006,1,1,6,6,6,6,6,6,6,6,6,6
370007,0,1,9,9,9,9,9,9,9,9,9,9
370007,1,1,0,0,0,0,0,0,0,0,0,0
370008,1,1,19,19,19,19,19,19,19,19,19,19
370008,2,1,0,0,0,0,0,0,0,0,0,0
370009,1,1,0,0,0,0,0,0,0,0,0,0
370010,1,1,0,16,0,0,0,0,0,0,16,0
370011,1,1,0,0,0,0,0,0,0,0,0,0
370011,2,1,0,0,0,0,0,0,0,0,0,0
370012,1,1,0,0,0,0,0,0,0,0,0,0
370012,2,1,0,0,0,0,0,0,0,0,0,0
370013,1,1,0,0,0,0,0,0,0,0,0,0
370014,1,1,0,0,0,0,0,0,0,0,0,0
370015,1,1,0,0,0,0,0,0,0,0,0,0
370016,1,1,0,0,0,0,0,0,0,0,0,0
370016,2,1,0,0,0,0,0,0,0,0,0,0
370017,1,1,0,0,0,0,0,0,0,0,0,0
370018,1,1,0,0,0,0,0,0,0,0,0,0
370019,1,1,0,0,0,0,0,0,0,0,0,0
370019,2,1,0,0,0,0,0,0,0,0,0,0
370020,0,1,0,0,0,0,0,0,0,0,0,0
370020,1,1,0,0,22,0,0,0,0,0,0,0
370021,1,1,15,15,15,15,15,15,15,15,15,15
370022,1,1,0,0,0,0,0,0,0,0,0,0
370023,0,1,22,22,22,22,22,22,22,22,22,22
370023,1,1,0,0,0,0,0,0,0,0,0,0
370024,1,1,24,24,24,24,24,24,24,24,24,24
370025,1,1,23,23,23,23,23,23,23,23,23,23
370026,0,1,0,0,0,0,0,0,0,0,0,0
370026,1,1,0,0,0,0,0,0,0,0,0,0
370027,1,1,30,30,30,30,30,30,30,30,30,30
370027,2,1,20,0,0,0,0,0,0,0,0,0
370028,1,1,4,4,4,4,4,4,4,4,4,4
370029,1,1,0,0,0,0,0,0,0,0,0,0
370029,2,1,0,0,0,0,0,0,0,0,0,0
370030,1,1,0,0,0,0,0,0,0,0,0,0
370031,1,1,30,30,30,30,30,30,30,30,30,30
370032,1,1,0,0,0,0,0,0,0,0,0,0
370033,1,1,21,21,21,21,21,21,21,21,21,21
370034,1,1,30,30,30,30,30,30,30,30,30,30
370035,1,1,0,0,0,0,0,11,0,0,0,0
370035,2,1,19,19,19,19,19,19,19,19,19,19
370036,0,1,18,18,18,18,18,18,18,18,18,18
370036,1,1,0,0,0,18,9,0,0,11,0,0
370037,1,1,0,0,0,0,0,0,0,0,0,0
370038,1,1,0,0,0,0,0,0,0,0,0,0
370038,2,1,0,0,0,0,0,0,0,0,0,0
370039,1,1,23,23,23,23,23,23,23,23,23,23
370040,1,1,0,0,0,0,0,0,26,0,14,0
370041,1,1,4,4,4,4,4,4,4,4,4,4
370042,1,1,4,4,4,4,4,4,4,4,4,4
370043,1,1,4,4,4,4,4,4,4,4,4,4
370044,0,1,18,18,18,18,18,18,18,18,18,18
370044,1,1,0,0,0,0,0,0,0,0,0,0
370045,1,1,0,0,0,0,0,0,0,0,0,0
370045,2,1,0,0,0,0,0,0,0,0,0,0
370046,1,1,4,4,4,4,4,4,4,4,4,4
370047,1,1,0,0,0,0,0,0,0,0,0,0
370048,1,1,0,0,0,0,0,0,0,0,0,41
370048,2,1,0,0,0,0,0,0,0,0,0,0
370049,1,1,0,0,0,0,0,0,0,0,0,0
370050,1,1,0,0,0,0,0,0,0,0,0,0
370050,2,1,0,0,0,0,0,0,0,0,0,0
370050,3,1,0,0,0,0,0,0,0,0,0,0
370051,1,1,0,0,0,0,0,0,0,0,0,0
370052,1,1,0,0,0,0,0,0,0,0,0,0
370052,2,1,0,0,0,0,0,0,0,0,0,0
370053,1,1,17,17,17,17,17,17,17,17,17,17
370054,0,1,0,0,0,0,0,0,0,0,0,0
370054,1,1,0,0,0,0,0,0,0,0,0,0
370055,0,1,32,32,32,32,32,32,32,32,32,32
370055,1,1,0,0,0,0,0,0,0,0,10,0
370056,1,1,0,0,0,0,0,0,0,0,0,0
370056,2,1,14,14,14,14,14,14,14,14,14,14
370056,3,1,0,0,0,0,0,0,0,0,0,0
370057,1,1,0,0,0,0,0,0,0,0,0,0
370057,2,1,0,0,0,0,0,0,0,0,0,0
370058,1,1,0,0,0,0,0,0,0,0,0,0
370058,2,1,0,0,0,0,0,0,0,0,0,0
370059,1,1,0,0,0,0,0,0,0,0,0,0
370060,1,1,0,0,0,0,0,0,0,0,0,0
370060,2,1,0,0,0,0,0,0,0,0,0,0
370061,1,1,0,0,0,0,0,0,0,0,0,0
370062,1,1,0,0,0,0,0,0,0,0,0,0
370063,1,1,0,0,0,0,0,0,0,0,0,0
370063,2,1,0,0,0,0,0,0,0,0,0,0
370064,1,1,22,22,22,22,22,22,22,22,22,22
370065,1,1,0,0,0,0,0,0,0,0,0,0
370065,2,1,0,0,0,0,9,0,0,0,0,0
370066,1,1,0,0,0,0,0,0,0,0,0,0
370067,1,1,0,0,0,0,0,18,0,0,0,0
370067,2,1,0,0,0,0,0,0,0,0,0,0
370067,3,1,0,0,0,0,0,0,0,0,0,0
370068,1,1,10,10,10,10,10,10,10,10,10,10
370069,1,1,0,0,0,0,0,0,0,0,0,0
370070,1,1,0,2,0,0,0,0,0,0,0,0
370070,2,1,0,0,0,0,0,0,0,0,0,0
370071,1,1,0,0,0,0,0,0,0,0,0,0
370071,2,1,0,0,0,0,0,0,0,0,0,0
370072,0,1,0,0,0,0,0,0,0,0,0,0
370072,1,1,11,11,11,11,11,11,11,11,11,11
370073,1,1,0,0,0,0,0,0,0,0,0,0
370073,2,1,0,0,0,0,0,0,0,0,0,0
370074,0,1,0,9,0,22,0,0,0,10,25,10
370074,0,2,0,0,0,0,0,0,0,0,0,0
370074,1,1,21,21,21,21,21,21,21,21,21,21
370075,1,1,0,0,0,0,0,0,0,0,0,0
370075,2,1,0,0,0,0,0,0,0,0,0,0
370076,1,1,0,0,0,0,0,0,0,0,0,0
370076,2,1,0,0,0,0,0,0,0,0,0,0
370076,3,1,0,0,0,0,0,0,0,0,0,0
370076,4,1,0,0,0,0,0,0,0,0,0,0
370076,5,1,0,0,0,0,0,0,0,0,0,0
370077,0,1,0,0,0,0,0,0,0,0,0,0
370077,1,1,0,0,0,0,0,0,0,0,0,0
370078,1,1,0,0,0,0,0,0,0,0,0,0
370078,2,1,0,0,0,0,0,0,0,0,0,0
370079,1,1,24,24,24,24,24,24,24,24,24,24
370080,1,1,0,0,0,0,0,0,0,0,0,0
370081,1,1,0,0,0,0,0,0,0,0,22,0
370081,2,1,0,0,0,0,0,0,0,0,0,0
370082,1,1,0,0,0,0,0,0,0,0,0,0
370083,1,1,0,0,0,0,0,6,0,0,0,0
370083,2,1,0,0,0,0,0,0,0,0,0,0
370084,1,1,0,0,0,0,0,0,0,0,0,0
370085,1,1,0,0,0,0,0,0,0,0,0,0
370086,1,1,0,0,0,0,0,0,0,0,0,0
370087,1,1,7,7,7,7,7,7,7,7,7,7
370087,2,1,0,0,0,0,0,0,0,0,0,0
370088,1,1,0,0,0,0,0,0,0,0,0,0
370089,1,1,0,0,0,0,0,0,0,0,0,0
370090,1,1,25,25,25,25,25,25,25,25,25,25
370091,1,1,18,18,18,18,18,18,18,18,18,18
370092,1,1,19,19,19,19,19,19,19,19,19,19
370092,2,1,0,0,0,0,0,0,0,0,0,0
370092,3,1,0,0,0,0,0,0,0,0,0,0
370093,1,1,0,0,0,0,0,0,0,0,0,0