ST_CASE,VEH_NO,PER_NO,P1,P2,P3,P4,P5,P6,P7,P8,P9,P10
370094,1,1,14,14,14,14,14,14,14,14,14,14
370095,1,1,0,0,0,0,6,0,0,0,0,0
370095,2,1,0,0,0,0,0,0,0,0,0,0
370095,3,1,0,0,0,0,0,0,0,0,0,0
370096,1,1,0,0,0,0,0,0,0,0,0,0
370096,2,1,0,11,0,0,0,0,0,0,0,0
370096,3,1,0,0,0,0,0,0,0,0,0,0
370097,1,1,0,0,0,0,0,0,0,0,0,0
370097,2,1,0,0,0,0,0,0,0,0,0,0
370097,3,1,0,0,0,0,0,0,0,0,0,0
370097,4,1,0,0,0,0,0,0,0,0,0,0
370098,1,1,19,19,19,19,19,19,19,19,19,19
370099,1,1,8,8,8,8,8,8,8,8,8,8
370100,0,1,0,0,0,0,0,0,0,0,0,0
370100,1,1,30,19,18,23,16,15,15,31,19,25
370101,1,1,24,24,24,24,24,24,24,24,24,24
370101,2,1,2,2,2,2,2,2,2,2,2,2
370101,3,1,0,0,0,0,0,0,0,0,0,0
370102,0,1,11,11,11,11,11,11,11,11,11,11
370102,1,1,0,0,0,0,0,0,0,0,0,0
370103,1,1,16,16,16,16,16,16,16,16,16,16
370104,1,1,0,0,0,0,0,0,0,0,0,0
370104,2,1,0,0,0,0,0,0,0,0,0,0
370105,1,1,0,16,25,0,5,7,0,9,0,9
370106,1,1,12,12,12,12,12,12,12,12,12,12
370107,1,1,21,21,21,21,21,21,21,21,21,21
370108,1,1,0,0,0,0,0,0,8,0,0,0
370109,0,1,24,24,24,24,24,24,24,24,24,24
370109,1,1,0,0,0,0,0,0,21,0,0,0
370110,1,1,0,0,0,0,0,0,0,0,0,0
370111,1,1,0,0,0,0,0,0,0,0,0,0
370112,0,1,0,0,0,0,0,0,0,0,0,0
370112,0,2,0,0,0,0,0,0,0,0,0,0
370112,0,3,0,0,0,0,0,0,0,0,0,0
370112,1,1,0,0,0,0,0,0,0,0,0,0
370113,1,1,0,0,0,0,0,0,14,0,0,0
370113,2,1,0,0,0,0,0,0,0,0,0,0
370114,0,1,0,0,0,0,0,0,0,0,0,0
370114,0,2,0,0,0,0,0,0,0,0,0,0
370114,1,1,0,0,0,0,0,0,0,0,0,0
370115,1,1,0,0,0,0,0,0,0,0,0,0
370115,2,1,0,0,0,0,0,0,0,0,0,0
370116,1,1,0,4,0,0,0,0,0,0,0,0
370116,2,1,0,0,0,0,0,0,0,0,0,0
370117,1,1,15,15,15,15,15,15,15,15,15,15
370118,1,1,11,11,11,11,11,11,11,11,11,11
370118,2,1,17,0,0,0,0,0,0,0,0,0
370119,0,1,27,27,27,27,27,27,27,27,27,27
370119,1,1,27,27,27,27,27,27,27,27,27,27
370119,2,1,0,0,0,0,0,0,0,0,0,0
370119,3,1,0,0,0,0,0,0,0,0,0,0
370119,4,1,0,0,0,0,0,0,0,0,0,0
370119,5,1,0,0,0,7,0,0,0,0,0,0
370120,1,1,0,0,0,0,0,0,0,0,0,0
370120,2,1,0,0,0,0,0,0,0,0,0,0
370120,3,1,0,0,0,0,0,0,0,0,0,0
370121,1,1,0,0,0,0,0,0,0,0,0,0
370121,2,1,0,0,0,0,0,0,0,0,0,0
370122,1,1,10,10,10,10,10,10,10,10,10,10
370123,1,1,18,18,18,18,18,18,18,18,18,18
370124,1,1,0,0,0,0,0,0,0,11,15,0
370124,2,1,0,0,0,0,0,0,0,0,0,0
370125,1,1,23,23,23,23,23,23,23,23,23,23
370126,0,1,0,0,0,0,0,0,0,0,0,0
370126,1,1,0,0,0,0,0,0,0,0,0,0
370127,1,1,0,0,0,0,0,0,0,0,0,0
370127,2,1,0,0,0,0,0,0,0,0,0,19
370128,1,1,0,0,0,0,0,0,0,0,0,0
370129,1,1,0,0,0,0,0,0,0,0,0,0
370130,1,1,0,0,0,0,0,0,0,0,0,0
370130,2,1,0,0,0,0,0,0,0,0,0,0
370131,1,1,0,0,0,0,0,0,0,0,0,0
370131,2,1,0,0,0,0,0,0,0,0,0,0
370132,1,1,27,27,27,27,27,27,27,27,27,27
370133,1,1,11,11,11,11,11,11,11,11,11,11
370134,0,1,0,0,0,0,0,0,0,0,0,0
370134,1,1,0,0,0,0,0,0,0,0,0,0
370134,2,1,0,0,6,0,0,0,0,0,0,0
370134,3,1,0,0,0,0,0,0,0,0,0,0
370134,5,1,0,0,0,0,0,0,0,0,0,0
370135,1,1,0,0,0,0,0,0,0,0,0,0
370135,2,1,0,0,0,0,0,0,0,0,0,0
370136,0,1,0,0,0,0,0,0,0,0,0,0
370136,1,1,0,0,0,0,0,0,0,0,0,5
370137,1,1,8,0,0,0,0,0,6,21,4,0
370138,1,1,9,9,9,9,9,9,9,9,9,9
370139,1,1,9,9,9,9,9,9,9,9,9,9
370139,2,1,0,0,0,0,0,0,0,0,0,0
370140,1,1,5,17,32,18,25,16,15,12,20,0
370140,2,1,14,0,17,0,0,0,0,0,0,0
370141,1,1,24,24,24,24,24,24,24,24,24,24
370142,1,1,0,0,0,0,0,0,0,0,0,0
370143,1,1,0,0,0,0,0,0,0,0,0,0
370144,0,1,0,0,0,0,0,0,0,0,0,0
370144,1,1,22,0,0,0,0,0,0,0,0,0
370144,2,1,0,0,0,0,0,0,0,0,0,0
370144,3,1,0,0,0,0,0,0,0,0,0,0
370145,1,1,0,0,0,0,0,0,0,0,0,0
370145,2,1,0,0,0,0,0,0,0,0,0,0
370146,1,1,0,0,0,0,0,0,0,0,0,0
370146,2,1,0,0,0,0,0,0,0,0,0,0
370147,1,1,0,0,0,0,0,0,0,0,0,0
370148,1,1,0,0,0,0,0,0,0,0,0,0
370148,2,1,0,0,0,0,0,0,0,0,0,0
370148,3,1,0,0,0,0,0,0,0,0,0,0
370149,1,1,0,0,0,0,0,0,0,0,0,0
370150,1,1,0,0,0,0,0,0,0,0,0,0
370150,2,1,0,0,0,0,0,0,0,0,0,0
370151,1,1,0,0,0,0,0,0,0,0,0,0
370151,2,1,0,0,0,0,0,0,0,0,0,0
370152,1,1,0,0,0,0,0,0,0,0,0,0
370153,1,1,0,0,0,0,0,0,0,0,0,0
370153,2,1,0,0,0,0,0,0,0,0,0,0
370154,1,1,9,9,9,9,9,9,9,9,9,9
370155,1,1,25,25,25,25,25,25,25,25,25,25
370156,1,1,0,0,0,0,0,0,0,0,0,0
370157,1,1,0,0,0,0,0,0,0,0,0,27
370157,2,1,0,0,0,0,0,0,0,0,7,0
370157,3,1,0,0,0,0,7,0,0,0,0,0
370157,4,1,0,0,0,0,0,0,0,0,0,0
370158,1,1,18,18,18,18,18,18,18,18,18,18
370159,1,1,0,0,0,0,0,0,0,0,0,0
370159,2,1,0,0,0,0,0,0,0,0,0,0
370159,3,1,0,0,0,0,0,0,0,6,0,0
370160,1,1,0,0,0,0,0,11,0,0,0,0
370161,1,1,0,0,0,0,0,0,0,0,0,0
370161,2,1,0,0,0,0,0,0,0,0,0,0
370161,3,1,0,0,0,0,0,0,0,0,0,0
370162,1,1,14,14,14,14,14,14,14,14,14,14
370163,0,1,2,2,2,2,2,2,2,2,2,2
370163,1,1,0,0,0,0,0,7,0,0,0,16
370164,1,1,0,0,0,0,0,0,0,21,13,0
370164,2,1,0,0,0,0,0,0,0,0,0,3
370165,0,1,0,0,0,0,0,0,0,0,0,0
370166,1,1,0,0,0,0,0,0,0,0,0,0
370167,1,1,0,0,0,0,0,0,0,0,0,0
370167,2,1,0,0,0,0,0,0,0,0,0,0
370168,1,1,0,0,0,0,0,0,0,0,0,0
370168,2,1,18,18,18,18,18,18,18,18,18,18
370169,1,1,0,0,0,0,0,0,13,0,0,7
370170,0,1,7,7,7,7,7,7,7,7,7,7
370170,1,1,0,0,0,38,0,0,6,0,0,17
370171,1,1,18,18,18,18,18,18,18,18,18,18
370172,1,1,0,0,0,0,0,0,0,0,0,0
370172,2,1,0,0,0,0,0,0,0,0,0,0
370173,1,1,0,0,0,0,0,0,0,0,0,0
370174,1,1,21,21,21,21,21,21,21,21,21,21
370175,1,1,0,0,0,0,0,0,0,0,0,0
370176,1,1,12,12,12,12,12,12,12,12,12,12
370177,1,1,23,23,23,23,23,23,23,23,23,23
370178,1,1,0,0,0,0,0,0,0,0,0,0
370179,1,1,0,0,0,0,0,0,0,0,0,0
370180,0,1,0,0,0,0,0,0,0,0,0,0
370180,0,2,0,0,2,0,0,0,0,0,0,0
370180,0,3,0,0,0,0,0,0,0,0,0,0
370180,1,1,0,0,0,0,0,0,0,0,0,0
370180,4,1,0,0,0,0,0,0,0,0,0,0
370181,1,1,0,0,0,0,0,0,0,0,0,0
370182,1,1,0,0,0,0,0,0,0,0,0,0
370183,1,1,0,0,0,0,0,0,0,0,0,0
370184,1,1,0,0,0,0,0,0,0,0,0,0
370185,1,1,0,0,0,0,0,0,0,0,0,0
370185,2,1,0,0,0,0,0,0,0,0,0,0
370186,0,1,28,28,28,28,28,28,28,28,28,28
370186,1,1,0,0,0,0,0,0,0,0,0,0
370187,1,1,0,0,0,0,0,0,0,0,0,0
370187,2,1,0,0,0,0,0,0,0,0,0,0
370187,3,1,0,0,0,0,0,0,0,0,0,0
370188,1,1,22,22,22,22,22,22,22,22,22,22
370189,1,1,19,19,19,19,19,19,19,19,19,19
370190,1,1,13,25,5,12,17,17,25,13,6,20
370191,0,1,15,15,15,15,15,15,15,15,15,15
370191,1,1,0,0,0,0,0,0,0,0,0,0
370192,1,1,0,0,0,0,0,0,0,0,0,0
370193,1,1,20,20,20,20,20,20,20,20,20,20
370194,1,1,0,0,0,0,0,0,0,0,0,0
370195,1,1,6,6,6,6,6,6,6,6,6,6
370195,2,1,0,0,0,0,0,0,0,0,0,0
370196,1,1,16,16,16,16,16,16,16,16,16,16
370197,1,1,0,0,0,0,0,0,0,0,0,0
370198,0,1,16,16,16,16,16,16,16,16,16,16
370198,1,1,0,0,0,0,0,0,0,0,0,0
370199,1,1,0,0,0,0,0,0,0,0,0,0
370199,2,1,0,0,0,0,0,0,0,0,0,0
370200,1,1,13,0,0,0,0,0,0,0,0,0
370200,2,1,0,0,0,0,0,0,0,0,0,0
370201,1,1,0,0,0,0,0,0,0,0,0,0
370201,2,1,0,0,0,0,0,0,0,0,0,0
370201,3,1,0,0,0,0,0,0,0,0,0,0
370202,1,1,0,0,0,0,0,0,0,0,0,0
370203,1,1,0,0,0,0,0,0,0,0,0,0
370204,1,1,15,15,15,15,15,15,15,15,15,15
370204,2,1,0,0,0,0,0,0,0,0,0,0
370205,1,1,22,22,22,22,22,22,22,22,22,22
370206,1,1,0,0,0,0,0,0,0,0,0,0
370206,2,1,21,0,0,0,0,0,0,0,0,0
370207,1,1,0,0,0,0,0,0,0,0,0,0
370207,2,1,0,0,0,0,0,0,0,0,0,0
370208,0,1,0,0,0,0,0,0,0,0,0,0
370208,1,1,4,0,0,0,0,0,0,0,0,0
370209,1,1,0,0,0,0,0,0,0,0,0,0
370209,2,1,0,23,0,0,0,0,0,16,0,0
370210,1,1,0,0,0,0,0,0,0,0,0,0
370210,2,1,0,0,0,0,9,0,0,0,0,0
370211,1,1,0,0,0,0,0,0,0,0,0,0
370212,0,1,0,0,0,0,0,0,0,0,0,0
370212,1,1,0,21,0,0,0,5,0,0,0,0
370213,1,1,0,0,0,0,0,0,0,0,0,0
370214,1,1,17,17,17,17,17,17,17,17,17,17
370215,1,1,0,0,0,0,0,0,0,0,0,0
370215,2,1,0,0,11,0,0,0,0,0,0,0
370216,1,1,0,0,0,0,0,0,0,0,0,0
370217,1,1,0,0,0,0,0,0,0,0,0,0
370217,2,1,0,0,0,0,0,0,0,0,0,0
370218,1,1,9,9,9,9,9,9,9,9,9,9
370219,1,1,1,1,1,1,1,1,1,1,1,1
370219,2,1,0,0,0,0,0,0,0,0,0,0
370220,1,1,11,11,11,11,11,11,11,11,11,11
370221,1,1,0,0,0,0,0,0,0,0,0,0
370222,1,1,0,0,0,0,0,0,0,0,0,0
370223,1,1,15,15,15,15,15,15,15,15,15,15
370223,2,1,0,0,0,0,0,0,0,0,0,0
370224,1,1,20,20,20,20,20,20,20,20,20,20
370225,1,1,0,0,0,0,0,0,0,0,0,0
370225,2,1,0,0,0,0,0,0,0,0,0,0
370226,1,1,0,0,0,0,0,0,0,0,0,0
370227,1,1,31,31,31,31,31,31,31,31,31,31
370227,2,1,0,0,0,0,0,0,0,0,0,0
370228,1,1,0,0,0,0,0,0,0,0,0,0
370229,1,1,0,0,0,0,0,0,0,0,0,0
370230,1,1,0,0,0,0,0,0,0,0,0,0
370231,1,1,0,0,0,0,0,0,0,0,0,0
370231,2,1,0,0,0,0,0,0,0,0,0,0
370232,1,1,0,0,0,0,0,0,0,0,0,0
370233,1,1,19,0,16,18,10,13,0,10,11,0
370234,1,1,8,12,0,0,14,7,0,25,15,17
370235,1,1,0,0,0,0,0,0,0,0,0,0
370235,2,1,0,4,0,0,0,0,0,0,0,0
370236,1,1,16,0,9,10,6,0,0,0,0,0
370237,1,1,28,28,28,28,28,28,28,28,28,28
370238,1,1,0,0,0,0,0,0,0,0,0,0
370238,2,1,0,0,0,0,0,0,0,0,15,0
370239,1,1,0,0,0,0,0,0,0,0,0,0
370240,0,1,17,17,17,17,17,17,17,17,17,17
370240,1,1,0,0,10,0,0,0,0,0,0,0
370241,1,1,1,1,1,1,1,1,1,1,1,1
370242,1,1,0,0,0,0,0,0,0,0,0,0
370242,2,1,0,0,0,0,0,0,0,0,0,0
370243,1,1,0,0,0,0,0,0,0,0,0,0
370243,2,1,0,0,0,0,0,0,0,0,0,0
370244,1,1,17,17,17,17,17,17,17,17,17,17
370245,1,1,0,0,0,0,0,0,0,0,0,0
370245,2,1,0,0,0,0,0,0,0,0,0,0
370246,1,1,0,0,0,0,0,0,0,0,0,0
370246,2,1,3,3,3,3,3,3,3,3,3,3
370246,3,1,0,0,0,0,0,0,0,0,0,0
370247,1,1,9,9,9,9,9,9,9,9,9,9
370247,2,1,0,0,0,0,0,0,0,0,0,0
370248,1,1,0,0,0,0,0,0,0,0,0,0
370249,1,1,0,0,0,0,0,0,0,0,0,0
370249,2,1,0,0,0,0,0,0,0,0,0,0
370250,1,1,0,0,0,0,0,0,0,0,0,0
370250,2,1,0,0,0,0,0,0,0,0,0,0
370251,1,1,21,21,21,21,21,21,21,21,21,21
370252,1,1,16,16,16,16,16,16,16,16,16,16
370253,1,1,16,16,16,16,16,16,16,16,16,16
370254,1,1,0,0,0,0,0,0,0,0,0,0
370255,1,1,0,0,0,0,0,0,0,0,0,0
370256,1,1,0,0,0,0,0,0,0,0,0,0
370256,2,1,0,0,0,0,0,0,0,0,0,0
370257,1,1,18,18,18,18,18,18,18,18,18,18
370257,2,1,0,0,0,12,0,0,0,0,0,0
370258,1,1,30,30,30,30,30,30,30,30,30,30
370259,1,1,16,16,16,16,16,16,16,16,16,16
370260,1,1,0,0,0,0,0,0,0,0,0,0
370261,1,1,0,0,0,0,0,0,0,0,0,0
370261,2,1,0,0,0,0,0,0,0,0,0,0
370261,3,1,0,0,0,0,0,0,0,0,0,0
370262,1,1,0,0,0,0,0,0,0,0,0,0
370263,1,1,14,0,0,0,0,0,0,0,0,0
370263,2,1,2,2,2,2,2,2,2,2,2,2
370264,1,1,0,9,0,0,0,0,0,10,4,0
370265,1,1,22,22,22,22,22,22,22,22,22,22
370266,1,1,0,0,0,0,0,0,0,0,0,0
370266,2,1,0,0,0,0,0,0,0,0,0,0
370267,1,1,0,0,0,0,0,0,0,0,0,0
370268,1,1,0,0,0,0,0,0,0,0,0,0
370268,2,1,0,0,0,0,0,0,0,0,0,0
370269,1,1,14,14,14,14,14,14,14,14,14,14
370269,2,1,0,0,0,0,0,0,0,0,0,0
370270,0,1,0,0,0,0,0,0,0,0,0,0
370270,1,1,0,0,0,12,0,0,0,0,0,0
370271,0,1,0,0,0,0,0,0,0,0,0,0
370271,1,1,0,0,0,0,0,11,0,0,0,0
370272,1,1,0,0,0,0,0,0,0,0,0,0
370273,1,1,0,0,0,0,0,0,0,0,0,0
370274,0,1,0,0,0,0,0,0,14,0,16,0
370274,0,2,0,0,0,0,0,0,0,0,0,0
370274,1,1,14,14,14,14,14,14,14,14,14,14
370275,1,1,11,11,11,11,11,11,11,11,11,11
370276,1,1,0,0,0,0,0,0,0,0,0,0
370276,2,1,0,0,0,0,0,0,0,0,0,0
370277,1,1,23,23,23,23,23,23,23,23,23,23
370278,1,1,9,18,14,8,14,0,8,9,18,18
370279,1,1,0,0,0,0,0,0,0,0,0,0
370279,2,1,0,0,0,0,0,19,0,0,0,0
370280,1,1,0,0,0,0,0,0,0,0,0,0
370280,2,1,0,0,0,0,0,0,0,0,0,0
370281,1,1,0,0,0,0,0,0,0,0,0,0
370281,2,1,0,0,0,0,0,0,0,0,0,0
370282,1,1,0,0,0,0,0,0,0,0,0,0
370282,2,1,0,0,0,0,0,0,0,0,0,0
370282,3,1,0,0,0,0,0,0,0,0,0,0
370283,1,1,0,0,0,0,0,0,0,0,0,0
370284,0,1,0,0,0,0,0,0,0,0,0,0
370284,1,1,0,0,0,0,0,0,0,0,0,0
370285,1,1,0,0,0,0,0,0,0,0,0,0
370286,1,1,0,0,0,0,0,0,0,0,0,0
370286,2,1,0,0,0,0,0,0,0,0,0,0
370287,1,1,0,0,0,0,0,0,0,0,0,0
370288,1,1,0,0,0,0,0,0,0,0,0,0
370288,2,1,0,0,0,0,0,0,0,0,0,0
370289,1,1,0,0,0,0,0,0,0,0,0,0
370290,1,1,0,0,0,0,0,0,0,0,0,0
370290,2,1,0,0,0,0,0,0,0,0,0,0
370291,1,1,0,0,0,0,0,0,0,0,0,0
370291,2,1,0,0,0,0,0,0,0,0,0,12
370292,1,1,0,0,0,0,0,0,0,0,0,0
370293,1,1,0,0,0,0,0,0,0,0,0,0
370293,2,1,0,0,0,0,0,0,0,0,0,0
370294,1,1,0,0,0,0,0,0,0,0,0,0
370294,2,1,0,0,0,0,0,0,0,0,0,0
370294,3,1,0,0,0,0,0,0,0,0,0,0
370294,4,1,34,31,0,0,0,0,0,0,0,0
370295,1,1,14,14,14,14,14,14,14,14,14,14
370295,2,1,0,0,0,0,0,0,0,0,0,0
370296,0,1,35,35,35,35,35,35,35,35,35,35
370296,1,1,19,19,19,19,19,19,19,19,19,19
370297,1,1,0,0,0,0,0,0,0,0,0,0
370298,1,1,14,14,14,14,14,14,14,14,14,14
370298,2,1,0,0,0,0,0,0,0,0,0,0
370299,1,1,0,0,0,0,0,0,0,0,0,0
370299,2,1,0,0,0,0,0,0,0,0,0,0
370300,1,1,0,0,0,0,0,0,0,0,0,0
370300,2,1,0,0,0,0,0,0,0,0,0,0
370300,3,1,0,0,0,0,0,0,0,0,0,0
370301,1,1,0,19,0,0,0,0,0,0,0,0
370301,2,1,0,0,0,0,0,0,0,0,0,0
370302,1,1,0,0,0,0,0,0,0,14,0,0
370302,2,1,0,0,0,0,0,0,0,0,14,0
370303,1,1,25,25,25,25,25,25,25,25,25,25
370303,2,1,0,0,0,0,0,0,0,0,0,0
370304,1,1,22,22,22,22,22,22,22,22,22,22
370305,0,1,19,19,19,19,19,19,19,19,19,19
370305,1,1,0,0,0,0,0,0,0,0,0,0
370306,1,1,0,0,0,0,0,0,0,0,0,0
370306,2,1,0,0,0,0,0,0,0,0,0,0
370307,0,1,19,19,19,19,19,19,19,19,19,19
370307,1,1,0,0,0,0,0,0,0,0,0,0
370308,0,1,27,27,27,27,27,27,27,27,27,27
370308,1,1,0,0,0,0,0,0,0,0,0,0
370309,1,1,29,29,29,29,29,29,29,29,29,29
370310,1,1,10,10,10,10,10,10,10,10,10,10
370310,2,1,0,0,0,0,0,0,0,0,0,0
370311,1,1,0,0,0,0,0,0,0,0,0,0
370311,2,1,0,0,0,0,0,0,0,0,16,0
370311,3,1,0,0,0,0,0,0,0,0,0,0
370311,4,1,0,0,0,0,0,0,0,0,0,0
370311,5,1,0,0,0,0,0,0,0,0,0,0
370312,1,1,13,19,0,11,21,25,7,8,22,18
370313,1,1,0,0,0,0,0,0,0,0,0,0
370313,2,1,0,0,0,0,0,0,0,0,0,0
370313,3,1,0,0,0,0,0,0,0,0,0,0
370314,1,1,0,0,0,0,0,0,0,0,0,0
370314,2,1,0,0,0,0,0,0,0,0,0,0
370315,1,1,0,0,0,0,0,0,0,0,0,0
370316,0,1,5,5,5,5,5,5,5,5,5,5
370316,1,1,0,0,0,0,0,0,0,0,0,0
370317,1,1,0,20,0,0,0,0,0,27,0,0
370318,1,1,0,0,0,0,0,0,0,0,0,0
370318,2,1,0,0,0,0,0,0,0,0,0,0
370319,1,1,15,15,15,15,15,15,15,15,15,15
370320,1,1,0,0,0,0,0,0,0,0,0,0
370320,2,1,0,0,0,0,0,0,0,0,0,0
370321,0,1,0,0,0,0,0,0,0,0,0,0
370321,1,1,19,11,22,8,18,10,22,16,0,19
370322,1,1,0,0,0,0,0,0,0,0,0,0
370322,2,1,0,0,0,0,0,0,0,0,0,0
370323,1,1,14,14,14,14,14,14,14,14,14,14
370323,2,1,0,0,0,0,0,0,0,0,0,0
370324,1,1,0,0,0,0,0,6,0,0,0,0
370324,2,1,6,6,6,6,6,6,6,6,6,6
370325,1,1,0,0,0,0,0,0,0,0,0,0
370326,1,1,20,20,20,20,20,20,20,20,20,20
370327,0,1,0,0,0,0,0,0,0,0,0,0
370327,1,1,0,0,0,0,0,0,0,0,0,0
370328,0,1,0,0,0,0,0,0,0,0,0,0
370328,1,1,0,0,0,0,0,0,0,6,0,0
370329,1,1,20,20,20,20,20,20,20,20,20,20
370330,1,1,0,0,0,0,0,0,0,0,0,0
370330,2,1,0,0,0,0,0,0,0,0,0,0
370331,1,1,10,10,10,10,10,10,10,10,10,10
370332,1,1,0,0,0,0,0,0,0,0,0,0
370333,1,1,0,0,0,0,0,0,0,0,0,0
370334,1,1,0,0,0,0,0,0,0,0,0,0
370334,2,1,0,0,0,0,0,0,0,0,0,0
370335,1,1,0,0,0,0,0,0,0,0,0,0
370336,1,1,21,21,21,21,21,21,21,21,21,21
370337,1,1,0,0,0,0,0,0,0,0,0,0
370338,0,1,16,16,16,16,16,16,16,16,16,16
370338,1,1,12,12,12,12,12,12,12,12,12,12
370339,1,1,0,0,0,3,0,0,0,0,0,0
370339,2,1,0,0,0,0,0,0,0,0,0,0
370339,3,1,0,0,0,0,9,0,0,0,0,6
370340,1,1,11,11,11,11,11,11,11,11,11,11
370341,1,1,0,0,0,0,0,0,0,0,0,0
370341,2,1,0,0,0,0,0,0,0,0,0,0
370342,1,1,0,0,0,0,0,0,0,0,0,0
370342,2,1,0,0,0,0,0,0,0,0,0,0
370343,1,1,20,20,20,20,20,20,20,20,20,20
370344,1,1,0,0,0,0,0,0,0,0,0,0
370344,2,1,0,0,0,0,0,0,0,0,0,0
370344,3,1,0,0,24,0,0,0,0,0,0,0
370345,1,1,0,0,0,0,0,0,0,0,0,0
370345,2,1,6,6,6,6,6,6,6,6,6,6
370346,1,1,21,21,21,21,21,21,21,21,21,21
370347,0,1,0,0,0,0,0,0,0,0,0,0
370347,1,1,0,0,0,0,0,0,0,0,0,0
370348,0,1,0,0,0,0,0,0,0,0,0,0
370349,1,1,10,10,10,10,10,10,10,10,10,10
370349,2,1,0,0,0,0,0,0,0,10,0,0
370350,1,1,0,0,0,0,0,0,0,0,0,19
370350,2,1,0,0,0,0,0,0,0,0,0,0
370351,1,1,12,12,12,12,12,12,12,12,12,12
370352,1,1,0,0,0,0,0,0,0,0,0,0
370352,2,1,0,0,0,0,0,0,0,0,0,0
370353,0,1,0,0,0,0,0,0,0,0,0,0
370353,1,1,0,0,0,0,0,0,0,0,0,0
370354,0,1,0,0,0,0,0,0,0,0,0,0
370354,1,1,0,0,0,0,0,0,0,0,0,0
370355,1,1,0,0,0,0,0,0,0,0,0,0
370356,0,1,23,23,23,23,23,23,23,23,23,23
370356,1,1,0,0,0,5,0,0,21,19,0,0
370357,1,1,9,9,9,9,9,9,9,9,9,9
370357,2,1,0,0,0,0,0,0,0,0,0,0
370358,1,1,3,3,3,3,3,3,3,3,3,3
370358,2,1,0,0,0,0,0,0,0,0,0,0
370359,1,1,29,29,29,29,29,29,29,29,29,29
370360,1,1,0,0,0,0,0,0,0,0,0,0
370360,2,1,0,0,0,0,0,0,0,0,0,0
370361,1,1,0,0,0,0,0,0,0,0,0,0
370362,1,1,13,13,13,13,13,13,13,13,13,13
370362,2,1,0,0,0,0,0,0,0,0,0,0
370363,1,1,0,0,0,0,0,0,0,0,0,0
370364,1,1,0,0,0,0,0,0,0,0,0,0
370365,1,1,0,0,0,0,0,0,0,0,0,0
370366,1,1,0,0,0,0,0,0,0,0,0,0
370367,1,1,0,0,0,0,0,0,0,0,0,0
370368,1,1,0,0,0,0,0,0,0,0,0,0
370369,1,1,0,0,0,0,0,0,0,0,0,0
370370,1,1,0,0,0,0,0,0,0,0,0,0
370371,1,1,0,0,0,0,0,0,0,0,0,0
370371,2,1,0,0,0,0,0,0,0,0,0,0
370371,3,1,0,0,0,0,0,0,0,0,0,0
370372,1,1,28,28,28,28,28,28,28,28,28,28
370373,1,1,0,0,0,0,0,0,0,0,0,0
370373,2,1,0,0,0,0,0,0,0,0,2,0
370374,1,1,0,0,0,0,0,0,0,0,0,0
370374,2,1,0,0,0,0,0,0,0,0,0,0
370375,0,1,2,2,2,2,2,2,2,2,2,2
370375,0,2,0,0,0,0,0,0,0,0,0,0
370375,1,1,0,0,0,0,0,9,0,0,0,0
370376,1,1,0,0,0,0,0,0,0,0,0,0
370377,0,1,28,28,28,28,28,28,28,28,28,28
370377,1,1,0,0,0,0,38,0,0,0,7,0
370378,1,1,0,0,0,0,0,0,0,0,0,0
370378,2,1,0,0,0,0,0,0,0,0,0,0
370378,3,1,0,0,0,0,0,0,0,0,0,0
370378,4,1,0,0,7,0,0,0,0,0,0,0
370378,5,1,0,0,0,0,0,0,0,0,0,0
370379,1,1,0,0,0,0,0,0,0,0,0,0
370380,1,1,12,12,12,12,12,12,12,12,12,12
370381,1,1,0,0,0,0,0,0,0,0,0,0
370381,2,1,0,0,0,0,0,0,0,0,0,0
370382,1,1,9,9,9,9,9,9,9,9,9,9
370383,1,1,19,19,19,19,19,19,19,19,19,19
370384,0,1,32,32,32,32,32,32,32,32,32,32
370384,1,1,0,0,0,0,0,0,0,0,0,0
370385,1,1,0,0,0,0,18,0,0,0,0,0
370385,2,1,0,0,0,0,0,0,0,0,0,0
370386,1,1,0,0,0,0,0,0,0,0,0,0
370387,1,1,0,0,0,0,0,0,0,0,0,0
370387,2,1,0,0,0,0,16,0,0,0,0,0
370388,1,1,0,0,0,0,0,0,0,0,0,0
370388,2,1,0,0,0,0,0,0,0,0,0,0
370389,1,1,0,0,0,0,0,0,0,0,0,0
370390,1,1,11,11,11,11,11,11,11,11,11,11
370391,1,1,0,0,0,0,0,0,0,0,0,0
370391,2,1,0,0,0,0,0,0,0,0,0,0
370391,3,1,0,0,0,0,0,0,0,0,0,0
370392,1,1,0,0,0,0,0,0,0,0,0,0
370392,2,1,0,0,0,0,0,0,0,0,0,0
370393,1,1,0,0,0,0,0,38,0,0,0,37
370394,1,1,18,18,18,18,18,18,18,18,18,18
370394,2,1,0,0,0,0,0,0,0,0,0,0
370395,0,1,0,0,0,0,0,0,0,0,0,0
370395,1,1,22,0,0,0,0,0,0,0,0,0
370396,1,1,0,0,0,0,0,0,0,0,0,0
370396,2,1,0,0,0,0,0,0,0,0,0,0
370397,1,1,23,23,23,23,23,23,23,23,23,23
370398,1,1,0,0,0,0,0,0,0,0,0,0
370398,2,1,0,0,0,0,0,0,0,0,0,0