ST_CASE,VEH_NO,PER_NO,P1,P2,P3,P4,P5,P6,P7,P8,P9,P10
370399,0,1,9,9,9,9,9,9,9,9,9,9
370399,1,1,0,0,0,0,0,0,0,0,0,0
370399,2,1,0,0,0,0,0,0,0,0,0,11
370400,1,1,15,15,15,15,15,15,15,15,15,15
370401,1,1,0,0,0,0,0,0,0,0,0,0
370401,2,1,0,0,0,0,0,0,0,0,0,0
370402,1,1,15,26,22,8,22,13,28,10,24,26
370402,2,1,0,0,0,0,0,0,0,0,0,0
370403,1,1,0,0,0,0,0,0,0,0,0,0
370404,1,1,0,0,0,0,0,0,0,0,0,0
370405,1,1,22,22,22,22,22,22,22,22,22,22
370406,1,1,0,0,0,0,0,0,0,0,0,0
370407,1,1,0,0,0,0,0,0,0,0,0,0
370408,1,1,0,0,0,14,0,0,0,0,0,0
370408,2,1,0,0,0,0,0,0,0,0,0,0
370409,1,1,16,16,16,16,16,16,16,16,16,16
370409,2,1,0,0,0,0,0,0,0,0,0,0
370410,1,1,11,11,11,11,11,11,11,11,11,11
370410,2,1,0,0,0,16,0,0,21,27,0,0
370411,1,1,0,0,0,0,0,0,0,0,0,0
370412,1,1,0,0,0,0,0,0,0,0,0,0
370413,1,1,0,0,0,0,0,0,0,0,0,0
370413,2,1,0,0,0,0,0,0,0,0,0,0
370414,1,1,0,0,0,0,0,0,0,0,0,0
370414,2,1,8,8,8,8,8,8,8,8,8,8
370415,1,1,0,0,0,0,0,14,0,0,0,0
370416,0,1,0,0,0,0,0,0,0,0,0,0
370416,0,2,0,0,0,0,0,0,0,0,0,0
370416,1,1,0,0,0,0,0,13,0,0,0,0
370417,0,1,7,7,7,7,7,7,7,7,7,7
370417,1,1,0,0,0,0,0,0,0,0,0,0
370418,1,1,14,14,14,14,14,14,14,14,14,14
370419,1,1,0,0,0,0,0,0,0,0,0,0
370420,1,1,0,0,0,0,0,0,0,0,0,0
370420,2,1,0,0,0,0,0,0,0,0,0,0
370421,1,1,0,0,0,0,0,0,5,0,0,0
370422,1,1,9,0,0,0,0,0,0,0,0,0
370423,1,1,0,0,0,0,0,0,0,0,0,0
370423,2,1,0,0,0,0,0,0,0,0,0,0
370424,1,1,0,0,0,0,0,0,18,0,0,0
370424,2,1,25,0,0,0,0,0,0,0,0,8
370425,1,1,0,0,0,0,0,0,0,0,0,0
370426,1,1,29,29,29,29,29,29,29,29,29,29
370427,1,1,0,0,0,0,0,0,0,0,0,0
370428,1,1,0,0,0,0,0,0,0,0,0,0
370428,2,1,0,0,0,0,0,0,0,0,0,0
370429,1,1,0,0,0,0,0,0,0,0,0,0
370429,2,1,0,0,0,0,0,0,0,0,0,0
370430,1,1,0,0,0,0,0,0,0,0,0,0
370430,2,1,0,0,0,0,0,0,0,0,0,0
370430,3,1,0,0,0,0,0,0,0,0,0,0
370431,1,1,0,0,0,0,0,0,0,0,0,0
370432,1,1,0,0,0,0,0,0,0,0,0,0
370432,2,1,0,0,0,0,0,0,0,0,0,0
370432,3,1,0,0,0,0,0,0,0,0,0,0
370433,1,1,23,34,11,15,11,25,9,29,23,13
370434,1,1,7,0,0,0,0,0,0,0,0,0
370435,0,1,30,30,30,30,30,30,30,30,30,30
370435,1,1,9,0,0,0,0,0,0,0,0,0
370436,1,1,0,0,0,0,0,0,0,0,0,0
370437,1,1,0,0,0,0,0,0,0,0,0,0
370437,2,1,0,0,38,0,0,0,0,11,0,0
370438,1,1,12,12,12,12,12,12,12,12,12,12
370439,0,1,17,17,17,17,17,17,17,17,17,17
370439,1,1,0,0,0,0,0,0,0,0,0,11
370440,0,1,0,0,0,0,0,0,0,0,0,0
370440,1,1,0,0,0,0,0,0,0,0,0,0
370441,1,1,20,20,20,20,20,20,20,20,20,20
370442,1,1,0,0,0,0,0,0,0,0,0,0
370442,2,1,0,0,0,0,0,0,0,0,0,0
370443,1,1,0,0,0,0,0,0,0,0,0,0
370443,2,1,0,0,0,0,0,0,0,0,0,0
370444,1,1,29,29,29,29,29,29,29,29,29,29
370445,1,1,0,0,0,0,0,0,0,0,0,0
370446,1,1,0,0,0,0,0,0,0,0,0,0
370446,2,1,0,0,0,0,0,0,0,0,23,0
370447,1,1,0,0,0,0,0,0,0,0,0,0
370447,2,1,0,0,0,0,0,0,0,0,0,0
370447,3,1,0,0,0,0,0,0,0,0,0,0
370448,1,1,0,0,0,0,0,0,0,0,0,0
370448,2,1,16,16,16,16,16,16,16,16,16,16
370449,1,1,0,0,0,0,0,0,0,0,0,0
370449,2,1,0,0,0,0,0,0,0,0,0,0
370451,1,1,0,0,0,0,0,0,0,0,0,0
370451,2,1,0,0,0,0,0,0,0,0,0,0
370452,1,1,0,0,0,0,0,0,0,0,0,27
370453,1,1,0,0,0,0,0,0,0,0,0,0
370454,1,1,0,0,0,0,0,0,0,0,0,0
370455,1,1,0,0,0,0,0,0,0,0,0,0
370455,2,1,0,0,0,0,0,0,0,0,0,0
370455,3,1,0,0,0,0,0,0,0,0,0,0
370456,1,1,27,27,27,27,27,27,27,27,27,27
370457,1,1,0,0,0,0,0,0,0,0,0,0
370458,1,1,0,0,0,0,0,3,0,0,0,0
370459,1,1,0,0,0,0,0,0,0,0,0,0
370459,2,1,0,0,0,0,0,0,0,0,0,0
370460,1,1,16,16,16,16,16,16,16,16,16,16
370460,2,1,0,0,0,6,0,0,0,0,0,0
370460,3,1,0,0,0,6,8,0,0,7,25,4
370461,1,1,13,0,24,0,0,0,0,0,0,0
370462,1,1,0,0,0,0,0,0,0,4,0,0
370463,1,1,0,0,0,0,0,0,0,0,0,0
370463,2,1,25,25,25,25,25,25,25,25,25,25
370463,3,1,0,0,12,0,0,0,9,0,0,0
370464,1,1,23,23,23,23,23,23,23,23,23,23
370465,1,1,15,14,18,20,14,19,10,0,17,0
370466,1,1,0,0,0,0,0,0,0,0,0,0
370466,2,1,0,0,0,0,0,0,0,0,0,0
370467,1,1,0,0,0,0,0,0,0,0,0,0
370467,2,1,0,0,0,0,0,0,0,0,0,0
370468,1,1,21,21,21,21,21,21,21,21,21,21
370469,1,1,0,0,0,0,0,0,0,0,0,0
370469,2,1,0,0,0,0,0,0,0,0,0,0
370470,1,1,4,4,4,4,4,4,4,4,4,4
370471,1,1,13,13,13,13,13,13,13,13,13,13
370471,2,1,0,0,0,0,0,0,0,0,0,0
370472,1,1,0,0,0,0,0,0,0,0,0,0
370473,1,1,0,0,0,0,0,20,0,0,0,0
370473,2,1,0,0,0,0,0,0,13,0,0,0
370474,1,1,0,0,0,0,0,0,0,0,0,0
370475,1,1,0,0,0,0,0,0,0,0,0,0
370475,2,1,0,0,0,0,0,0,0,0,0,0
370476,1,1,0,0,0,0,0,0,0,0,0,0
370476,2,1,0,0,0,0,0,0,0,0,0,0
370477,0,1,0,0,0,0,24,0,0,0,0,0
370477,1,1,12,0,0,8,0,0,0,0,0,0
370478,0,1,1,1,1,1,1,1,1,1,1,1
370478,1,1,0,0,0,0,0,0,0,0,0,0
370479,1,1,21,21,21,21,21,21,21,21,21,21
370480,1,1,0,0,0,0,0,0,0,0,0,0
370481,0,1,0,0,0,0,0,0,0,0,0,0
370481,1,1,0,0,0,0,0,0,0,12,0,0
370482,1,1,0,0,0,0,0,0,0,0,0,0
370482,2,1,0,0,0,0,0,0,0,0,0,0
370483,1,1,0,0,0,0,0,0,0,0,0,0
370483,2,1,5,5,5,5,5,5,5,5,5,5
370484,0,1,0,0,0,0,0,0,0,0,0,0
370484,1,1,0,0,0,0,0,0,0,0,0,0
370485,1,1,0,0,0,0,0,0,0,0,0,0
370485,2,1,0,0,0,0,0,0,0,0,0,0
370486,1,1,0,0,0,0,0,0,0,0,0,0
370486,2,1,0,0,0,0,16,0,0,0,0,0
370486,3,1,0,0,0,0,0,0,0,0,0,0
370486,4,1,0,0,0,0,0,0,0,0,0,0
370486,5,1,2,0,0,0,0,0,0,0,0,0
370487,0,1,0,0,0,0,0,0,0,0,0,0
370487,1,1,0,19,27,0,0,0,0,20,18,0
370488,1,1,0,0,0,0,0,0,0,0,0,0
370488,2,1,0,0,0,0,0,0,0,0,0,0
370488,3,1,0,0,0,0,0,0,0,0,0,0
370488,4,1,0,0,0,0,0,0,20,0,0,0
370489,1,1,0,0,0,9,0,0,0,0,0,0
370490,1,1,19,19,19,19,19,19,19,19,19,19
370491,2,1,8,8,8,8,8,8,8,8,8,8
370492,1,1,14,14,14,14,14,14,14,14,14,14
370492,2,1,10,10,10,10,10,10,10,10,10,10
370493,0,1,10,10,10,10,10,10,10,10,10,10
370493,1,1,0,0,0,0,0,0,0,0,0,0
370494,1,1,14,14,14,14,14,14,14,14,14,14
370495,1,1,0,0,0,0,16,0,0,0,0,0
370495,2,1,0,0,0,0,0,0,0,0,0,0
370496,1,1,0,0,0,0,0,0,0,0,0,0
370497,1,1,0,0,0,0,0,0,0,13,0,6
370497,2,1,0,0,0,0,0,0,0,0,0,0
370498,1,1,13,19,0,0,13,12,0,0,0,0
370498,2,1,0,0,0,0,0,0,0,0,0,0
370499,1,1,15,15,15,15,15,15,15,15,15,15
370500,1,1,0,0,0,0,0,0,0,0,0,0
370500,2,1,0,0,0,0,0,0,0,0,0,0
370501,1,1,11,11,11,11,11,11,11,11,11,11
370501,2,1,0,0,0,0,0,0,0,0,0,0
370501,3,1,0,0,0,0,0,0,0,0,0,0
370502,1,1,18,18,18,18,18,18,18,18,18,18
370502,2,1,0,0,15,0,0,0,0,0,0,0
370503,0,1,0,0,0,0,0,0,0,0,0,0
370503,1,1,0,0,0,0,0,0,0,0,0,0
370504,1,1,0,0,0,0,0,0,0,0,0,0
370505,1,1,0,0,0,0,0,0,0,0,0,0
370505,2,1,0,0,0,0,0,0,0,0,0,0
370505,3,1,0,0,0,0,0,0,0,0,0,0
370506,1,1,0,0,0,0,0,0,0,0,0,0
370506,2,1,0,0,0,0,0,0,0,0,0,0
370507,1,1,0,0,0,0,0,0,0,0,0,0
370508,1,1,0,0,17,0,0,0,0,0,0,0
370509,1,1,0,0,0,0,0,0,0,0,0,0
370510,1,1,0,0,0,0,0,0,0,0,0,0
370511,1,1,0,0,21,0,0,0,0,0,0,0
370511,2,1,45,45,45,45,45,45,45,45,45,45
370512,1,1,0,0,0,0,0,0,0,0,0,0
370513,1,1,0,0,0,0,0,0,0,0,0,0
370514,1,1,0,0,0,0,21,0,0,0,0,0
370515,1,1,0,0,0,0,0,0,0,0,0,0
370516,1,1,14,14,14,14,14,14,14,14,14,14
370516,2,1,0,0,0,0,0,0,0,0,0,0
370517,1,1,0,0,0,0,0,0,0,0,0,0
370517,2,1,0,0,0,0,0,0,0,0,0,0
370518,1,1,0,12,0,0,0,0,0,0,4,0
370519,0,1,0,0,0,0,0,0,0,0,0,0
370519,1,1,0,0,0,0,0,0,0,0,0,0
370520,1,1,0,0,0,0,0,0,0,0,0,0
370521,1,1,0,0,7,0,0,0,0,0,0,0
370521,2,1,0,0,0,0,0,0,0,0,0,0
370522,1,1,0,0,0,0,0,0,0,0,0,0
370523,1,1,0,0,0,0,0,0,0,0,0,0
370524,0,1,0,0,0,0,0,0,0,0,0,0
370524,1,1,0,0,0,0,0,0,0,0,0,0
370525,1,1,0,0,0,0,0,0,0,0,0,0
370525,2,1,0,0,0,0,22,0,0,0,0,0
370526,1,1,0,0,0,0,0,0,0,0,0,0
370527,1,1,0,0,0,0,0,0,0,0,0,0
370528,0,1,3,3,3,3,3,3,3,3,3,3
370528,1,1,17,0,24,11,0,0,0,0,0,0
370529,1,1,0,16,11,0,0,0,0,0,0,0
370530,1,1,0,0,0,0,0,0,0,0,0,0
370530,2,1,0,0,0,0,0,0,0,0,0,0
370531,0,1,0,0,0,0,0,0,0,8,0,0
370531,0,2,0,15,16,0,0,0,0,0,0,0
370531,1,1,4,4,4,4,4,4,4,4,4,4
370532,0,1,0,0,0,0,0,0,0,0,0,0
370532,0,2,0,0,0,26,0,0,0,2,0,26
370532,1,1,19,19,19,19,19,19,19,19,19,19
370532,2,1,0,0,0,0,0,0,0,0,0,0
370533,0,1,34,34,34,34,34,34,34,34,34,34
370533,1,1,6,0,0,0,0,0,11,7,0,0
370534,1,1,0,0,21,0,7,0,0,0,0,0
370534,2,1,0,0,0,0,0,0,0,0,0,0
370535,1,1,0,0,0,0,0,0,0,0,0,0
370535,2,1,0,0,0,0,0,0,0,0,0,0
370536,1,1,0,0,0,0,0,0,0,0,0,0
370537,0,1,0,0,0,0,0,0,0,0,0,0
370537,0,2,0,0,0,0,0,24,0,0,0,0
370537,1,1,0,0,0,0,0,0,0,0,0,0
370538,0,1,0,0,0,0,0,0,0,0,0,0
370538,0,2,0,21,19,0,25,11,28,10,0,18
370538,1,1,0,0,0,0,8,0,0,0,0,0
370539,1,1,0,0,0,0,0,0,0,0,0,0
370540,1,1,26,26,26,26,26,26,26,26,26,26
370541,1,1,0,0,0,0,0,0,0,0,0,0
370541,2,1,0,0,0,0,0,0,0,0,0,0
370542,1,1,0,0,0,0,0,0,0,0,15,0
370542,2,1,7,7,7,7,7,7,7,7,7,7
370542,3,1,0,0,0,0,0,0,0,0,0,0
370543,1,1,0,0,0,0,0,0,0,0,0,0
370543,2,1,12,0,0,0,0,0,7,0,0,0
370544,1,1,0,0,0,0,0,0,0,0,0,0
370545,0,1,0,0,0,0,0,0,0,0,0,0
370545,0,2,0,0,0,0,0,0,0,0,0,0
370545,1,1,0,0,0,0,0,0,0,0,0,0
370546,1,1,0,0,0,0,0,0,0,0,0,0
370547,1,1,0,0,0,0,0,0,0,0,0,0
370547,2,1,23,23,23,23,23,23,23,23,23,23
370548,0,1,26,26,26,26,26,26,26,26,26,26
370548,1,1,15,0,0,18,0,0,10,8,0,0
370549,1,1,0,0,0,0,0,0,0,0,0,0
370549,2,1,0,0,0,0,0,0,0,0,0,0
370550,1,1,25,25,25,25,25,25,25,25,25,25
370551,1,1,25,0,0,0,0,0,0,0,0,0
370551,2,1,0,0,0,0,0,0,0,0,0,0
370552,1,1,0,0,0,0,0,0,0,0,0,0
370552,2,1,13,13,13,13,13,13,13,13,13,13
370553,1,1,0,0,24,0,0,0,0,0,0,0
370554,1,1,8,8,8,8,8,8,8,8,8,8
370554,2,1,0,0,0,0,0,0,0,0,0,0
370555,1,1,19,19,19,19,19,19,19,19,19,19
370556,1,1,17,17,17,17,17,17,17,17,17,17
370557,1,1,10,0,0,0,0,0,0,0,0,0
370557,2,1,7,0,0,0,0,0,0,0,0,0
370558,1,1,0,0,0,0,0,0,0,0,0,0
370558,2,1,0,0,0,0,0,0,0,0,0,0
370559,1,1,0,0,0,0,0,19,0,0,0,0
370559,2,1,0,0,0,0,0,0,0,0,0,0
370560,1,1,0,0,0,0,0,0,0,0,0,0
370560,2,1,23,23,23,23,23,23,23,23,23,23
370561,1,1,9,10,0,0,0,0,0,0,0,0
370562,0,1,0,0,0,0,0,0,0,0,0,0
370562,1,1,0,0,0,9,0,0,0,0,0,0
370563,1,1,0,0,0,0,0,0,0,0,0,0
370564,1,1,0,0,0,0,0,0,0,0,0,0
370565,1,1,0,0,0,0,0,0,13,0,0,0
370565,2,1,0,0,0,0,0,0,0,0,0,0
370566,1,1,0,0,0,0,0,0,0,0,0,0
370567,0,1,21,21,21,21,21,21,21,21,21,21
370567,1,1,11,11,6,7,19,17,15,13,17,7
370568,1,1,0,0,0,0,0,0,0,0,0,0
370569,1,1,0,0,0,0,0,0,0,0,0,0
370570,1,1,0,0,0,0,0,0,0,0,0,0
370570,2,1,0,0,0,0,0,0,0,0,0,0
370571,1,1,0,0,0,0,0,0,0,0,0,0
370571,2,1,0,0,0,0,0,13,15,0,0,0
370572,1,1,0,0,0,0,0,0,0,0,0,0
370573,1,1,0,0,0,0,0,0,0,0,0,0
370573,2,1,0,0,0,0,0,0,0,0,0,0
370574,1,1,13,13,13,13,13,13,13,13,13,13
370575,0,1,0,0,0,0,0,0,0,0,0,0
370575,1,1,0,0,0,9,0,0,0,0,0,0
370576,0,1,0,0,2,0,15,0,0,0,0,0
370576,1,1,0,0,0,26,0,0,0,0,0,0
370577,0,1,2,2,2,2,2,2,2,2,2,2
370577,0,2,0,19,0,22,0,13,0,0,27,0
370577,1,1,0,0,0,0,0,0,0,0,0,0
370578,0,1,0,0,0,0,0,0,0,0,0,0
370578,1,1,0,0,0,0,0,0,0,0,0,0
370579,1,1,30,30,30,30,30,30,30,30,30,30
370580,1,1,0,0,0,0,0,0,0,0,0,0
370580,2,1,0,0,0,0,0,0,0,0,0,2
370580,3,1,0,0,0,0,0,0,0,0,6,0
370580,4,1,0,0,0,0,0,0,0,0,0,0
370580,5,1,0,0,0,0,0,0,0,0,0,0
370581,1,1,15,6,10,16,3,9,2,17,9,14
370582,1,1,0,0,0,0,0,6,0,0,0,0
370583,1,1,17,17,17,17,17,17,17,17,17,17
370584,1,1,0,0,0,0,0,0,0,0,0,0
370584,2,1,0,0,0,0,0,0,0,0,0,0
370584,3,1,0,0,0,0,0,0,7,0,0,0
370585,1,1,23,23,23,23,23,23,23,23,23,23
370586,1,1,0,0,0,0,0,0,0,0,0,0
370586,2,1,0,0,0,0,0,0,0,0,0,0
370587,1,1,0,0,0,0,0,0,0,0,0,0
370587,2,1,0,0,0,0,0,0,0,0,0,0
370588,1,1,6,6,6,6,6,6,6,6,6,6
370589,1,1,2,2,2,2,2,2,2,2,2,2
370589,2,1,0,0,0,0,0,0,0,0,0,0
370589,3,1,0,0,0,0,0,0,0,0,0,0
370589,4,1,0,0,0,0,0,7,0,0,0,0
370590,0,1,0,0,0,0,0,0,0,0,0,0
370590,1,1,15,15,15,15,15,15,15,15,15,15
370591,1,1,0,0,0,0,0,0,0,0,0,0
370591,2,1,0,0,0,0,0,0,0,6,0,0
370592,1,1,0,0,0,0,0,0,0,0,0,0
370593,1,1,22,22,22,22,22,22,22,22,22,22
370594,1,1,13,13,13,13,13,13,13,13,13,13
370595,1,1,0,0,0,0,0,0,0,0,0,0
370595,2,1,0,0,0,0,0,0,0,0,0,0
370596,1,1,0,0,0,0,0,0,0,0,0,0
370596,2,1,18,18,18,18,18,18,18,18,18,18
370597,1,1,10,10,10,10,10,10,10,10,10,10
370598,1,1,18,18,18,18,18,18,18,18,18,18
370599,1,1,26,26,26,26,26,26,26,26,26,26
370600,1,1,0,0,0,0,0,0,0,0,0,0
370600,2,1,0,0,0,0,0,0,0,0,0,0
370600,3,1,0,0,0,0,0,0,0,0,0,0
370601,1,1,0,0,0,0,0,0,0,0,0,0
370602,1,1,0,0,0,0,0,0,0,0,0,0
370602,2,1,0,0,0,0,0,0,0,0,0,0
370603,0,1,0,0,0,0,0,0,0,0,0,0
370603,1,1,2,0,0,0,0,0,0,0,0,0
370604,1,1,0,0,0,0,0,0,0,0,0,0
370604,2,1,0,0,0,0,0,0,0,0,0,0
370605,1,1,0,0,0,0,0,0,0,0,0,0
370605,2,1,0,0,0,0,0,0,0,0,0,0
370606,1,1,0,0,0,0,0,0,0,0,0,0
370606,2,1,0,0,0,0,0,0,0,0,0,0
370607,0,1,0,0,0,0,0,0,0,0,0,0
370607,1,1,7,0,0,0,0,0,0,0,0,0
370608,1,1,0,0,0,0,0,0,0,0,0,0
370608,2,1,0,0,0,0,0,0,0,0,0,0
370609,1,1,0,0,0,0,0,0,0,0,0,0
370610,1,1,0,0,0,0,0,0,0,0,0,0
370611,1,1,20,20,20,20,20,20,20,20,20,20
370611,2,1,18,0,0,11,0,0,0,0,0,0
370612,1,1,21,21,21,21,21,21,21,21,21,21
370613,1,1,0,0,0,0,0,0,0,0,0,0
370613,2,1,0,0,0,0,0,0,0,0,0,0
370614,1,1,0,0,0,0,0,0,0,0,0,0
370615,1,1,21,21,21,21,21,21,21,21,21,21
370616,1,1,19,19,19,19,19,19,19,19,19,19
370617,1,1,0,9,13,0,13,16,0,0,0,0
370618,1,1,0,0,0,0,0,0,0,0,0,0
370618,2,1,0,0,0,0,0,0,0,0,0,0
370619,0,1,15,15,15,15,15,15,15,15,15,15
370619,1,1,0,0,0,28,0,0,0,0,0,0
370620,1,1,0,0,15,0,0,0,0,0,0,18
370621,1,1,16,16,16,16,16,16,16,16,16,16
370622,1,1,29,29,29,29,29,29,29,29,29,29
370623,1,1,14,22,0,0,0,0,0,0,0,0
370624,0,1,18,18,18,18,18,18,18,18,18,18
370624,1,1,0,0,0,0,0,0,0,0,0,0
370625,1,1,0,0,0,0,0,0,0,0,0,0
370625,2,1,0,0,0,0,0,0,0,0,0,0
370626,1,1,0,0,0,0,0,0,0,0,0,0
370626,2,1,0,0,0,0,0,0,15,0,0,0
370627,1,1,13,13,13,13,13,13,13,13,13,13
370627,2,1,0,0,0,0,0,0,0,0,0,0
370628,1,1,0,0,0,0,0,0,3,0,0,0
370628,2,1,0,0,0,0,0,0,0,0,0,0
370629,0,1,0,0,0,0,0,0,0,0,0,0
370629,0,2,0,0,0,0,0,0,0,0,0,0
370629,1,1,0,0,0,0,0,0,0,0,0,0
370630,1,1,0,0,0,0,0,0,0,0,0,0
370630,2,1,0,0,0,0,0,0,0,0,0,0
370631,1,1,3,0,0,0,0,0,0,0,0,0
370631,2,1,0,0,0,0,0,0,0,0,0,0
370631,3,1,0,0,0,0,0,0,0,0,0,0
370631,4,1,0,0,0,0,0,0,0,0,0,0
370631,5,1,0,0,0,0,0,0,0,0,0,0
370632,1,1,25,25,25,25,25,25,25,25,25,25
370633,1,1,0,0,0,0,0,0,0,12,0,0
370634,1,1,0,0,0,0,0,0,0,0,0,0
370635,1,1,0,0,0,0,0,0,0,0,0,0
370635,2,1,0,0,0,0,0,0,0,0,0,0
370636,1,1,0,0,0,0,0,0,0,0,0,0
370637,1,1,18,18,18,18,18,18,18,18,18,18
370638,1,1,17,17,17,17,17,17,17,17,17,17
370639,1,1,0,0,0,0,0,0,0,0,0,0
370639,2,1,0,0,0,0,0,0,0,0,0,0
370640,1,1,0,0,0,0,7,7,0,0,24,0
370641,0,1,0,0,0,0,21,0,3,0,0,0
370641,1,1,0,0,0,0,0,0,0,0,0,0
370642,1,1,0,0,0,0,0,0,0,0,0,0
370642,2,1,0,0,0,0,0,0,0,0,2,0
370643,1,1,0,0,0,0,0,0,0,0,0,0
370644,1,1,15,17,12,12,15,20,17,20,8,2
370645,1,1,35,35,35,35,35,35,35,35,35,35
370646,0,1,0,0,0,0,0,0,0,0,0,0
370646,1,1,0,0,0,0,0,0,0,0,7,0
370647,1,1,0,0,0,0,9,0,0,0,0,0
370647,2,1,0,0,0,0,0,0,0,0,0,0
370647,3,1,0,0,0,0,0,0,0,0,0,0
370648,1,1,0,0,0,0,0,0,0,0,0,0
370648,2,1,0,0,0,0,0,0,0,0,0,0
370648,3,1,0,0,0,0,0,0,0,0,0,0
370649,1,1,0,0,0,25,0,0,0,0,0,0
370650,1,1,22,22,22,22,22,22,22,22,22,22
370650,2,1,0,0,0,0,0,0,0,0,0,0
370651,1,1,0,0,0,0,0,0,0,0,0,0
370651,2,1,0,0,0,0,0,0,0,0,0,0
370652,0,1,0,0,0,0,0,0,0,0,0,0
370652,1,1,10,0,0,0,0,0,0,0,0,0
370653,1,1,3,3,3,3,3,3,3,3,3,3
370654,1,1,0,0,0,0,0,0,0,0,0,0
370654,2,1,0,0,0,0,0,0,0,0,0,0
370655,1,1,0,10,0,0,0,0,0,0,0,0
370655,2,1,0,0,0,0,0,0,0,0,0,0
370656,1,1,0,0,0,0,0,0,0,0,0,0
370656,2,1,0,0,0,0,0,0,0,0,0,0
370657,1,1,0,0,0,0,0,0,0,0,0,0
370658,1,1,18,18,18,18,18,18,18,18,18,18
370659,1,1,16,16,16,16,16,16,16,16,16,16
370660,1,1,0,0,0,0,6,0,0,0,0,17
370661,0,1,0,28,16,0,0,0,0,0,0,0
370661,1,1,0,0,0,0,0,0,0,0,0,0
370662,1,1,0,0,0,0,0,0,0,0,0,0
370662,2,1,0,0,0,0,0,0,0,0,0,0
370663,1,1,0,0,0,0,0,0,0,0,0,0
370663,2,1,0,0,0,0,0,0,0,4,0,0
370664,1,1,6,6,6,6,6,6,6,6,6,6
370665,1,1,0,0,0,0,0,0,0,0,0,0
370666,1,1,0,0,0,0,0,0,0,0,0,0
370666,2,1,0,0,0,0,0,0,0,0,0,0
370667,1,1,0,0,0,0,0,0,0,0,0,0
370668,1,1,21,21,21,21,21,21,21,21,21,21
370669,1,1,0,0,0,0,0,0,0,0,0,0
370669,2,1,0,0,0,0,0,0,0,0,0,0
370669,3,1,0,0,0,0,0,0,0,0,0,0
370670,1,1,0,0,0,0,0,0,0,0,0,0
370670,2,1,2,2,2,2,2,2,2,2,2,2
370671,1,1,0,0,10,0,0,0,0,0,0,0
370672,1,1,0,0,0,0,0,0,0,0,0,0
370672,2,1,0,0,0,0,0,0,0,0,0,0
370673,0,1,16,16,16,16,16,16,16,16,16,16
370673,1,1,0,0,0,0,0,0,0,0,0,11
370674,1,1,14,14,14,14,14,14,14,14,14,14
370675,0,1,2,2,2,2,2,2,2,2,2,2
370675,1,1,11,11,11,11,11,11,11,11,11,11
370676,1,1,0,0,0,0,0,34,0,0,0,0
370676,2,1,0,0,0,0,0,0,0,0,0,0
370677,1,1,0,2,0,0,0,0,0,0,0,0
370678,1,1,0,0,0,0,0,0,0,0,0,0
370678,2,1,0,0,0,0,0,0,0,0,7,0
370679,1,1,18,18,18,18,18,18,18,18,18,18
370680,1,1,0,0,0,0,0,0,0,0,0,0
370680,2,1,25,11,22,15,19,18,31,21,0,0
370681,1,1,25,25,25,25,25,25,25,25,25,25
370682,1,1,0,0,0,0,0,0,0,0,0,0
370683,0,1,0,0,0,0,0,0,0,0,0,0
370683,1,1,0,0,0,0,0,0,0,0,0,0
370684,1,1,0,0,0,0,0,0,0,0,0,0
370685,1,1,0,0,0,0,0,0,0,0,0,0
370685,2,1,0,0,0,0,0,0,0,0,0,0
370686,1,1,15,15,15,15,15,15,15,15,15,15
370687,1,1,0,0,0,0,0,0,0,0,0,0
370687,2,1,0,0,0,0,0,0,0,0,0,0
370688,1,1,0,0,0,0,0,28,0,0,0,28
370689,0,1,27,27,27,27,27,27,27,27,27,27
370689,1,1,0,0,0,0,0,0,0,0,0,0
370690,1,1,0,0,0,0,0,0,0,0,0,0
370690,2,1,0,0,0,0,0,0,8,0,0,0
370691,1,1,0,0,0,0,0,0,0,0,0,0
370691,2,1,0,0,0,0,0,0,0,0,0,0
370692,1,1,0,0,0,0,0,0,0,0,0,0
370693,1,1,14,14,14,14,14,14,14,14,14,14
370693,2,1,0,0,0,0,0,0,0,0,0,0
370694,1,1,0,0,0,0,0,0,0,0,0,0
370694,2,1,2,2,2,2,2,2,2,2,2,2
370695,1,1,0,0,0,0,0,0,0,0,0,0
370696,0,1,0,0,0,0,0,0,0,0,0,0
370696,1,1,0,0,0,0,0,0,0,0,0,0
370697,1,1,14,14,14,14,14,14,14,14,14,14
370698,1,1,0,0,0,0,0,0,0,0,0,0
370699,1,1,0,0,0,0,0,0,0,0,0,0
370699,2,1,0,0,0,0,0,0,0,0,0,0
370700,0,1,0,0,0,0,0,0,0,0,0,0
370701,0,1,25,25,25,25,25,25,25,25,25,25
370701,1,1,0,0,0,0,0,0,0,0,0,0
370702,1,1,0,0,0,0,0,0,0,0,0,0
370702,2,1,0,0,0,0,0,0,0,0,0,0
370702,3,1,0,0,0,0,0,0,0,0,0,0
370703,1,1,16,16,16,16,16,16,16,16,16,16
370704,1,1,0,0,0,0,0,0,0,0,0,0
370705,1,1,0,0,0,0,0,0,0,0,0,0
370705,2,1,0,0,0,0,0,0,0,0,0,0
370706,0,1,14,14,14,14,14,14,14,14,14,14