ST_CASE,VEH_NO,PER_NO,P1,P2,P3,P4,P5,P6,P7,P8,P9,P10
370706,1,1,0,0,0,0,0,0,0,0,0,0
370707,1,1,13,13,13,13,13,13,13,13,13,13
370708,1,1,0,0,0,0,0,0,0,0,0,0
370708,2,1,15,15,15,15,15,15,15,15,15,15
370709,1,1,17,17,17,17,17,17,17,17,17,17
370710,0,1,14,14,14,14,14,14,14,14,14,14
370710,1,1,0,0,0,0,0,0,0,0,0,0
370711,1,1,0,0,0,0,0,0,0,0,0,0
370711,2,1,0,0,7,0,0,0,0,0,0,0
370712,1,1,0,0,0,0,0,0,0,0,0,0
370713,1,1,20,0,0,27,0,20,0,0,0,0
370714,1,1,0,0,0,0,0,0,0,0,0,0
370715,0,1,23,18,15,23,10,0,41,24,13,12
370715,1,1,0,0,0,0,0,0,0,0,0,0
370716,0,1,0,0,0,0,0,0,0,0,0,0
370716,1,1,0,0,0,0,0,0,0,0,0,0
370717,1,1,0,0,0,0,0,0,0,0,0,0
370717,2,1,0,0,0,0,0,0,0,0,0,0
370718,1,1,10,10,10,10,10,10,10,10,10,10
370718,2,1,0,0,0,0,0,0,0,0,0,0
370719,1,1,18,18,18,18,18,18,18,18,18,18
370720,1,1,0,0,19,0,0,0,7,0,0,0
370720,2,1,0,0,0,0,0,0,0,0,0,0
370721,1,1,13,13,13,13,13,13,13,13,13,13
370722,0,1,22,22,22,22,22,22,22,22,22,22
370722,1,1,0,0,0,0,27,0,0,0,0,0
370723,1,1,0,0,0,0,0,0,0,0,0,0
370723,2,1,0,0,0,0,0,0,0,0,0,0
370724,1,1,20,20,20,20,20,20,20,20,20,20
370725,1,1,20,20,20,20,20,20,20,20,20,20
370726,1,1,0,0,0,0,0,0,0,0,0,0
370726,2,1,0,0,0,0,0,0,0,0,0,0
370727,1,1,0,0,0,0,0,0,0,0,0,0
370727,2,1,0,0,0,0,0,0,0,0,0,0
370728,1,1,26,26,26,26,26,26,26,26,26,26
370728,2,1,0,0,0,0,0,0,0,0,0,0
370729,0,1,0,0,0,0,0,0,0,0,0,0
370729,1,1,0,0,0,11,0,0,0,0,0,0
370730,1,1,17,17,17,17,17,17,17,17,17,17
370731,1,1,20,20,20,20,20,20,20,20,20,20
370732,1,1,0,0,0,0,0,0,0,0,0,0
370734,1,1,27,27,27,27,27,27,27,27,27,27
370735,1,1,0,0,0,0,0,0,0,0,0,0
370736,1,1,7,7,7,7,7,7,7,7,7,7
370737,1,1,0,0,0,0,0,0,0,0,0,0
370738,0,1,0,0,0,0,0,0,0,0,0,0
370738,1,1,0,0,11,0,0,0,0,0,0,0
370739,1,1,0,0,0,0,0,0,0,0,0,0
370739,2,1,0,0,0,0,0,0,0,0,0,0
370740,1,1,0,0,0,0,0,0,0,0,0,0
370740,2,1,0,0,0,0,0,0,0,0,0,0
370741,1,1,0,0,0,0,0,0,0,0,0,0
370742,0,1,0,0,0,0,0,0,0,0,0,0
370742,1,1,0,0,0,0,0,0,0,0,0,0
370743,1,1,6,6,6,6,6,6,6,6,6,6
370744,1,1,0,0,0,0,7,0,0,0,0,0
370744,2,1,0,0,0,0,0,0,0,0,0,0
370745,1,1,0,0,0,0,0,0,0,0,0,0
370746,1,1,0,0,0,0,0,0,0,0,0,0
370747,1,1,28,28,28,28,28,28,28,28,28,28
370748,1,1,20,20,20,20,20,20,20,20,20,20
370749,1,1,0,0,0,0,0,0,0,0,0,0
370750,1,1,0,0,0,0,0,0,0,0,0,0
370750,2,1,0,0,0,0,0,0,0,0,0,0
370751,1,1,0,0,0,0,0,0,0,0,0,0
370752,1,1,26,26,26,26,26,26,26,26,26,26
370753,1,1,0,0,0,0,0,0,0,0,0,0
370753,2,1,0,0,0,0,0,0,0,0,0,0
370754,1,1,0,0,0,0,0,0,0,0,0,15
370754,2,1,17,17,17,17,17,17,17,17,17,17
370755,1,1,0,0,0,0,0,0,0,0,0,0
370755,2,1,19,23,34,0,18,0,0,21,8,23
370756,1,1,0,0,0,0,0,0,0,0,0,0
370757,1,1,13,13,13,13,13,13,13,13,13,13
370758,1,1,10,10,10,10,10,10,10,10,10,10
370758,2,1,0,0,0,0,0,0,0,0,5,0
370759,1,1,0,0,0,0,0,0,0,0,0,0
370759,2,1,0,0,0,0,0,0,20,0,0,0
370760,1,1,0,0,0,0,0,0,0,0,0,0
370760,2,1,0,0,0,0,0,0,0,0,0,0
370761,1,1,0,0,0,0,0,0,0,0,16,0
370762,1,1,0,0,0,0,0,0,0,0,0,0
370762,2,1,0,0,0,0,0,0,0,0,0,0
370763,0,1,0,0,0,0,0,0,0,0,0,0
370763,1,1,0,0,0,0,0,0,0,0,0,0
370764,1,1,36,36,36,36,36,36,36,36,36,36
370765,1,1,20,20,20,20,20,20,20,20,20,20
370766,1,1,0,0,0,0,0,0,0,0,0,0
370767,1,1,21,21,21,21,21,21,21,21,21,21
370768,1,1,28,28,28,28,28,28,28,28,28,28
370768,2,1,0,0,0,0,0,0,0,0,0,0
370769,1,1,0,0,0,0,0,0,0,0,0,0
370770,1,1,0,0,0,0,0,0,0,0,0,0
370771,1,1,16,16,16,16,16,16,16,16,16,16
370772,1,1,0,0,0,0,0,0,0,0,0,0
370772,2,1,0,0,0,0,0,0,0,0,0,0
370773,1,1,0,0,0,0,0,0,0,0,0,0
370774,1,1,0,0,0,41,4,0,14,0,0,0
370775,1,1,0,0,0,0,0,0,0,0,0,0
370775,2,1,0,0,0,0,0,0,0,0,0,0
370776,0,1,0,0,0,0,0,0,0,0,0,0
370776,1,1,0,0,0,0,0,0,0,0,0,0
370777,0,1,29,29,29,29,29,29,29,29,29,29
370777,1,1,0,0,16,0,0,0,0,0,0,0
370778,1,1,0,0,0,0,0,0,0,0,0,0
370778,2,1,0,0,0,0,0,0,0,0,0,0
370779,1,1,0,0,0,0,0,0,0,0,0,0
370780,1,1,0,0,0,0,0,0,0,0,0,0
370781,1,1,18,18,18,18,18,18,18,18,18,18
370782,1,1,27,27,27,27,27,27,27,27,27,27
370783,1,1,17,17,17,17,17,17,17,17,17,17
370784,1,1,9,4,7,21,16,25,13,18,15,19
370785,1,1,19,19,19,19,19,19,19,19,19,19
370786,1,1,0,0,0,0,0,0,0,0,0,0
370786,2,1,0,0,0,0,0,0,0,0,0,0
370787,1,1,0,19,0,7,0,0,0,0,0,0
370787,2,1,14,0,0,0,0,0,0,0,0,0
370787,3,1,0,0,0,0,0,0,0,0,0,0
370788,1,1,0,0,0,0,0,0,0,0,0,0
370788,2,1,0,0,0,0,0,0,0,0,0,0
370789,1,1,0,0,0,0,0,0,0,0,0,0
370789,2,1,0,0,0,0,0,0,0,0,0,0
370789,3,1,0,0,0,0,0,0,0,0,0,0
370790,1,1,5,14,27,15,16,18,8,17,7,28
370791,1,1,23,23,23,23,23,23,23,23,23,23
370792,1,1,0,0,0,0,0,0,0,0,0,0
370793,1,1,0,0,0,0,0,0,0,0,0,0
370793,2,1,0,0,0,0,0,0,0,11,0,0
370794,1,1,19,19,19,19,19,19,19,19,19,19
370795,1,1,16,16,16,16,16,16,16,16,16,16
370796,0,1,34,34,34,34,34,34,34,34,34,34
370796,1,1,0,0,0,0,0,0,0,0,0,0
370797,1,1,0,0,0,0,0,0,0,0,0,0
370798,1,1,0,0,0,0,0,0,0,0,0,0
370798,2,1,0,0,0,0,0,0,0,0,20,11
370799,1,1,0,0,0,0,0,0,0,0,0,0
370800,0,1,24,24,24,24,24,24,24,24,24,24
370800,1,1,28,0,0,0,0,0,0,0,0,0
370801,1,1,20,20,20,20,20,20,20,20,20,20
370802,1,1,0,0,0,0,0,0,0,0,0,0
370802,2,1,0,0,0,0,0,0,0,0,0,0
370803,1,1,0,0,0,0,0,0,0,0,0,0
370803,2,1,0,0,0,0,4,0,0,0,0,0
370804,0,1,0,0,0,0,0,0,0,0,0,0
370804,1,1,10,0,0,0,0,0,0,0,0,0
370805,1,1,13,13,13,13,13,13,13,13,13,13
370806,1,1,2,2,2,2,2,2,2,2,2,2
370807,1,1,5,5,5,5,5,5,5,5,5,5
370807,2,1,8,8,8,8,8,8,8,8,8,8
370808,1,1,0,0,0,0,0,0,0,0,0,0
370809,1,1,0,0,0,0,0,0,0,0,0,0
370809,2,1,0,0,0,0,0,0,0,0,0,0
370810,1,1,0,0,0,0,0,0,0,0,0,0
370811,0,1,0,0,0,0,0,0,0,0,0,0
370811,1,1,0,0,0,0,0,0,0,28,0,0
370812,0,1,16,16,16,16,16,16,16,16,16,16
370812,1,1,0,0,0,12,0,0,20,34,0,0
370813,1,1,22,22,22,22,22,22,22,22,22,22
370814,1,1,0,0,0,0,0,0,0,0,0,0
370815,0,1,0,0,0,0,0,0,0,0,0,0
370815,1,1,0,0,0,0,0,0,0,0,0,0
370816,0,1,3,3,3,3,3,3,3,3,3,3
370816,1,1,2,2,2,2,2,2,2,2,2,2
370817,0,1,0,0,0,0,0,0,0,0,0,0
370817,1,1,0,0,0,0,0,0,0,0,0,0
370818,0,1,18,18,18,18,18,18,18,18,18,18
370818,1,1,0,0,0,0,0,0,0,0,0,0
370819,1,1,7,7,7,7,7,7,7,7,7,7
370820,1,1,0,0,0,0,0,0,0,0,0,0
370821,1,1,10,10,10,10,10,10,10,10,10,10
370822,1,1,0,0,0,0,0,0,0,0,0,0
370822,2,1,0,0,0,0,0,0,0,0,0,0
370822,3,1,0,0,0,0,0,0,0,0,0,0
370823,1,1,4,4,4,4,4,4,4,4,4,4
370824,1,1,0,0,0,0,0,0,0,0,0,0
370825,1,1,0,0,0,0,0,0,0,0,0,0
370826,1,1,0,0,0,0,0,0,0,0,0,0
370826,2,1,0,7,9,7,6,0,0,0,0,8
370828,1,1,0,0,0,0,0,16,0,0,0,0
370829,1,1,0,0,0,0,0,0,0,0,0,0
370830,1,1,0,0,0,0,0,0,0,0,0,0
370830,2,1,16,16,16,16,16,16,16,16,16,16
370831,1,1,0,0,0,0,0,24,0,7,0,0
370834,1,1,0,0,0,0,0,0,0,0,0,0
370834,2,1,0,0,0,0,0,0,0,0,0,0
370835,0,1,25,25,25,25,25,25,25,25,25,25
370835,1,1,0,0,0,8,29,0,0,0,0,0
370836,1,1,15,15,15,15,15,15,15,15,15,15
370837,1,1,0,0,0,0,0,0,0,0,0,0
370837,2,1,0,0,0,0,0,0,0,0,0,0
370838,1,1,0,0,0,0,0,0,13,0,0,0
370838,2,1,0,0,0,0,0,0,0,0,0,0
370839,1,1,0,0,0,0,0,0,0,0,0,0
370839,2,1,0,0,0,17,0,0,16,13,0,0
370840,1,1,0,0,0,0,0,0,0,0,0,0
370840,2,1,0,0,0,0,0,0,0,0,0,0
370841,1,1,0,0,0,0,0,0,0,0,0,0
370842,1,1,0,0,0,0,0,0,0,0,0,0
370842,2,1,0,0,0,0,0,0,0,0,0,0
370843,1,1,14,14,14,14,14,14,14,14,14,14
370845,1,1,22,22,22,22,22,22,22,22,22,22
370845,2,1,0,0,0,0,0,0,0,0,0,0
370846,1,1,0,0,13,0,0,2,0,0,0,0
370847,1,1,10,10,10,10,10,10,10,10,10,10
370847,2,1,0,9,0,15,0,0,0,0,0,0
370848,1,1,0,0,0,0,0,0,0,0,0,0
370848,2,1,0,0,0,0,0,0,0,0,0,0
370849,1,1,0,0,0,0,0,0,0,0,0,0
370849,2,1,0,0,0,0,0,0,0,0,0,0
370850,1,1,0,0,0,0,0,0,0,0,0,0
370850,2,1,0,0,0,0,0,0,0,0,0,0
370851,1,1,0,0,0,0,0,0,0,0,0,0
370851,2,1,0,0,0,0,0,0,0,0,0,0
370852,1,1,0,0,0,0,0,0,0,0,0,0
370852,2,1,0,0,0,0,0,0,0,0,0,0
370853,1,1,16,16,16,16,16,16,16,16,16,16
370854,1,1,0,0,0,0,0,0,0,0,0,0
370855,1,1,0,0,0,0,0,0,0,0,0,0
370855,2,1,0,0,0,0,0,0,0,0,0,0
370856,1,1,21,0,0,0,0,0,0,0,0,0
370856,2,1,0,0,0,0,0,0,0,0,0,0
370857,1,1,35,35,35,35,35,35,35,35,35,35
370858,1,1,0,0,0,0,0,0,0,0,0,0
370858,2,1,0,0,0,0,0,0,0,0,0,0
370859,0,1,20,20,20,20,20,20,20,20,20,20
370859,1,1,0,0,0,0,0,0,0,0,0,0
370860,1,1,27,27,27,27,27,27,27,27,27,27
370861,1,1,13,0,0,0,0,0,0,0,0,0
370862,1,1,0,0,0,0,0,0,0,0,0,0
370863,1,1,13,13,13,13,13,13,13,13,13,13
370864,1,1,0,0,0,0,0,0,0,0,0,0
370864,2,1,0,0,0,0,0,0,0,0,0,0
370864,3,1,0,0,0,0,0,0,0,0,0,0
370864,4,1,0,0,0,0,0,0,0,0,16,0
370865,1,1,13,13,13,13,13,13,13,13,13,13
370866,1,1,9,9,9,9,9,9,9,9,9,9
370866,2,1,0,0,0,0,0,0,0,0,0,0
370867,1,1,0,0,0,0,0,0,0,0,0,0
370867,2,1,0,0,0,0,0,0,0,0,0,0
370868,1,1,5,5,5,5,5,5,5,5,5,5
370868,2,1,0,0,0,0,0,0,0,0,0,0
370869,1,1,16,16,16,16,16,16,16,16,16,16
370870,1,1,0,0,0,0,0,0,0,0,0,0
370870,2,1,0,0,0,0,0,0,0,0,0,0
370871,1,1,3,3,3,3,3,3,3,3,3,3
370872,0,1,0,0,0,0,0,0,0,0,0,0
370872,1,1,0,0,0,0,0,0,0,0,0,0
370873,1,1,0,0,0,0,0,0,0,0,0,0
370873,2,1,0,0,0,0,0,0,0,0,0,0
370874,1,1,0,0,0,7,0,0,0,0,0,0
370874,2,1,0,0,0,0,0,0,0,0,0,0
370874,3,1,0,0,0,0,0,0,0,0,0,0
370875,0,1,0,0,0,0,0,0,0,0,0,0
370875,1,1,0,0,0,0,0,0,0,0,0,0
370877,1,1,13,13,13,13,13,13,13,13,13,13
370878,1,1,15,15,15,15,15,15,15,15,15,15
370879,1,1,0,0,0,0,0,0,0,0,0,0
370879,2,1,0,0,0,0,0,0,0,0,0,0
370880,1,1,20,20,20,20,20,20,20,20,20,20
370881,1,1,0,0,0,0,0,0,0,0,16,0
370882,1,1,12,12,12,12,12,12,12,12,12,12
370883,1,1,7,7,7,7,7,7,7,7,7,7
370883,2,1,6,6,6,6,6,6,6,6,6,6
370884,0,1,24,24,24,24,24,24,24,24,24,24
370884,1,1,6,6,6,6,6,6,6,6,6,6
370885,1,1,0,0,0,0,0,0,0,0,0,0
370885,2,1,0,0,0,0,0,0,0,0,0,0
370885,3,1,0,0,0,0,0,0,0,0,0,0
370886,0,1,25,25,25,25,25,25,25,25,25,25
370886,1,1,0,0,0,0,0,0,0,0,0,0
370887,0,1,16,16,16,16,16,16,16,16,16,16
370887,1,1,0,0,0,0,0,0,0,0,0,0
370887,2,1,0,0,18,0,0,0,0,0,0,0
370888,1,1,0,0,0,0,0,0,0,0,0,0
370888,2,1,0,0,0,0,0,0,0,0,0,0
370888,3,1,0,0,0,0,0,0,0,0,0,0
370889,0,1,17,17,17,17,17,17,17,17,17,17
370889,1,1,0,0,0,0,0,0,0,0,0,0
370890,0,1,15,15,15,15,15,15,15,15,15,15
370890,1,1,0,0,0,0,0,0,0,0,0,0
370891,0,1,0,0,0,0,0,0,0,0,0,0
370891,1,1,0,21,0,12,0,19,0,0,0,0
370892,1,1,0,0,0,0,0,0,0,0,0,0
370892,2,1,0,0,0,0,0,0,0,0,0,0
370893,1,1,0,0,0,0,0,0,0,0,0,12
370893,2,1,0,0,0,0,0,0,0,0,0,0
370894,1,1,0,0,0,0,0,0,0,0,0,0
370894,2,1,0,0,0,0,0,0,0,0,0,0
370895,1,1,0,0,0,0,0,0,0,0,0,0
370895,2,1,0,0,0,0,0,0,0,0,0,0
370896,1,1,0,0,0,0,0,0,0,0,0,0
370897,1,1,19,19,19,19,19,19,19,19,19,19
370898,1,1,9,24,6,19,21,9,18,15,10,13
370899,1,1,0,0,0,0,0,0,0,0,0,0
370900,1,1,0,9,0,0,0,0,0,0,0,0
370900,2,1,0,0,0,0,0,0,0,0,0,0
370901,1,1,0,0,0,0,0,0,0,0,0,0
370901,2,1,0,0,0,0,0,0,0,0,0,11
370902,1,1,0,0,0,0,0,0,0,0,0,0
370903,1,1,0,0,0,0,0,0,0,0,0,0
370904,1,1,0,0,0,0,0,0,0,0,0,0
370904,2,1,0,0,0,0,0,0,0,0,0,0
370905,1,1,25,25,25,25,25,25,25,25,25,25
370906,1,1,21,21,21,21,21,21,21,21,21,21
370906,2,1,0,0,0,0,0,0,0,0,0,0
370907,1,1,0,0,8,0,0,0,0,0,0,0
370908,1,1,32,32,32,32,32,32,32,32,32,32
370909,1,1,0,0,0,0,0,0,0,0,0,0
370909,2,1,0,0,0,0,0,0,0,0,0,0
370910,1,1,2,2,2,2,2,2,2,2,2,2
370911,0,1,0,0,0,0,0,0,0,0,0,0
370911,1,1,0,0,0,0,0,18,0,0,0,0
370912,0,1,14,14,14,14,14,14,14,14,14,14
370912,1,1,21,4,21,17,6,33,0,11,0,0
370913,0,1,24,24,24,24,24,24,24,24,24,24
370913,1,1,0,0,0,0,0,0,0,0,0,0
370914,1,1,0,0,0,0,0,0,0,0,0,0
370914,2,1,0,0,0,0,0,0,0,0,0,0
370915,1,1,0,0,0,0,0,0,0,0,0,0
370915,2,1,0,0,0,0,0,0,0,0,0,14
370916,1,1,0,0,0,0,0,0,0,0,0,0
370916,2,1,0,0,0,0,0,0,0,0,0,0
370917,1,1,2,2,2,2,2,2,2,2,2,2
370918,1,1,0,0,0,0,0,0,7,11,0,0
370918,2,1,0,0,15,0,0,0,0,0,0,0
370919,1,1,0,0,0,0,7,0,0,0,0,0
370920,1,1,0,0,0,0,0,0,0,0,0,0
370920,2,1,0,0,0,0,0,0,0,0,0,0
370921,1,1,0,16,0,8,0,0,0,0,0,0
370922,1,1,34,34,34,34,34,34,34,34,34,34
370923,1,1,0,0,0,0,0,0,0,0,0,0
370923,2,1,0,0,0,0,0,0,13,0,0,0
370924,0,1,30,23,8,0,15,24,12,30,22,6
370924,1,1,0,0,4,0,0,0,0,0,0,0
370925,1,1,0,0,0,0,0,0,0,0,0,21
370926,1,1,13,13,13,13,13,13,13,13,13,13
370927,0,1,0,0,0,0,0,0,0,0,0,0
370927,1,1,0,0,0,0,0,0,0,0,0,0
370928,1,1,0,0,0,0,0,0,0,0,0,0
370928,2,1,0,0,0,0,0,0,0,0,13,0
370928,3,1,0,0,0,0,0,0,0,0,0,0
370929,1,1,0,0,0,0,0,0,0,0,0,0
370929,2,1,0,0,0,0,0,0,0,0,0,0
370930,0,1,0,0,0,0,0,0,0,0,0,0
370930,1,1,0,0,2,0,0,0,0,0,0,0
370931,0,1,3,3,3,3,3,3,3,3,3,3
370931,0,2,0,0,0,0,0,0,0,0,0,0
370931,1,1,0,0,0,0,0,0,0,0,0,0
370932,0,1,0,0,0,0,0,0,0,0,0,0
370932,1,1,0,0,0,0,0,0,0,0,0,0
370933,1,1,16,0,0,10,0,0,18,19,11,15
370934,0,1,0,0,0,0,0,0,0,0,0,0
370934,1,1,0,0,0,0,0,0,0,0,0,0
370935,1,1,0,0,0,0,0,0,0,0,0,0
370935,2,1,0,0,0,0,0,0,0,0,0,0
370936,1,1,16,16,16,16,16,16,16,16,16,16
370937,1,1,15,15,15,15,15,15,15,15,15,15
370938,1,1,0,0,0,0,0,0,0,0,0,9
370938,2,1,0,0,0,0,0,0,0,0,0,0
370939,1,1,0,0,0,0,0,0,0,0,0,0
370940,1,1,20,20,20,20,20,20,20,20,20,20
370941,1,1,0,0,0,0,0,0,0,0,0,0
370942,1,1,0,0,0,0,0,0,0,0,0,0
370943,0,1,0,0,0,0,0,0,0,0,0,0
370943,0,2,0,0,0,0,0,0,0,0,0,0
370943,0,3,0,0,0,0,3,0,0,0,0,0
370943,1,1,0,0,0,0,0,0,0,0,0,0
370944,1,1,0,0,0,0,0,0,0,0,0,0
370944,2,1,4,4,4,4,4,4,4,4,4,4
370945,1,1,0,0,0,0,0,0,0,0,0,4
370946,1,1,0,0,0,0,0,0,0,0,0,0
370947,0,1,0,0,0,0,0,0,0,0,0,0
370947,1,1,29,0,0,0,0,0,0,0,0,0
370948,0,1,0,0,0,0,0,0,0,0,0,0
370948,1,1,0,0,0,0,0,0,0,0,10,0
370949,0,1,20,20,20,20,20,20,20,20,20,20
370949,1,1,0,0,0,0,0,0,0,0,0,0
370950,0,1,18,18,18,18,18,18,18,18,18,18
370950,1,1,8,8,8,8,8,8,8,8,8,8
370951,0,1,0,16,0,0,0,0,0,0,0,0
370951,1,1,0,0,0,0,0,0,0,0,0,0
370952,1,1,0,0,0,0,0,0,0,0,0,0
370953,0,1,0,14,0,0,0,0,0,0,0,0
370953,1,1,0,0,0,0,0,0,0,0,0,0
370954,1,1,0,0,0,0,0,0,0,0,0,0
370955,1,1,0,0,11,0,0,0,0,0,13,0
370956,1,1,0,0,0,0,0,0,0,0,0,0
370957,0,1,13,13,13,13,13,13,13,13,13,13
370957,1,1,0,0,0,0,0,0,0,0,0,0
370958,2,1,0,0,0,0,0,0,0,0,0,0
370959,1,1,0,0,0,0,0,0,0,0,0,0
370960,0,1,8,8,8,8,8,8,8,8,8,8
370960,1,1,4,4,4,4,4,4,4,4,4,4
370961,0,1,0,0,0,0,0,0,0,0,0,0
370961,1,1,0,0,0,0,0,0,6,0,0,0
370961,2,1,16,0,0,0,0,3,0,0,0,0
370962,1,1,0,0,0,0,0,0,0,0,0,0
370962,2,1,0,0,0,0,0,0,0,0,0,0
370963,1,1,22,22,22,22,22,22,22,22,22,22
370964,1,1,0,0,0,0,0,0,0,0,0,0
370965,1,1,8,0,0,0,0,0,0,0,0,0
370966,0,1,23,23,23,23,23,23,23,23,23,23
370966,1,1,41,19,22,8,24,0,13,15,17,12
370967,1,1,0,0,0,0,0,0,0,0,0,0
370967,2,1,0,0,0,0,0,0,0,0,0,0
370968,1,1,0,0,0,0,0,0,0,36,0,0
370968,2,1,3,3,3,3,3,3,3,3,3,3
370969,1,1,0,0,0,0,0,0,0,0,0,0
370970,1,1,21,18,18,27,15,16,23,23,16,8
370971,1,1,0,0,0,0,0,0,0,0,0,0
370972,1,1,0,0,0,0,0,0,0,0,20,15
370973,1,1,0,0,0,0,0,0,0,0,0,0
370973,2,1,0,0,0,10,0,0,0,0,0,0
370974,1,1,0,23,0,14,0,0,5,0,0,21
370975,1,1,0,0,0,0,0,0,0,0,0,0
370976,1,1,0,0,0,0,0,0,0,0,0,0
370976,2,1,0,0,0,0,0,0,0,0,0,0
370977,0,1,0,0,0,0,0,0,0,0,0,0
370977,1,1,0,0,0,0,0,0,0,0,0,0
370978,1,1,28,28,28,28,28,28,28,28,28,28
370979,1,1,0,0,0,0,0,0,0,0,0,0
370979,2,1,0,0,0,0,9,0,0,0,0,0
370979,3,1,0,0,0,0,0,0,0,0,0,0
370979,4,1,0,0,0,0,0,0,0,0,0,0
370979,5,1,0,0,0,0,0,0,0,0,0,0
370980,1,1,12,12,12,12,12,12,12,12,12,12
370981,0,1,4,4,4,4,4,4,4,4,4,4
370981,1,1,0,0,0,0,0,0,0,0,0,0
370982,1,1,0,0,0,0,0,0,0,0,0,0
370983,1,1,0,8,0,0,0,30,0,0,0,0
370984,0,1,0,0,0,0,0,0,0,0,0,0
370984,1,1,0,0,0,0,0,0,5,0,0,0
370985,1,1,0,0,0,0,0,0,0,0,0,0
370985,2,1,0,0,0,0,0,0,0,0,0,0
370986,1,1,38,38,38,38,38,38,38,38,38,38
370987,1,1,0,0,0,0,0,0,0,0,0,0
370987,2,1,0,0,0,0,0,0,0,0,0,0
370988,1,1,0,0,0,0,0,0,0,0,0,0
370988,2,1,0,0,0,0,0,0,0,0,0,0
370989,1,1,16,16,16,16,16,16,16,16,16,16
370990,1,1,59,59,59,59,59,59,59,59,59,59
370990,2,1,0,0,0,0,0,0,0,0,0,0
370991,1,1,0,0,0,0,0,0,0,0,0,0
370992,1,1,0,0,0,0,23,0,0,0,0,26
370992,2,1,0,0,0,0,0,0,0,0,0,0
370993,1,1,0,0,0,0,0,0,0,0,0,0
370994,1,1,0,0,0,0,0,0,0,0,0,0
370995,1,1,18,18,18,18,18,18,18,18,18,18
370995,2,1,0,0,0,0,0,0,0,0,0,0
370996,1,1,11,11,11,11,11,11,11,11,11,11
370997,1,1,0,0,0,0,0,0,0,0,0,0
370997,2,1,0,0,0,0,0,0,0,0,0,0
370998,1,1,0,0,0,0,0,0,0,0,0,0
370999,0,1,3,3,3,3,3,3,3,3,3,3
370999,0,2,5,0,15,14,0,5,0,19,0,0
370999,1,1,17,17,17,17,17,17,17,17,17,17
371000,1,1,0,0,0,0,0,0,0,0,0,0
371000,2,1,0,0,0,0,0,0,0,0,0,0
371001,1,1,22,22,22,22,22,22,22,22,22,22
371002,1,1,0,0,0,0,0,0,0,0,12,0
371003,1,1,0,0,0,0,0,0,0,0,0,0
371004,1,1,0,0,0,0,0,0,0,0,0,0
371004,2,1,0,0,0,0,0,0,0,0,0,0
371005,0,1,0,0,0,0,0,0,0,0,0,0
371005,1,1,0,0,0,0,0,0,0,0,10,0
371006,0,1,28,28,28,28,28,28,28,28,28,28
371006,1,1,5,12,14,9,22,22,24,18,23,22
371007,1,1,0,6,0,0,0,6,0,0,0,0
371007,2,1,0,0,0,24,0,0,0,0,0,21
371007,3,1,0,0,0,0,0,0,0,0,0,0
371008,1,1,0,0,0,0,0,0,0,0,0,0
371008,2,1,0,0,0,0,0,0,0,0,0,0
371009,1,1,14,14,14,14,14,14,14,14,14,14
371009,2,1,0,0,0,0,0,0,0,0,0,0
371010,1,1,0,0,0,0,0,0,0,0,0,0
371011,1,1,0,0,0,0,0,0,0,0,0,0
371011,2,1,0,0,0,0,0,0,0,0,0,0
371012,0,1,0,0,0,0,0,0,0,0,0,0
371012,1,1,0,0,0,0,0,0,0,0,0,0
371012,2,1,0,0,0,0,0,0,0,0,0,0
371013,0,1,5,0,10,0,0,0,0,23,29,0
371013,1,1,0,0,0,0,0,0,20,0,0,0
371014,0,1,38,22,34,27,8,26,23,42,20,16
371014,1,1,0,0,0,0,0,0,0,0,0,0
371015,0,1,0,0,0,0,0,0,0,0,0,0
371015,1,1,23,0,0,0,10,0,11,26,0,0
371016,1,1,0,0,0,0,0,0,0,0,0,0
371016,2,1,0,0,0,0,0,0,0,0,0,0
371017,1,1,21,21,21,21,21,21,21,21,21,21
371018,1,1,0,0,0,0,0,0,0,0,0,0
371019,1,1,25,25,25,25,25,25,25,25,25,25
371020,1,1,0,0,0,0,0,0,0,0,0,0
371020,2,1,0,0,0,0,0,0,0,0,0,0
371021,0,1,0,0,0,0,0,0,0,0,0,0
371021,1,1,0,0,0,0,0,0,0,0,0,0
371022,1,1,0,0,0,0,0,0,0,17,0,0
371022,2,1,0,0,0,0,0,0,0,0,0,0
371022,3,1,0,0,0,0,0,0,0,0,0,0
371023,0,1,15,15,15,15,15,15,15,15,15,15
371023,1,1,0,0,0,0,0,0,0,0,0,0
371024,1,1,22,22,22,22,22,22,22,22,22,22
371024,2,1,0,0,0,0,0,0,0,0,0,0
371025,1,1,74,74,74,74,74,74,74,74,74,74
371026,1,1,17,17,17,17,17,17,17,17,17,17
371026,2,1,0,0,0,0,0,0,0,0,0,0
371027,1,1,16,16,16,16,16,16,16,16,16,16
371027,2,1,0,0,0,0,0,0,0,0,0,0