ST_CASE,VEH_NO,PER_NO,P1,P2,P3,P4,P5,P6,P7,P8,P9,P10
371028,1,1,13,19,24,16,36,29,14,11,26,0
371028,2,1,0,0,0,0,0,0,0,0,4,0
371028,3,1,0,0,0,0,0,0,0,0,0,0
371029,1,1,0,0,0,0,0,0,0,0,0,0
371030,1,1,0,20,13,25,14,21,7,9,19,20
371031,0,1,0,0,0,0,0,0,0,0,0,0
371031,1,1,0,0,0,0,0,0,0,0,0,0
371032,1,1,0,0,0,12,0,0,0,0,0,0
371032,2,1,0,0,0,12,0,0,0,0,0,0
371033,1,1,17,17,17,17,17,17,17,17,17,17
371034,0,1,0,0,0,0,0,0,0,0,0,0
371034,2,1,0,0,0,0,0,0,0,0,0,0
371035,1,1,0,0,0,0,0,0,0,0,0,0
371036,1,1,0,0,0,0,0,0,0,0,0,0
371037,1,1,0,0,0,0,0,0,0,0,0,0
371037,2,1,0,0,0,0,0,0,0,0,0,0
371038,0,1,0,0,0,0,0,0,0,0,0,0
371038,1,1,0,0,0,0,0,9,0,0,0,0
371039,1,1,0,0,0,0,0,0,0,0,0,0
371039,2,1,0,0,0,0,0,0,0,0,0,0
371040,0,1,0,0,0,0,0,0,0,0,0,0
371040,2,1,0,0,0,0,0,0,0,0,0,23
371041,1,1,0,0,0,0,0,0,0,0,0,0
371041,2,1,0,0,0,21,0,0,13,0,0,0
371042,1,1,0,0,0,0,0,0,0,0,0,0
371043,0,1,9,9,9,9,9,9,9,9,9,9
371043,1,1,0,0,0,0,0,0,0,0,0,0
371044,0,1,0,0,0,0,0,0,0,0,0,0
371044,1,1,0,0,0,0,0,0,0,0,0,0
371045,1,1,0,0,0,0,0,0,0,0,0,0
371045,2,1,0,0,0,0,0,0,0,0,0,0
371046,1,1,0,0,0,0,0,0,0,0,0,0
371046,2,1,0,0,0,0,0,0,0,0,0,0
371047,1,1,0,0,0,0,0,0,0,0,0,0
371047,2,1,0,0,0,0,0,0,0,0,0,0
371048,0,1,0,0,0,0,0,0,0,0,0,0
371048,1,1,0,0,0,0,20,0,0,0,0,0
371049,1,1,28,28,28,28,28,28,28,28,28,28
371050,1,1,0,0,0,0,0,0,0,0,0,0
371050,2,1,0,0,0,0,0,0,0,0,0,0
371050,3,1,0,0,0,0,0,0,0,0,0,0
371050,4,1,0,0,0,0,0,0,0,0,0,0
371051,0,1,0,0,0,0,0,0,0,0,0,0
371051,1,1,0,0,0,0,0,0,0,0,0,14
371052,1,1,16,16,16,16,16,16,16,16,16,16
371052,2,1,0,4,0,0,3,0,0,0,0,0
371053,1,1,0,0,0,0,0,0,0,0,0,0
371054,1,1,0,0,0,0,0,0,0,0,0,0
371055,1,1,0,0,0,0,0,0,0,0,0,0
371055,2,1,0,0,0,0,0,0,0,0,7,0
371056,1,1,0,0,0,0,0,0,0,0,0,0
371056,2,1,0,0,0,0,0,0,0,0,0,0
371056,3,1,0,0,0,0,0,0,0,0,0,0
371057,1,1,10,25,17,9,17,10,10,11,6,12
371058,0,1,0,0,0,0,0,0,0,0,0,0
371058,1,1,0,0,0,0,0,0,0,0,0,0
371059,1,1,0,0,0,0,0,23,0,0,0,0
371059,2,1,0,0,0,0,0,0,22,0,0,0
371060,1,1,0,0,0,0,0,25,0,0,24,0
371061,1,1,0,0,0,0,0,0,0,0,0,0
371061,2,1,0,0,0,0,0,0,0,0,0,0
371062,1,1,0,0,0,0,0,0,0,0,0,0
371063,1,1,0,0,0,18,0,0,0,0,0,0
371063,2,1,0,0,0,0,0,0,0,0,0,0
371064,1,1,0,0,0,0,0,0,0,0,4,0
371064,2,1,0,0,0,0,0,0,0,0,0,0
371065,1,1,0,0,0,0,0,0,0,0,0,0
371065,2,1,0,0,0,0,0,0,3,0,0,0
371066,1,1,14,14,14,14,14,14,14,14,14,14
371067,1,1,14,14,14,14,14,14,14,14,14,14
371068,1,1,15,8,13,11,17,9,14,32,21,21
371069,0,1,17,17,17,17,17,17,17,17,17,17
371069,1,1,0,0,0,0,0,25,0,0,0,0
371070,1,1,21,21,21,21,21,21,21,21,21,21
371070,2,1,0,0,0,0,0,0,0,0,0,0
371071,1,1,12,12,12,12,12,12,12,12,12,12
371072,1,1,0,0,25,0,0,0,26,0,0,11
371072,2,1,19,19,19,19,19,19,19,19,19,19
371073,0,1,16,16,16,16,16,16,16,16,16,16
371073,1,1,0,0,0,0,0,0,0,0,0,0
371074,1,1,0,0,0,0,0,0,0,0,0,0
371074,2,1,0,0,0,0,0,0,0,0,0,0
371075,1,1,0,0,0,0,0,0,0,0,0,0
371075,2,1,0,0,0,0,0,0,0,0,0,0
371076,0,1,20,20,20,20,20,20,20,20,20,20
371076,1,1,0,0,0,0,0,0,0,0,0,0
371077,1,1,22,22,22,22,22,22,22,22,22,22
371078,0,1,17,17,17,17,17,17,17,17,17,17
371078,0,2,0,0,0,0,0,0,0,0,0,0
371078,1,1,0,0,0,0,0,0,0,0,0,0
371078,2,1,0,22,0,0,0,0,0,0,0,0
371078,3,1,0,0,0,0,0,0,0,0,0,0
371079,1,1,25,25,25,25,25,25,25,25,25,25
371080,1,1,0,0,10,0,0,0,0,0,0,0
371081,1,1,27,27,27,27,27,27,27,27,27,27
371082,1,1,0,0,0,0,0,0,0,0,0,0
371082,2,1,0,0,0,0,0,0,0,0,0,0
371083,1,1,0,0,0,0,0,0,0,9,0,23
371084,1,1,0,0,0,0,0,0,0,0,0,0
371084,2,1,29,29,29,29,29,29,29,29,29,29
371085,1,1,0,0,0,0,0,0,0,0,0,0
371085,2,1,0,0,0,0,0,0,0,0,0,0
371086,0,1,8,8,8,8,8,8,8,8,8,8
371086,1,1,0,0,0,0,0,0,0,0,0,0
371087,1,1,21,27,19,20,6,9,22,6,29,6
371088,1,1,7,7,7,7,7,7,7,7,7,7
371089,1,1,0,0,0,0,0,0,0,0,0,0
371089,2,1,0,0,0,0,0,0,0,0,0,0
371089,3,1,0,0,0,0,0,0,0,0,0,0
371090,1,1,20,20,20,20,20,20,20,20,20,20
371091,1,1,20,20,20,20,20,20,20,20,20,20
371092,1,1,0,0,0,0,0,0,0,0,0,0
371092,2,1,0,0,0,0,0,0,0,0,0,0
371093,1,1,15,15,15,15,15,15,15,15,15,15
371094,1,1,0,0,14,0,17,0,0,3,24,0
371094,2,1,26,20,25,19,13,0,7,10,12,23
371095,1,1,0,0,0,0,0,0,0,0,0,0
371095,2,1,4,4,4,4,4,4,4,4,4,4
371096,1,1,0,0,0,0,0,0,0,0,0,0
371097,0,1,0,0,0,0,0,0,0,0,0,0
371097,1,1,0,0,0,0,0,0,12,0,0,0
371098,1,1,22,22,22,22,22,22,22,22,22,22
371099,1,1,0,0,0,0,0,0,0,0,0,0
371100,1,1,19,19,19,19,19,19,19,19,19,19
371101,1,1,0,0,0,0,0,0,0,0,0,0
371101,2,1,0,0,0,0,0,0,0,0,0,0
371102,1,1,0,0,0,0,0,0,0,0,0,0
371102,2,1,0,0,0,0,0,0,0,0,0,0
371103,1,1,16,16,16,16,16,16,16,16,16,16
371104,0,1,0,0,0,0,0,0,0,0,0,0
371104,1,1,0,0,0,0,0,0,0,0,0,0
371105,1,1,0,0,0,0,0,0,0,0,0,0
371106,1,1,34,34,34,34,34,34,34,34,34,34
371107,1,1,0,0,0,0,0,0,0,0,0,0
371108,1,1,0,0,0,0,0,0,0,0,0,0
371108,2,1,0,0,0,0,0,0,0,0,0,0
371109,0,1,0,0,0,0,0,0,0,0,0,0
371109,1,1,0,0,0,0,0,0,0,10,0,0
371110,1,1,0,0,0,0,0,0,0,0,0,0
371110,2,1,20,20,20,20,20,20,20,20,20,20
371111,0,1,0,0,0,0,0,0,0,0,0,0
371111,1,1,0,0,17,0,0,0,0,0,0,0
371112,1,1,0,3,0,7,0,0,2,0,0,0
371112,2,1,0,0,0,0,0,0,0,0,0,0
371112,3,1,0,0,0,0,0,0,0,0,0,0
371113,0,1,23,23,23,23,23,23,23,23,23,23
371113,1,1,0,0,0,0,0,0,0,0,0,0
371114,1,1,0,0,0,0,0,0,0,0,0,0
371114,2,1,0,0,0,0,0,0,0,0,0,0
371115,1,1,0,0,0,0,0,0,0,0,0,0
371115,2,1,0,0,0,0,0,0,0,0,0,0
371115,3,1,0,0,0,0,0,0,0,0,0,0
371116,0,1,16,16,16,16,16,16,16,16,16,16
371116,1,1,0,0,0,0,0,0,0,0,0,0
371117,1,1,0,0,0,0,0,0,0,0,0,0
371117,2,1,0,0,0,0,0,0,0,0,0,0
371118,1,1,22,22,22,22,22,22,22,22,22,22
371119,1,1,0,0,0,0,0,0,0,0,0,0
371119,2,1,13,13,13,13,13,13,13,13,13,13
371120,1,1,0,0,0,0,0,0,0,0,0,0
371121,1,1,0,0,0,0,0,0,0,0,0,0
371121,2,1,0,0,19,0,0,0,0,0,0,0
371121,3,1,0,0,0,0,0,0,0,0,0,0
371121,4,1,0,0,0,0,0,0,0,0,0,0
371122,1,1,0,0,0,0,0,0,0,0,0,0
371123,1,1,0,0,0,0,0,0,0,0,0,0
371124,1,1,22,22,22,22,22,22,22,22,22,22
371124,2,1,0,0,0,0,0,0,0,0,12,17
371125,1,1,0,0,0,0,0,0,0,0,0,0
371125,2,1,0,0,0,0,0,0,0,0,0,0
371126,1,1,0,0,0,0,0,0,0,0,0,0
371127,1,1,21,21,21,21,21,21,21,21,21,21
371128,1,1,16,16,16,16,16,16,16,16,16,16
371128,2,1,0,0,0,20,0,0,0,0,0,0
371129,0,1,27,27,27,27,27,27,27,27,27,27
371129,1,1,0,0,0,0,0,0,0,0,0,0
371130,1,1,0,0,0,0,0,0,0,0,0,0
371130,2,1,0,0,0,0,0,0,0,0,0,0
371131,0,1,5,5,5,5,5,5,5,5,5,5
371131,1,1,0,0,0,0,0,0,0,0,0,0
371132,0,1,0,0,0,0,0,0,0,0,0,0
371132,1,1,0,0,0,0,0,0,0,0,0,0
371133,1,1,37,37,37,37,37,37,37,37,37,37
371134,0,1,0,0,0,0,0,0,0,0,0,0
371134,1,1,0,0,0,0,0,0,0,0,0,0
371135,1,1,6,6,6,6,6,6,6,6,6,6
371135,2,1,0,0,0,0,0,0,0,0,0,0
371136,1,1,23,23,23,23,23,23,23,23,23,23
371136,2,1,0,0,0,0,0,0,0,0,0,0
371137,1,1,20,20,20,20,20,20,20,20,20,20
371138,1,1,0,0,0,0,0,0,0,0,0,0
371138,2,1,7,7,7,7,7,7,7,7,7,7
371139,1,1,0,0,0,0,0,0,0,0,0,0
371140,1,1,0,0,0,0,0,0,0,0,0,0
371140,2,1,0,0,0,0,0,0,0,0,0,0
371141,1,1,12,12,12,12,12,12,12,12,12,12
371141,2,1,0,0,0,0,0,0,0,0,0,0
371141,3,1,0,0,0,0,0,0,0,0,0,0
371142,1,1,0,0,0,0,0,0,0,0,0,0
371143,1,1,0,0,0,0,0,0,0,0,0,0
371144,1,1,0,0,0,0,0,0,0,0,0,0
371145,1,1,17,17,17,17,17,17,17,17,17,17
371145,2,1,0,0,0,0,0,0,0,0,0,0
371146,1,1,15,15,15,15,15,15,15,15,15,15
371147,0,1,25,25,25,25,25,25,25,25,25,25
371147,1,1,0,0,0,0,0,0,0,0,10,0
371148,1,1,0,13,0,0,0,28,0,0,0,0
371149,1,1,0,0,0,0,0,0,0,0,0,0
371150,0,1,21,21,21,21,21,21,21,21,21,21
371150,1,1,0,0,0,0,0,0,0,0,0,0
380001,1,1,31,31,31,31,31,31,31,31,31,31
380002,1,1,24,24,24,24,24,24,24,24,24,24
380003,1,1,0,0,0,0,0,0,0,0,0,0
380003,2,1,0,0,0,0,0,0,0,0,0,0
380004,1,1,0,0,0,0,0,0,0,0,0,0
380005,1,1,0,0,0,0,0,0,0,0,0,0
380005,2,1,0,0,0,0,0,0,0,0,0,0
380006,1,1,0,0,0,0,0,0,0,0,0,0
380006,2,1,0,0,0,0,0,0,0,0,0,0
380007,1,1,0,0,0,0,0,0,0,0,0,0
380007,2,1,0,0,0,0,0,0,0,0,0,0
380008,1,1,0,0,0,0,0,0,0,0,0,0
380008,2,1,0,0,0,0,0,0,0,0,0,0
380009,1,1,0,0,0,0,0,0,0,0,0,0
380010,1,1,10,10,10,10,10,10,10,10,10,10
380011,1,1,0,0,0,0,0,0,0,0,0,0
380012,1,1,0,0,0,0,0,0,0,0,0,0
380012,2,1,0,0,0,0,0,0,0,0,0,0
380013,1,1,0,0,0,0,0,0,0,0,0,0
380014,1,1,0,0,0,0,0,0,0,0,0,0
380014,2,1,27,27,27,27,27,27,27,27,27,27
380015,1,1,18,18,18,18,18,18,18,18,18,18
380016,1,1,0,0,0,0,0,0,0,0,0,0
380016,2,1,0,0,0,0,0,0,0,0,0,0
380017,1,1,0,0,0,0,0,0,0,0,0,0
380018,1,1,26,26,26,26,26,26,26,26,26,26
380019,1,1,35,35,35,35,35,35,35,35,35,35
380019,2,1,15,15,15,15,15,15,15,15,15,15
380020,1,1,20,20,20,20,20,20,20,20,20,20
380021,1,1,0,0,0,0,0,0,0,0,0,0
380021,2,1,0,0,0,0,0,0,0,0,0,0
380022,1,1,12,12,12,12,12,12,12,12,12,12
380023,1,1,0,0,0,0,0,0,0,0,0,0
380023,2,1,0,0,0,0,0,0,0,0,0,0
380025,0,1,0,0,0,0,0,0,0,0,0,0
380025,1,1,0,0,0,0,0,0,0,0,0,0
380026,0,1,0,0,0,0,0,0,0,0,0,0
380026,1,1,0,0,0,0,0,0,0,0,0,0
380027,0,1,0,0,0,0,0,0,0,0,0,0
380027,1,1,0,0,0,0,0,0,0,0,0,0
380028,1,1,0,0,0,0,0,0,0,0,0,0
380028,2,1,28,28,28,28,28,28,28,28,28,28
380029,1,1,0,0,0,0,0,0,0,0,0,0
380029,2,1,0,0,0,0,0,0,0,0,0,0
380030,1,1,0,0,0,0,0,0,0,0,0,0
380031,1,1,17,17,17,17,17,17,17,17,17,17
380032,1,1,0,0,0,0,0,0,0,0,0,0
380032,2,1,0,0,0,0,0,0,0,0,0,0
380033,1,1,0,16,0,20,14,17,17,25,12,0
380034,1,1,0,0,0,0,0,0,0,0,0,0
380034,2,1,0,0,0,0,0,0,0,0,0,0
380035,1,1,17,17,17,17,17,17,17,17,17,17
380036,0,1,21,21,21,21,21,21,21,21,21,21
380036,1,1,0,0,0,0,0,0,0,0,0,0
380037,1,1,31,31,31,31,31,31,31,31,31,31
380038,1,1,0,0,0,0,0,0,0,0,0,0
380038,2,1,0,0,0,0,0,0,0,0,0,0
380039,1,1,18,18,18,18,18,18,18,18,18,18
380040,1,1,0,0,0,0,0,0,0,0,0,16
380041,1,1,0,0,0,0,0,0,0,10,0,0
380042,1,1,0,0,0,0,0,0,0,0,0,0
380042,2,1,0,0,0,0,0,0,0,0,0,0
380043,1,1,0,0,0,0,0,0,0,0,0,0
380043,2,1,0,0,0,0,0,0,0,0,0,0
380044,1,1,0,0,0,0,0,0,0,0,0,0
380044,2,1,0,0,0,0,0,0,0,0,0,0
380045,1,1,0,0,0,0,0,0,0,0,0,0
380045,2,1,30,21,26,0,0,0,0,0,0,0
380046,1,1,26,26,26,26,26,26,26,26,26,26
380047,1,1,0,0,0,0,13,0,16,29,20,19
380048,1,1,0,0,0,0,0,0,0,0,0,0
380048,2,1,0,0,0,0,0,0,0,0,0,0
380049,1,1,22,12,22,0,0,19,0,0,0,0
380050,1,1,0,0,0,0,0,0,0,0,0,0
380050,2,1,0,0,0,0,0,0,0,0,0,0
380051,1,1,0,0,0,0,0,0,0,0,0,0
380051,2,1,0,0,0,0,0,0,0,0,0,0
380052,1,1,0,0,0,0,0,0,0,0,0,0
380053,1,1,0,0,0,0,0,0,0,0,0,0
380053,2,1,0,0,0,0,0,0,0,0,0,0
380054,1,1,16,16,16,16,16,16,16,16,16,16
380055,0,1,0,0,0,0,0,0,0,0,0,0
380055,1,1,0,0,0,0,0,0,0,0,0,0
380056,1,1,0,0,0,0,0,0,0,0,0,0
380056,2,1,0,0,0,0,0,0,0,0,0,0
380058,1,1,9,0,0,0,0,8,0,0,0,0
380059,1,1,0,0,0,0,0,0,0,0,0,0
380059,2,1,0,0,0,0,0,0,0,0,0,0
380060,1,1,22,22,22,22,22,22,22,22,22,22
380060,2,1,0,0,0,0,0,0,0,0,0,0
380061,1,1,6,6,6,6,6,6,6,6,6,6
380062,1,1,0,0,0,31,0,0,11,6,0,0
380063,1,1,0,0,0,0,0,0,0,0,0,0
380063,2,1,0,0,0,0,0,0,0,0,0,0
380064,1,1,22,22,22,22,22,22,22,22,22,22
380065,1,1,0,0,0,0,0,0,0,0,0,0
380066,1,1,0,0,0,0,0,0,0,0,0,0
380066,2,1,0,0,0,0,0,0,0,0,0,0
380067,1,1,0,0,0,0,0,0,0,0,0,0
380068,1,1,0,0,0,0,0,0,0,0,0,0
380068,2,1,0,0,0,0,0,0,0,0,0,0
380069,1,1,0,0,0,0,0,0,0,0,0,0
380069,2,1,0,0,0,0,0,0,0,0,0,0
380070,1,1,37,37,37,37,37,37,37,37,37,37
380071,1,1,13,13,13,13,13,13,13,13,13,13
380072,0,1,0,0,0,0,0,0,0,0,0,0
380072,1,1,0,0,0,0,0,0,18,0,0,0
380073,1,1,0,0,0,0,0,0,0,0,0,0
380073,2,1,0,0,0,0,0,0,0,0,0,0
380074,1,1,0,0,0,0,0,0,0,0,0,0
380074,2,1,0,0,0,0,0,0,0,0,0,0
380075,1,1,0,0,0,0,0,0,0,0,0,0
380075,2,1,0,0,0,0,0,0,0,0,0,0
380076,1,1,8,8,8,8,8,8,8,8,8,8
380077,1,1,21,21,21,21,21,21,21,21,21,21
380077,2,1,9,9,9,9,9,9,9,9,9,9
380078,1,1,21,21,21,21,21,21,21,21,21,21
380078,2,1,0,0,0,0,0,0,0,0,0,0
380079,1,1,0,0,0,0,0,0,0,0,0,0
380080,0,1,16,16,16,16,16,16,16,16,16,16
380080,1,1,0,21,0,0,0,0,0,17,0,0
380081,1,1,0,0,0,0,0,0,0,0,0,0
380081,2,1,13,13,13,13,13,13,13,13,13,13
380082,1,1,0,0,0,0,0,0,0,12,0,0
380082,2,1,21,21,21,21,21,21,21,21,21,21
380083,1,1,0,0,0,0,0,0,0,0,0,0
380084,1,1,9,9,9,9,9,9,9,9,9,9
380085,1,1,0,0,0,6,0,0,0,0,0,0
380085,2,1,0,0,0,0,0,0,0,0,0,0
380086,1,1,21,21,21,21,21,21,21,21,21,21
380087,1,1,0,0,0,0,0,0,0,0,0,0
380088,1,1,8,8,8,8,8,8,8,8,8,8
380089,1,1,3,3,3,3,3,3,3,3,3,3
380089,2,1,0,0,0,0,0,0,0,0,0,0
380090,1,1,0,0,0,0,0,0,0,0,0,0
380090,2,1,0,0,0,0,0,0,0,0,0,0
380091,1,1,0,0,9,0,11,0,0,8,0,3
380092,0,1,0,0,0,0,0,0,0,0,0,0
380092,1,1,0,0,21,14,0,0,0,0,0,0
380092,2,1,8,8,8,8,8,8,8,8,8,8
380093,1,1,0,0,0,0,0,0,0,0,0,0
380093,2,1,0,0,0,0,0,0,0,0,0,0
380094,1,1,26,26,26,26,26,26,26,26,26,26
380095,1,1,0,0,0,0,0,0,0,0,0,0
380095,2,1,0,0,0,0,0,0,0,0,0,0
380095,3,1,0,0,0,0,0,0,0,0,0,0
380096,1,1,24,24,24,24,24,24,24,24,24,24
380097,1,1,34,34,34,34,34,34,34,34,34,34
380098,1,1,0,0,0,0,0,0,0,0,0,0
380099,1,1,28,28,28,28,28,28,28,28,28,28
380099,2,1,0,0,0,0,0,0,0,0,0,0
380100,1,1,0,0,0,0,0,0,0,0,0,0
380101,1,1,26,26,26,26,26,26,26,26,26,26
380102,1,1,34,34,34,34,34,34,34,34,34,34
380103,1,1,3,3,3,3,3,3,3,3,3,3
380104,1,1,8,8,8,8,8,8,8,8,8,8
380105,1,1,25,25,25,25,25,25,25,25,25,25
380106,1,1,29,29,29,29,29,29,29,29,29,29
380107,1,1,0,0,0,0,0,0,0,0,0,0
380108,1,1,24,24,24,24,24,24,24,24,24,24
380109,1,1,9,9,9,9,9,9,9,9,9,9
380110,1,1,0,0,0,0,0,0,0,0,0,0
380110,2,1,0,0,0,0,0,0,0,0,0,0
380110,3,1,0,0,0,0,0,0,0,0,0,0
380110,4,1,0,0,0,5,0,0,0,0,0,0
380110,5,1,0,0,0,0,0,0,0,0,0,0
380111,1,1,22,22,22,22,22,22,22,22,22,22
380112,1,1,25,25,25,25,25,25,25,25,25,25
380113,1,1,18,18,18,18,18,18,18,18,18,18
380114,1,1,0,0,0,0,0,0,0,0,0,0
380114,2,1,0,0,0,0,0,0,0,0,0,0
380115,1,1,0,0,0,0,0,0,0,0,0,0
380115,2,1,0,0,0,0,0,0,0,0,0,0
380116,1,1,21,21,21,21,21,21,21,21,21,21
380117,1,1,21,21,21,21,21,21,21,21,21,21
380118,1,1,0,0,0,0,0,0,0,0,0,0
380118,2,1,0,0,0,0,0,0,0,0,0,0
380119,1,1,0,0,0,0,0,0,0,0,0,0
380120,1,1,16,16,16,16,16,16,16,16,16,16
380122,0,1,0,0,0,0,0,0,0,0,0,0
380122,1,1,0,0,0,0,0,0,0,0,0,0
380123,1,1,0,0,0,0,0,0,0,0,0,0
380123,2,1,0,0,0,0,0,0,0,0,0,0
380124,1,1,16,16,16,16,16,16,16,16,16,16
380124,2,1,16,0,0,0,0,0,0,0,0,0
380125,1,1,17,17,17,17,17,17,17,17,17,17
380126,0,1,18,18,18,18,18,18,18,18,18,18
380126,1,1,0,0,0,0,0,0,0,17,0,0
380127,1,1,0,0,0,0,0,0,0,0,0,0
380127,2,1,0,0,0,0,0,0,0,0,0,0
380128,1,1,27,27,27,27,27,27,27,27,27,27
380129,1,1,0,0,0,0,0,0,0,0,0,0
380130,1,1,0,0,0,0,0,0,0,0,0,0
380131,1,1,0,0,0,0,0,0,0,0,0,0
380131,2,1,0,0,0,0,0,0,0,0,0,0
380132,1,1,0,0,0,0,0,0,0,0,0,0
380133,1,1,15,0,0,15,9,29,0,15,6,9
390001,1,1,0,0,0,0,3,0,0,8,0,0
390001,2,1,18,18,18,18,18,18,18,18,18,18
390002,1,1,23,23,23,23,23,23,23,23,23,23
390003,1,1,0,0,0,0,0,0,0,0,0,0
390003,2,1,0,0,0,0,0,0,0,0,0,0
390004,1,1,21,21,21,21,21,21,21,21,21,21
390005,1,1,0,0,0,0,0,0,0,0,0,0
390006,1,1,0,0,0,0,0,0,0,0,0,0
390006,2,1,0,0,0,0,0,0,0,0,0,0
390006,3,1,0,0,0,0,0,0,0,0,0,0
390007,1,1,0,0,0,0,0,0,0,0,0,0
390008,1,1,0,0,0,0,0,0,0,0,0,0
390009,1,1,1,1,1,1,1,1,1,1,1,1
390010,1,1,14,14,14,14,14,14,14,14,14,14
390011,1,1,26,26,26,26,26,26,26,26,26,26
390012,0,1,0,0,0,0,0,0,0,0,0,0
390012,1,1,0,0,0,0,0,0,0,0,0,0
390013,1,1,0,0,0,0,0,0,0,0,0,0
390013,2,1,0,0,0,0,0,0,0,0,0,0
390014,1,1,0,0,0,0,0,0,0,0,0,0
390015,1,1,0,0,0,0,0,0,0,0,0,0
390015,2,1,0,0,0,0,0,19,0,0,20,0
390016,1,1,24,24,24,24,24,24,24,24,24,24
390017,1,1,0,0,0,0,0,0,0,0,0,0
390018,1,1,0,0,0,0,0,0,0,0,0,0
390019,1,1,0,0,0,0,0,0,0,0,0,0
390020,1,1,0,0,0,0,0,0,0,0,0,0
390020,2,1,0,0,0,0,0,0,0,0,0,0
390021,1,1,0,0,0,0,0,0,0,0,0,0
390021,2,1,0,0,0,0,0,0,0,0,0,0
390022,1,1,0,0,0,0,0,0,0,0,0,0
390022,2,1,0,0,0,0,0,0,0,0,0,0
390023,1,1,0,0,0,0,0,0,0,0,0,0
390023,2,1,0,0,0,0,0,0,0,0,0,0
390024,1,1,3,3,3,3,3,3,3,3,3,3
390025,1,1,18,18,18,18,18,18,18,18,18,18
390026,1,1,18,18,18,18,18,18,18,18,18,18
390027,1,1,0,0,0,0,0,0,0,0,0,0
390028,1,1,0,0,0,0,0,0,0,0,0,0
390028,2,1,0,0,0,0,0,0,0,0,0,0
390029,0,1,0,0,0,0,0,0,0,0,0,0
390029,1,1,0,0,0,15,11,0,0,0,0,0
390030,1,1,0,0,0,0,0,0,0,0,0,0
390031,1,1,11,11,11,11,11,11,11,11,11,11
390032,1,1,0,0,0,0,0,16,0,0,10,0
390033,1,1,0,0,0,0,0,0,0,0,0,0
390033,2,1,0,0,0,0,0,0,0,0,0,0
390034,0,1,0,0,0,0,0,0,0,0,0,0
390034,1,1,30,30,30,30,30,30,30,30,30,30
390035,0,1,0,0,0,0,0,0,0,0,0,0
390035,1,1,0,0,0,0,0,0,0,0,0,0
390036,1,1,0,0,0,0,0,0,0,0,0,0
390037,1,1,24,24,24,24,24,24,24,24,24,24
390038,1,1,0,0,0,0,0,0,0,0,0,0
390038,2,1,0,0,0,0,0,0,0,0,0,0
390039,1,1,0,0,0,0,0,0,0,0,0,0
390040,1,1,11,11,11,11,11,11,11,11,11,11
390041,1,1,0,0,0,0,0,0,0,0,0,0
390041,2,1,0,0,0,0,0,0,0,0,0,0
390042,1,1,0,0,0,0,0,0,0,0,0,0
390042,2,1,0,0,0,0,0,0,0,0,0,0
390043,1,1,0,0,0,0,0,0,0,0,0,0
390043,2,1,0,0,0,0,0,0,0,0,0,0
390044,1,1,27,13,17,17,3,5,18,21,23,23
390044,2,1,0,0,0,0,0,0,0,0,0,0
390045,1,1,0,0,0,0,0,0,0,0,0,0
390045,2,1,0,0,0,0,0,0,0,0,0,0
390045,3,1,0,0,0,0,0,0,0,0,0,0
390047,1,1,24,24,24,24,24,24,24,24,24,24
390048,1,1,25,25,25,25,25,25,25,25,25,25
390049,1,1,7,7,7,7,7,7,7,7,7,7
390049,2,1,0,0,0,0,0,0,0,0,0,0
390051,1,1,0,0,0,0,0,0,0,0,0,0
390052,1,1,18,18,18,18,18,18,18,18,18,18
390053,1,1,13,13,13,13,13,13,13,13,13,13
390054,1,1,0,0,0,0,0,0,0,0,0,0
390055,1,1,19,19,19,19,19,19,19,19,19,19
390056,1,1,0,0,0,0,0,0,0,0,0,0
390057,1,1,8,8,8,8,8,8,8,8,8,8
390058,1,1,0,0,0,0,0,0,0,0,0,0
390058,2,1,0,0,0,0,0,0,4,0,0,0
390058,3,1,0,0,0,0,0,0,0,0,0,0
390059,1,1,0,0,0,0,0,0,0,0,0,0
390060,1,1,0,0,0,0,0,0,0,0,0,0
390060,2,1,0,0,0,0,0,0,0,0,0,0
390061,1,1,0,0,0,0,0,0,0,0,0,0
390061,2,1,0,0,0,0,0,0,0,0,0,0
390062,1,1,0,0,0,0,0,0,0,0,0,0
390062,2,1,15,15,15,15,15,15,15,15,15,15
390063,1,1,0,0,0,0,0,0,0,0,0,0
390063,2,1,0,0,0,0,0,0,0,0,0,0
390064,1,1,25,25,25,25,25,25,25,25,25,25
390065,1,1,0,0,0,0,0,0,0,0,0,0
390065,2,1,0,0,0,0,0,0,0,0,0,0
390066,0,1,0,0,0,0,0,0,0,0,0,0
390066,1,1,0,0,0,0,0,0,0,0,0,0
390067,1,1,21,21,21,21,21,21,21,21,21,21
390067,2,1,0,0,0,0,0,0,0,0,0,0