ST_CASE,VEH_NO,PER_NO,P1,P2,P3,P4,P5,P6,P7,P8,P9,P10
390068,1,1,0,0,0,0,0,0,0,0,0,0
390069,1,1,0,0,0,0,0,0,0,0,0,0
390069,2,1,0,0,0,0,0,0,0,0,0,0
390070,0,1,17,17,17,17,17,17,17,17,17,17
390070,1,1,0,0,0,0,0,0,0,0,0,0
390071,1,1,0,0,0,0,0,0,0,0,0,0
390071,2,1,26,26,26,26,26,26,26,26,26,26
390072,1,1,11,11,11,11,11,11,11,11,11,11
390073,1,1,11,11,11,11,11,11,11,11,11,11
390073,2,1,0,0,0,0,0,0,0,0,0,0
390074,1,1,0,0,0,0,0,0,0,0,0,0
390074,2,1,0,0,0,0,0,0,0,0,0,0
390075,1,1,0,0,0,0,0,0,0,0,0,0
390075,2,1,0,0,0,0,0,0,0,0,0,0
390075,3,1,0,0,0,0,0,0,0,0,0,0
390076,1,1,0,0,0,0,0,0,0,0,0,0
390076,2,1,0,0,0,0,0,0,0,0,0,0
390077,0,1,0,0,0,0,0,0,0,0,0,0
390077,1,1,0,0,0,0,0,0,0,0,0,0
390078,1,1,17,17,17,17,17,17,17,17,17,17
390079,1,1,0,0,0,0,0,0,0,0,0,0
390080,1,1,19,19,19,19,19,19,19,19,19,19
390081,1,1,0,0,0,0,0,0,0,0,0,0
390082,1,1,0,0,0,0,0,0,0,0,0,0
390082,2,1,0,0,0,0,0,0,0,0,0,0
390083,1,1,0,0,0,0,0,0,0,0,0,0
390083,2,1,0,0,0,0,0,0,0,0,0,0
390083,3,1,0,0,0,0,0,0,0,0,0,0
390083,4,1,0,0,0,0,0,0,0,0,0,0
390085,1,1,0,0,0,0,0,0,0,0,0,0
390085,2,1,0,0,0,0,0,0,0,0,0,0
390086,1,1,18,18,18,18,18,18,18,18,18,18
390086,2,1,0,0,0,0,0,0,0,0,0,0
390087,1,1,0,0,0,0,0,0,0,0,0,0
390087,2,1,0,0,0,0,0,0,0,0,0,0
390088,1,1,0,0,0,0,0,0,0,0,0,0
390088,2,1,0,0,0,0,0,0,0,0,0,0
390091,1,1,0,0,0,0,0,0,0,0,0,0
390091,2,1,0,0,0,0,0,0,0,0,0,0
390092,1,1,0,0,27,0,0,0,0,0,0,0
390092,2,1,0,0,0,0,0,0,0,0,0,0
390093,1,1,0,0,0,0,0,0,0,0,0,0
390094,1,1,24,24,24,24,24,24,24,24,24,24
390095,1,1,0,0,0,0,0,0,0,0,0,0
390096,1,1,22,22,22,22,22,22,22,22,22,22
390097,1,1,0,0,0,0,0,0,0,0,0,0
390098,1,1,15,15,15,15,15,15,15,15,15,15
390099,1,1,23,23,23,23,23,23,23,23,23,23
390099,2,1,0,0,0,0,0,0,0,0,0,0
390100,1,1,8,8,8,8,8,8,8,8,8,8
390101,0,1,5,5,5,5,5,5,5,5,5,5
390101,1,1,0,0,0,0,0,0,0,0,0,0
390102,1,1,36,36,36,36,36,36,36,36,36,36
390103,2,1,0,0,0,0,0,0,0,0,0,0
390103,3,1,0,0,0,0,0,0,0,0,0,0
390104,1,1,0,0,0,0,0,0,0,0,0,0
390105,1,1,1,1,1,1,1,1,1,1,1,1
390105,2,1,12,0,0,0,20,0,49,0,0,0
390105,3,1,0,0,0,0,0,0,0,0,0,0
390106,1,1,0,0,0,0,0,0,0,0,0,0
390107,0,1,23,23,23,23,23,23,23,23,23,23
390107,1,1,0,0,0,0,0,0,0,0,0,0
390108,1,1,0,0,0,0,0,0,0,0,0,0
390108,2,1,0,0,0,0,0,0,0,0,0,0
390108,3,1,0,0,0,0,0,0,0,0,0,0
390108,4,1,10,10,10,10,10,10,10,10,10,10
390109,1,1,0,0,0,13,0,0,0,14,0,0
390110,1,1,0,0,0,0,0,0,0,0,0,0
390110,2,1,0,0,0,0,0,0,0,0,0,0
390111,1,1,23,23,23,23,23,23,23,23,23,23
390112,1,1,0,0,0,0,0,0,0,0,0,0
390112,2,1,0,0,0,0,0,0,0,0,0,0
390113,0,1,0,0,0,0,0,0,0,0,0,0
390113,1,1,0,0,0,0,0,0,0,0,0,0
390114,1,1,0,0,0,0,0,0,0,0,0,0
390114,2,1,0,0,0,0,0,0,0,0,0,0
390115,1,1,0,0,0,0,0,0,0,0,0,0
390115,2,1,0,0,0,0,0,0,0,0,0,0
390117,1,1,0,9,0,0,0,0,0,0,0,17
390117,2,1,0,0,0,0,0,0,0,0,0,0
390118,1,1,31,31,31,31,31,31,31,31,31,31
390119,0,1,0,0,0,0,0,0,0,0,0,0
390119,1,1,30,30,30,30,30,30,30,30,30,30
390120,1,1,0,0,0,0,0,0,0,0,0,0
390120,2,1,0,0,0,0,0,0,0,0,0,0
390121,1,1,0,0,0,0,0,0,0,0,0,0
390121,2,1,0,0,0,0,0,0,0,0,0,0
390122,1,1,5,5,5,5,5,5,5,5,5,5
390123,0,1,31,31,31,31,31,31,31,31,31,31
390123,0,2,26,30,16,18,21,22,34,0,15,0
390123,1,1,0,0,19,0,0,0,13,0,10,0
390124,1,1,0,0,0,0,0,0,0,0,0,0
390124,2,1,11,11,11,11,11,11,11,11,11,11
390125,1,1,0,0,0,0,0,0,0,0,0,0
390126,1,1,0,0,0,0,0,0,0,0,0,0
390127,0,1,0,0,0,0,0,0,0,0,0,0
390127,1,1,0,0,0,0,0,0,0,0,0,0
390128,0,1,35,35,35,35,35,35,35,35,35,35
390128,1,1,0,0,0,0,17,0,0,0,0,11
390129,1,1,0,0,0,0,0,0,0,0,0,0
390129,2,1,0,0,0,0,0,0,0,0,0,0
390130,0,1,20,0,0,0,0,0,18,0,0,11
390130,2,1,10,10,10,10,10,10,10,10,10,10
390132,0,1,14,14,14,14,14,14,14,14,14,14
390132,1,1,0,0,0,0,0,0,0,26,0,0
390133,1,1,0,0,0,0,0,0,0,0,0,0
390134,1,1,21,21,21,21,21,21,21,21,21,21
390134,2,1,0,0,0,0,0,0,0,0,0,0
390135,1,1,6,6,6,6,6,6,6,6,6,6
390136,1,1,0,0,0,0,0,0,0,0,0,0
390136,2,1,0,0,0,0,0,0,0,0,0,0
390137,0,1,0,0,0,0,0,0,0,0,0,0
390137,1,1,0,0,0,0,0,0,0,0,0,0
390138,1,1,0,0,0,0,0,0,0,0,0,0
390139,1,1,21,21,21,21,21,21,21,21,21,21
390140,1,1,0,0,0,0,0,0,0,0,0,0
390141,1,1,39,39,39,39,39,39,39,39,39,39
390142,1,1,0,0,0,0,0,0,0,0,0,0
390142,2,1,3,3,3,3,3,3,3,3,3,3
390143,1,1,0,0,0,0,0,9,0,0,0,0
390144,1,1,0,0,0,0,0,0,0,0,0,0
390144,2,1,0,0,0,0,0,0,0,0,0,0
390145,1,1,21,21,21,21,21,21,21,21,21,21
390146,1,1,0,0,0,0,0,0,0,0,0,0
390146,2,1,0,0,0,0,0,0,0,0,0,0
390147,0,1,8,8,8,8,8,8,8,8,8,8
390147,1,1,0,0,0,0,0,0,0,0,0,0
390147,2,1,0,0,0,0,0,15,6,0,0,0
390148,1,1,0,0,0,0,0,0,0,0,0,0
390148,2,1,0,0,0,0,0,0,0,0,0,0
390149,0,1,25,25,25,25,25,25,25,25,25,25
390149,1,1,9,9,9,9,9,9,9,9,9,9
390150,1,1,17,17,17,17,17,17,17,17,17,17
390150,2,1,0,0,0,0,0,0,0,0,0,0
390151,0,1,31,31,31,31,31,31,31,31,31,31
390151,1,1,0,0,0,0,0,0,0,0,0,0
390152,1,1,11,11,11,11,11,11,11,11,11,11
390153,1,1,0,0,0,0,0,0,0,0,0,0
390154,1,1,28,28,28,28,28,28,28,28,28,28
390154,2,1,0,0,0,0,0,0,0,0,0,0
390154,3,1,0,0,0,0,0,0,0,0,0,0
390154,4,1,0,0,0,0,0,0,0,0,0,0
390155,0,1,0,0,0,0,0,0,0,0,0,0
390155,1,1,0,0,0,0,0,0,0,0,0,0
390156,0,1,0,0,0,0,0,0,0,0,0,0
390156,1,1,10,0,0,0,0,0,0,0,0,0
390157,0,1,35,35,35,35,35,35,35,35,35,35
390157,1,1,0,0,0,0,0,0,0,0,0,0
390158,1,1,0,0,0,0,0,0,0,0,0,0
390158,2,1,0,0,0,0,0,0,0,0,0,0
390159,1,1,0,0,0,0,0,0,0,0,0,0
390160,0,1,19,19,19,19,19,19,19,19,19,19
390160,1,1,0,0,0,0,7,0,0,0,30,0
390161,1,1,0,0,0,0,0,0,0,0,0,0
390162,1,1,15,15,15,15,15,15,15,15,15,15
390163,1,1,9,9,9,9,9,9,9,9,9,9
390164,1,1,0,0,0,0,0,0,0,0,0,0
390164,2,1,0,0,0,0,0,0,0,0,0,0
390166,1,1,0,0,0,0,0,0,0,0,0,0
390166,2,1,0,0,0,0,0,0,0,0,0,0
390167,1,1,0,0,0,0,0,0,0,0,0,0
390168,1,1,0,0,0,0,0,0,0,0,0,0
390169,1,1,10,10,10,10,10,10,10,10,10,10
390170,1,1,3,3,3,3,3,3,3,3,3,3
390171,1,1,6,6,6,6,6,6,6,6,6,6
390172,1,1,0,0,0,0,0,0,0,0,0,0
390172,2,1,25,25,25,25,25,25,25,25,25,25
390173,1,1,0,0,0,0,0,0,0,0,0,0
390174,1,1,0,0,0,0,0,0,0,0,0,0
390175,1,1,13,13,13,13,13,13,13,13,13,13
390176,1,1,0,0,0,0,0,0,0,0,0,0
390177,1,1,0,0,0,0,0,0,0,0,0,0
390178,1,1,0,0,0,0,0,0,0,0,0,0
390178,2,1,0,0,0,0,0,0,0,0,0,0
390179,1,1,0,0,0,0,0,0,0,0,0,0
390179,2,1,0,0,0,0,0,0,0,0,0,0
390180,1,1,0,0,0,0,0,0,0,0,0,0
390180,2,1,0,0,0,0,0,0,0,0,0,0
390181,1,1,17,17,17,17,17,17,17,17,17,17
390182,1,1,0,0,0,0,0,0,0,0,0,0
390182,2,1,0,0,0,0,0,0,0,0,0,0
390183,0,1,0,0,0,0,30,0,0,0,0,0
390183,0,2,0,0,0,0,0,0,0,0,0,0
390183,1,1,21,21,21,21,21,21,21,21,21,21
390184,1,1,15,15,15,15,15,15,15,15,15,15
390185,1,1,11,11,11,11,11,11,11,11,11,11
390186,1,1,18,18,18,18,18,18,18,18,18,18
390187,1,1,32,0,14,8,5,9,23,29,12,25
390187,2,1,0,0,0,0,0,0,0,0,0,0
390188,0,1,0,0,0,0,0,0,0,0,0,0
390188,2,1,16,16,16,16,16,16,16,16,16,16
390189,1,1,0,0,0,0,0,0,0,0,0,0
390189,2,1,0,0,0,0,0,0,0,0,0,0
390190,1,1,0,0,0,0,0,0,0,0,0,0
390190,2,1,0,0,0,0,0,0,0,0,0,0
390191,1,1,0,0,0,0,0,0,0,0,0,0
390191,2,1,0,0,0,0,0,0,0,0,0,0
390192,1,1,8,8,8,8,8,8,8,8,8,8
390193,1,1,0,0,0,0,0,0,0,0,0,0
390193,2,1,0,0,0,0,0,0,0,0,0,0
390194,1,1,0,0,0,0,0,0,0,0,0,0
390194,2,1,0,0,0,0,0,0,0,0,0,0
390195,1,1,0,43,0,0,0,0,0,0,0,0
390195,2,1,0,0,0,0,0,0,0,0,0,0
390196,1,1,7,7,7,7,7,7,7,7,7,7
390198,1,1,0,0,0,0,0,0,0,0,0,0
390198,2,1,0,0,0,0,0,0,0,0,0,0
390199,1,1,0,0,0,0,0,0,0,0,0,0
390199,2,1,0,0,0,0,0,0,0,0,0,0
390200,1,1,0,0,0,0,0,0,0,0,0,0
390200,2,1,0,3,0,0,0,0,0,0,0,6
390201,1,1,16,0,0,15,0,15,0,0,0,0
390202,1,1,0,0,0,0,0,0,0,0,0,0
390202,2,1,0,0,0,0,0,0,0,0,0,0
390203,1,1,0,0,0,0,0,0,0,0,0,0
390203,2,1,34,0,0,0,0,0,11,0,0,0
390204,1,1,0,0,0,0,0,0,0,0,0,0
390204,2,1,0,0,0,0,0,0,0,0,0,0
390205,0,1,0,0,0,0,0,0,0,0,0,0
390205,1,1,0,0,0,0,0,0,0,0,0,0
390206,0,1,0,0,0,0,0,0,0,0,0,0
390206,1,1,0,19,0,0,0,0,0,0,0,0
390207,1,1,0,0,0,0,0,0,0,0,0,0
390208,1,1,0,0,0,0,0,0,0,0,0,0
390208,2,1,0,0,0,0,0,0,0,0,0,0
390209,1,1,22,22,22,22,22,22,22,22,22,22
390210,1,1,0,0,0,0,0,0,0,0,0,0
390211,1,1,0,0,0,0,0,10,18,0,0,0
390211,2,1,0,0,0,0,0,0,0,0,0,0
390212,0,1,20,20,20,20,20,20,20,20,20,20
390212,1,1,0,0,0,0,0,0,0,0,0,0
390213,0,1,0,0,0,0,0,0,0,0,0,0
390213,1,1,0,0,0,0,0,0,0,0,0,0
390214,1,1,0,0,0,0,0,0,0,0,0,0
390214,2,1,0,0,0,0,0,0,0,0,0,0
390215,1,1,0,0,0,0,0,0,0,0,0,0
390216,1,1,0,0,0,0,0,0,0,0,0,0
390216,2,1,0,0,0,0,0,0,0,10,0,0
390217,1,1,14,14,14,14,14,14,14,14,14,14
390217,2,1,0,0,0,0,0,0,0,0,0,0
390218,1,1,0,0,0,0,0,0,0,0,0,0
390219,1,1,0,0,0,0,0,0,0,0,0,0
390220,0,1,0,0,0,0,0,0,0,0,0,0
390220,1,1,0,0,0,0,0,0,0,0,0,0
390221,1,1,15,15,15,15,15,15,15,15,15,15
390222,1,1,15,15,15,15,15,15,15,15,15,15
390222,2,1,0,0,0,0,0,0,0,0,0,0
390223,0,1,0,0,0,0,0,0,0,0,0,0
390223,1,1,0,0,0,8,0,0,0,0,0,0
390224,1,1,0,0,0,0,0,0,0,0,0,0
390225,1,1,0,0,0,0,0,0,0,15,0,0
390226,1,1,0,0,0,0,0,0,0,0,0,0
390226,2,1,0,0,0,0,0,0,0,0,0,0
390226,3,1,0,0,0,0,0,0,0,0,0,0
390227,1,1,0,6,18,8,12,14,22,15,16,8
390227,2,1,22,22,22,22,22,22,22,22,22,22
390228,1,1,15,15,15,15,15,15,15,15,15,15
390228,2,1,0,0,0,0,0,0,0,0,0,0
390229,1,1,6,9,7,21,5,20,22,17,30,26
390230,1,1,0,0,0,0,0,0,0,0,0,0
390230,2,1,0,0,0,0,0,0,0,0,0,0
390231,1,1,25,25,25,25,25,25,25,25,25,25
390232,1,1,0,0,0,0,0,0,0,0,0,0
390232,2,1,0,0,0,0,0,0,0,0,0,0
390233,1,1,0,0,0,0,0,0,0,0,0,0
390233,2,1,0,0,0,0,0,0,0,3,0,0
390234,0,1,6,6,6,6,6,6,6,6,6,6
390234,1,1,8,8,8,8,8,8,8,8,8,8
390235,1,1,0,0,0,0,0,0,0,0,0,0
390235,2,1,0,0,0,0,0,0,0,0,0,0
390236,1,1,0,0,0,0,0,0,0,0,0,0
390237,0,1,0,0,0,0,0,0,0,0,0,0
390237,1,1,0,0,12,0,0,10,0,0,0,0
390238,1,1,0,14,0,0,0,6,0,0,13,14
390238,2,1,0,0,0,0,0,23,0,0,0,0
390239,1,1,0,0,0,0,0,0,0,0,0,0
390241,1,1,0,0,0,0,0,0,0,0,0,0
390241,2,1,0,0,0,0,0,0,0,0,0,0
390242,1,1,0,0,0,0,0,0,0,0,0,0
390243,1,1,0,0,0,0,0,0,0,0,0,0
390243,2,1,0,0,0,6,0,0,0,0,0,0
390243,3,1,0,0,0,0,0,0,0,0,0,0
390244,1,1,14,14,14,14,14,14,14,14,14,14
390244,2,1,0,0,0,0,0,0,0,0,0,0
390245,1,1,0,0,0,0,0,0,0,0,0,0
390245,2,1,0,0,0,0,0,0,0,0,0,0
390246,1,1,0,0,0,0,0,0,0,0,0,0
390246,2,1,0,0,0,0,0,0,0,0,0,0
390247,1,1,20,20,20,20,20,20,20,20,20,20
390248,1,1,0,0,0,0,0,0,0,0,0,0
390249,1,1,0,0,0,0,0,0,0,0,0,0
390249,2,1,0,0,0,0,0,0,0,0,0,0
390250,1,1,0,0,0,0,0,0,0,0,0,0
390251,1,1,0,0,0,0,0,0,0,0,0,0
390251,2,1,0,0,0,0,0,0,0,0,0,0
390252,1,1,9,9,9,9,9,9,9,9,9,9
390253,1,1,0,0,0,0,0,0,0,0,0,0
390253,2,1,0,0,0,0,0,0,0,0,0,0
390254,1,1,0,0,0,0,0,0,0,0,0,0
390254,2,1,0,0,0,0,0,0,0,0,0,0
390255,1,1,29,0,21,0,0,0,0,30,0,19
390256,0,1,29,29,29,29,29,29,29,29,29,29
390256,1,1,17,18,16,5,21,18,20,6,16,19
390257,1,1,0,0,0,0,0,0,0,0,0,0
390257,2,1,2,2,2,2,2,2,2,2,2,2
390258,1,1,12,15,25,0,0,0,18,31,0,0
390258,2,1,29,0,8,0,18,16,14,16,22,0
390258,3,1,0,16,7,28,14,0,0,12,28,0
390259,1,1,0,0,0,0,0,0,0,0,0,0
390260,1,1,0,0,0,0,0,0,0,0,0,0
390261,1,1,0,0,0,0,0,0,0,0,0,0
390261,2,1,0,0,0,0,0,0,0,12,0,0
390261,3,1,0,0,0,0,0,14,0,0,0,0
390262,0,1,31,31,31,31,31,31,31,31,31,31
390262,1,1,0,0,0,0,0,0,0,13,0,0
390263,1,1,20,20,20,20,20,20,20,20,20,20
390264,1,1,26,26,26,26,26,26,26,26,26,26
390265,1,1,16,16,16,16,16,16,16,16,16,16
390266,1,1,0,0,0,18,0,0,9,0,0,26
390267,1,1,26,11,21,18,3,10,15,17,5,16
390268,1,1,0,0,0,0,0,0,0,0,0,0
390268,2,1,0,0,0,0,0,0,0,0,0,0
390269,1,1,0,0,12,0,0,0,0,0,0,0
390269,2,1,2,0,0,0,0,0,0,0,0,15
390270,1,1,17,17,17,17,17,17,17,17,17,17
390271,1,1,0,0,0,0,0,0,0,0,0,0
390271,2,1,0,0,0,0,0,0,0,0,0,0
390272,1,1,21,21,21,21,21,21,21,21,21,21
390273,1,1,10,10,10,10,10,10,10,10,10,10
390273,2,1,11,6,0,3,16,18,15,12,25,11
390274,1,1,0,0,0,0,0,0,0,0,0,0
390274,2,1,0,0,0,0,0,0,0,0,0,0
390275,0,1,0,0,28,0,0,22,0,0,0,0
390275,1,1,28,28,28,28,28,28,28,28,28,28
390276,1,1,24,24,24,24,24,24,24,24,24,24
390277,1,1,0,0,0,0,0,0,0,0,0,0
390277,2,1,0,0,0,0,0,0,0,0,0,0
390279,1,1,19,19,19,19,19,19,19,19,19,19
390280,1,1,19,19,19,19,19,19,19,19,19,19
390281,1,1,7,7,7,7,7,7,7,7,7,7
390282,1,1,0,0,0,0,9,0,8,0,0,0
390283,1,1,0,0,0,0,0,0,0,0,0,0
390284,1,1,17,17,17,17,17,17,17,17,17,17
390285,1,1,0,0,0,0,0,0,0,0,0,0
390286,1,1,0,0,0,0,0,0,0,0,0,0
390286,2,1,22,22,22,22,22,22,22,22,22,22
390287,1,1,0,0,0,0,4,0,0,0,0,0
390287,2,1,0,0,0,0,0,0,0,0,0,0
390288,1,1,0,0,0,0,0,0,0,0,0,0
390289,1,1,0,0,0,0,0,0,0,0,0,0
390289,2,1,0,0,0,0,0,0,0,0,0,0
390289,3,1,0,0,0,0,0,0,0,0,0,0
390290,1,1,0,0,0,0,0,0,0,0,0,0
390290,2,1,0,0,0,0,0,0,0,0,0,0
390290,3,1,0,0,0,0,0,0,0,0,0,0
390291,1,1,0,0,0,0,0,0,0,0,0,0
390291,2,1,0,0,0,0,0,0,0,0,0,0
390292,1,1,9,9,9,9,9,9,9,9,9,9
390293,1,1,17,17,17,17,17,17,17,17,17,17
390294,1,1,0,0,0,0,0,0,0,0,0,0
390294,2,1,0,0,0,0,0,0,0,0,0,0
390295,1,1,0,0,0,0,0,0,0,0,0,0
390295,2,1,0,0,0,0,0,0,0,0,0,0
390296,1,1,0,0,0,0,0,0,15,0,0,0
390296,2,1,0,0,0,0,3,0,0,0,0,0
390297,1,1,0,0,0,0,0,0,0,0,0,0
390297,2,1,5,5,5,5,5,5,5,5,5,5
390298,1,1,0,0,0,0,0,0,0,0,0,0
390298,2,1,25,25,25,25,25,25,25,25,25,25
390300,1,1,20,20,20,20,20,20,20,20,20,20
390301,2,1,0,0,0,0,0,0,0,0,0,0
390302,1,1,0,0,0,0,0,0,0,0,0,0
390303,1,1,0,0,0,0,0,0,0,0,0,0
390303,2,1,0,0,0,0,0,0,0,0,0,0
390304,1,1,27,27,27,27,27,27,27,27,27,27
390305,1,1,0,0,0,0,0,0,0,0,0,0
390306,1,1,0,0,0,0,0,0,0,0,0,0
390306,2,1,0,0,0,0,0,0,0,0,0,0
390307,1,1,0,0,0,0,0,0,0,0,0,0
390308,1,1,0,0,0,0,0,0,0,0,0,0
390308,2,1,0,0,0,0,0,0,0,0,0,0
390309,1,2,10,19,11,0,25,0,0,17,18,23
390310,1,1,0,0,0,0,0,0,0,0,0,0
390310,2,1,0,0,0,0,0,0,0,0,0,0
390311,1,1,0,0,0,0,0,0,0,0,0,0
390312,1,1,20,20,20,20,20,20,20,20,20,20
390313,0,1,0,0,0,0,0,0,0,0,0,0
390313,0,2,0,0,0,0,0,0,0,0,0,0
390313,1,1,0,0,0,0,0,0,0,0,0,0
390314,1,1,5,5,5,5,5,5,5,5,5,5
390314,2,1,0,0,0,0,0,0,0,0,0,0
390315,1,1,0,0,0,0,0,0,0,0,0,0
390316,1,1,0,0,0,0,0,0,0,0,0,0
390317,1,1,0,0,0,0,0,0,0,0,0,0
390318,1,1,16,16,16,16,16,16,16,16,16,16
390319,1,1,0,0,0,0,0,0,0,0,0,0
390319,2,1,0,0,0,0,0,0,0,0,0,0
390320,1,1,0,0,0,0,0,0,0,0,0,0
390320,2,1,0,12,0,0,0,0,0,0,14,0
390321,1,1,16,16,16,16,16,16,16,16,16,16
390322,1,1,0,0,0,0,0,0,0,0,0,0
390323,1,1,13,13,13,13,13,13,13,13,13,13
390324,0,1,0,0,0,0,0,0,0,0,0,0
390324,1,1,0,0,0,0,0,0,0,9,0,0
390324,2,1,0,0,0,0,0,0,0,0,0,0
390324,3,1,0,0,0,0,0,0,0,0,0,0
390325,1,1,0,0,0,0,0,0,0,0,0,0
390326,1,1,0,0,0,0,0,0,0,0,0,0
390326,2,1,0,0,0,0,0,0,0,0,0,0
390326,3,1,15,15,15,15,15,15,15,15,15,15
390327,1,1,0,0,0,0,0,0,0,0,0,0
390328,0,1,0,0,0,0,0,0,0,0,0,0
390328,1,1,0,0,0,0,0,0,0,0,0,0
390329,1,1,0,0,0,0,0,0,0,0,0,0
390329,2,1,0,0,0,0,0,0,0,0,0,0
390331,1,1,28,28,28,28,28,28,28,28,28,28
390332,1,1,0,0,0,0,0,0,0,0,0,0
390332,2,1,0,0,0,0,0,0,0,0,0,0
390333,0,1,0,0,0,0,0,0,0,0,0,0
390333,1,1,10,0,0,0,5,0,0,19,15,0
390334,1,1,0,0,0,0,0,0,0,0,0,0
390334,2,1,0,0,0,0,0,0,0,0,0,0
390335,1,1,0,0,0,0,0,0,0,0,0,0
390335,2,1,0,0,0,0,0,0,0,0,0,0
390336,0,1,0,0,0,0,0,0,0,0,0,0
390336,1,1,0,0,0,0,15,0,0,0,0,0
390337,1,1,0,0,0,0,0,0,0,0,0,0
390338,1,1,0,0,0,0,0,0,0,0,0,0
390339,1,1,0,0,0,0,0,0,0,0,0,0
390339,2,1,0,0,0,0,0,0,0,0,0,0
390340,1,1,11,11,11,11,11,11,11,11,11,11
390341,0,1,14,10,0,0,0,0,0,0,0,0
390341,1,1,0,0,0,0,19,0,0,0,0,0
390342,1,1,0,0,0,0,0,0,0,0,0,0
390342,2,1,0,0,0,0,0,0,0,0,0,0
390342,3,1,0,0,0,0,0,0,0,0,0,0
390342,4,1,0,0,0,0,0,0,0,0,0,0
390342,5,1,0,0,0,0,0,0,0,0,0,0
390343,1,1,15,11,10,12,16,38,21,13,14,14
390344,1,1,0,0,0,0,0,0,0,0,0,0
390344,2,1,0,0,0,0,0,0,0,0,0,0
390345,1,1,0,0,0,0,0,0,0,0,0,0
390345,2,1,0,0,0,0,0,0,0,0,0,0
390346,1,1,0,0,0,0,0,0,0,0,0,0
390346,2,1,0,0,0,0,0,0,0,0,0,0
390346,3,1,0,0,0,0,0,0,0,0,0,0
390346,4,1,0,0,0,0,0,0,0,11,0,0
390347,1,1,0,0,0,0,0,0,0,0,0,0
390347,2,1,0,0,0,0,0,0,0,0,0,0
390348,1,1,17,17,17,17,17,17,17,17,17,17
390349,1,1,0,0,0,0,0,0,0,0,0,0
390349,2,1,20,20,20,20,20,20,20,20,20,20
390350,1,1,0,0,0,0,0,0,0,0,0,0
390351,1,1,0,0,0,0,0,0,0,0,0,0
390351,2,1,17,17,17,17,17,17,17,17,17,17
390351,3,1,0,0,0,0,0,0,0,0,0,0
390351,4,1,0,0,0,0,0,0,0,0,0,0
390351,5,1,0,0,0,0,0,0,0,0,0,0
390352,1,1,8,8,8,8,8,8,8,8,8,8
390353,1,1,19,19,19,19,19,19,19,19,19,19
390353,2,1,0,0,0,0,0,0,0,0,0,0
390354,1,1,11,0,0,0,0,0,0,0,0,0
390355,1,1,0,0,0,0,0,0,0,0,0,0
390355,2,1,0,0,0,0,0,0,0,0,0,0
390356,1,1,0,0,0,0,0,0,0,0,0,0
390357,1,1,18,18,18,18,18,18,18,18,18,18
390358,1,1,0,0,0,0,0,0,0,0,0,0
390358,2,1,0,0,0,0,0,0,0,0,0,0
390359,1,1,0,0,0,0,0,0,0,0,0,0
390359,2,1,24,21,8,11,7,16,23,12,10,30
390360,1,1,0,0,0,0,0,0,0,0,0,0
390360,2,1,0,0,0,0,0,0,0,0,0,9
390361,1,1,0,0,0,0,0,0,0,0,0,0
390362,1,1,0,0,0,0,0,0,0,0,0,0
390362,2,1,0,0,0,0,0,0,0,0,0,0
390363,1,1,0,0,0,0,0,0,0,0,0,0
390364,1,1,6,6,6,6,6,6,6,6,6,6
390364,2,1,0,0,0,0,0,0,0,0,0,0
390364,3,1,0,0,0,0,0,0,0,0,0,0
390365,1,1,0,0,0,0,0,0,0,0,0,0
390365,2,1,0,0,0,0,0,0,0,0,0,0
390366,1,1,0,0,0,0,0,0,0,0,0,0
390366,2,1,24,0,0,0,0,0,0,0,0,0
390367,1,1,10,10,10,10,10,10,10,10,10,10
390368,1,1,0,0,0,0,0,0,0,0,0,0
390368,2,1,0,0,0,0,0,0,0,0,0,0
390369,1,1,0,0,0,0,0,0,0,0,0,0
390370,1,1,45,45,45,45,45,45,45,45,45,45
390371,1,1,23,23,23,23,23,23,23,23,23,23
390373,1,1,0,0,0,0,0,0,0,0,0,0
390373,2,1,0,0,0,0,0,0,0,0,0,0
390374,1,1,0,0,0,0,0,0,0,0,0,0
390375,1,1,11,11,11,11,11,11,11,11,11,11
390376,1,1,23,23,23,23,23,23,23,23,23,23
390377,1,1,0,0,0,0,0,0,0,0,0,0
390377,2,1,0,0,0,0,0,0,0,0,0,0
390378,1,1,0,0,0,0,0,0,0,0,0,0
390378,2,1,0,0,0,0,0,0,0,0,0,0
390379,1,1,21,21,21,21,21,21,21,21,21,21
390380,1,1,0,0,0,0,0,0,0,0,0,0
390380,2,1,0,0,0,0,0,0,0,0,0,0
390381,1,1,16,16,16,16,16,16,16,16,16,16
390382,1,1,2,2,2,2,2,2,2,2,2,2
390382,2,1,2,2,2,2,2,2,2,2,2,2
390383,1,1,0,0,0,0,0,0,0,0,0,0
390384,1,1,0,0,0,0,0,0,0,0,0,0
390384,2,1,0,0,0,0,0,0,0,0,0,0
390385,1,1,17,17,17,17,17,17,17,17,17,17
390386,1,1,15,15,15,15,15,15,15,15,15,15