ST_CASE,VEH_NO,PER_NO,P1,P2,P3,P4,P5,P6,P7,P8,P9,P10
390387,0,1,9,9,9,9,9,9,9,9,9,9
390387,1,1,0,0,0,0,24,0,0,0,0,0
390388,1,1,0,12,26,0,6,0,0,0,20,0
390389,1,1,0,0,0,0,0,0,0,0,0,0
390389,2,1,0,0,0,0,0,0,0,0,0,0
390390,1,1,0,0,0,0,0,0,0,0,0,0
390390,2,1,0,0,0,0,0,0,0,0,0,0
390391,1,1,0,0,0,0,0,0,0,0,0,0
390392,1,1,0,0,0,0,0,0,0,0,0,0
390392,2,1,0,0,0,0,0,0,0,0,0,0
390393,1,1,0,0,0,0,0,0,0,0,0,0
390393,2,1,0,0,0,0,0,0,0,0,0,0
390394,1,1,0,0,0,0,0,0,0,0,0,0
390395,1,1,0,0,0,0,0,0,0,0,0,0
390395,2,1,0,0,0,0,0,0,0,0,0,0
390396,1,1,0,0,0,0,0,0,0,0,0,0
390397,1,1,0,0,0,0,0,0,0,0,0,0
390397,2,1,8,0,0,0,0,0,0,0,0,0
390398,1,1,0,0,0,0,0,0,0,0,0,0
390398,2,1,0,0,0,0,0,0,0,0,0,0
390398,3,1,0,0,0,0,0,0,0,0,0,0
390399,1,1,20,20,20,20,20,20,20,20,20,20
390400,1,1,22,32,2,0,0,0,0,0,0,0
390401,1,1,0,0,0,0,0,0,0,0,0,0
390401,2,1,0,0,0,0,0,0,0,0,0,0
390402,1,1,8,8,8,8,8,8,8,8,8,8
390403,1,1,21,21,21,21,21,21,21,21,21,21
390404,1,1,0,0,0,0,0,0,0,0,0,0
390405,1,1,0,0,0,0,0,0,0,0,0,0
390406,1,1,0,0,0,0,0,0,0,0,0,0
390407,1,1,0,0,0,0,0,0,0,0,0,0
390408,1,1,19,19,19,19,19,19,19,19,19,19
390409,1,1,0,0,0,0,0,0,0,0,0,0
390410,0,1,0,0,0,0,0,0,0,0,0,0
390410,1,1,0,21,18,0,0,28,0,19,0,0
390411,1,1,12,12,12,12,12,12,12,12,12,12
390412,1,1,0,0,0,0,0,0,0,0,0,0
390413,1,1,0,0,0,0,0,0,0,0,0,0
390413,2,1,0,0,0,0,0,0,0,0,0,27
390414,1,1,14,14,14,14,14,14,14,14,14,14
390415,1,1,14,14,14,14,14,14,14,14,14,14
390416,1,1,26,26,26,26,26,26,26,26,26,26
390417,1,1,0,0,0,0,0,0,0,0,0,0
390418,1,1,0,0,9,0,0,0,0,0,0,0
390418,2,1,0,0,0,0,0,0,0,0,0,0
390419,1,1,0,0,0,0,0,0,0,0,0,0
390419,2,1,30,30,30,30,30,30,30,30,30,30
390420,1,1,0,0,0,0,0,0,0,0,0,0
390420,2,1,0,0,0,0,0,0,0,0,0,0
390420,3,1,0,0,0,0,0,0,0,0,0,0
390421,1,1,0,0,0,0,0,0,0,0,0,0
390422,1,1,12,12,18,19,31,19,4,17,23,8
390422,2,1,8,0,0,0,0,0,0,0,0,7
390423,1,1,7,7,7,7,7,7,7,7,7,7
390424,1,1,0,0,0,0,0,0,0,0,0,0
390424,2,1,0,0,0,3,0,0,0,0,0,0
390425,1,1,0,0,0,0,0,0,0,0,0,0
390426,1,1,0,0,0,0,0,0,20,0,0,0
390427,1,1,33,33,33,33,33,33,33,33,33,33
390428,1,1,0,0,0,0,0,0,0,0,0,0
390429,0,1,25,25,25,25,25,25,25,25,25,25
390429,1,1,0,0,0,0,0,0,0,0,0,0
390430,1,1,16,16,16,16,16,16,16,16,16,16
390431,1,1,11,11,11,11,11,11,11,11,11,11
390432,1,1,0,0,0,0,0,0,0,0,0,0
390433,1,1,0,0,0,0,0,0,0,0,0,0
390433,2,1,0,0,0,0,0,0,0,0,0,0
390434,1,1,0,0,0,0,0,0,0,0,0,0
390434,2,1,23,23,23,23,23,23,23,23,23,23
390435,1,1,11,11,11,11,11,11,11,11,11,11
390436,1,1,0,0,0,0,0,0,0,0,0,0
390436,2,1,31,31,31,31,31,31,31,31,31,31
390437,1,1,0,0,0,0,0,0,0,0,0,0
390437,2,1,0,0,0,0,0,0,0,0,0,0
390438,1,1,13,13,13,13,13,13,13,13,13,13
390439,1,1,0,0,0,0,0,0,0,0,0,0
390440,1,1,0,0,0,0,0,0,0,0,0,0
390441,1,1,0,0,0,0,0,0,0,0,0,0
390442,1,1,0,20,0,0,0,0,0,0,0,0
390443,1,1,16,16,16,16,16,16,16,16,16,16
390444,1,1,29,29,29,29,29,29,29,29,29,29
390445,1,1,0,0,0,0,0,0,0,0,0,0
390446,1,1,25,25,0,0,0,0,0,0,0,16
390446,2,1,5,0,3,0,0,12,9,0,0,0
390447,1,1,0,0,0,0,0,0,0,0,0,0
390447,2,1,18,18,18,18,18,18,18,18,18,18
390448,0,1,0,0,0,0,0,0,0,0,0,0
390448,1,1,0,0,0,15,0,0,0,11,0,16
390449,1,1,3,3,3,3,3,3,3,3,3,3
390450,1,1,0,0,0,0,0,0,0,0,0,0
390451,1,1,0,0,0,0,0,0,0,0,0,0
390452,0,1,0,0,0,0,0,0,0,0,0,0
390452,1,1,0,0,0,0,0,0,0,0,0,0
390453,1,1,0,0,0,0,0,0,0,0,0,0
390454,1,1,0,0,0,0,0,0,0,0,0,0
390455,1,1,0,0,0,0,0,0,0,0,0,0
390455,2,1,0,0,0,0,0,0,0,0,0,0
390456,1,1,0,0,0,0,0,0,0,0,0,0
390456,2,1,0,0,0,0,0,0,0,0,0,0
390457,1,1,0,0,0,0,0,0,0,0,0,0
390458,1,1,0,0,0,0,0,0,0,0,0,0
390458,2,1,0,0,0,0,0,0,0,0,0,0
390459,1,1,0,0,0,0,0,0,0,0,0,0
390459,2,1,0,0,0,0,0,0,0,0,0,0
390460,1,1,0,0,0,0,0,0,0,0,0,0
390461,1,1,22,22,22,22,22,22,22,22,22,22
390462,1,1,0,0,0,0,0,0,0,0,0,0
390462,2,1,0,0,0,0,0,0,0,0,0,0
390463,1,1,0,0,0,0,0,0,0,0,0,0
390463,2,1,0,0,0,0,0,0,0,0,0,0
390464,1,1,29,29,29,29,29,29,29,29,29,29
390465,1,1,0,0,0,0,0,0,0,0,0,0
390465,2,1,0,0,0,0,0,0,0,0,0,0
390466,1,1,0,0,0,0,0,0,0,0,0,0
390466,2,1,0,0,5,0,0,0,0,0,0,0
390466,3,1,0,0,0,0,0,0,0,0,0,0
390467,1,1,0,0,0,0,0,0,0,0,0,0
390467,2,1,0,0,0,0,0,0,0,0,0,0
390468,1,1,0,0,0,0,0,0,0,0,0,0
390468,2,1,0,0,0,0,0,0,0,0,0,0
390469,1,1,0,0,0,0,0,0,0,0,0,0
390469,2,1,0,0,0,0,0,0,0,0,0,0
390469,3,1,0,0,0,0,0,0,0,0,0,0
390469,4,1,0,0,0,0,0,0,0,0,0,0
390470,0,1,13,13,13,13,13,13,13,13,13,13
390470,1,1,0,0,0,0,0,0,0,0,0,0
390471,1,1,10,10,10,10,10,10,10,10,10,10
390471,2,1,0,0,0,0,0,0,0,0,0,0
390471,3,1,0,3,14,5,18,6,10,17,2,18
390473,1,1,0,0,0,0,0,0,0,0,0,0
390474,1,1,15,15,15,15,15,15,15,15,15,15
390475,1,1,0,0,0,21,23,0,28,0,0,0
390475,2,1,0,0,0,0,0,0,0,0,0,0
390476,1,1,12,5,30,18,20,20,21,25,8,7
390476,2,1,0,0,0,0,0,0,0,0,0,0
390477,0,1,0,0,0,0,0,0,0,0,0,0
390477,1,1,0,0,0,0,0,0,0,0,0,0
390478,1,1,0,0,0,0,0,0,0,0,0,0
390479,1,1,0,0,0,0,0,0,0,0,0,0
390480,1,1,0,0,0,0,0,0,11,0,0,0
390480,2,1,0,0,0,0,0,0,0,0,0,0
390481,1,1,0,0,0,0,0,0,0,0,0,0
390481,2,1,0,0,0,0,0,0,0,0,0,0
390482,1,1,15,14,8,0,22,25,18,26,23,0
390483,1,1,24,23,34,29,29,16,26,20,24,11
390483,2,1,0,0,0,0,19,0,0,0,0,0
390484,1,1,0,0,0,0,0,0,0,0,0,0
390485,1,1,16,16,16,16,16,16,16,16,16,16
390487,1,1,22,22,22,22,22,22,22,22,22,22
390488,1,1,0,0,0,0,0,0,7,0,0,0
390490,1,1,16,16,16,16,16,16,16,16,16,16
390490,2,1,0,0,0,0,0,0,0,0,0,0
390491,1,1,7,7,7,7,7,7,7,7,7,7
390492,1,1,0,0,0,0,0,0,0,0,0,0
390492,2,1,0,0,0,0,0,0,0,0,0,0
390494,1,1,0,0,0,0,0,0,0,0,0,18
390494,2,1,0,0,0,0,0,0,0,0,0,0
390495,1,1,0,0,0,0,0,0,0,0,0,0
390495,2,1,0,0,0,0,0,0,0,0,0,0
390496,1,1,0,0,0,0,0,0,0,0,0,0
390497,1,1,0,0,0,0,0,0,0,0,0,0
390498,1,1,0,0,0,0,0,0,20,0,0,0
390498,2,1,0,0,0,0,0,0,0,0,0,0
390499,1,1,0,0,0,0,0,0,0,0,0,0
390499,2,1,0,0,0,0,0,0,0,0,0,0
390500,1,1,0,0,0,0,4,0,0,0,0,0
390500,2,1,3,3,3,3,3,3,3,3,3,3
390501,1,1,0,0,0,0,0,0,0,0,0,0
390502,1,1,16,16,16,16,16,16,16,16,16,16
390502,2,1,0,12,0,7,7,15,11,6,0,21
390503,1,1,0,0,0,0,7,0,0,0,0,0
390503,2,1,8,8,8,8,8,8,8,8,8,8
390504,1,1,16,16,16,16,16,16,16,16,16,16
390504,2,1,0,0,0,0,0,0,0,0,0,0
390505,0,1,0,0,0,0,0,0,0,0,0,0
390505,1,1,0,0,0,0,0,0,0,0,0,0
390506,1,1,15,15,15,15,15,15,15,15,15,15
390506,2,1,0,0,0,0,0,0,0,0,0,0
390506,3,1,0,0,0,0,0,0,0,0,0,0
390506,4,1,0,0,0,0,0,0,0,0,0,0
390507,1,1,0,0,0,0,0,0,0,0,0,0
390507,2,1,0,0,0,0,0,0,0,0,0,0
390508,1,1,0,0,0,0,0,0,0,0,0,0
390508,2,1,0,0,0,0,0,0,0,0,0,0
390509,1,1,20,20,20,20,20,20,20,20,20,20
390510,1,1,18,18,18,18,18,18,18,18,18,18
390511,1,1,12,12,12,12,12,12,12,12,12,12
390511,2,1,0,0,0,0,0,0,0,0,0,0
390512,1,1,0,0,0,0,0,0,0,0,0,0
390512,2,1,0,0,0,0,0,0,0,0,0,0
390512,3,1,0,0,0,0,0,0,0,0,0,0
390513,1,1,8,8,8,8,8,8,8,8,8,8
390514,1,1,23,23,23,23,23,23,23,23,23,23
390515,1,1,0,0,0,0,0,0,0,0,0,0
390516,0,1,0,0,0,0,0,0,0,0,0,0
390516,1,1,0,0,0,0,0,0,0,0,0,0
390517,1,1,0,0,0,0,0,0,0,0,0,0
390518,1,1,0,0,0,0,0,0,0,0,0,0
390518,2,1,0,0,0,0,9,0,0,0,0,0
390519,1,1,0,0,0,0,0,0,0,0,0,0
390519,2,1,0,0,0,0,0,0,0,0,0,0
390520,0,1,0,0,0,0,0,0,0,0,0,0
390520,1,1,0,0,0,0,0,0,0,0,0,0
390521,1,1,0,0,0,0,0,0,0,0,0,0
390522,1,1,0,0,0,0,0,0,0,0,0,0
390522,2,1,0,5,6,3,28,0,35,14,0,0
390523,1,1,0,0,0,0,0,0,0,0,0,0
390524,1,1,1,1,1,1,1,1,1,1,1,1
390524,2,1,0,0,0,0,0,0,0,0,0,0
390524,3,1,0,0,0,0,0,0,0,0,0,0
390526,1,1,17,17,17,17,17,17,17,17,17,17
390527,1,1,5,5,5,5,5,5,5,5,5,5
390528,1,1,0,0,0,0,18,0,0,0,0,0
390529,1,1,0,0,0,0,0,0,0,0,18,0
390529,2,1,0,0,0,7,0,0,0,0,0,0
390530,0,1,2,0,0,25,11,12,0,8,0,24
390530,0,2,0,0,0,0,0,0,0,0,0,0
390530,0,3,1,1,1,1,1,1,1,1,1,1
390530,1,1,0,0,0,0,0,0,0,0,0,0
390530,4,1,0,0,0,0,0,0,0,0,0,0
390530,5,1,0,0,0,0,0,0,0,0,0,0
390531,1,1,0,0,0,0,0,0,0,0,0,0
390531,2,1,0,0,0,0,0,0,0,0,0,0
390532,1,1,0,0,0,0,0,0,0,0,0,0
390532,2,1,0,0,0,0,0,0,0,0,0,0
390533,1,1,0,0,0,0,0,0,0,0,0,0
390533,2,1,0,0,0,0,0,0,0,0,0,0
390534,1,1,0,0,0,0,0,0,0,0,0,0
390534,2,1,0,0,0,0,0,0,0,0,0,0
390535,1,1,0,0,0,0,0,0,0,0,0,0
390536,1,1,0,0,0,0,0,0,0,0,0,0
390536,2,1,0,0,0,0,0,0,0,0,0,0
390537,1,1,0,0,0,0,0,0,0,0,0,0
390537,2,1,0,0,0,0,0,0,0,0,0,0
390538,1,1,0,0,0,0,0,0,0,0,0,0
390538,2,1,0,0,0,0,0,0,0,0,0,0
390539,1,1,0,0,0,0,0,0,0,0,0,0
390539,2,1,0,0,0,0,0,0,0,0,0,0
390540,0,1,0,0,0,0,0,0,0,0,0,0
390540,1,1,0,0,0,0,0,0,0,0,5,0
390541,1,1,0,0,0,0,0,0,17,0,0,0
390542,1,1,0,0,0,0,0,5,0,0,0,0
390542,6,1,0,0,0,0,0,0,0,0,0,0
390543,1,1,0,0,0,0,0,0,0,0,0,0
390544,1,1,0,0,0,0,0,0,0,0,0,0
390544,2,1,0,0,0,0,0,0,0,0,0,0
390545,1,1,0,0,0,0,0,0,0,0,0,0
390545,2,1,0,0,0,0,0,0,21,0,0,0
390546,1,1,12,12,12,12,12,12,12,12,12,12
390547,1,1,20,20,20,20,20,20,20,20,20,20
390548,1,1,0,0,0,0,0,0,0,0,0,0
390548,2,1,0,0,0,0,0,19,0,0,0,0
390549,1,1,0,0,0,0,0,0,0,0,0,0
390549,2,1,0,0,0,0,0,0,0,0,0,0
390550,0,1,0,0,11,0,0,9,0,0,0,0
390550,0,2,15,0,0,0,0,0,0,5,0,0
390550,1,1,0,0,0,0,0,0,0,20,0,0
390552,0,1,0,0,0,0,0,0,0,0,0,0
390552,1,1,0,0,0,0,0,0,0,0,0,0
390553,1,1,0,0,0,0,0,0,0,0,0,0
390553,2,1,0,0,0,0,0,0,0,0,0,0
390554,1,1,0,0,0,0,0,0,0,0,0,0
390554,2,1,0,0,0,0,0,0,0,0,0,0
390554,3,1,0,0,0,0,0,0,0,2,0,0
390554,4,1,0,0,0,0,0,0,0,0,0,0
390555,1,1,0,0,0,0,0,0,0,0,0,0
390556,1,1,0,0,0,0,0,0,0,0,0,0
390557,1,1,26,0,7,0,7,0,9,11,10,17
390557,2,1,0,0,0,0,0,0,0,0,0,0
390558,1,1,19,19,19,19,19,19,19,19,19,19
390559,1,1,32,32,32,32,32,32,32,32,32,32
390560,1,1,0,0,0,0,0,0,0,0,0,0
390561,1,1,0,0,0,0,0,0,0,0,0,0
390561,2,1,0,0,0,0,0,0,0,0,0,0
390561,3,1,9,9,9,9,9,9,9,9,9,9
390562,1,1,0,0,0,0,0,0,0,0,0,0
390562,2,1,0,0,0,0,0,0,0,0,0,0
390563,1,1,0,0,0,0,0,0,0,0,8,0
390564,1,1,0,0,0,0,0,0,0,0,0,0
390564,2,1,0,0,0,0,0,0,0,0,0,0
390565,1,1,0,0,0,0,0,0,0,0,0,0
390566,1,1,25,25,25,25,25,25,25,25,25,25
390567,1,1,0,0,0,0,0,0,0,0,0,0
390567,2,1,0,0,0,0,0,0,0,0,0,0
390567,3,1,0,0,0,0,0,0,0,0,0,0
390568,1,1,18,18,18,18,18,18,18,18,18,18
390569,1,1,19,19,19,19,19,19,19,19,19,19
390569,2,1,0,0,0,0,0,0,0,0,0,0
390570,1,1,24,24,24,24,24,24,24,24,24,24
390571,1,1,24,24,24,24,24,24,24,24,24,24
390571,2,1,0,0,0,0,11,0,14,11,0,0
390571,3,1,0,0,0,0,11,0,6,0,0,0
390572,1,1,0,0,0,0,0,0,0,0,0,0
390572,2,1,0,0,0,0,0,0,0,0,0,0
390572,3,1,0,0,0,0,0,0,0,0,0,0
390573,1,1,0,0,0,0,0,0,0,0,0,0
390573,2,1,0,0,0,0,0,0,0,0,0,0
390573,3,1,0,0,0,0,0,0,0,0,0,0
390574,1,1,0,0,0,0,0,0,0,0,0,0
390574,2,1,0,0,0,0,0,0,0,0,0,0
390575,0,1,0,0,0,0,0,0,0,0,0,0
390575,1,1,18,19,0,14,24,14,18,7,11,0
390576,0,1,9,9,9,9,9,9,9,9,9,9
390576,1,1,0,0,0,0,0,0,0,0,0,0
390577,1,1,0,0,0,0,0,0,0,0,0,0
390577,2,1,0,0,0,0,0,0,0,0,0,0
390578,1,1,0,0,0,0,0,0,0,0,0,0
390579,1,1,0,0,0,0,0,0,0,0,0,9
390580,1,1,0,0,0,0,0,0,0,0,0,0
390580,2,1,0,0,0,0,0,0,0,0,0,0
390581,1,1,16,16,16,16,16,16,16,16,16,16
390582,0,1,0,0,0,0,0,0,0,0,0,0
390582,1,1,0,0,0,0,25,0,0,14,0,0
390583,1,1,0,0,0,0,0,0,0,0,0,0
390583,2,1,0,0,0,0,0,0,0,0,0,0
390584,1,1,17,17,17,17,17,17,17,17,17,17
390585,1,1,8,8,8,8,8,8,8,8,8,8
390585,2,1,0,0,0,0,0,0,0,0,0,0
390585,3,1,0,0,0,0,0,0,0,0,0,0
390585,4,1,0,0,0,0,0,0,14,21,0,0
390586,1,1,0,0,0,0,0,0,0,0,0,0
390586,2,1,0,0,0,0,0,0,0,0,0,0
390587,1,1,0,12,0,0,0,0,0,0,0,0
390589,1,1,0,0,0,0,0,0,0,0,0,0
390589,2,1,0,0,0,0,0,0,0,0,0,0
390590,1,1,0,0,0,0,0,0,0,0,0,0
390590,2,1,0,0,0,0,0,0,0,0,0,0
390591,0,1,16,15,4,20,0,0,11,20,0,0
390591,1,1,0,0,0,0,0,0,0,0,0,0
390592,1,1,0,0,0,0,0,0,0,0,0,0
390593,1,1,0,0,0,0,0,0,0,0,0,0
390593,2,1,0,0,0,0,0,0,0,0,0,0
390594,1,1,19,19,19,19,19,19,19,19,19,19
390595,1,1,19,19,19,19,19,19,19,19,19,19
390596,1,1,0,0,0,0,0,0,0,0,0,0
390596,2,1,1,1,1,1,1,1,1,1,1,1
390597,1,1,0,0,0,0,0,0,0,0,0,0
390597,2,1,0,0,0,0,0,0,0,0,0,0
390598,1,1,19,11,10,0,0,0,0,0,0,13
390599,0,1,0,0,0,0,0,0,0,0,0,0
390599,1,1,1,1,1,1,1,1,1,1,1,1
390600,1,1,0,0,0,0,0,0,0,0,0,0
390600,2,1,0,0,0,0,0,0,0,0,0,0
390601,1,1,0,0,0,0,0,0,0,0,0,0
390601,2,1,0,0,0,0,8,25,0,0,0,0
390602,0,1,0,0,0,0,0,0,0,0,0,23
390602,1,1,0,0,0,0,0,0,0,0,0,22
390603,1,1,3,3,3,3,3,3,3,3,3,3
390604,1,1,0,0,0,0,0,0,0,0,0,0
390604,2,1,0,18,0,0,0,0,0,0,0,0
390605,1,1,22,22,22,22,22,22,22,22,22,22
390605,2,1,0,0,0,0,0,0,0,0,0,0
390606,0,1,23,23,23,23,23,23,23,23,23,23
390606,1,1,14,0,0,0,0,0,0,0,0,0
390607,0,1,21,21,21,21,21,21,21,21,21,21
390607,1,1,18,18,18,18,18,18,18,18,18,18
390608,1,1,19,19,19,19,19,19,19,19,19,19
390608,2,1,0,0,0,0,0,0,0,0,0,0
390609,0,1,0,0,0,0,0,0,0,0,0,0
390609,1,1,0,6,0,0,0,0,19,0,0,0
390610,1,1,0,0,0,0,0,0,0,0,0,0
390611,1,1,0,0,0,0,0,0,0,0,0,0
390612,1,1,0,0,0,0,0,0,0,0,0,0
390612,2,1,0,0,0,0,0,0,0,0,0,0
390613,1,1,0,0,0,0,0,0,0,0,0,0
390613,2,1,0,0,0,0,0,0,0,0,0,0
390614,1,1,0,0,0,0,0,0,10,0,0,0
390614,2,1,10,10,10,10,10,10,10,10,10,10
390615,1,1,0,0,0,0,0,0,0,0,0,0
390615,2,1,0,0,0,0,0,0,0,0,0,0
390615,3,1,0,0,0,0,0,0,0,0,0,0
390615,4,1,0,0,0,0,0,0,0,0,0,0
390615,5,1,0,0,0,0,0,0,0,0,0,0
390616,1,1,15,23,17,12,0,7,0,11,17,17
390616,2,1,4,4,4,4,4,4,4,4,4,4
390617,1,1,12,0,15,16,10,24,12,0,23,7
390618,1,1,32,32,32,32,32,32,32,32,32,32
390619,1,1,21,18,15,28,15,25,32,32,26,17
390620,1,1,12,12,12,12,12,12,12,12,12,12
390621,1,1,0,0,0,0,0,0,0,0,0,0
390621,2,1,0,0,0,0,0,0,0,0,0,0
390622,1,1,0,0,0,0,0,0,0,0,0,0
390622,2,1,0,0,0,0,0,0,0,0,0,0
390623,1,1,0,0,0,0,0,0,0,0,0,0
390624,1,1,0,0,0,0,0,0,0,0,0,0
390625,0,1,0,0,0,0,0,0,0,0,0,0
390625,1,1,0,0,0,0,0,0,0,0,0,0
390626,1,1,20,20,20,20,20,20,20,20,20,20
390626,2,1,0,3,0,0,0,0,0,0,0,0
390627,1,1,0,0,0,0,0,0,0,0,0,0
390627,2,1,0,0,0,0,0,0,0,0,0,0
390628,1,1,0,0,0,0,0,0,0,0,0,0
390628,2,1,0,0,0,0,0,0,0,0,0,0
390629,0,1,6,6,6,6,6,6,6,6,6,6
390629,1,1,0,0,0,0,0,0,0,0,0,22
390630,1,1,0,0,0,0,0,0,0,0,0,0
390630,2,1,0,9,0,0,25,0,0,0,0,0
390631,1,1,0,0,0,0,0,0,0,0,0,0
390633,1,1,6,6,6,6,6,6,6,6,6,6
390635,1,1,22,22,22,22,22,22,22,22,22,22
390636,1,1,0,0,0,0,0,0,0,0,0,0
390636,2,1,0,0,0,0,0,0,0,0,0,0
390636,3,1,0,0,0,0,0,0,0,0,0,0
390637,1,1,0,0,0,0,0,0,0,0,0,0
390637,2,1,0,0,0,0,0,0,0,0,0,0
390637,3,1,0,0,0,0,0,0,0,0,0,0
390638,1,1,0,0,0,0,0,0,0,0,0,0
390638,2,1,0,0,0,0,0,0,0,0,0,0
390639,0,1,0,0,0,0,0,0,0,0,0,0
390639,1,1,0,0,0,0,0,0,0,0,0,0
390639,2,1,0,0,2,0,0,0,0,0,0,0
390640,1,1,0,0,0,0,0,0,0,0,0,0
390641,1,1,0,0,0,0,0,0,0,0,0,0
390641,2,1,0,0,0,0,0,0,0,0,0,0
390643,1,1,0,0,0,0,0,0,0,0,0,0
390643,2,1,0,0,0,0,0,0,0,0,0,0
390644,1,1,0,0,0,0,0,0,0,0,0,0
390644,2,1,0,0,0,0,0,0,0,0,0,0
390645,1,1,0,0,0,0,0,0,0,0,0,0
390645,2,1,0,0,0,0,0,0,0,0,0,0
390646,1,1,48,48,48,48,48,48,48,48,48,48
390647,1,1,0,0,0,0,0,0,0,0,0,0
390647,2,1,0,0,0,0,0,0,0,0,0,0
390648,1,1,19,19,19,19,19,19,19,19,19,19
390648,2,1,0,0,0,0,0,0,14,0,0,0
390649,1,1,0,0,0,0,0,0,0,0,0,0
390649,2,1,0,0,0,0,0,0,0,0,0,0
390650,1,1,0,0,0,0,0,0,0,0,0,0
390651,1,1,0,0,0,0,0,0,0,0,0,0
390651,2,1,0,0,0,0,0,0,0,0,0,0
390652,1,1,0,0,0,0,0,0,0,0,0,0
390653,1,1,0,0,0,0,0,0,0,0,0,0
390653,2,1,0,0,0,0,27,0,0,0,0,0
390654,1,1,23,0,11,0,0,0,8,8,16,13
390655,1,1,9,11,19,7,0,16,28,10,10,0
390655,2,1,0,17,0,0,0,0,0,0,0,0
390656,1,1,0,0,0,0,0,0,0,0,0,0
390656,2,1,0,0,0,0,0,0,0,0,0,0
390657,1,1,9,9,9,9,9,9,9,9,9,9
390658,1,1,0,0,0,0,0,0,0,0,0,0
390658,2,1,0,0,0,0,0,0,0,0,0,0
390659,1,1,17,17,17,17,17,17,17,17,17,17
390660,0,1,0,0,0,0,0,0,0,0,0,0
390660,1,1,0,0,0,0,0,0,0,0,0,0
390661,1,1,0,0,0,0,0,0,0,0,0,0
390661,2,1,0,0,25,0,0,0,0,0,0,0
390661,3,1,0,0,0,0,0,0,0,0,0,0
390662,1,1,17,17,17,17,17,17,17,17,17,17
390663,1,1,17,0,21,20,14,4,18,7,11,10
390664,1,1,0,0,0,0,0,0,0,0,0,0
390664,2,1,0,0,0,0,0,0,0,0,0,0
390665,1,1,21,21,21,21,21,21,21,21,21,21
390666,1,1,19,19,19,19,19,19,19,19,19,19
390667,1,1,0,0,0,0,0,0,0,0,0,0
390667,2,1,0,0,0,0,0,0,0,0,0,0
390668,1,1,0,0,0,0,0,0,0,0,0,0
390668,2,1,0,0,0,0,0,0,0,0,0,0
390669,0,1,0,0,0,0,11,0,17,0,0,0
390669,1,1,0,0,0,0,0,0,0,0,0,0
390670,0,1,24,24,24,24,24,24,24,24,24,24
390670,1,1,0,0,0,0,0,0,0,0,0,0
390671,1,1,17,0,0,0,0,0,0,0,0,0
390671,2,1,0,0,0,0,0,0,0,0,0,0
390672,0,1,29,29,29,29,29,29,29,29,29,29
390672,1,1,15,0,0,0,0,0,0,0,0,0
390672,2,1,0,0,0,31,0,0,0,0,0,0
390673,1,1,23,23,23,23,23,23,23,23,23,23
390674,1,1,25,25,25,25,25,25,25,25,25,25
390675,1,1,0,0,0,0,0,0,0,0,0,0
390676,1,1,17,17,17,17,17,17,17,17,17,17
390676,2,1,0,44,10,0,0,0,0,0,16,25
390677,1,1,0,0,0,0,0,0,0,0,0,0
390678,1,1,24,24,24,24,24,24,24,24,24,24
390678,2,1,0,0,0,0,0,0,0,0,0,0
390679,1,1,24,24,24,24,24,24,24,24,24,24
390679,2,1,21,26,0,14,0,0,0,14,0,0
390680,1,2,26,0,27,35,43,14,13,0,27,11
390682,1,1,22,24,14,32,0,22,17,25,9,24
390683,1,1,0,0,0,0,0,0,0,0,0,0
390684,1,1,0,0,0,0,0,0,0,0,0,0
390684,2,1,0,0,0,0,0,0,0,0,0,0
390685,1,1,8,8,8,8,8,8,8,8,8,8
390685,2,1,0,0,0,0,0,0,0,0,0,33
390685,3,1,0,0,0,0,0,0,11,0,0,0
390686,1,1,0,0,0,0,0,0,0,0,0,0
390686,2,1,0,0,0,0,0,27,0,0,0,14
390687,1,1,0,0,0,0,0,0,0,0,0,0
390687,2,1,0,0,0,0,0,0,0,0,0,0
390688,1,1,30,8,7,34,26,28,23,40,15,18
390688,2,1,0,0,0,0,0,0,0,0,0,0
390689,1,1,21,21,21,21,21,21,21,21,21,21
390690,1,1,26,26,26,26,26,26,26,26,26,26
390692,1,1,0,0,5,0,10,0,0,0,0,0
390693,1,1,22,22,22,22,22,22,22,22,22,22
390694,1,1,0,0,0,0,0,0,0,0,0,0
390695,0,1,30,30,30,30,30,30,30,30,30,30
390695,1,1,0,0,0,0,0,0,0,0,0,0
390695,2,1,0,0,0,24,0,0,0,0,0,0
390696,1,1,0,0,0,0,0,0,0,0,0,0
390696,2,1,0,0,0,0,0,0,0,0,0,0
390697,0,1,0,0,0,0,0,0,0,0,0,0
390697,1,1,0,0,0,0,0,0,0,0,0,0
390698,1,1,0,0,0,0,0,0,0,0,21,0
390698,2,1,8,24,17,2,20,23,18,0,10,3
390699,1,1,0,0,0,0,0,0,0,0,0,0
390699,2,1,0,0,0,0,0,0,0,0,0,0
390700,1,1,0,0,0,0,0,0,0,0,0,0
390700,2,1,0,0,0,0,0,0,0,0,0,0
390701,1,1,0,0,0,0,0,23,0,0,0,0
390702,1,1,0,0,0,0,0,0,0,0,0,0
390703,1,1,0,0,0,0,0,0,0,0,0,0
390703,2,1,0,0,0,0,0,0,0,0,0,0