ST_CASE,VEH_NO,PER_NO,P1,P2,P3,P4,P5,P6,P7,P8,P9,P10
390704,1,1,21,21,21,21,21,21,21,21,21,21
390705,1,1,32,21,19,17,39,21,14,20,13,17
390706,1,1,18,0,4,18,9,6,27,29,14,15
390706,2,1,0,0,0,0,0,0,0,0,0,0
390707,1,1,8,0,0,0,21,0,0,0,22,0
390707,2,1,0,0,0,0,0,0,0,0,0,0
390708,1,1,0,0,0,0,0,0,0,0,0,0
390708,2,1,0,0,0,0,0,0,0,0,0,0
390709,1,1,0,0,0,0,0,0,0,0,0,0
390709,2,1,0,0,0,0,0,0,0,0,0,0
390710,1,1,0,0,0,0,0,0,0,0,0,0
390711,1,1,14,14,14,14,14,14,14,14,14,14
390711,2,1,0,0,0,0,0,0,0,14,0,0
390712,1,1,0,0,0,0,0,0,0,0,0,0
390712,2,1,0,0,0,0,0,0,0,0,0,0
390713,1,1,5,5,5,5,5,5,5,5,5,5
390713,2,1,0,0,0,0,0,0,0,0,0,0
390714,1,1,0,0,0,0,0,0,0,0,0,0
390714,2,1,9,9,9,9,9,9,9,9,9,9
390714,3,1,0,0,0,0,0,0,0,0,0,0
390715,1,1,24,17,16,12,26,28,16,23,3,13
390716,1,1,0,0,0,0,0,0,0,0,0,0
390717,1,1,11,11,11,11,11,11,11,11,11,11
390718,1,1,0,0,0,0,14,18,11,0,24,0
390719,1,1,0,0,0,0,0,0,0,0,0,0
390720,0,1,0,13,0,0,0,0,0,0,0,0
390720,1,1,0,0,0,0,0,0,0,0,0,0
390721,1,1,0,0,0,0,0,0,0,0,0,0
390722,1,1,26,26,26,26,26,26,26,26,26,26
390722,2,1,0,0,0,0,0,0,0,0,0,0
390723,1,1,0,0,0,0,0,0,0,0,0,0
390723,2,1,0,0,0,0,0,0,0,0,0,0
390724,0,1,0,0,0,0,0,0,0,0,0,0
390724,1,1,0,0,0,8,0,0,0,0,0,0
390725,1,1,0,0,0,0,0,0,0,0,0,0
390726,1,1,0,0,0,0,0,0,0,0,0,0
390727,1,1,0,0,0,0,0,0,0,0,0,0
390728,1,1,16,21,11,6,4,28,33,4,18,10
390728,2,1,0,0,0,23,0,0,0,0,0,0
390729,1,1,0,0,0,0,0,0,0,0,0,0
390729,2,1,24,24,24,24,24,24,24,24,24,24
390730,0,1,0,0,0,0,0,0,0,0,0,0
390730,1,1,0,0,0,0,0,0,0,0,0,0
390731,1,1,11,11,11,11,11,11,11,11,11,11
390732,1,1,0,0,0,0,0,0,0,0,0,0
390733,1,1,0,0,0,0,0,0,0,0,0,0
390733,2,1,0,0,0,0,0,0,0,0,0,0
390734,1,1,0,0,0,0,0,0,0,0,0,0
390734,2,1,0,0,0,0,0,0,0,0,0,0
390735,1,1,3,3,3,3,3,3,3,3,3,3
390736,0,1,0,0,0,11,20,0,0,0,0,0
390736,0,2,3,3,3,3,3,3,3,3,3,3
390736,1,1,0,0,0,0,0,0,0,0,0,18
390737,1,1,0,0,0,0,0,0,0,0,0,0
390737,2,1,0,0,0,0,0,0,0,0,0,0
390737,3,1,0,0,0,0,0,0,0,0,0,0
390738,1,1,0,0,0,0,0,0,0,0,0,0
390738,2,1,0,0,0,0,0,0,0,0,0,0
390739,1,1,0,0,0,0,0,0,0,0,0,0
390739,2,1,0,0,0,0,0,0,0,0,0,0
390740,0,1,0,0,0,0,0,0,0,0,0,0
390740,1,1,0,0,0,0,0,0,0,0,0,0
390741,1,1,0,0,0,0,0,0,0,0,0,0
390742,1,1,0,0,0,0,0,0,0,0,0,0
390742,2,1,0,0,0,0,0,0,0,0,0,0
390743,0,1,0,0,0,0,0,0,0,0,0,0
390743,1,1,0,0,0,0,0,0,0,0,0,0
390744,1,1,0,0,0,0,0,0,0,0,0,0
390744,2,1,17,0,0,0,0,0,0,0,0,0
390745,1,1,0,0,0,0,0,0,0,0,0,0
390746,1,1,0,0,0,0,0,0,0,0,0,0
390746,2,1,0,0,0,0,0,0,0,0,0,0
390746,3,1,0,0,0,0,0,0,0,0,0,0
390747,0,1,0,0,0,0,0,0,0,0,0,0
390747,1,1,0,0,0,0,0,0,0,0,0,0
390747,2,1,27,0,0,0,0,0,0,0,0,0
390748,1,1,0,0,0,0,0,0,0,0,0,0
390748,2,1,0,0,0,0,0,0,0,0,0,0
390749,0,1,0,0,0,0,0,0,0,0,0,0
390749,1,1,0,0,0,0,0,0,0,0,0,0
390750,1,1,0,0,0,0,0,0,0,0,0,0
390751,1,1,0,0,0,0,0,0,0,0,0,0
390752,1,1,0,0,0,0,0,0,0,0,0,0
390752,2,1,0,0,0,0,0,0,0,0,0,0
390753,1,1,9,9,9,9,9,9,9,9,9,9
390754,1,1,8,0,0,0,0,0,26,0,0,0
390754,2,1,7,7,7,7,7,7,7,7,7,7
390755,0,1,14,14,14,14,14,14,14,14,14,14
390755,1,1,0,0,14,0,0,0,0,0,14,0
390756,1,1,0,0,0,0,0,0,0,0,0,0
390756,2,1,0,0,0,0,0,0,0,0,0,0
390757,1,1,0,0,0,17,0,0,0,0,0,0
390758,0,1,38,38,38,38,38,38,38,38,38,38
390758,1,1,6,6,6,6,6,6,6,6,6,6
390759,1,1,0,0,0,0,0,0,0,0,0,0
390760,1,1,15,15,15,15,15,15,15,15,15,15
390761,1,1,0,0,0,0,0,0,0,0,0,0
390762,0,1,14,14,14,14,14,14,14,14,14,14
390762,1,1,0,0,0,0,0,0,0,0,0,0
390763,1,1,34,34,34,34,34,34,34,34,34,34
390764,0,1,0,0,0,0,0,0,0,0,0,0
390764,1,1,0,0,0,0,0,0,0,0,0,0
390765,1,1,0,0,0,0,0,0,0,0,0,0
390765,2,1,0,0,0,0,0,0,0,0,0,0
390765,3,1,0,0,0,0,0,0,0,0,0,0
390766,1,1,0,0,0,0,0,0,0,0,0,0
390766,2,1,0,0,0,0,0,0,0,0,0,0
390767,1,1,0,0,0,0,0,8,0,0,0,0
390767,2,1,0,0,0,0,0,0,0,0,0,0
390769,0,1,0,0,0,0,0,0,0,0,0,0
390769,1,1,18,0,0,0,0,0,0,0,0,0
390770,1,1,13,13,13,13,13,13,13,13,13,13
390771,0,1,0,0,0,0,0,0,0,4,0,0
390771,1,1,0,0,0,0,0,0,0,0,0,0
390772,1,1,24,24,24,24,24,24,24,24,24,24
390772,2,1,24,24,24,24,24,24,24,24,24,24
390773,1,1,0,0,0,0,0,0,0,0,0,0
390773,2,1,0,0,0,0,0,0,0,0,0,0
390773,3,1,0,0,0,0,0,0,0,0,0,0
390774,1,1,0,0,0,0,0,0,0,0,0,0
390774,2,1,0,0,0,0,0,0,0,0,0,0
390775,0,1,0,0,0,0,0,0,0,0,0,0
390775,1,1,0,0,0,0,0,0,0,18,0,0
390776,1,1,0,0,0,0,0,0,0,0,0,0
390776,2,1,0,0,0,0,0,0,0,0,0,0
390777,1,1,14,14,14,14,14,14,14,14,14,14
390778,1,1,0,0,0,0,0,0,0,0,0,0
390779,1,1,0,0,0,0,0,0,0,0,0,0
390780,1,1,0,0,0,0,0,0,0,0,0,0
390780,2,1,0,0,0,0,0,0,0,0,0,0
390781,1,1,0,0,0,0,0,0,0,0,0,0
390782,1,1,12,12,12,12,12,12,12,12,12,12
390783,1,1,0,0,0,0,0,0,0,0,0,0
390783,2,1,0,0,0,0,0,0,0,0,0,0
390784,0,1,0,0,0,0,0,0,0,0,0,0
390784,1,1,0,0,0,0,0,0,0,0,0,0
390785,1,1,23,23,23,23,23,23,23,23,23,23
390786,1,1,0,0,0,0,0,0,0,0,0,0
390787,1,1,2,2,2,2,2,2,2,2,2,2
390788,1,1,0,0,0,0,0,0,0,0,0,0
390789,1,1,0,0,0,0,0,0,0,0,0,0
390789,2,1,0,0,0,0,0,0,0,0,0,0
390790,1,1,0,12,0,30,24,26,3,11,33,0
390791,1,1,2,2,2,2,2,2,2,2,2,2
390792,1,1,0,0,0,0,0,0,0,0,0,0
390792,2,1,0,0,0,12,0,0,0,0,0,0
390793,1,1,0,0,0,0,0,0,0,0,0,0
390793,2,1,0,0,0,0,0,0,0,0,0,0
390794,1,1,0,0,0,0,0,0,0,0,0,0
390794,2,1,7,6,0,15,0,0,13,0,0,13
390795,1,1,0,0,0,0,0,0,0,0,0,3
390795,2,1,0,0,0,0,0,0,0,0,0,0
390795,3,1,0,0,0,0,0,0,0,0,0,0
390796,1,1,0,0,0,0,0,0,0,0,0,0
390796,2,1,0,0,0,0,0,0,0,0,0,0
390797,1,1,17,0,0,23,0,0,0,8,0,0
390798,0,1,0,0,0,0,0,0,0,0,0,0
390798,1,1,0,0,0,0,0,0,0,0,0,0
390799,0,1,0,0,0,0,0,0,0,0,0,0
390799,1,1,11,11,11,11,11,11,11,11,11,11
390800,1,1,0,0,0,0,0,0,0,0,0,0
390801,1,1,0,0,0,0,0,0,0,0,0,0
390802,1,1,0,0,0,0,0,0,0,0,0,0
390802,2,1,0,0,0,0,0,0,0,0,0,0
390802,3,1,0,0,0,0,0,0,0,0,0,0
390803,1,1,15,15,15,15,15,15,15,15,15,15
390804,1,1,9,5,4,7,18,11,34,19,22,22
390805,1,1,15,9,7,27,9,17,13,14,16,14
390805,2,1,17,0,0,0,0,0,0,0,0,0
390806,1,1,0,0,13,0,0,0,0,0,0,0
390806,2,1,18,18,18,18,18,18,18,18,18,18
390807,1,1,0,0,0,0,0,0,0,0,0,0
390808,1,1,18,15,17,45,21,18,22,11,12,29
390809,0,1,0,0,0,0,0,0,0,0,0,0
390809,1,1,0,0,0,0,0,0,0,0,0,0
390810,1,1,8,8,8,8,8,8,8,8,8,8
390810,2,1,0,0,0,0,0,0,0,0,0,0
390811,1,1,27,27,27,27,27,27,27,27,27,27
390812,1,1,0,0,0,0,0,0,0,0,0,0
390813,1,1,15,15,15,15,15,15,15,15,15,15
390814,1,1,22,22,22,22,22,22,22,22,22,22
390815,1,1,0,0,0,0,0,0,0,0,0,0
390816,1,1,27,27,27,27,27,27,27,27,27,27
390817,1,1,0,0,49,0,0,0,0,0,0,0
390817,2,1,16,16,16,16,16,16,16,16,16,16
390818,1,1,0,0,0,0,0,0,0,0,0,0
390818,2,1,0,0,0,0,0,0,0,0,0,0
390819,1,1,19,19,19,19,19,19,19,19,19,19
390819,2,1,0,0,0,0,0,0,0,0,0,0
390819,3,1,0,0,0,0,0,0,0,0,0,0
390819,4,1,0,0,0,0,0,0,0,0,0,0
390819,5,1,0,0,0,0,0,0,0,0,0,0
390819,6,1,0,12,0,0,0,0,0,0,0,0
390820,0,1,0,0,0,0,0,0,0,0,0,0
390820,1,1,0,0,0,0,0,0,0,0,0,0
390820,2,1,0,0,0,0,0,0,0,0,0,0
390821,0,1,32,32,32,32,32,32,32,32,32,32
390821,1,1,0,0,0,0,0,0,0,0,0,0
390822,1,1,30,30,30,30,30,30,30,30,30,30
390823,0,1,0,0,0,0,0,0,0,0,0,0
390823,1,1,0,0,0,0,0,0,0,0,0,0
390824,1,1,0,0,0,0,0,0,0,0,0,0
390824,2,1,0,0,0,0,0,0,0,9,0,0
390825,1,1,0,0,0,0,0,0,0,0,0,0
390826,0,1,0,0,0,0,0,0,0,0,0,0
390826,1,1,0,0,0,0,0,0,0,0,0,0
390827,1,1,0,0,0,0,0,0,0,0,0,0
390827,2,1,0,0,0,0,0,0,0,0,0,0
390828,1,1,0,0,0,0,0,0,0,0,0,0
390828,2,1,0,0,0,0,0,0,0,0,0,0
390829,1,1,0,0,0,0,0,0,0,0,0,0
390829,2,1,0,0,0,0,0,0,0,0,0,0
390830,1,1,0,0,0,0,0,0,0,0,0,0
390831,0,1,0,0,0,0,0,0,0,0,0,0
390831,1,1,0,0,0,0,0,0,0,0,0,0
390832,1,1,0,0,0,0,0,0,0,0,0,0
390832,2,1,0,0,0,0,0,0,0,0,0,0
390832,3,1,0,0,0,0,0,0,13,0,0,0
390833,1,1,0,0,0,0,0,0,0,0,0,0
390834,1,1,0,0,0,0,0,0,0,0,0,0
390834,2,1,0,0,0,0,0,0,0,0,0,0
390835,1,1,0,0,0,0,0,0,0,0,0,0
390835,2,1,0,0,0,0,0,0,0,0,0,0
390836,1,1,0,0,0,0,0,0,0,0,0,0
390837,1,1,0,0,0,0,0,0,0,0,0,0
390837,2,1,0,0,0,0,0,0,0,0,0,0
390838,1,1,0,0,0,0,0,0,0,0,0,0
390838,2,1,0,0,0,0,0,0,0,0,0,0
390839,1,1,0,0,0,0,0,0,0,0,0,0
390840,1,1,0,0,0,0,0,0,0,0,0,0
390841,1,1,14,14,14,14,14,14,14,14,14,14
390842,1,1,0,0,0,0,0,0,0,0,0,0
390842,2,1,0,0,0,0,0,0,0,0,0,0
390843,1,1,15,1,0,8,0,0,17,6,0,13
390844,1,1,0,0,0,0,0,0,0,0,0,0
390844,2,1,0,0,0,0,0,0,0,0,0,0
390845,1,1,29,29,29,29,29,29,29,29,29,29
390846,1,1,0,0,21,22,0,0,0,0,0,0
390847,0,1,0,0,0,0,0,0,0,0,0,0
390847,1,1,0,0,0,0,0,0,0,0,0,0
390848,1,1,0,0,0,0,0,0,0,0,0,0
390848,2,1,0,0,0,0,0,0,0,0,10,0
390849,1,1,0,0,0,0,0,0,0,0,0,13
390850,1,1,0,0,0,0,0,0,0,0,0,0
390850,2,1,0,0,0,0,0,0,0,0,0,0
390851,1,1,0,0,0,0,0,0,0,0,0,0
390851,2,1,0,0,0,0,0,0,0,0,0,0
390852,0,1,0,0,0,0,0,0,0,0,0,0
390852,1,1,0,0,0,0,0,0,0,0,0,0
390853,1,1,18,0,0,0,0,0,0,0,0,0
390853,2,1,18,18,18,18,18,18,18,18,18,18
390854,1,1,0,0,0,0,0,0,0,0,0,0
390854,2,1,16,16,16,16,16,16,16,16,16,16
390855,1,1,0,0,0,0,0,0,0,0,0,0
390855,2,1,0,0,0,0,0,0,0,0,0,0
390856,1,1,0,0,0,0,0,0,0,0,0,0
390857,1,1,0,0,0,0,31,0,0,0,0,0
390857,2,1,0,0,0,0,0,0,0,0,0,0
390857,3,1,0,0,0,0,0,0,0,0,0,0
390858,1,1,0,0,0,0,0,0,0,0,0,0
390858,2,1,0,0,0,0,0,0,0,0,0,0
390859,1,1,0,0,0,0,0,0,0,0,0,0
390859,2,1,0,0,0,0,0,0,0,0,0,0
390860,0,1,0,0,0,0,0,0,0,0,0,0
390860,1,1,0,0,0,0,0,0,0,0,0,0
390861,1,1,0,0,0,0,0,0,0,0,0,0
390861,2,1,0,0,0,0,0,0,0,0,0,0
390861,3,1,0,0,0,0,0,0,0,0,0,0
390862,0,1,0,0,11,0,0,0,0,0,0,0
390862,1,1,0,0,0,0,0,0,0,0,0,0
390862,2,1,0,0,0,0,0,0,0,0,0,0
390863,0,1,0,0,0,0,0,0,0,0,0,0
390863,1,1,0,0,0,0,0,0,0,0,0,0
390864,0,1,24,24,24,24,24,24,24,24,24,24
390864,1,1,0,24,0,0,0,0,0,11,0,0
390865,1,1,0,0,0,0,0,0,0,0,0,0
390865,2,1,0,0,0,0,0,0,0,0,0,0
390866,1,1,17,17,17,17,17,17,17,17,17,17
390867,1,1,14,14,14,14,14,14,14,14,14,14
390868,1,1,0,0,0,0,0,0,0,0,0,0
390868,2,1,0,0,0,0,0,0,0,0,0,0
390869,1,1,0,0,0,0,0,0,0,0,0,0
390869,2,1,0,0,0,0,0,0,0,0,0,0
390870,1,1,0,0,0,0,0,0,0,0,0,0
390870,2,1,0,0,0,0,0,0,0,0,0,0
390870,3,1,0,0,0,0,0,0,0,0,0,0
390871,1,1,8,8,8,8,8,8,8,8,8,8
390872,1,1,0,0,0,0,0,0,0,0,0,0
390873,1,1,0,0,0,0,0,0,0,0,0,0
390873,2,1,0,0,0,0,0,0,0,0,0,0
390874,1,1,0,0,0,0,0,0,0,0,0,0
390874,2,1,0,7,0,0,0,0,0,0,0,0
390874,3,1,0,0,0,0,0,0,0,0,0,0
390875,1,1,0,0,0,0,0,0,0,0,0,0
390876,1,1,20,20,20,20,20,20,20,20,20,20
390877,1,1,0,0,0,0,0,0,0,0,0,0
390878,1,1,0,0,0,0,0,0,0,0,0,0
390878,2,1,0,0,0,0,0,0,0,0,0,0
390879,1,1,0,0,0,0,0,0,0,0,0,0
390880,1,1,19,19,19,19,19,19,19,19,19,19
390881,1,1,11,11,11,11,11,11,11,11,11,11
390882,1,1,26,26,26,26,26,26,26,26,26,26
390883,1,1,1,1,1,1,1,1,1,1,1,1
390883,2,1,0,0,0,15,0,0,0,0,0,0
390884,0,1,0,0,0,0,12,0,0,0,0,0
390884,1,1,0,0,0,0,0,0,0,0,0,0
390885,1,1,0,0,0,0,0,0,0,0,0,0
390885,2,1,10,10,10,10,10,10,10,10,10,10
390886,1,1,0,0,0,0,0,0,0,0,0,0
390886,2,1,0,0,0,0,0,23,0,0,0,0
390887,1,1,24,24,24,24,24,24,24,24,24,24
390888,1,1,21,21,21,21,21,21,21,21,21,21
390889,1,1,0,0,0,0,0,0,0,0,0,0
390890,1,1,0,0,0,0,0,0,0,0,0,0
390892,1,1,0,0,0,0,0,0,0,0,0,0
390893,1,1,0,0,0,0,0,0,0,0,0,0
390894,1,1,0,0,0,0,0,0,0,0,0,0
390895,1,1,0,0,0,0,0,0,0,0,0,0
390895,2,1,0,0,0,0,0,0,0,0,0,0
390896,1,1,0,0,0,0,0,0,0,0,0,0
390897,1,1,0,0,0,0,0,0,0,0,0,0
390897,2,1,0,0,0,0,0,0,0,0,0,0
390898,0,1,0,0,0,0,0,0,0,0,0,0
390898,0,2,0,0,0,0,0,0,0,0,0,0
390898,1,1,0,0,0,0,0,0,0,0,0,0
390899,1,1,0,0,0,0,0,0,0,0,0,0
390900,1,1,0,0,0,0,0,0,0,0,0,0
390900,2,1,30,30,30,30,30,30,30,30,30,30
390901,1,1,17,17,17,17,17,17,17,17,17,17
390902,1,1,0,0,0,0,0,0,0,0,0,0
390902,2,1,0,0,0,0,0,0,0,0,0,0
390903,1,1,0,0,0,0,0,0,0,0,0,0
390904,0,1,21,21,21,21,21,21,21,21,21,21
390904,1,1,15,24,0,0,7,16,7,0,5,0
390905,1,1,11,11,11,11,11,11,11,11,11,11
390906,1,1,0,0,0,0,0,0,0,0,0,0
390906,2,1,0,0,0,0,0,0,0,0,0,0
390906,3,1,0,0,0,0,0,0,0,0,0,0
390907,1,1,25,25,25,25,25,25,25,25,25,25
390908,0,1,0,0,0,0,0,0,0,0,0,0
390908,1,1,0,0,0,0,0,0,0,0,0,0
390909,0,1,0,0,0,0,0,0,0,0,0,0
390909,1,1,0,0,0,0,0,0,0,0,0,0
390909,2,1,0,0,0,0,0,0,0,0,0,0
390911,1,1,0,10,0,0,0,0,0,0,0,0
390912,1,1,0,0,0,0,0,0,0,0,0,0
390912,2,1,7,0,0,0,0,0,0,0,0,0
390913,0,1,23,0,0,0,0,0,0,0,3,0
390913,1,1,0,11,0,0,0,0,0,17,0,0
390914,1,1,9,9,9,9,9,9,9,9,9,9
390915,0,1,25,25,25,25,25,25,25,25,25,25
390915,1,1,0,0,0,18,0,0,0,0,0,0
390916,1,1,0,0,0,0,0,0,0,0,0,0
390917,1,1,0,0,0,0,10,0,0,0,0,0
390918,1,1,0,0,0,0,0,0,0,0,0,0
390919,1,1,13,13,13,13,13,13,13,13,13,13
390920,0,1,0,36,9,0,0,0,0,0,8,0
390920,0,2,0,0,0,0,0,0,0,3,0,0
390920,1,1,0,0,0,0,0,0,0,0,0,0
390921,1,1,0,0,0,0,0,0,0,0,0,0
390921,2,1,0,0,0,0,0,0,0,0,0,0
390921,3,1,0,0,0,0,0,0,0,0,0,0
390922,1,1,0,0,0,0,0,0,0,0,0,0
390922,2,1,0,0,0,0,0,0,0,0,0,0
390923,1,1,22,22,22,22,22,22,22,22,22,22
390924,1,1,0,0,0,0,0,0,0,0,0,0
390925,1,1,0,0,0,0,0,0,0,0,0,0
390925,2,1,0,0,0,0,0,0,0,0,0,0
390925,3,1,0,0,0,0,0,0,0,0,0,0
390926,1,1,23,23,23,23,23,23,23,23,23,23
390927,1,1,0,0,23,0,0,0,0,0,0,0
390927,2,1,0,0,0,0,0,0,0,0,0,0
390927,3,1,0,0,0,0,0,0,0,9,0,0
390928,1,1,12,14,0,0,0,14,0,0,13,0
390928,2,1,0,0,24,20,0,0,0,0,0,0
390929,1,1,0,0,0,0,0,0,0,0,0,0
390929,2,1,0,0,0,0,0,0,0,0,0,0
390930,1,1,0,0,0,0,0,0,0,0,0,0
390930,2,1,20,20,20,20,20,20,20,20,20,20
390931,1,1,0,0,0,0,0,0,0,0,0,0
390932,1,1,0,0,0,0,0,0,0,0,0,0
390933,1,1,0,0,0,0,0,0,0,0,0,0
390933,2,1,0,0,0,0,0,0,0,0,0,0
390934,1,1,0,0,0,0,0,0,0,0,0,0
390934,2,1,0,0,0,0,0,0,0,0,0,0
390935,1,1,0,0,0,0,0,0,0,0,0,0
390936,0,1,15,15,15,15,15,15,15,15,15,15
390936,1,1,0,0,0,0,0,0,0,0,0,0
390937,1,1,0,0,0,0,0,0,0,0,0,0
390937,2,1,0,0,0,0,0,0,0,0,0,0
390938,1,1,26,26,26,26,26,26,26,26,26,26
390939,1,1,0,0,0,0,0,0,0,0,0,0
390940,1,1,0,0,0,0,0,0,0,0,0,0
390940,2,1,19,19,19,19,19,19,19,19,19,19
390941,1,1,0,0,36,0,0,0,0,0,0,0
390941,2,1,0,0,0,0,0,0,0,0,0,0
390942,1,1,1,1,1,1,1,1,1,1,1,1
390942,2,1,0,0,0,0,0,0,0,0,0,0
390943,0,1,0,0,0,0,0,0,0,0,0,19
390943,1,1,0,0,0,0,0,0,0,0,0,0
390944,1,1,26,26,26,26,26,26,26,26,26,26
390945,0,1,24,24,24,24,24,24,24,24,24,24
390945,1,1,0,0,0,0,0,0,0,0,0,0
390947,0,1,0,0,0,0,0,0,0,0,0,0
390947,1,1,0,0,0,0,0,0,0,0,0,0
390948,1,1,0,0,0,0,0,0,5,0,0,20
390949,1,1,0,0,0,0,0,0,0,0,0,0
390949,2,1,0,0,0,0,0,0,0,0,0,0
390950,0,1,0,0,0,0,0,0,0,0,0,0
390950,1,1,0,0,0,0,0,0,10,0,0,0
390951,1,1,0,0,0,0,0,0,0,0,0,0
390951,2,1,0,0,0,0,0,0,0,0,0,0
390952,1,1,13,13,13,13,13,13,13,13,13,13
390952,2,1,0,0,0,0,0,0,0,6,0,0
390953,1,1,19,19,19,19,19,19,19,19,19,19
390954,1,1,0,0,0,0,0,0,0,0,0,0
390954,2,1,0,0,0,0,0,0,5,0,0,0
390955,0,1,4,4,4,4,4,4,4,4,4,4
390955,1,1,0,0,0,0,0,0,0,0,22,0
390956,1,1,0,0,0,0,0,0,15,0,0,0
390956,2,1,0,0,0,0,0,0,0,0,0,0
390957,1,1,17,17,17,17,17,17,17,17,17,17
390958,1,1,0,0,0,0,0,0,0,0,0,0
390959,1,1,0,0,0,0,0,0,0,0,0,0
390960,1,1,0,0,0,0,0,0,0,0,0,0
390960,2,1,0,0,0,0,0,0,0,0,0,0
390962,1,1,0,0,0,0,11,0,0,0,0,0
390962,2,1,0,0,0,0,0,0,0,0,0,13
390963,0,1,0,0,0,0,0,0,0,0,0,0
390963,1,1,20,0,0,0,0,0,0,0,0,0
390964,1,1,0,0,0,0,0,0,0,0,0,0
390964,2,1,0,0,0,0,0,0,0,0,0,0
390965,1,1,24,24,24,24,24,24,24,24,24,24
390966,0,1,0,0,0,0,0,0,0,0,0,0
390966,0,2,0,0,0,0,0,0,0,0,0,0
390966,1,1,0,0,0,0,0,0,0,0,0,0
390967,1,1,0,0,0,0,0,0,0,0,0,0
390967,2,1,0,0,0,0,0,0,0,0,0,0
390968,0,1,11,0,0,0,0,0,0,0,0,22
390968,1,1,0,0,0,0,0,12,0,0,0,0
390969,0,1,0,0,0,0,0,7,0,0,0,9
390969,1,1,0,0,0,0,0,0,0,0,0,0
390970,1,1,0,0,0,0,0,0,0,0,0,0
390970,2,1,0,0,0,0,0,0,0,0,0,0
390972,1,1,0,0,0,0,0,0,0,0,0,0
390973,1,1,22,19,37,23,16,20,10,0,18,0
390973,2,1,0,0,0,0,0,0,0,0,0,0
390974,1,1,0,0,0,20,0,0,0,0,0,0
390974,2,1,0,0,0,0,0,0,0,0,0,0
400001,1,1,22,22,22,22,22,22,22,22,22,22
400002,1,1,18,18,18,18,18,18,18,18,18,18
400003,1,1,0,0,0,0,0,0,0,0,0,0
400003,2,1,0,0,0,0,0,0,0,0,0,0
400004,1,1,0,0,0,0,0,0,0,0,0,0
400004,2,1,0,0,0,0,0,0,0,0,0,0
400005,1,1,22,22,22,22,22,22,22,22,22,22
400006,1,1,18,18,18,18,18,18,18,18,18,18
400007,1,1,27,27,27,27,27,27,27,27,27,27
400007,2,1,0,0,0,0,0,0,0,0,0,0
400008,1,1,13,13,13,13,13,13,13,13,13,13
400009,1,1,0,0,0,0,0,0,0,0,0,0
400010,0,1,0,0,0,0,0,0,0,0,0,0
400010,1,1,0,0,0,0,0,0,0,0,0,0
400011,1,1,0,0,0,0,0,0,0,0,0,0
400012,1,1,0,0,0,0,0,0,0,0,0,0
400013,1,1,35,35,35,35,35,35,35,35,35,35
400014,1,1,17,17,17,17,17,17,17,17,17,17
400015,0,1,0,0,0,0,0,0,0,0,0,0
400015,1,1,0,0,0,0,0,0,0,0,0,0
400016,1,1,17,17,17,17,17,17,17,17,17,17
400017,1,1,0,0,0,0,0,0,0,0,0,0
400018,1,1,0,0,0,0,0,0,0,0,0,0
400018,2,1,0,0,0,0,0,0,0,0,0,0
400019,1,1,24,24,24,24,24,24,24,24,24,24
400020,1,1,16,16,16,16,16,16,16,16,16,16
400020,2,1,0,0,0,0,0,0,0,0,0,0
400021,1,1,0,0,0,0,0,0,0,0,0,0
400021,2,1,0,0,0,0,0,0,0,0,0,0
400022,1,1,0,0,0,0,0,0,0,0,0,0
400023,1,1,0,0,0,0,0,0,0,0,0,0
400024,1,1,0,0,0,0,0,0,0,0,0,0
400025,1,1,0,0,0,0,0,0,0,0,0,0
400026,0,1,0,0,0,0,0,0,0,0,0,0
400026,1,1,0,0,0,0,0,0,0,0,0,0
400027,1,1,0,0,0,0,0,0,0,0,0,0
400028,1,1,10,10,10,10,10,10,10,10,10,10
400029,1,1,17,17,17,17,17,17,17,17,17,17
400030,1,1,0,0,0,0,0,0,0,0,0,0
400031,1,1,0,0,0,0,0,0,0,0,0,0
400032,1,1,0,0,0,0,0,0,0,0,0,0
400033,1,1,0,0,0,0,0,0,0,0,0,0
400034,1,1,0,0,0,0,0,0,0,0,0,0
400034,2,1,33,33,33,33,33,33,33,33,33,33
400035,1,1,0,0,0,0,0,0,0,0,0,0
400036,1,1,18,18,18,18,18,18,18,18,18,18
400036,2,1,0,0,0,0,0,0,0,0,0,0
400037,0,1,0,0,0,0,0,0,0,0,0,0
400037,1,1,0,0,0,0,0,0,0,0,0,0
400038,1,1,0,0,0,0,0,0,0,0,0,0
400038,2,1,0,0,0,0,0,0,0,0,0,0
400039,1,1,0,0,0,0,0,0,0,0,0,0
400040,1,1,0,0,0,0,0,0,0,0,0,0
400041,1,1,0,0,0,0,0,0,0,0,0,0
400042,1,1,19,19,19,19,19,19,19,19,19,19
400042,2,1,0,0,0,0,0,0,0,0,0,0
400043,1,1,0,0,0,0,0,0,0,0,0,0
400043,2,1,0,0,0,0,0,0,0,0,0,0
400043,3,1,0,0,0,0,0,0,0,0,0,0
400044,1,1,39,39,39,39,39,39,39,39,39,39
400045,1,1,0,0,0,0,0,0,0,0,0,0
400045,2,1,0,0,0,0,0,0,0,0,0,0
400046,1,1,0,0,0,0,0,0,0,0,0,0
400046,2,1,0,0,0,0,0,0,0,0,0,0
400047,1,1,13,13,13,13,13,13,13,13,13,13