ST_CASE,VEH_NO,PER_NO,P1,P2,P3,P4,P5,P6,P7,P8,P9,P10
400047,2,1,0,0,0,0,0,0,0,0,0,0
400048,1,1,20,20,20,20,20,20,20,20,20,20
400049,1,1,17,17,17,17,17,17,17,17,17,17
400050,1,1,22,22,22,22,22,22,22,22,22,22
400051,1,1,0,0,0,0,0,0,0,0,0,0
400052,1,1,22,22,22,22,22,22,22,22,22,22
400053,1,1,0,0,0,0,0,0,0,0,0,0
400054,1,1,0,0,0,0,0,0,0,0,0,0
400055,0,1,0,0,0,0,0,0,0,0,0,0
400055,1,1,0,0,0,0,0,0,0,0,0,0
400056,1,1,0,0,0,0,0,0,0,0,0,0
400056,2,1,0,0,0,0,0,0,0,0,0,0
400057,1,1,0,0,0,0,0,0,0,0,0,0
400058,1,1,25,25,25,25,25,25,25,25,25,25
400059,1,1,16,16,16,16,16,16,16,16,16,16
400060,0,1,0,0,0,0,0,0,0,0,0,0
400060,1,1,0,0,0,0,0,0,0,0,0,0
400061,1,1,18,18,18,18,18,18,18,18,18,18
400062,1,1,23,23,23,23,23,23,23,23,23,23
400063,1,1,25,25,25,25,25,25,25,25,25,25
400064,1,1,23,23,23,23,23,23,23,23,23,23
400065,1,1,0,0,0,0,0,0,0,0,0,0
400066,1,1,20,20,20,20,20,20,20,20,20,20
400067,0,1,4,4,4,4,4,4,4,4,4,4
400067,1,1,0,0,0,0,0,0,10,0,0,0
400068,1,1,0,0,0,0,0,0,0,0,0,0
400068,2,1,0,0,0,0,0,0,0,0,0,0
400069,1,1,0,0,0,0,0,0,0,0,0,0
400070,1,1,20,20,20,20,20,20,20,20,20,20
400071,1,1,29,29,29,29,29,29,29,29,29,29
400072,1,1,0,0,0,0,0,0,0,0,0,0
400073,1,1,19,19,19,19,19,19,19,19,19,19
400074,1,1,20,20,20,20,20,20,20,20,20,20
400075,1,1,0,0,0,0,0,0,0,0,0,0
400076,1,1,0,0,0,0,0,0,0,0,0,0
400076,2,1,0,0,0,0,0,0,0,0,0,0
400077,1,1,0,0,0,0,0,0,0,0,0,0
400077,2,1,0,0,0,0,0,0,0,0,0,0
400078,1,1,29,29,29,29,29,29,29,29,29,29
400078,2,1,0,0,0,0,0,0,0,0,0,0
400079,1,1,0,0,0,0,0,0,0,0,0,0
400080,1,1,0,0,0,0,0,0,0,0,0,0
400080,2,1,0,0,0,0,0,0,0,0,0,0
400081,1,1,16,16,16,16,16,16,16,16,16,16
400082,0,1,12,12,12,12,12,12,12,12,12,12
400082,0,2,21,0,13,34,16,21,16,0,0,14
400082,1,1,18,18,18,18,18,18,18,18,18,18
400083,1,1,7,7,7,7,7,7,7,7,7,7
400083,2,1,3,3,3,3,3,3,3,3,3,3
400084,1,1,0,0,0,0,0,0,0,0,0,0
400084,2,1,0,0,0,0,0,0,0,0,0,0
400085,0,1,31,31,31,31,31,31,31,31,31,31
400085,1,1,0,0,0,0,0,0,0,0,0,0
400085,2,1,0,0,0,0,0,0,0,0,0,0
400086,1,1,26,26,26,26,26,26,26,26,26,26
400087,1,1,0,0,0,0,0,0,0,0,0,0
400087,2,1,0,0,0,0,0,0,0,0,0,0
400088,1,1,24,24,24,24,24,24,24,24,24,24
400088,2,1,0,0,0,0,0,0,0,0,0,0
400089,1,1,0,0,0,0,0,0,0,0,0,0
400090,1,1,0,0,0,0,0,0,0,0,0,0
400090,2,1,0,0,0,0,0,0,0,0,0,0
400091,1,1,0,0,0,0,0,0,0,0,0,0
400091,2,1,0,0,0,0,0,0,0,0,0,0
400091,3,1,0,0,0,0,0,0,0,0,0,0
400092,1,1,25,25,25,25,25,25,25,25,25,25
400093,1,1,0,0,0,0,0,0,0,0,0,0
400093,2,1,0,0,0,0,0,0,0,0,0,0
400094,1,1,0,0,3,0,0,0,0,0,0,0
400094,2,1,0,0,0,0,0,0,0,0,0,0
400094,3,1,0,0,0,0,0,0,0,0,0,0
400095,1,1,0,0,0,0,0,0,0,0,0,0
400096,1,1,23,23,23,23,23,23,23,23,23,23
400097,1,1,12,12,12,12,12,12,12,12,12,12
400098,1,1,0,0,0,0,0,0,0,0,0,0
400100,1,1,0,0,0,0,0,0,0,0,0,0
400100,2,1,0,0,0,0,0,0,0,0,0,0
400101,1,1,0,0,0,0,0,0,0,0,0,0
400102,1,1,19,19,19,19,19,19,19,19,19,19
400102,2,1,25,25,25,25,25,25,25,25,25,25
400103,1,1,0,0,0,0,0,0,0,0,0,0
400103,2,1,0,0,0,0,0,0,0,0,0,0
400104,1,1,11,11,11,11,11,11,11,11,11,11
400105,1,1,0,0,0,0,0,0,0,0,0,0
400106,1,1,0,0,0,0,0,0,0,0,0,0
400107,1,1,0,0,0,0,0,0,0,0,0,0
400108,0,1,13,13,13,13,13,13,13,13,13,13
400108,1,1,0,0,0,0,0,0,0,0,0,0
400109,1,1,0,0,0,0,0,0,0,0,0,0
400110,1,1,0,27,15,0,19,34,17,0,11,0
400111,1,1,0,0,0,0,0,0,0,0,0,0
400112,1,1,0,0,0,0,0,0,0,0,0,0
400113,1,1,21,21,21,21,21,21,21,21,21,21
400114,1,1,35,35,35,35,35,35,35,35,35,35
400115,0,1,0,0,0,0,0,0,0,0,0,0
400115,1,1,0,0,0,0,0,0,0,0,0,0
400116,1,1,0,0,0,0,0,0,0,0,0,0
400116,2,1,0,0,0,0,0,0,0,0,0,0
400117,1,1,0,0,0,0,0,0,0,0,0,0
400117,2,1,0,12,25,23,11,0,0,22,0,0
400118,1,1,0,0,0,0,0,0,0,0,0,0
400119,1,1,0,0,18,0,20,0,0,33,25,0
400120,0,1,11,11,11,11,11,11,11,11,11,11
400120,1,1,0,0,0,0,0,0,0,0,0,0
400121,1,1,0,0,0,0,0,0,0,0,0,0
400121,2,1,0,0,0,0,0,0,0,0,0,0
400122,1,1,13,13,13,13,13,13,13,13,13,13
400123,1,1,0,0,0,0,0,0,0,0,0,0
400123,2,1,0,0,0,0,0,0,0,0,0,0
400124,1,1,0,0,24,0,0,0,0,0,0,0
400124,2,1,0,0,0,0,0,0,0,0,0,0
400124,3,1,0,0,0,0,0,0,0,0,16,0
400125,1,1,0,0,0,0,0,0,0,0,0,0
400126,1,1,0,0,0,0,0,0,0,0,0,0
400127,1,1,0,0,0,0,0,0,0,0,0,0
400127,2,1,0,0,0,0,0,0,0,0,0,0
400128,1,1,12,0,0,0,0,0,0,31,0,0
400129,1,1,0,0,0,0,0,0,0,0,0,0
400130,1,1,12,12,12,12,12,12,12,12,12,12
400131,0,1,25,25,25,25,25,25,25,25,25,25
400131,1,1,0,0,0,0,0,0,0,0,0,0
400132,1,1,0,0,0,0,0,0,0,0,0,0
400132,2,1,0,0,0,0,0,0,0,0,0,0
400133,0,1,15,15,15,15,15,15,15,15,15,15
400133,1,1,0,14,4,0,18,0,0,16,13,17
400134,1,1,0,0,0,0,0,0,0,0,0,0
400135,1,1,0,0,0,0,0,0,0,0,0,0
400135,2,1,0,0,0,0,0,0,0,0,0,0
400136,1,1,0,0,0,0,0,0,0,0,0,0
400136,2,1,0,0,0,0,0,0,0,0,0,0
400137,1,1,0,0,0,0,0,0,0,0,0,0
400137,2,1,0,0,0,0,0,0,0,0,0,0
400138,1,1,0,0,0,0,0,0,0,0,0,0
400138,2,1,0,0,0,0,0,0,0,0,0,0
400139,0,1,26,26,26,26,26,26,26,26,26,26
400139,1,1,0,0,0,0,0,0,0,0,0,0
400140,1,1,11,11,11,11,11,11,11,11,11,11
400140,2,1,0,0,0,0,0,0,0,0,0,0
400141,1,1,0,0,0,0,0,0,0,0,0,0
400142,1,1,23,23,23,23,23,23,23,23,23,23
400143,1,1,12,12,12,12,12,12,12,12,12,12
400143,2,1,0,0,0,0,0,0,0,0,5,0
400144,1,1,9,9,9,9,9,9,9,9,9,9
400144,2,1,0,0,0,0,0,0,0,0,0,0
400145,1,1,0,0,0,0,0,0,0,0,0,0
400146,1,1,11,11,11,11,11,11,11,11,11,11
400147,1,1,0,0,0,0,0,0,0,0,0,0
400147,2,1,0,0,0,0,0,0,0,0,0,0
400149,1,1,0,0,0,0,0,0,0,0,0,0
400150,1,1,0,0,0,0,0,0,0,0,0,0
400151,1,1,0,0,0,0,0,0,0,0,0,0
400152,1,1,0,0,0,0,0,0,0,0,0,0
400152,2,1,0,0,0,0,0,0,0,12,0,7
400153,1,1,0,0,0,0,0,0,0,0,0,0
400153,2,1,0,0,0,0,0,0,0,0,0,0
400154,1,1,0,0,0,0,0,0,0,0,0,0
400155,1,1,18,18,18,18,18,18,18,18,18,18
400156,1,1,20,20,20,20,20,20,20,20,20,20
400157,1,1,16,16,16,16,16,16,16,16,16,16
400157,2,1,0,0,0,0,0,0,0,0,0,0
400158,1,1,0,0,0,0,0,0,0,0,0,0
400158,2,1,0,0,0,0,0,0,0,0,0,0
400159,0,1,0,0,0,0,0,0,0,0,0,0
400159,1,1,0,0,0,0,0,0,0,0,0,0
400160,1,1,0,0,0,0,0,0,0,0,0,0
400160,2,1,0,0,0,0,0,0,0,0,0,0
400162,1,1,0,0,0,0,0,0,0,0,0,0
400163,1,1,22,22,22,22,22,22,22,22,22,22
400164,1,1,0,0,0,0,0,0,0,0,0,0
400165,1,1,0,0,0,2,0,0,0,0,0,0
400165,2,1,0,0,0,0,0,0,0,0,0,0
400166,1,1,24,24,24,24,24,24,24,24,24,24
400167,1,1,2,2,2,2,2,2,2,2,2,2
400167,2,1,0,0,0,0,8,15,0,12,11,0
400167,3,1,0,0,0,0,0,0,0,0,0,0
400168,1,1,0,0,0,0,0,0,0,0,0,0
400168,2,1,0,0,0,0,0,0,0,0,0,0
400169,0,1,0,0,0,0,0,0,0,0,0,0
400169,1,1,22,14,0,0,0,16,0,0,10,0
400170,1,1,0,0,0,0,0,0,0,0,0,0
400170,2,1,0,16,0,0,0,15,0,0,0,0
400171,1,1,0,0,0,0,0,0,0,0,0,0
400172,1,1,19,19,19,19,19,19,19,19,19,19
400172,2,1,0,0,0,0,0,0,0,0,0,0
400173,1,1,0,0,0,0,0,0,0,0,0,0
400173,2,1,0,0,0,0,0,0,0,0,0,0
400174,1,1,0,0,0,0,0,0,0,0,0,0
400175,1,1,0,0,0,0,0,0,0,0,0,0
400175,2,1,0,0,0,0,0,0,0,0,0,0
400176,1,1,0,0,0,0,0,0,0,0,0,0
400177,1,1,0,0,0,0,0,0,0,0,0,0
400178,1,1,0,0,0,0,0,0,0,0,0,0
400178,2,1,0,0,0,0,0,0,0,0,0,0
400179,1,1,0,0,0,0,0,0,0,0,0,0
400180,1,1,0,0,0,0,0,0,0,0,0,0
400180,2,1,0,0,0,0,0,0,0,0,0,0
400181,1,1,0,0,0,0,0,0,0,0,0,0
400181,2,1,0,0,0,0,0,0,0,0,0,0
400182,1,1,13,13,13,13,13,13,13,13,13,13
400183,1,1,0,0,0,0,0,0,0,0,0,0
400183,2,1,0,0,0,0,0,0,0,0,0,0
400184,1,1,0,0,0,0,0,0,0,0,0,0
400185,1,1,0,0,0,0,0,0,0,0,0,0
400185,2,1,0,0,0,0,0,0,0,0,0,0
400186,1,1,24,24,24,24,24,24,24,24,24,24
400187,1,1,0,0,0,0,0,0,0,0,0,0
400187,2,1,0,0,0,0,0,0,0,0,0,0
400188,1,1,0,0,0,0,0,0,0,0,0,0
400189,1,1,18,18,18,18,18,18,18,18,18,18
400190,0,1,0,0,0,0,0,0,0,0,0,0
400190,1,1,0,0,0,0,0,0,0,0,0,0
400191,1,1,6,6,6,6,6,6,6,6,6,6
400192,1,1,8,8,8,8,8,8,8,8,8,8
400192,2,1,0,0,0,0,0,3,0,0,0,0
400193,1,1,0,0,0,0,0,0,0,0,0,0
400194,1,1,0,0,0,0,0,0,0,0,0,0
400194,2,1,0,0,0,0,0,0,0,0,0,0
400195,1,1,0,0,0,0,0,0,0,0,0,0
400196,1,1,0,0,0,0,0,0,0,0,0,0
400196,2,1,0,0,0,0,0,0,0,0,0,0
400197,1,1,0,0,0,0,0,0,0,0,0,0
400197,2,1,0,0,0,0,0,0,0,0,0,0
400198,1,1,21,21,21,21,21,21,21,21,21,21
400199,0,1,0,0,0,0,0,0,0,0,0,0
400199,1,1,0,0,0,0,0,0,0,0,0,0
400200,1,1,9,9,9,9,9,9,9,9,9,9
400201,1,1,0,0,0,0,0,0,0,0,0,0
400201,2,1,0,0,0,0,0,0,0,0,0,0
400202,1,1,19,19,19,19,19,19,19,19,19,19
400203,1,1,0,0,0,0,0,0,0,0,0,0
400204,1,1,0,0,0,0,0,0,0,0,0,0
400204,2,1,0,0,0,0,0,0,0,0,0,0
400205,1,1,22,22,22,22,22,22,22,22,22,22
400206,0,1,0,0,0,0,0,0,0,0,0,0
400206,0,2,0,0,0,0,0,0,0,0,0,0
400206,1,1,0,0,0,0,0,0,0,0,18,0
400206,3,1,0,0,0,0,0,0,0,0,0,0
400207,1,1,25,25,25,25,25,25,25,25,25,25
400208,1,1,0,0,0,0,0,0,0,0,0,0
400208,2,1,0,0,0,0,0,0,0,0,0,0
400209,1,1,13,13,13,13,13,13,13,13,13,13
400209,2,1,0,0,0,0,0,0,0,0,0,0
400210,1,1,0,0,0,0,0,0,0,17,0,0
400211,0,1,0,0,0,0,0,0,0,0,0,0
400211,1,1,0,0,0,0,0,0,0,0,0,0
400212,1,1,14,0,0,0,0,0,0,0,0,0
400212,2,1,0,14,0,0,5,11,0,4,0,17
400213,1,1,0,0,0,0,0,0,0,0,0,0
400213,2,1,0,0,0,0,0,0,0,0,0,0
400214,1,1,13,13,13,13,13,13,13,13,13,13
400215,1,1,0,0,0,0,0,0,0,0,0,0
400215,2,1,0,0,0,0,0,0,0,0,0,0
400215,3,1,0,0,0,0,0,0,0,0,0,0
400215,4,1,0,0,0,0,0,0,0,0,0,0
400216,1,1,12,12,12,12,12,12,12,12,12,12
400217,1,1,0,0,0,0,0,0,0,0,0,0
400218,1,1,0,0,0,0,0,0,0,0,0,0
400219,0,1,18,18,18,18,18,18,18,18,18,18
400219,1,1,0,0,0,23,0,0,0,28,0,0
400220,1,1,0,0,0,0,0,0,0,0,0,0
400220,2,1,0,0,0,0,0,0,0,0,0,0
400221,1,1,7,7,7,7,7,7,7,7,7,7
400222,1,1,24,24,24,24,24,24,24,24,24,24
400223,1,1,18,18,18,18,18,18,18,18,18,18
400223,2,1,0,0,0,0,0,0,0,0,0,0
400224,1,1,0,0,0,0,0,0,0,0,0,0
400225,1,1,13,13,13,13,13,13,13,13,13,13
400225,2,1,0,0,0,0,0,0,0,0,0,0
400226,0,1,30,30,30,30,30,30,30,30,30,30
400226,1,1,0,0,0,0,0,0,0,0,0,0
400227,1,1,0,0,0,0,0,0,0,0,0,0
400227,2,1,0,0,0,0,0,0,0,0,0,0
400228,1,1,0,0,0,0,0,0,0,0,0,0
400228,2,1,0,0,0,0,0,0,0,21,0,0
400229,1,1,0,0,0,0,0,0,0,0,0,0
400230,1,1,12,12,12,12,12,12,12,12,12,12
400230,2,1,0,0,0,0,0,0,0,0,0,0
400231,1,1,0,0,0,0,0,0,0,0,0,0
400231,2,1,0,0,0,0,0,0,0,0,0,0
400232,1,1,0,0,0,0,0,0,0,0,0,0
400233,1,1,15,15,15,15,15,15,15,15,15,15
400233,2,1,0,0,0,0,0,0,0,0,0,0
400234,0,1,0,0,0,0,0,0,0,0,0,0
400234,1,1,0,0,0,0,0,0,0,0,0,0
400235,1,1,0,0,0,0,0,0,0,0,7,0
400235,2,1,0,0,0,0,0,0,0,0,0,0
400236,1,1,0,0,0,0,0,0,0,0,0,0
400236,2,1,21,21,21,21,21,21,21,21,21,21
400237,1,1,17,17,17,17,17,17,17,17,17,17
400238,1,1,0,0,0,0,0,0,0,0,0,0
400238,2,1,0,0,0,0,0,0,0,0,0,0
400238,3,1,0,0,0,0,0,0,0,0,0,0
400238,4,1,0,0,0,0,0,0,0,0,0,0
400239,1,1,33,33,33,33,33,33,33,33,33,33
400240,1,1,0,0,0,0,0,0,0,0,0,0
400241,1,1,0,0,0,0,0,0,0,0,0,0
400241,2,1,0,0,0,0,0,0,0,0,0,0
400242,1,1,0,0,0,0,0,0,0,0,0,0
400242,2,1,0,0,0,0,0,0,0,0,0,0
400243,1,1,0,0,0,0,0,0,0,0,0,0
400243,2,1,0,0,0,0,0,0,0,0,0,0
400244,1,1,0,0,0,0,0,0,0,0,0,0
400244,2,1,0,0,0,0,0,0,0,0,0,0
400245,1,1,0,0,0,0,0,0,0,0,0,0
400246,1,1,0,0,0,0,0,0,0,0,0,0
400247,1,1,0,0,0,0,0,0,0,0,0,0
400247,2,1,0,0,0,0,0,0,0,0,0,0
400248,1,1,17,17,17,17,17,17,17,17,17,17
400249,1,1,0,0,0,0,0,0,0,0,0,0
400249,2,1,0,0,0,0,0,0,0,0,0,0
400250,1,1,0,0,0,0,0,0,0,0,0,0
400250,2,1,0,0,0,0,0,0,0,0,0,0
400251,1,1,0,0,0,0,0,0,0,0,0,0
400252,1,1,0,0,0,0,0,0,0,0,0,0
400253,1,1,20,20,20,20,20,20,20,20,20,20
400254,1,1,21,21,21,21,21,21,21,21,21,21
400255,1,1,0,0,0,0,0,0,0,0,0,0
400256,1,1,0,0,0,0,0,0,0,0,0,0
400256,2,1,0,0,0,0,0,0,0,0,0,0
400257,1,1,12,12,12,12,12,12,12,12,12,12
400258,0,1,25,25,25,25,25,25,25,25,25,25
400258,1,1,0,0,0,0,0,0,0,0,0,0
400259,1,1,0,0,0,0,0,0,0,0,0,0
400259,2,1,0,0,0,0,0,0,0,0,0,0
400260,1,1,2,2,2,2,2,2,2,2,2,2
400261,1,1,12,12,12,12,12,12,12,12,12,12
400262,1,1,0,0,0,0,0,0,0,0,0,0
400263,1,1,0,0,0,0,0,0,0,0,0,0
400263,2,1,0,0,0,0,0,0,0,0,0,0
400263,3,1,0,0,0,0,0,0,0,0,0,0
400264,1,1,13,13,13,13,13,13,13,13,13,13
400264,2,1,0,0,22,0,0,23,0,0,0,0
400265,1,1,0,0,0,0,0,29,0,0,0,0
400266,1,1,7,7,7,7,7,7,7,7,7,7
400267,1,1,0,0,0,0,0,0,0,0,0,0
400267,2,1,0,0,0,0,0,0,0,0,0,0
400268,1,1,21,21,21,21,21,21,21,21,21,21
400269,1,1,0,0,0,0,0,0,0,0,0,0
400269,2,1,0,0,0,0,0,0,0,0,0,0
400270,1,1,28,28,28,28,28,28,28,28,28,28
400271,1,1,0,0,0,0,0,0,0,0,0,23
400271,2,1,0,0,0,7,0,0,0,0,0,0
400272,1,1,25,25,25,25,25,25,25,25,25,25
400273,1,1,0,0,0,0,0,0,0,0,0,0
400273,2,1,0,0,0,0,0,0,0,0,0,0
400274,1,1,0,0,0,0,0,0,0,0,0,0
400274,2,1,0,0,0,0,0,0,0,0,0,0
400275,1,1,0,0,0,0,0,0,0,0,0,0
400276,1,1,0,0,0,0,0,0,0,0,0,0
400277,1,1,0,0,0,0,0,0,0,0,0,0
400277,2,1,0,0,0,0,0,0,0,0,0,0
400278,1,1,0,0,0,0,0,0,0,0,0,0
400278,2,1,0,0,0,0,0,0,0,0,0,0
400279,1,1,0,0,0,0,0,0,0,0,0,0
400279,2,1,0,0,0,0,0,0,0,0,0,0
400280,1,1,0,0,0,0,0,0,0,0,0,0
400280,2,1,0,0,0,0,0,0,0,0,0,0
400281,0,1,0,0,0,0,0,0,0,0,0,0
400281,1,1,0,0,0,0,0,0,0,0,0,0
400282,1,1,0,0,0,0,0,0,0,0,0,0
400283,1,1,0,0,0,0,0,0,0,0,0,0
400284,1,1,0,0,0,0,0,0,0,0,0,0
400284,2,1,0,0,0,0,0,0,0,0,0,0
400285,1,1,0,0,0,0,0,0,0,0,0,0
400285,2,1,0,0,0,0,0,0,0,0,0,0
400286,1,1,0,0,0,0,0,0,0,0,0,0
400287,1,1,0,0,0,0,0,0,0,0,0,0
400287,2,1,0,0,0,0,0,0,0,0,0,0
400288,1,1,0,0,0,0,0,0,0,0,0,0
400289,1,1,0,0,0,0,0,0,0,0,0,0
400290,1,1,7,7,7,7,7,7,7,7,7,7
400291,1,1,22,22,22,22,22,22,22,22,22,22
400291,2,1,0,0,0,0,0,0,0,0,0,0
400291,3,1,0,0,0,0,0,0,0,0,0,0
400292,1,1,17,17,17,17,17,17,17,17,17,17
400293,1,1,0,0,0,0,0,0,0,0,0,0
400294,1,1,0,0,0,0,0,0,0,0,0,0
400294,2,1,0,0,0,0,0,0,0,0,0,0
400295,1,1,0,0,0,0,0,0,0,0,0,0
400295,2,1,0,0,0,0,0,0,0,0,0,0
400296,1,1,0,0,0,0,0,0,0,0,0,0
400296,2,1,0,0,0,0,0,0,0,0,0,0
400297,1,1,0,0,0,0,0,0,0,0,0,0
400298,1,1,14,14,14,14,14,14,14,14,14,14
400298,2,1,14,14,14,14,14,14,14,14,14,14
400299,1,1,0,0,0,0,0,0,0,0,0,0
400300,1,1,8,8,8,8,8,8,8,8,8,8
400301,1,1,0,0,0,0,0,0,0,0,0,0
400302,1,1,0,0,0,0,0,0,0,0,0,0
400302,2,1,0,0,0,0,0,0,0,0,0,0
400303,1,1,0,0,0,0,0,0,0,0,0,0
400303,2,1,0,0,0,0,0,0,0,0,0,0
400303,3,1,0,0,0,0,0,0,0,0,0,0
400304,1,1,7,10,0,0,0,21,0,18,0,0
400304,2,1,0,0,0,0,0,0,0,0,0,0
400305,1,1,20,20,20,20,20,20,20,20,20,20
400306,1,1,0,0,0,0,0,0,0,0,0,0
400306,2,1,0,0,0,0,0,0,0,0,0,0
400307,0,1,0,0,0,4,14,0,0,10,0,0
400307,1,1,0,0,0,0,0,0,0,0,0,0
400308,1,1,17,17,17,17,17,17,17,17,17,17
400309,1,1,0,0,0,0,0,0,0,0,0,0
400309,2,1,0,0,0,0,0,0,0,0,0,0
400310,1,1,3,3,3,3,3,3,3,3,3,3
400311,1,1,0,0,0,0,0,0,0,0,0,0
400311,2,1,20,0,0,0,0,0,0,0,0,0
400312,1,1,12,12,12,12,12,12,12,12,12,12
400313,0,1,3,3,3,3,3,3,3,3,3,3
400313,1,1,14,20,0,0,0,6,0,0,0,0
400314,1,1,0,0,0,0,0,0,0,0,0,0
400315,0,1,14,14,14,14,14,14,14,14,14,14
400315,1,1,0,0,0,0,0,0,0,17,0,0
400316,1,1,0,0,0,0,0,0,0,0,0,0
400316,2,1,0,0,0,30,0,0,0,0,0,0
400316,3,1,0,0,0,0,0,0,0,0,0,0
400317,1,1,0,0,0,0,0,0,0,0,0,0
400318,1,1,5,5,5,5,5,5,5,5,5,5
400319,1,1,0,0,0,0,0,0,0,0,0,0
400320,1,1,0,0,0,0,0,0,0,0,0,0
400321,1,1,0,0,0,0,0,0,0,0,0,0
400321,2,1,0,0,0,0,0,0,0,0,9,0
400321,3,1,0,0,0,0,0,0,0,0,0,0
400322,1,1,20,20,20,20,20,20,20,20,20,20
400324,1,1,0,0,0,0,0,0,0,0,0,0
400324,2,1,0,0,0,0,0,0,0,0,0,0
400324,3,1,0,0,0,0,0,0,0,0,0,0
400325,0,1,0,0,0,0,0,0,0,0,0,0
400325,1,1,0,0,0,0,0,0,0,0,0,0
400326,1,1,20,20,20,20,20,20,20,20,20,20
400327,1,1,18,18,18,18,18,18,18,18,18,18
400328,1,1,0,0,0,0,0,0,0,0,0,0
400328,2,1,0,0,0,0,0,0,0,0,0,0
400329,1,1,0,0,0,0,0,0,0,0,0,0
400330,1,1,0,0,0,0,0,0,0,0,0,0
400330,2,1,0,0,0,13,0,0,0,0,0,0
400331,1,1,0,0,0,0,0,0,0,0,0,0
400332,1,1,0,0,0,0,0,0,0,0,0,0
400332,2,1,0,0,0,0,0,0,0,0,0,0
400333,1,1,24,24,24,24,24,24,24,24,24,24
400334,1,1,4,4,4,4,4,4,4,4,4,4
400334,2,1,0,0,0,0,0,0,0,0,0,0
400335,1,1,0,0,0,0,0,0,0,0,0,0
400335,2,1,0,0,0,0,0,0,0,0,0,0
400335,3,1,0,0,0,0,0,0,0,0,0,0
400336,1,1,0,0,0,0,0,0,0,0,0,0
400336,2,1,12,12,12,12,12,12,12,12,12,12
400337,1,1,0,0,0,0,0,0,0,0,0,0
400337,2,1,0,0,0,0,0,0,0,0,0,0
400337,3,1,0,0,0,0,0,0,0,0,11,0
400338,1,1,0,0,0,0,0,0,0,0,0,0
400339,1,1,22,22,22,22,22,22,22,22,22,22
400339,2,1,0,0,0,0,0,0,0,0,0,0
400340,1,1,0,0,0,0,0,0,0,0,0,0
400340,2,1,0,0,0,0,0,0,0,0,0,0
400341,1,1,14,14,14,14,14,14,14,14,14,14
400342,1,1,29,29,29,29,29,29,29,29,29,29
400343,1,1,0,0,0,0,0,0,0,0,0,0
400344,1,1,0,0,0,0,0,0,0,0,0,0
400344,2,1,0,0,0,0,0,0,0,0,0,0
400345,1,1,0,0,0,0,0,0,0,0,0,0
400346,1,1,23,23,23,23,23,23,23,23,23,23
400347,0,1,0,0,0,0,0,0,0,0,0,0
400347,1,1,0,0,0,0,0,0,0,0,0,0
400348,1,1,0,0,0,0,0,0,0,0,0,0
400349,1,1,0,0,0,0,0,0,0,0,0,0
400349,2,1,0,0,0,0,0,0,0,0,0,0
400350,1,1,10,10,10,10,10,10,10,10,10,10
400350,2,1,0,0,0,0,0,0,0,0,0,0
400351,1,1,0,0,0,0,0,0,0,0,0,0
400352,1,1,5,5,5,5,5,5,5,5,5,5
400352,2,1,0,0,0,0,0,0,0,0,0,0
400353,1,1,11,11,11,11,11,11,11,11,11,11
400353,2,1,0,0,0,0,0,0,0,0,0,0
400354,1,1,0,0,0,0,0,0,0,0,0,0
400354,2,1,0,0,0,0,0,0,0,0,0,0
400355,1,1,0,0,0,0,0,0,0,0,0,0
400356,1,1,0,0,0,0,0,0,0,0,0,0
400357,1,1,0,0,0,0,0,0,0,0,0,0
400357,2,1,0,0,0,0,0,0,0,0,0,0
400358,1,1,0,0,0,0,0,0,0,0,0,0
400358,2,1,0,0,0,0,0,0,0,0,0,0
400359,1,1,16,16,16,16,16,16,16,16,16,16
400360,1,1,15,15,15,15,15,15,15,15,15,15
400360,2,1,0,0,0,0,0,0,0,0,0,0
400360,3,1,0,23,0,0,0,0,0,0,0,0
400361,1,1,0,0,0,0,0,0,0,0,0,0
400362,1,1,20,20,20,20,20,20,20,20,20,20
400362,2,1,0,0,0,0,0,0,15,0,0,0
400363,1,1,34,34,34,34,34,34,34,34,34,34
400364,1,1,11,11,11,11,11,11,11,11,11,11
400365,1,1,8,8,8,8,8,8,8,8,8,8
400366,1,1,17,17,17,17,17,17,17,17,17,17
400367,1,1,0,0,0,0,0,0,0,0,0,0
400368,1,1,0,0,0,0,0,0,0,0,0,0
400368,2,1,0,0,0,12,0,0,0,0,0,0
400369,1,1,19,19,19,19,19,19,19,19,19,19
400370,1,1,0,0,0,0,0,0,0,0,0,0
400371,1,1,40,40,40,40,40,40,40,40,40,40
400372,1,1,0,0,0,0,0,0,0,0,0,0
400372,2,1,0,0,0,0,0,0,0,0,0,0
400373,1,1,0,0,0,0,0,0,0,0,0,0
400373,2,1,0,0,0,0,0,0,0,0,0,0
400374,0,1,18,18,18,18,18,18,18,18,18,18
400374,1,1,0,0,0,0,0,0,0,0,0,9
400375,1,1,0,0,0,0,0,0,0,0,0,0
400375,2,1,0,0,0,0,0,0,0,0,0,0
400376,1,1,0,0,0,0,0,0,0,0,0,0