ST_CASE,VEH_NO,PER_NO,P1,P2,P3,P4,P5,P6,P7,P8,P9,P10
400377,1,1,11,11,11,11,11,11,11,11,11,11
400378,1,1,26,26,26,26,26,26,26,26,26,26
400378,2,1,0,0,0,0,0,0,0,0,0,0
400378,3,1,0,0,0,0,0,0,0,0,0,0
400379,1,1,0,0,0,0,0,0,0,0,0,0
400379,2,1,0,0,0,0,0,0,0,0,0,0
400380,1,1,0,0,0,0,0,0,0,0,0,0
400380,2,1,3,0,0,0,0,0,0,0,0,0
400381,1,1,0,0,0,0,0,0,0,0,0,0
400381,2,1,0,0,0,0,0,0,0,0,0,0
400383,0,1,0,0,0,0,0,0,0,27,0,0
400383,1,1,0,0,0,0,0,0,0,0,0,0
400384,1,1,0,0,0,0,0,0,0,0,0,0
400384,2,1,0,0,0,0,0,0,0,0,0,0
400385,1,1,0,0,0,0,0,0,0,0,0,0
400386,1,1,8,8,8,8,8,8,8,8,8,8
400387,1,1,18,18,18,18,18,18,18,18,18,18
400388,1,1,15,15,15,15,15,15,15,15,15,15
400388,2,1,0,0,0,0,0,0,0,0,0,0
400389,1,1,0,0,0,0,0,0,0,14,0,0
400389,2,1,0,0,0,0,0,0,0,0,0,0
400390,1,1,0,0,0,0,0,0,0,0,0,0
400391,1,1,24,24,24,24,24,24,24,24,24,24
400392,1,1,27,27,27,27,27,27,27,27,27,27
400393,1,1,25,25,25,25,25,25,25,25,25,25
400394,1,1,0,0,0,0,0,0,0,0,0,0
400395,1,1,0,0,0,0,0,0,0,0,0,0
400395,2,1,0,0,0,0,0,0,0,0,0,0
400396,1,1,24,24,24,24,24,24,24,24,24,24
400397,1,1,0,0,0,0,0,0,0,0,0,0
400398,1,1,0,0,0,0,0,0,0,0,0,16
400398,2,1,0,0,0,0,0,0,0,0,0,0
400399,1,1,0,0,0,0,0,0,0,0,0,0
400399,2,1,0,0,0,0,0,0,0,0,0,0
400400,1,1,0,0,0,0,0,0,0,0,0,0
400401,1,1,0,0,0,0,0,0,0,0,0,0
400401,2,1,0,0,0,0,0,0,0,0,0,0
400401,3,1,0,0,0,0,0,0,0,0,0,0
400401,4,1,0,0,0,0,0,0,0,0,0,0
400402,1,1,26,26,26,26,26,26,26,26,26,26
400403,1,1,0,0,0,0,0,0,0,0,0,0
400403,2,1,0,0,0,0,0,0,0,0,0,0
400404,1,1,21,21,21,21,21,21,21,21,21,21
400405,1,1,13,13,13,13,13,13,13,13,13,13
400406,1,1,0,0,0,0,0,0,0,0,0,0
400407,1,1,15,15,15,15,15,15,15,15,15,15
400408,1,1,19,19,19,19,19,19,19,19,19,19
400409,1,1,0,15,27,35,8,0,16,15,0,10
400409,2,1,0,0,0,0,0,0,0,0,0,0
400409,3,1,0,0,0,0,0,0,0,0,0,0
400410,1,1,12,12,12,12,12,12,12,12,12,12
400411,1,1,21,21,21,21,21,21,21,21,21,21
400413,1,1,0,0,0,0,0,0,0,0,0,0
400414,1,1,20,20,20,20,20,20,20,20,20,20
400415,1,1,23,23,23,23,23,23,23,23,23,23
400416,1,1,35,35,35,35,35,35,35,35,35,35
400417,1,1,10,10,10,10,10,10,10,10,10,10
400418,1,1,0,0,0,0,0,0,0,0,0,0
400419,1,1,0,0,0,0,0,0,0,0,0,0
400419,2,1,0,0,0,0,0,0,0,0,0,0
400420,1,1,25,25,25,25,25,25,25,25,25,25
400421,1,1,0,0,0,0,0,0,0,0,0,0
400422,1,1,22,22,22,22,22,22,22,22,22,22
400423,1,1,0,0,0,0,0,0,0,0,0,0
400423,2,1,0,0,0,0,0,0,0,0,0,0
400423,3,1,0,0,0,0,0,0,19,0,0,0
400424,1,1,0,0,0,0,0,0,0,0,0,0
400425,1,1,23,23,23,23,23,23,23,23,23,23
400426,1,1,11,11,11,11,11,11,11,11,11,11
400427,1,1,8,8,8,8,8,8,8,8,8,8
400427,2,1,0,0,0,0,0,0,0,0,0,0
400428,1,1,7,0,0,0,0,0,0,0,0,0
400429,1,1,0,0,0,0,0,0,0,0,0,0
400430,1,1,0,0,0,0,0,0,0,0,0,0
400431,1,1,0,0,0,8,6,0,0,0,0,0
400431,2,1,31,0,0,0,0,0,0,32,0,0
400431,3,1,21,21,21,21,21,21,21,21,21,21
400432,1,1,0,0,0,0,0,0,0,0,0,0
400432,2,1,0,0,0,0,0,0,0,0,0,0
400433,1,1,0,0,0,0,0,0,0,0,0,0
400434,1,1,0,0,0,0,0,0,0,0,0,0
400435,1,1,0,0,0,0,0,0,0,0,0,0
400435,2,1,0,0,0,0,0,0,0,0,0,0
400436,1,1,26,26,26,26,26,26,26,26,26,26
400437,1,1,0,0,0,0,0,0,0,0,0,0
400437,2,1,11,11,11,11,11,11,11,11,11,11
400438,1,1,0,0,0,0,0,9,0,0,0,0
400438,2,1,0,0,0,0,0,0,0,0,17,0
400439,1,1,13,13,13,13,13,13,13,13,13,13
400440,1,1,19,19,19,19,19,19,19,19,19,19
400441,1,1,0,0,0,0,0,0,0,0,0,0
400441,2,1,0,0,0,0,0,0,0,0,0,0
400443,1,1,0,0,0,0,0,0,0,0,0,0
400443,2,1,0,0,0,0,0,0,0,0,0,0
400444,1,1,0,0,0,0,0,0,0,0,0,0
400444,2,1,0,0,0,0,0,0,0,0,0,0
400445,1,1,0,0,0,0,0,0,0,0,0,0
400445,2,1,0,0,0,0,0,0,0,0,0,0
400446,1,1,21,21,21,21,21,21,21,21,21,21
400447,1,1,0,0,0,0,0,0,0,0,0,0
400447,2,1,0,0,0,0,0,0,0,0,0,0
400448,1,1,0,0,0,0,0,0,0,0,0,0
400448,2,1,0,0,0,0,0,0,0,0,0,0
400449,1,1,0,0,0,0,0,0,0,7,0,0
400450,1,1,18,18,18,18,18,18,18,18,18,18
400451,1,1,22,22,22,22,22,22,22,22,22,22
400452,1,1,28,28,28,28,28,28,28,28,28,28
400453,1,1,19,19,19,19,19,19,19,19,19,19
400454,1,1,0,0,0,0,0,0,0,0,0,0
400454,2,1,0,0,0,0,0,0,0,0,0,0
400455,1,1,27,27,27,27,27,27,27,27,27,27
400456,1,1,0,0,0,0,0,0,0,0,0,0
400456,2,1,0,0,0,0,0,0,0,0,0,0
400457,1,1,0,0,0,0,0,0,0,0,0,0
400457,2,1,0,0,0,0,0,0,0,0,0,0
400458,1,1,3,3,3,3,3,3,3,3,3,3
400458,2,1,0,0,0,0,0,0,0,0,0,0
400459,1,1,0,0,0,0,9,0,12,6,0,0
400459,2,1,16,16,16,16,16,16,16,16,16,16
400460,1,1,0,0,0,0,0,0,0,0,0,0
400460,2,1,0,0,0,0,0,0,0,0,0,0
400461,1,1,0,0,0,0,0,0,0,0,0,0
400462,1,1,0,0,0,0,0,0,0,0,0,0
400463,1,1,0,0,0,0,0,0,0,0,0,0
400464,1,1,0,0,0,0,0,0,20,0,0,0
400464,2,1,0,0,0,0,0,0,0,0,0,0
400465,1,1,0,0,0,0,0,0,0,0,0,0
400465,2,1,7,7,7,7,7,7,7,7,7,7
400466,1,1,0,0,0,0,0,0,0,0,0,0
400467,1,1,0,0,0,0,0,0,0,0,0,0
400467,2,1,0,0,0,0,0,0,0,0,0,0
400468,1,1,0,0,0,0,0,0,0,0,0,0
400468,2,1,0,0,0,0,0,0,0,0,12,0
400469,1,1,0,0,0,0,0,0,0,0,0,0
400470,1,1,16,16,16,16,16,16,16,16,16,16
400471,1,1,0,0,0,0,0,0,0,0,0,0
400471,2,1,0,0,0,0,0,0,0,0,0,0
400472,1,1,0,0,0,0,0,0,0,0,0,0
400472,2,1,8,0,0,0,0,0,0,0,0,0
400473,1,1,0,0,0,0,0,0,0,0,0,0
400473,2,1,0,0,0,0,0,0,0,0,0,0
400473,3,1,0,0,0,0,0,0,0,0,0,0
400474,1,1,0,0,0,0,0,0,0,0,0,0
400475,1,1,0,0,0,0,0,0,0,0,0,0
400476,1,1,10,10,10,10,10,10,10,10,10,10
400477,1,1,0,0,0,0,0,0,0,0,0,0
400478,1,1,19,19,19,19,19,19,19,19,19,19
400479,1,1,22,22,22,22,22,22,22,22,22,22
400480,1,1,0,0,0,0,0,0,0,0,0,0
400480,2,1,0,0,0,0,0,0,0,0,0,0
400481,1,1,0,0,0,0,0,0,0,0,0,0
400481,2,1,0,0,0,0,0,0,0,0,0,0
400482,1,1,0,0,0,0,0,0,0,0,0,0
400482,2,1,11,11,11,11,11,11,11,11,11,11
400483,1,1,0,0,0,0,0,0,0,0,0,0
400483,2,1,0,0,0,0,0,0,0,0,0,0
400484,1,1,13,13,13,13,13,13,13,13,13,13
400485,1,1,0,0,0,0,0,0,0,0,0,0
400485,2,1,5,5,5,5,5,5,5,5,5,5
400486,1,1,0,0,0,0,0,0,0,0,0,0
400487,0,1,0,0,0,0,0,0,0,0,0,0
400487,1,1,0,0,0,0,0,0,0,0,0,0
400488,1,1,0,0,0,0,0,0,0,0,0,0
400488,2,1,30,0,0,0,0,7,0,0,0,0
400489,1,1,26,26,26,26,26,26,26,26,26,26
400490,1,1,0,0,0,0,0,0,0,0,0,0
400490,2,1,0,0,0,0,0,0,0,0,17,0
400491,1,1,19,19,19,19,19,19,19,19,19,19
400492,1,1,26,26,26,26,26,26,26,26,26,26
400493,1,1,0,0,0,0,0,0,0,0,0,0
400493,2,1,6,0,0,0,0,0,0,0,0,0
400493,3,1,2,0,0,0,0,0,0,0,0,0
400494,1,1,0,0,0,0,0,0,0,0,0,0
400495,1,1,0,0,0,0,0,0,0,0,0,0
400495,2,1,0,0,0,0,0,0,0,0,0,0
400496,1,1,0,0,0,0,0,0,0,0,0,0
400496,2,1,0,0,0,0,0,0,0,0,0,0
400497,1,1,0,0,0,0,0,0,0,0,0,0
400498,1,1,0,0,0,0,0,0,0,0,0,0
400498,2,1,0,0,0,0,0,0,0,0,0,0
400499,0,1,16,16,16,16,16,16,16,16,16,16
400499,1,1,0,0,21,7,0,0,0,0,0,0
400500,1,1,12,12,12,12,12,12,12,12,12,12
400501,1,1,0,0,0,0,0,0,0,0,0,0
400502,1,1,0,0,0,0,0,0,0,0,0,0
400503,1,1,20,20,20,20,20,20,20,20,20,20
400504,1,1,10,0,0,0,0,0,0,0,0,0
400504,2,1,0,0,0,0,0,0,0,0,0,0
400506,1,1,0,0,0,0,0,0,0,0,0,0
400507,1,1,0,0,0,0,0,0,0,0,0,0
400507,2,1,0,0,0,0,0,0,0,0,0,0
400508,1,1,0,0,0,0,0,0,0,0,0,0
400510,1,1,0,0,0,0,0,0,0,0,0,0
400511,1,1,17,17,17,17,17,17,17,17,17,17
400512,1,1,0,0,0,0,0,0,0,0,0,0
400512,2,1,0,0,5,0,0,0,0,0,0,0
400513,1,1,3,3,3,3,3,3,3,3,3,3
400514,1,1,0,0,0,0,0,0,0,0,0,0
400515,1,1,25,25,25,25,25,25,25,25,25,25
400516,1,1,0,0,0,0,0,0,0,0,0,0
400516,2,1,0,0,0,0,0,0,0,0,0,0
400517,1,1,8,8,8,8,8,8,8,8,8,8
400518,0,1,0,0,0,0,0,0,0,0,0,0
400518,1,1,0,0,0,0,0,0,0,0,0,0
400519,1,1,25,25,25,25,25,25,25,25,25,25
400520,1,1,20,20,20,20,20,20,20,20,20,20
400521,1,1,0,0,0,0,0,0,0,0,0,0
400521,2,1,8,8,8,8,8,8,8,8,8,8
400521,3,1,0,0,0,0,0,0,0,0,0,0
400522,1,1,0,0,0,0,0,0,0,0,0,0
400522,2,1,0,0,19,0,0,0,0,0,0,0
400523,1,1,36,36,36,36,36,36,36,36,36,36
400523,2,1,0,0,0,0,0,0,0,0,0,0
400523,3,1,0,0,0,0,0,0,0,0,0,0
400524,1,1,0,0,0,0,0,0,0,0,0,0
400525,1,1,0,0,0,0,0,0,0,0,0,0
400525,2,1,0,0,0,0,0,0,0,0,0,0
400526,1,1,21,21,21,21,21,21,21,21,21,21
400527,1,1,0,0,0,0,0,0,0,0,0,0
400527,2,1,0,0,0,0,0,0,0,0,0,0
400528,1,1,7,7,7,7,7,7,7,7,7,7
400529,1,1,27,27,27,27,27,27,27,27,27,27
400530,1,1,18,18,18,18,18,18,18,18,18,18
400531,1,1,0,0,0,0,0,0,0,0,0,0
400531,2,1,0,0,0,0,0,0,0,0,0,0
400532,1,1,11,11,11,11,11,11,11,11,11,11
400533,1,1,7,7,7,7,7,7,7,7,7,7
400533,2,1,0,0,0,0,0,0,0,0,0,0
400534,1,1,0,0,0,0,0,0,0,0,0,0
400535,0,1,0,0,0,0,0,0,0,0,0,0
400535,1,1,6,6,6,6,6,6,6,6,6,6
400536,1,1,19,19,19,19,19,19,19,19,19,19
400537,1,1,22,22,22,22,22,22,22,22,22,22
400538,1,1,12,12,12,12,12,12,12,12,12,12
400539,1,1,17,17,17,17,17,17,17,17,17,17
400540,1,1,0,0,0,0,0,0,0,0,0,0
400541,1,1,11,11,11,11,11,11,11,11,11,11
400542,1,1,0,0,0,0,0,0,0,0,0,0
400543,1,1,12,12,12,12,12,12,12,12,12,12
400544,1,1,0,0,0,0,0,0,0,0,0,0
400544,2,1,0,0,0,0,0,0,0,0,0,0
400545,1,1,0,0,0,0,0,0,0,0,0,0
400545,2,1,0,0,0,6,0,0,0,0,0,0
400546,1,1,0,0,0,0,0,0,0,0,0,0
400547,1,1,0,0,0,0,0,0,0,0,0,0
400548,0,1,0,0,0,0,0,0,0,0,0,0
400548,1,1,0,0,0,0,0,0,0,0,0,0
400549,0,1,30,30,30,30,30,30,30,30,30,30
400549,1,1,0,0,0,0,0,0,0,0,0,0
400549,2,1,0,0,0,0,0,0,18,25,14,0
400549,3,1,0,0,0,0,0,0,0,0,0,0
400549,4,1,0,0,0,0,0,0,0,0,8,0
400549,5,1,0,0,0,0,0,0,0,0,0,0
400549,6,1,0,0,0,0,0,0,0,0,0,0
400549,7,1,0,0,0,0,0,0,0,0,0,0
400550,0,1,0,0,0,0,0,0,0,0,0,0
400550,1,1,0,0,0,0,0,0,0,0,0,0
400550,2,1,0,0,0,0,0,0,0,0,0,0
400551,1,1,32,32,32,32,32,32,32,32,32,32
400552,0,1,19,19,19,19,19,19,19,19,19,19
400552,1,1,0,0,0,0,0,0,0,0,0,0
400553,1,1,0,0,0,0,0,0,0,0,0,0
400553,2,1,0,0,0,0,0,0,0,0,0,0
400554,1,1,0,0,0,0,0,0,0,0,0,0
400555,1,1,0,0,0,0,0,0,0,0,0,0
400556,1,1,0,0,0,0,0,0,0,0,0,0
400557,1,1,0,0,0,0,0,0,0,0,0,0
400558,1,1,0,0,0,0,0,0,0,0,0,0
400558,2,1,0,0,0,0,0,0,0,0,0,0
400559,1,1,25,25,25,25,25,25,25,25,25,25
400560,1,1,0,0,0,0,0,0,0,0,0,0
400560,2,1,0,0,0,0,0,0,0,0,0,0
400561,1,1,0,0,0,0,0,0,0,0,0,0
400561,2,1,0,0,0,0,0,0,0,0,0,0
400562,1,1,0,0,0,0,0,0,0,0,0,0
400563,1,1,0,0,0,0,0,0,0,0,0,0
400563,2,1,0,0,0,0,0,0,0,0,0,0
400564,0,1,0,0,0,0,0,0,0,0,0,0
400564,1,1,0,0,0,0,0,0,0,0,0,0
400565,1,1,0,0,0,0,0,0,0,0,0,0
400566,1,1,6,6,6,6,6,6,6,6,6,6
400567,1,1,0,0,0,0,0,0,0,0,0,0
400567,2,1,0,0,0,0,0,0,0,0,0,0
400568,1,1,9,9,9,9,9,9,9,9,9,9
400568,2,1,0,0,0,0,0,0,0,0,0,0
400568,3,1,28,0,0,0,0,0,0,0,0,0
400569,1,1,0,0,0,0,0,0,0,0,0,0
400569,2,1,0,0,0,0,0,0,0,0,0,0
400570,1,1,0,0,0,0,0,0,0,0,0,0
400570,2,1,0,0,0,15,0,0,0,0,0,0
400570,3,1,0,0,0,0,0,0,0,0,0,0
400571,1,1,0,0,0,0,0,0,0,0,0,0
400572,1,1,0,0,0,0,0,0,0,0,0,0
400572,2,1,0,0,0,0,0,0,0,0,0,0
400573,1,1,0,0,0,0,0,0,0,0,0,0
400574,1,1,0,0,0,0,0,0,0,0,0,0
400574,2,1,0,0,0,0,0,0,0,0,0,0
400575,1,1,0,0,0,0,0,0,0,0,0,0
400576,1,1,0,0,0,0,0,0,0,0,0,0
400576,2,1,0,0,0,0,0,0,0,0,0,0
400577,1,1,0,0,0,0,0,0,0,0,0,0
400577,2,1,23,23,23,23,23,23,23,23,23,23
400578,1,1,18,18,18,18,18,18,18,18,18,18
400579,1,1,0,0,0,0,0,0,0,0,0,0
400580,1,1,0,0,0,0,0,0,0,0,0,0
400580,2,1,0,0,0,0,0,0,0,0,0,0
400581,1,1,0,0,0,0,0,0,0,0,0,0
400581,2,1,0,0,0,0,0,0,0,0,0,0
400582,1,1,0,0,0,0,0,0,0,0,0,0
400582,2,1,0,0,0,0,0,0,0,0,0,0
400583,1,1,23,23,23,23,23,23,23,23,23,23
400584,1,1,0,0,0,0,0,0,0,0,0,0
400584,2,1,0,0,0,0,0,0,0,0,0,0
400585,1,1,0,0,0,0,0,0,0,0,0,0
400585,2,1,0,0,0,0,0,0,0,0,0,0
400586,1,1,0,0,0,0,0,0,0,0,0,0
400586,2,1,0,0,0,0,0,0,0,0,0,0
400587,0,1,0,0,0,0,0,0,0,0,0,0
400587,1,1,0,0,0,0,0,0,0,0,0,0
400588,1,1,0,0,0,0,0,0,0,0,0,0
400588,2,1,5,5,5,5,5,5,5,5,5,5
400589,1,1,13,13,13,13,13,13,13,13,13,13
400590,1,1,0,0,0,0,0,0,0,0,0,0
400590,2,1,0,0,0,0,0,0,0,0,0,0
400591,1,1,0,0,0,0,0,0,0,0,0,0
400591,2,1,0,0,0,0,0,0,0,0,0,0
400592,1,1,0,0,10,21,0,0,0,0,0,28
400593,1,1,0,0,0,0,0,0,0,0,0,0
400593,2,1,0,0,0,0,0,0,0,0,0,0
400594,1,1,18,18,18,18,18,18,18,18,18,18
400595,1,1,9,15,12,19,30,18,11,35,15,17
400596,1,1,33,0,29,0,0,0,0,0,0,0
400596,2,1,0,0,0,0,0,0,0,0,0,0
400597,1,1,0,0,0,0,0,0,0,0,0,0
400597,2,1,0,0,0,0,0,0,0,0,0,0
400597,3,1,0,0,0,0,0,6,0,0,0,0
400598,1,1,0,0,0,0,0,0,0,0,0,0
400598,2,1,2,2,2,2,2,2,2,2,2,2
400599,1,1,0,0,0,0,0,0,0,0,0,0
400599,2,1,0,0,0,0,0,0,0,0,0,0
400600,1,1,4,4,4,4,4,4,4,4,4,4
400601,1,1,0,0,0,0,0,0,0,0,0,0
400601,2,1,0,0,0,0,0,0,0,0,0,0
400603,0,1,0,0,0,0,0,0,0,0,0,0
400603,1,1,0,0,0,0,0,0,0,0,0,0
400604,1,1,27,27,27,27,27,27,27,27,27,27
400605,1,1,13,13,13,13,13,13,13,13,13,13
400606,0,1,0,0,0,0,0,0,0,0,0,0
400606,1,1,0,0,0,0,0,0,0,0,0,0
400607,1,1,14,9,19,35,22,28,22,18,15,22
400608,1,1,0,0,0,0,0,0,0,0,0,0
400608,2,1,0,0,0,0,0,0,0,0,0,0
400609,1,1,0,0,0,0,0,0,0,0,0,0
400610,0,1,6,6,6,6,6,6,6,6,6,6
400610,1,1,0,0,0,0,0,0,0,0,0,0
400611,1,1,0,0,0,0,0,0,0,0,0,0
400612,1,1,29,29,29,29,29,29,29,29,29,29
400612,2,1,0,0,0,0,0,0,0,0,0,0
400612,3,1,0,0,0,0,3,0,0,0,0,0
400612,4,1,9,0,0,0,0,0,0,0,0,0
400612,5,1,0,0,0,0,0,0,0,15,0,0
400612,6,1,18,0,0,0,0,0,0,0,0,0
400612,7,1,0,0,0,0,0,0,17,0,0,0
400612,8,1,0,0,0,19,0,0,0,10,0,0
400612,9,1,0,0,0,0,0,0,0,0,0,0
400613,1,1,14,14,14,14,14,14,14,14,14,14
400613,2,1,0,0,0,0,0,0,0,0,0,0
400614,1,1,5,5,5,5,5,5,5,5,5,5
400614,2,1,0,0,12,0,0,0,0,0,25,0
400616,1,1,0,0,0,0,0,0,0,0,0,0
400617,1,1,0,0,0,0,0,0,0,0,0,0
400618,1,1,0,0,0,0,0,0,0,0,0,0
400618,2,1,0,0,0,0,0,0,0,0,0,0
400619,1,1,0,0,0,0,0,0,0,0,0,0
400620,1,1,0,0,0,0,0,0,0,0,0,0
400620,2,1,0,0,0,0,0,0,0,0,0,0
410001,1,1,0,0,0,0,0,0,0,0,0,0
410001,2,1,0,0,0,0,0,0,3,0,0,0
410002,1,1,0,0,0,0,0,0,0,0,0,0
410003,0,1,0,0,0,0,0,0,0,0,0,0
410003,0,2,0,0,0,0,0,0,0,0,0,0
410003,1,1,0,0,0,11,19,0,16,0,0,0
410004,0,1,34,34,34,34,34,34,34,34,34,34
410004,1,1,0,0,0,0,0,0,0,8,0,0
410005,1,1,0,0,0,0,0,0,0,0,0,0
410006,1,1,0,0,0,0,0,0,0,0,0,0
410006,2,1,0,25,0,0,0,0,0,0,0,0
410007,1,1,0,0,0,0,0,0,0,0,0,0
410008,1,1,0,0,0,0,0,0,0,0,0,0
410008,2,1,0,0,0,0,0,0,0,0,0,0
410009,1,1,37,37,37,37,37,37,37,37,37,37
410010,0,1,0,0,0,0,0,0,0,0,0,0
410010,1,1,0,0,0,0,0,0,0,0,0,0
410011,1,1,22,22,22,22,22,22,22,22,22,22
410012,1,1,0,0,0,0,0,0,9,0,37,0
410013,0,1,0,0,0,0,0,0,0,0,0,0
410013,1,1,0,0,0,0,0,0,0,0,0,0
410014,0,1,0,0,0,0,0,36,20,0,0,0
410014,0,2,0,0,0,0,0,0,0,27,0,0
410014,1,1,21,21,21,21,21,21,21,21,21,21
410015,1,1,0,0,0,0,0,0,0,0,0,0
410016,0,1,33,33,33,33,33,33,33,33,33,33
410016,1,1,0,0,0,0,0,0,0,0,0,0
410017,1,1,25,25,25,25,25,25,25,25,25,25
410017,2,1,0,0,0,0,0,0,0,0,0,0
410018,1,1,16,16,16,16,16,16,16,16,16,16
410019,1,1,0,0,0,0,0,0,0,0,0,0
410020,1,1,0,0,0,0,0,0,0,0,0,0
410020,2,1,0,0,0,0,0,0,0,0,0,0
410021,1,1,0,0,0,0,0,0,0,0,0,0
410022,1,1,9,9,9,9,9,9,9,9,9,9
410022,2,1,0,0,0,0,0,0,0,0,0,0
410023,0,1,30,30,30,30,30,30,30,30,30,30
410023,1,1,0,13,11,0,13,0,0,5,0,0
410024,0,1,22,22,22,22,22,22,22,22,22,22
410024,1,1,0,0,0,0,22,0,0,0,0,0
410025,1,1,0,0,0,0,0,0,0,0,0,0
410026,1,1,20,20,20,20,20,20,20,20,20,20
410027,1,1,0,0,0,0,0,0,0,0,0,0
410028,1,1,25,25,25,25,25,25,25,25,25,25
410029,1,1,13,13,13,13,13,13,13,13,13,13
410030,1,1,21,21,21,21,21,21,21,21,21,21
410030,2,1,0,0,0,0,0,0,0,0,0,0
410031,1,1,26,26,26,26,26,26,26,26,26,26
410031,2,1,0,0,0,0,0,0,0,0,0,0
410032,1,1,0,0,0,0,0,0,0,0,0,0
410032,2,1,0,0,0,0,0,0,0,0,0,0
410033,1,1,0,0,0,0,0,0,0,0,0,0
410034,0,1,34,34,34,34,34,34,34,34,34,34
410034,1,1,0,0,0,0,0,0,0,0,0,0
410035,1,1,6,6,6,6,6,6,6,6,6,6
410035,2,1,0,0,0,0,0,0,0,0,0,0
410036,0,1,17,17,17,17,17,17,17,17,17,17
410036,1,1,0,0,0,0,0,0,0,0,0,0
410037,1,1,0,0,0,0,0,0,0,0,0,0
410038,0,1,3,11,40,0,0,0,0,0,0,0
410038,0,2,0,0,0,0,0,0,0,0,0,0
410038,0,3,0,0,0,0,0,0,0,0,0,0
410038,0,4,0,0,0,0,0,18,0,0,0,0
410038,1,1,20,9,22,29,0,19,9,18,5,0
410039,1,1,0,0,0,0,0,0,0,0,0,0
410039,2,1,0,0,0,0,0,0,0,0,0,0
410040,1,1,0,0,0,0,0,0,0,0,0,0
410040,2,1,0,0,0,0,0,0,0,0,0,0
410040,3,1,0,0,0,0,0,0,0,0,0,0
410041,1,1,0,0,0,0,0,0,0,0,0,0
410041,2,1,37,37,37,37,37,37,37,37,37,37
410041,3,1,0,0,0,0,13,0,0,0,0,0
410042,1,1,0,0,0,0,0,0,0,0,0,0
410043,0,1,0,0,0,0,0,0,0,0,0,0
410043,1,1,0,0,0,0,0,0,0,0,0,0
410044,1,1,0,0,0,0,0,0,0,0,0,0
410045,0,1,35,35,35,35,35,35,35,35,35,35
410045,1,1,0,0,0,0,0,0,0,0,9,0
410046,1,1,0,0,0,0,0,0,0,0,0,0
410046,2,1,0,0,0,0,0,0,0,0,0,0
410047,1,1,0,0,0,0,0,0,0,0,0,0
410048,1,1,12,12,12,12,12,12,12,12,12,12
410049,1,1,23,23,23,23,23,23,23,23,23,23
410049,2,1,0,0,0,0,0,0,0,0,0,0
410049,3,1,0,0,0,0,0,0,0,0,0,0
410050,1,1,0,0,0,0,0,0,0,0,0,0
410051,0,1,0,0,0,0,0,0,0,0,0,0
410051,1,1,0,0,0,0,0,0,0,0,0,0
410052,1,1,0,0,0,0,0,0,0,0,0,0
410052,2,1,0,0,0,0,0,0,0,0,0,0
410053,0,1,30,30,30,30,30,30,30,30,30,30
410053,1,1,15,15,15,15,15,15,15,15,15,15
410054,1,1,0,0,0,0,0,0,0,0,0,0
410055,1,1,0,0,0,0,0,0,0,0,0,0
410055,2,1,0,0,0,0,0,0,0,0,0,0
410056,1,1,17,17,17,17,17,17,17,17,17,17
410056,2,1,0,0,0,11,0,0,0,0,0,0
410057,0,1,25,25,25,25,25,25,25,25,25,25
410057,1,1,0,0,0,0,0,0,0,0,0,0
410058,0,1,0,0,0,0,0,0,0,0,0,0
410058,1,1,0,0,0,0,0,0,0,0,0,0
410059,1,1,0,0,0,0,0,0,0,0,0,0
410061,1,1,0,0,0,0,0,0,0,0,0,0
410062,1,1,21,21,21,21,21,21,21,21,21,21
410063,1,1,27,27,27,27,27,27,27,27,27,27
410063,2,1,0,0,0,0,0,0,0,0,0,0
410064,0,1,0,0,0,0,0,0,0,0,0,0
410064,1,1,0,0,4,0,0,0,0,0,0,0
410065,1,1,0,0,0,0,0,0,0,0,0,0
410065,2,1,0,0,0,0,0,0,0,0,0,0
410065,3,1,24,21,0,0,0,0,0,0,12,0
410065,4,1,0,0,0,0,0,23,0,0,0,0
410065,5,1,0,0,0,0,0,0,0,0,0,0
410065,6,1,9,0,0,0,0,0,0,0,0,0
410065,7,1,0,17,0,0,0,0,0,0,0,9
410066,1,1,0,0,0,0,0,0,0,0,0,0
410066,2,1,0,0,0,0,0,0,0,0,0,0
410066,3,1,0,0,0,0,0,0,0,0,0,0
410067,1,1,16,16,16,16,16,16,16,16,16,16
410068,1,1,14,14,14,14,14,14,14,14,14,14
410070,0,1,8,8,8,8,8,8,8,8,8,8
410070,1,1,0,0,0,0,0,0,0,0,0,0
410071,1,1,0,0,0,0,0,0,0,0,0,0
410071,2,1,0,0,0,0,0,0,0,0,0,0
410072,1,1,0,0,0,0,0,0,0,0,0,0
410072,2,1,0,0,0,0,0,0,0,0,0,0
410072,3,1,0,0,0,0,0,0,0,0,0,0
410073,1,1,0,0,0,0,0,0,0,0,0,0
410073,2,1,0,0,0,0,0,0,0,0,0,0
410074,1,1,0,0,0,0,0,0,0,0,0,0
410074,2,1,0,0,0,0,0,0,0,0,0,0
410075,1,1,15,15,15,15,15,15,15,15,15,15