ST_CASE,VEH_NO,PER_NO,P1,P2,P3,P4,P5,P6,P7,P8,P9,P10
410076,0,1,17,17,17,17,17,17,17,17,17,17
410076,1,1,6,6,6,6,6,6,6,6,6,6
410077,1,1,8,8,8,8,8,8,8,8,8,8
410078,1,1,5,5,5,5,5,5,5,5,5,5
410079,1,1,0,0,0,0,0,0,0,0,0,0
410079,2,1,0,0,0,0,0,0,0,0,0,0
410079,3,1,0,0,0,0,0,0,0,0,0,0
410080,1,1,0,0,0,0,0,0,0,0,0,0
410080,2,1,0,0,0,0,0,0,0,0,0,0
410082,1,1,20,20,20,20,20,20,20,20,20,20
410083,1,1,12,12,12,12,12,12,12,12,12,12
410084,1,1,0,0,0,0,0,0,0,0,0,0
410084,2,1,0,0,0,0,0,0,0,0,0,0
410085,0,1,24,24,24,24,24,24,24,24,24,24
410085,1,1,0,0,0,0,0,0,0,0,0,0
410086,1,1,24,24,24,24,24,24,24,24,24,24
410087,1,1,0,5,3,20,12,13,0,0,0,0
410087,2,1,0,0,0,0,0,0,0,0,0,0
410088,1,1,0,0,0,0,0,0,0,0,0,0
410089,1,1,23,23,23,23,23,23,23,23,23,23
410090,1,1,0,0,0,0,0,0,0,0,0,0
410090,2,1,0,0,0,0,0,0,0,0,0,0
410091,1,1,23,23,23,23,23,23,23,23,23,23
410092,1,1,13,13,13,13,13,13,13,13,13,13
410093,1,1,0,0,0,0,0,0,0,0,0,0
410094,1,1,0,0,0,0,0,0,0,0,0,0
410094,2,1,0,0,0,0,0,0,0,0,0,0
410095,1,1,15,15,15,15,15,15,15,15,15,15
410096,1,1,0,0,0,0,0,0,0,0,0,0
410096,2,1,0,0,0,0,0,0,0,0,0,0
410097,1,1,0,0,0,0,0,0,0,0,0,0
410097,2,1,0,0,0,0,0,0,0,0,0,0
410098,1,1,41,41,41,41,41,41,41,41,41,41
410099,0,1,0,0,0,0,0,0,0,0,0,0
410099,1,1,0,0,0,0,0,0,0,0,0,0
410100,1,1,0,0,0,0,0,0,0,0,0,0
410101,1,1,0,0,0,0,0,0,0,0,0,0
410101,2,1,0,0,0,0,0,0,0,0,0,0
410102,1,1,27,27,27,27,27,27,27,27,27,27
410103,1,1,16,16,16,16,16,16,16,16,16,16
410104,1,1,16,16,16,16,16,16,16,16,16,16
410104,2,1,0,0,0,0,0,0,0,0,0,0
410105,0,1,23,23,23,23,23,23,23,23,23,23
410105,1,1,0,0,0,0,0,0,0,0,0,0
410107,1,1,12,12,12,12,12,12,12,12,12,12
410108,1,1,0,0,0,0,0,0,0,0,0,0
410108,2,1,0,0,0,0,0,0,0,0,0,0
410108,3,1,0,0,0,0,0,0,0,0,0,0
410109,0,1,0,0,0,0,0,0,0,0,0,0
410109,1,1,0,0,0,0,0,0,0,0,0,0
410110,1,1,0,0,0,0,0,0,0,0,0,0
410110,2,1,0,0,0,0,0,0,0,0,0,0
410111,1,1,18,18,18,18,18,18,18,18,18,18
410112,1,1,0,0,0,0,0,0,0,0,0,0
410112,2,1,0,0,0,0,0,0,0,0,0,0
410112,3,1,0,0,0,0,0,9,0,0,0,0
410113,1,1,0,0,0,0,0,0,0,0,14,0
410114,1,1,0,0,0,0,0,0,0,0,0,0
410114,2,1,0,0,0,0,0,0,0,0,0,0
410114,3,1,0,0,0,0,0,0,0,0,0,0
410114,4,1,0,0,0,0,0,0,0,0,0,0
410114,5,1,0,0,0,0,0,0,0,0,0,0
410114,6,1,0,0,0,0,0,0,0,0,0,0
410115,1,1,0,0,0,0,0,0,0,0,0,0
410115,2,1,0,0,0,0,0,0,0,0,0,0
410116,1,1,0,0,0,0,0,0,0,0,0,0
410117,1,1,0,0,0,0,0,0,0,0,0,0
410117,2,1,0,0,0,0,0,0,0,0,0,0
410117,3,1,0,0,0,0,0,0,0,0,0,0
410117,4,1,0,0,0,0,0,0,9,0,0,0
410117,5,1,0,0,5,0,0,0,0,0,0,0
410118,0,1,0,0,0,0,0,0,0,0,0,0
410118,1,1,0,0,0,0,0,0,0,0,0,0
410119,1,1,17,17,17,17,17,17,17,17,17,17
410120,1,1,0,0,0,0,0,0,0,0,0,0
410120,2,1,0,0,0,0,0,0,0,0,0,0
410121,1,1,0,0,0,0,0,0,0,0,0,0
410122,0,1,0,0,0,0,0,0,0,0,0,0
410122,1,1,0,0,0,0,0,0,0,0,0,0
410123,1,1,0,0,0,0,0,0,0,0,0,0
410123,2,1,0,0,0,0,0,0,2,0,0,0
410123,3,1,0,0,0,14,0,0,25,7,0,0
410124,1,1,0,0,0,0,0,0,0,0,0,0
410124,2,1,0,0,0,0,0,0,0,0,0,0
410125,1,1,21,21,21,21,21,21,21,21,21,21
410126,1,1,0,0,0,0,0,0,0,0,0,0
410126,2,1,0,0,0,0,0,0,0,0,0,0
410127,1,1,0,0,0,0,0,0,0,0,0,0
410128,1,1,0,0,0,0,0,0,0,0,0,0
410129,1,1,0,0,0,0,0,0,0,0,0,0
410129,2,1,0,0,0,0,0,0,0,0,0,0
410130,1,1,0,0,0,0,0,0,0,0,0,0
410130,2,1,0,0,0,0,0,0,0,0,0,0
410131,1,1,0,0,0,0,0,0,0,0,0,0
410131,2,1,0,0,0,0,0,0,0,0,0,0
410133,1,1,0,0,0,0,0,0,0,0,0,0
410133,2,1,0,0,0,0,0,0,0,0,0,0
410134,0,1,13,13,13,13,13,13,13,13,13,13
410134,1,1,0,0,0,0,0,0,0,0,25,0
410135,1,1,0,0,0,0,0,0,0,0,0,0
410136,1,1,0,0,0,0,0,0,0,0,0,0
410137,0,1,0,0,0,0,22,0,22,2,0,0
410138,1,1,24,24,24,24,24,24,24,24,24,24
410139,1,1,0,0,0,0,0,0,0,0,0,0
410139,2,1,0,0,0,0,0,0,0,0,0,0
410140,0,1,0,0,0,0,0,0,0,0,0,0
410140,1,1,0,0,2,0,0,0,0,0,0,0
410141,1,1,24,24,24,24,24,24,24,24,24,24
410142,1,1,0,0,0,0,0,0,0,0,0,0
410143,1,1,21,21,21,21,21,21,21,21,21,21
410144,1,1,10,10,10,10,10,10,10,10,10,10
410145,1,1,23,23,23,23,23,23,23,23,23,23
410146,1,1,0,0,0,0,0,0,0,0,0,0
410147,1,1,18,0,0,0,0,18,0,0,0,22
410148,0,1,0,0,0,0,0,0,0,0,0,0
410148,1,1,0,0,0,0,0,0,0,0,0,0
410149,1,1,0,0,0,0,0,0,0,0,0,0
410150,1,1,0,0,0,12,17,0,0,16,15,0
410151,1,1,0,0,0,0,0,0,0,0,0,0
410151,2,1,0,0,8,0,0,0,5,0,0,43
410152,1,1,0,0,0,0,0,0,0,0,0,0
410152,2,1,0,0,0,0,0,0,0,0,0,0
410152,3,1,0,0,0,0,0,0,0,0,0,0
410153,1,1,0,0,0,0,0,0,0,0,0,0
410153,2,1,0,0,0,0,0,0,0,0,0,0
410154,1,1,23,23,23,23,23,23,23,23,23,23
410155,1,1,0,0,0,0,0,0,0,0,0,0
410155,2,1,0,0,0,0,0,0,0,0,0,0
410156,1,1,0,0,0,0,0,0,0,0,0,0
410156,2,1,0,0,0,0,0,0,0,0,0,0
410157,1,1,0,0,0,0,0,0,0,0,0,0
410157,2,1,0,0,0,0,0,0,0,0,0,0
410158,1,1,0,0,0,0,0,0,0,0,0,0
410159,1,1,0,0,0,0,0,0,0,0,0,0
410161,1,1,0,0,0,0,0,0,0,0,0,0
410162,1,1,0,0,10,0,0,0,0,0,0,0
410162,2,1,0,0,0,0,0,0,0,0,0,0
410163,1,1,2,2,2,2,2,2,2,2,2,2
410164,0,1,0,0,0,0,0,0,0,0,0,0
410164,1,1,0,0,0,0,0,0,0,0,0,0
410165,0,1,0,0,0,0,0,0,0,0,0,0
410165,1,1,0,0,0,0,0,0,0,0,0,0
410166,1,1,0,0,16,0,0,0,0,0,0,0
410166,2,1,0,0,0,0,0,0,0,0,0,0
410167,0,1,0,26,0,26,0,0,12,19,21,0
410167,0,2,0,0,0,0,0,0,0,0,0,0
410167,1,1,0,0,0,0,0,0,0,0,0,0
410168,0,1,23,23,23,23,23,23,23,23,23,23
410168,1,1,0,0,0,0,0,0,0,0,0,0
410169,0,1,0,0,0,0,0,0,0,0,0,0
410169,1,1,0,0,0,0,0,0,0,0,0,0
410170,1,1,0,0,0,0,0,0,0,0,0,0
410171,0,1,0,0,0,0,0,0,0,0,0,0
410171,1,1,27,13,0,0,22,15,20,26,0,8
410172,1,1,7,7,7,7,7,7,7,7,7,7
410173,1,1,0,0,0,0,0,0,0,0,0,0
410174,1,1,0,22,0,7,0,0,0,0,0,0
410175,0,1,14,14,14,14,14,14,14,14,14,14
410175,0,2,0,19,0,0,0,0,0,0,0,0
410175,1,1,14,14,14,14,14,14,14,14,14,14
410176,1,1,2,2,2,2,2,2,2,2,2,2
410176,2,1,0,0,0,0,0,0,0,0,0,0
410177,1,1,1,1,1,1,1,1,1,1,1,1
410177,2,1,0,0,0,0,0,0,0,0,0,0
410178,0,1,0,0,0,0,0,0,0,0,0,0
410178,1,1,0,0,0,0,0,0,0,0,0,0
410180,1,1,18,18,18,18,18,18,18,18,18,18
410181,1,1,0,0,0,0,0,0,0,0,0,0
410182,0,1,0,0,0,0,0,0,0,0,0,0
410182,1,1,0,0,0,0,0,0,0,0,0,0
410183,1,1,0,0,0,0,0,0,0,0,0,0
410183,2,1,0,0,0,0,0,0,0,0,0,0
410184,0,1,0,0,0,0,0,0,0,0,0,0
410184,1,1,0,19,0,11,16,6,0,0,0,11
410185,1,1,0,0,0,0,0,0,0,0,0,0
410185,2,1,0,0,0,0,0,0,0,0,0,0
410186,1,1,0,0,0,0,0,0,0,0,0,0
410187,1,1,2,2,2,2,2,2,2,2,2,2
410187,2,1,0,0,0,0,0,0,0,0,0,0
410188,1,1,0,0,0,0,0,0,0,0,0,0
410189,0,1,12,12,12,12,12,12,12,12,12,12
410189,1,1,15,15,15,15,15,15,15,15,15,15
410190,1,1,25,25,25,25,25,25,25,25,25,25
410191,1,1,0,0,0,0,0,0,0,0,0,0
410192,1,1,0,0,0,0,0,0,0,0,0,0
410192,2,1,0,0,0,0,0,0,0,0,0,0
410193,1,1,6,6,6,6,6,6,6,6,6,6
410194,1,1,0,0,0,0,0,0,0,0,0,0
410194,2,1,0,0,0,0,0,0,0,0,0,0
410195,1,1,26,26,26,26,26,26,26,26,26,26
410196,1,1,0,0,0,0,0,0,0,0,0,0
410197,0,1,0,0,0,0,0,0,0,0,0,0
410197,1,1,0,0,0,0,0,0,0,0,0,0
410198,1,1,19,19,19,19,19,19,19,19,19,19
410198,2,1,0,0,0,0,0,0,0,0,0,0
410199,1,1,0,0,0,0,0,0,0,0,0,0
410199,2,1,0,0,0,0,0,0,0,0,0,0
410200,1,1,0,0,0,0,0,22,0,0,9,0
410201,1,1,17,17,17,17,17,17,17,17,17,17
410202,1,1,21,21,21,21,21,21,21,21,21,21
410203,1,1,0,0,0,0,0,0,0,0,0,0
410203,2,1,0,0,0,0,0,0,0,0,0,0
410204,1,1,18,18,18,18,18,18,18,18,18,18
410205,0,1,0,0,0,0,0,0,0,0,0,0
410205,1,1,0,0,0,0,0,0,0,0,0,0
410206,1,1,12,12,12,12,12,12,12,12,12,12
410207,1,1,0,0,0,0,0,0,0,0,0,0
410207,2,1,0,0,0,0,0,0,0,2,0,0
410207,3,1,29,0,0,0,0,0,0,0,0,0
410208,1,1,0,0,0,0,0,0,0,0,0,0
410208,2,1,0,0,0,0,0,0,0,0,0,0
410209,1,1,21,21,21,21,21,21,21,21,21,21
410209,2,1,0,0,0,0,0,0,0,0,0,0
410209,3,1,0,0,0,0,0,0,0,0,0,0
410210,1,1,18,18,18,18,18,18,18,18,18,18
410211,1,1,0,0,0,0,0,0,0,0,0,0
410212,1,1,26,26,26,26,26,26,26,26,26,26
410213,1,1,17,17,17,17,17,17,17,17,17,17
410214,1,1,7,7,7,7,7,7,7,7,7,7
410215,1,1,1,1,1,1,1,1,1,1,1,1
410216,1,1,0,0,0,0,0,0,0,0,0,0
410216,2,1,0,0,0,0,0,0,0,0,0,0
410217,1,1,0,0,0,0,0,0,0,0,0,0
410218,0,1,0,0,0,0,0,0,0,0,0,0
410218,1,1,0,14,0,0,0,0,0,0,0,0
410219,1,1,12,12,12,12,12,12,12,12,12,12
410220,1,1,19,19,19,19,19,19,19,19,19,19
410221,1,1,0,0,0,0,0,0,0,0,0,0
410222,1,1,16,16,16,16,16,16,16,16,16,16
410223,1,1,0,0,0,0,0,0,0,0,0,0
410224,1,1,1,1,1,1,1,1,1,1,1,1
410224,2,1,0,0,0,0,0,0,0,0,0,0
410225,1,1,0,0,0,0,0,0,0,0,0,0
410226,1,1,20,20,20,20,20,20,20,20,20,20
410227,1,1,0,0,0,0,0,0,0,0,0,0
410228,0,1,0,0,0,0,0,0,0,0,0,0
410228,1,1,0,0,0,0,0,0,0,0,0,0
410229,1,1,0,0,0,0,0,0,0,0,0,0
410229,2,1,0,0,0,0,0,0,0,0,0,0
410230,0,1,0,0,0,0,0,0,0,0,0,0
410230,1,1,0,0,0,0,0,0,0,0,0,0
410231,1,1,17,17,17,17,17,17,17,17,17,17
410231,2,1,0,0,0,0,0,0,0,0,0,0
410232,1,1,0,0,0,0,0,0,0,0,0,0
410233,0,1,0,0,0,0,0,0,0,0,0,0
410233,1,1,0,0,0,0,0,0,0,0,0,0
410234,1,1,12,12,12,12,12,12,12,12,12,12
410235,1,1,21,21,21,21,21,21,21,21,21,21
410236,1,1,0,0,0,0,0,0,0,0,0,0
410236,2,1,0,0,0,10,0,0,0,0,0,0
410237,1,1,13,0,0,0,0,0,0,0,0,0
410238,0,1,0,0,0,0,0,0,0,0,0,0
410238,1,1,31,20,16,0,0,21,0,22,16,19
410239,1,1,0,0,0,0,0,0,0,0,0,0
410240,1,1,0,0,0,0,0,0,0,0,0,0
410241,1,1,0,0,0,0,0,0,0,0,0,0
410241,2,1,0,0,0,0,0,0,0,0,0,0
410242,1,1,0,0,0,0,0,0,0,7,0,4
410242,2,1,0,0,0,0,0,0,0,0,0,0
410244,1,1,0,0,0,0,0,0,0,0,0,0
410245,1,1,0,0,9,0,22,0,0,0,0,0
410246,0,1,30,28,19,22,26,25,9,30,23,19
410246,1,1,0,0,0,0,0,12,0,0,0,0
410247,1,1,18,18,18,18,18,18,18,18,18,18
410248,1,1,17,17,17,17,17,17,17,17,17,17
410248,2,1,0,0,0,0,0,0,0,0,0,0
410249,1,1,0,0,0,0,0,0,0,0,0,0
410249,2,1,0,0,0,0,0,0,0,0,0,0
410250,1,1,0,0,0,0,0,0,0,0,0,0
410250,2,1,0,0,0,3,0,0,0,0,0,0
410251,1,1,0,0,0,0,0,0,0,0,0,0
410252,0,1,0,0,0,0,0,0,0,0,0,0
410252,1,1,0,13,19,0,0,0,16,16,11,0
410253,1,1,1,1,1,1,1,1,1,1,1,1
410253,2,1,0,0,0,0,0,0,0,0,0,0
410254,1,1,28,28,28,28,28,28,28,28,28,28
410255,1,1,0,0,0,0,0,0,0,0,0,0
410256,1,1,0,0,0,0,0,0,0,0,0,0
410256,2,1,0,10,0,0,0,0,0,0,0,0
410257,1,1,0,0,0,0,0,0,0,0,0,0
410257,2,1,0,0,0,0,0,0,0,0,0,0
410258,1,1,7,7,7,7,7,7,7,7,7,7
410258,2,1,0,0,0,0,0,0,0,0,0,0
410259,1,1,23,23,23,23,23,23,23,23,23,23
410260,1,1,0,0,0,0,0,0,0,0,0,0
410260,2,1,0,0,0,0,0,0,0,0,0,0
410261,1,1,13,13,13,13,13,13,13,13,13,13
410262,1,1,0,0,0,0,0,0,0,0,0,0
410263,1,1,0,0,0,0,0,0,0,0,0,0
410263,2,1,0,0,0,0,0,0,0,0,0,0
410264,0,1,0,0,0,0,0,0,0,0,0,0
410264,1,1,0,0,0,0,0,0,0,0,0,0
410265,1,1,1,1,1,1,1,1,1,1,1,1
410265,2,1,0,0,0,0,0,0,0,0,0,0
410266,1,1,0,0,0,0,0,0,0,0,0,0
410266,2,1,0,0,0,0,0,0,0,0,0,0
410267,1,1,0,0,0,0,0,0,0,0,0,0
410268,0,1,14,14,14,14,14,14,14,14,14,14
410268,1,1,15,15,15,15,15,15,15,15,15,15
410269,1,1,0,0,0,0,0,0,0,0,0,0
410269,2,1,0,0,0,0,0,0,0,0,0,0
410270,1,1,0,0,0,0,0,0,0,0,0,0
410271,1,1,0,0,0,0,0,0,0,0,0,0
410272,1,1,0,0,0,0,0,0,0,0,0,0
410273,1,1,25,0,0,0,0,0,29,29,8,0
410274,0,1,0,0,0,0,0,0,0,0,0,0
410274,1,1,0,0,0,0,0,0,0,0,0,0
410275,1,1,0,0,0,0,0,0,0,0,0,0
410275,2,1,0,0,0,0,0,0,0,0,0,0
410276,1,1,0,0,0,0,0,0,0,0,0,0
410276,2,1,0,0,0,0,0,0,0,0,0,0
410277,1,1,0,0,0,0,0,0,0,0,0,0
410277,2,1,0,0,0,0,0,0,0,0,0,0
410277,3,1,3,3,3,3,3,3,3,3,3,3
410278,1,1,28,28,28,28,28,28,28,28,28,28
410279,0,1,0,0,0,0,0,0,0,0,0,0
410279,1,1,0,0,0,0,0,0,0,0,0,0
410280,1,1,22,22,22,22,22,22,22,22,22,22
410281,1,1,19,19,19,19,19,19,19,19,19,19
410281,2,1,0,0,0,0,0,0,0,0,0,0
410282,1,1,0,0,0,0,0,0,0,0,0,0
410282,2,1,0,0,0,0,0,0,0,0,0,0
410283,1,1,0,0,0,0,0,0,0,0,0,0
410284,0,1,0,0,0,0,0,0,0,0,0,0
410284,1,1,0,0,0,0,0,0,0,0,0,0
410285,1,1,13,13,13,13,13,13,13,13,13,13
410285,2,1,0,0,0,0,0,0,0,0,0,0
410286,0,1,0,0,0,0,0,0,0,0,0,0
410286,1,1,0,0,0,0,0,0,0,0,0,0
410287,1,1,22,22,22,22,22,22,22,22,22,22
410288,1,1,0,0,0,0,0,0,0,0,0,0
410289,1,1,0,0,0,0,0,0,0,0,0,0
410289,2,1,0,0,0,0,0,0,0,0,0,0
410290,0,1,0,0,0,0,0,0,0,0,0,0
410290,1,1,0,0,0,0,0,0,0,0,0,0
410291,1,1,0,0,22,0,0,0,0,0,0,0
410292,1,1,0,0,0,0,0,0,0,0,0,0
410293,1,1,8,8,8,8,8,8,8,8,8,8
410294,1,1,0,0,0,0,0,0,0,0,0,0
410295,1,1,18,18,18,18,18,18,18,18,18,18
410295,2,1,0,0,0,0,0,0,0,0,0,0
410296,1,1,1,1,1,1,1,1,1,1,1,1
410297,0,1,0,0,0,0,0,0,0,0,0,0
410297,1,1,0,0,0,0,0,0,0,0,0,0
410298,1,1,0,0,0,0,0,0,0,0,0,0
410299,1,1,26,26,26,26,26,26,26,26,26,26
410300,0,1,0,0,0,0,0,0,0,0,0,0
410300,1,1,0,0,0,0,0,0,0,0,0,0
410301,1,1,20,20,20,20,20,20,20,20,20,20
410302,1,1,0,0,0,0,0,0,0,0,0,0
410303,1,1,0,0,0,0,0,0,0,0,0,0
410304,1,1,0,0,0,0,0,0,0,0,0,0
410305,1,1,0,0,0,0,0,0,0,0,0,0
410306,1,1,0,0,0,0,0,0,0,0,0,0
410307,0,1,0,0,0,0,0,0,0,0,0,0
410307,1,1,0,0,0,0,0,0,0,0,0,0
410308,1,1,18,18,18,18,18,18,18,18,18,18
410309,0,1,10,10,10,10,10,10,10,10,10,10
410309,1,1,0,0,0,0,0,0,0,0,0,0
410310,1,1,0,0,0,0,0,0,0,0,0,0
410311,0,1,24,24,24,24,24,24,24,24,24,24
410311,1,1,0,0,0,0,0,0,0,0,0,0
410312,1,1,0,0,0,0,0,0,0,0,0,0
410312,2,1,0,0,0,0,0,0,0,0,0,0
410313,1,1,0,0,0,10,17,0,0,19,0,0
410314,1,1,0,0,0,0,0,0,0,0,0,0
410315,0,1,0,0,0,0,0,0,0,0,0,0
410315,1,1,0,0,0,0,0,0,0,0,0,0
410316,1,1,0,0,0,0,0,9,0,0,0,7
410317,1,1,0,0,0,0,0,0,0,0,0,0
410317,2,1,22,22,22,22,22,22,22,22,22,22
410318,1,1,0,19,15,4,0,17,0,2,12,7
420001,1,1,27,27,27,27,27,27,27,27,27,27
420002,1,1,0,13,0,32,27,13,14,22,17,0
420003,1,1,16,16,16,16,16,16,16,16,16,16
420004,1,1,0,0,0,0,0,0,0,0,0,0
420005,1,1,0,0,0,0,0,0,0,0,0,0
420006,1,1,0,0,0,0,0,0,0,0,0,0
420007,1,1,0,0,0,0,0,0,0,0,0,0
420008,1,1,0,0,0,0,0,0,0,0,0,0
420009,1,1,0,0,0,0,0,0,0,0,0,0
420010,1,1,0,0,0,0,0,0,0,0,0,0
420010,2,1,0,0,0,0,0,0,0,0,0,0
420011,1,1,0,0,0,0,0,0,0,0,0,0
420012,1,1,11,11,11,11,11,11,11,11,11,11
420013,1,1,0,0,0,0,0,0,0,0,0,0
420014,1,1,0,0,0,0,0,0,0,0,0,0
420014,2,1,0,0,0,0,0,0,0,0,0,0
420015,1,1,0,0,0,12,0,19,5,0,18,17
420015,2,1,0,0,0,0,0,0,0,0,0,0
420015,3,1,0,0,0,0,0,0,0,0,0,0
420016,1,1,0,0,0,0,0,0,0,0,0,0
420016,2,1,0,0,0,0,0,0,0,0,0,0
420016,3,1,0,0,0,0,0,0,0,0,0,0
420016,4,1,0,0,0,0,0,0,0,0,0,0
420016,5,1,0,0,0,0,0,0,0,0,0,12
420017,1,1,14,14,14,14,14,14,14,14,14,14
420018,1,1,27,27,27,27,27,27,27,27,27,27
420019,0,1,14,14,14,14,14,14,14,14,14,14
420019,1,1,0,0,0,0,0,0,0,0,0,0
420020,1,1,26,26,26,26,26,26,26,26,26,26
420021,1,1,2,2,2,2,2,2,2,2,2,2
420022,1,1,22,22,22,22,22,22,22,22,22,22
420023,1,1,0,0,0,0,0,0,0,0,0,0
420024,1,1,0,0,0,0,0,34,0,0,0,18
420024,2,1,0,0,0,0,0,0,0,0,0,26
420025,1,1,14,0,0,0,13,0,0,0,0,0
420026,1,1,0,0,0,0,0,0,0,0,0,0
420026,2,1,0,0,0,0,0,0,0,0,0,0
420027,1,1,0,0,0,0,0,0,0,0,0,0
420027,2,1,0,0,0,0,0,0,0,0,0,0
420028,0,1,5,10,20,0,34,22,4,12,35,48
420028,1,1,0,0,0,0,0,0,0,0,0,0
420029,1,1,29,29,29,29,29,29,29,29,29,29
420030,1,1,0,0,0,0,0,0,0,0,0,0
420031,1,1,0,0,0,0,0,0,0,0,0,0
420031,2,1,0,0,0,0,0,0,0,0,0,0
420032,0,1,0,7,0,0,0,0,0,0,0,0
420032,1,1,0,0,0,0,0,0,0,0,0,0
420033,1,1,15,15,15,15,15,15,15,15,15,15
420034,1,1,0,0,0,0,0,0,0,0,0,0
420034,2,1,0,0,0,0,0,0,0,0,0,0
420035,1,1,0,0,0,0,0,0,0,0,0,0
420035,2,1,0,0,0,0,0,0,0,0,0,0
420036,1,1,0,0,0,0,0,0,0,0,0,0
420036,2,1,0,0,0,0,0,0,0,0,0,11
420037,0,1,0,0,0,0,0,0,0,0,0,0
420037,1,1,9,9,9,9,9,9,9,9,9,9
420038,1,1,0,0,0,0,0,0,0,0,0,0
420038,2,1,0,0,0,0,0,0,0,0,0,0
420039,0,1,26,26,26,26,26,26,26,26,26,26
420039,1,1,16,16,16,16,16,16,16,16,16,16
420040,1,1,20,17,20,11,15,10,17,18,15,31
420040,2,1,0,0,0,0,0,0,0,0,0,0
420041,1,1,0,0,0,0,0,0,0,0,0,0
420042,1,1,0,0,0,0,0,0,0,0,0,0
420043,1,1,0,0,0,0,0,0,0,0,0,0
420044,1,1,32,32,32,32,32,32,32,32,32,32
420045,1,1,0,0,0,0,0,0,0,0,0,0
420046,1,1,0,0,0,0,0,0,0,0,0,0
420047,1,1,9,9,9,9,9,9,9,9,9,9
420048,0,1,0,0,0,0,0,0,0,0,0,0
420048,1,1,13,10,14,21,0,14,26,0,0,0
420048,2,1,0,5,14,26,0,0,13,0,27,2
420049,1,1,27,27,27,27,27,27,27,27,27,27
420050,0,1,16,16,16,16,16,16,16,16,16,16
420050,1,1,0,0,13,14,30,0,6,0,0,0
420050,2,1,40,22,0,18,0,0,0,0,30,13
420051,1,1,0,0,0,0,0,0,0,0,0,0
420052,1,1,0,0,0,0,0,0,0,0,0,0
420052,2,1,0,0,0,0,29,0,0,0,0,0
420053,1,1,0,0,0,0,0,0,0,0,0,0
420053,2,1,0,0,0,0,0,0,10,0,0,0
420054,1,1,18,18,18,18,18,18,18,18,18,18
420055,1,1,0,0,0,0,0,0,0,0,0,0
420056,1,1,0,0,0,10,0,0,0,0,0,0
420057,1,1,0,0,0,0,0,0,0,0,0,0
420057,2,1,0,0,0,0,0,0,0,0,0,0
420058,1,1,0,0,0,0,0,0,0,0,0,0
420059,1,1,15,15,15,15,15,15,15,15,15,15
420060,1,1,0,0,0,0,0,0,0,0,0,0
420061,1,1,0,0,0,0,0,0,0,0,0,0
420062,0,1,0,0,0,0,0,0,0,0,0,0
420062,1,1,0,0,0,0,0,0,0,0,0,0
420063,1,1,27,27,27,27,27,27,27,27,27,27
420064,0,1,0,0,0,0,0,0,0,0,0,0
420064,1,1,0,0,0,10,0,0,4,0,0,0
420065,0,1,17,17,17,17,17,17,17,17,17,17
420065,1,1,0,0,0,0,0,0,0,0,0,0
420066,1,1,16,16,16,16,16,16,16,16,16,16
420067,1,1,0,0,0,0,0,0,0,0,0,0
420068,1,1,0,0,0,0,0,0,0,0,0,0
420069,1,1,0,0,0,0,0,0,0,0,0,0
420070,1,1,22,22,22,22,22,22,22,22,22,22
420071,1,1,23,23,23,23,23,23,23,23,23,23
420072,1,1,14,14,14,14,14,14,14,14,14,14
420073,1,1,20,20,20,20,20,20,20,20,20,20
420074,0,1,0,0,0,0,0,0,0,0,0,0
420074,1,1,0,0,0,0,0,0,0,0,0,0
420075,0,1,32,32,32,32,32,32,32,32,32,32
420075,1,1,16,16,16,16,16,16,16,16,16,16
420076,0,1,0,0,0,0,0,0,0,0,0,0
420076,1,1,0,0,0,0,0,0,0,0,0,0
420077,0,1,0,7,0,8,0,9,0,0,0,0
420077,1,1,0,0,0,0,0,0,0,0,0,0
420078,1,1,19,19,19,19,19,19,19,19,19,19
420079,1,1,0,0,0,0,0,0,0,0,0,0
420080,1,1,0,0,0,0,0,0,0,0,0,0
420080,2,1,0,0,0,0,0,0,0,0,0,0
420081,1,1,0,0,0,0,0,0,0,0,0,0
420081,2,1,0,0,0,0,0,0,0,0,0,0
420082,1,1,0,0,0,0,0,0,0,0,0,0
420082,2,1,0,0,0,0,0,0,0,0,0,0
420083,1,1,0,0,0,0,0,0,8,0,0,0
420083,2,1,0,0,0,0,0,0,0,0,0,0
420084,1,1,16,16,16,16,16,16,16,16,16,16
420084,2,1,0,0,0,0,0,0,0,0,0,0
420085,1,1,21,21,21,21,21,21,21,21,21,21
420085,2,1,0,0,0,0,0,0,0,0,0,0
420086,1,1,18,0,0,0,0,0,0,0,0,0
420087,1,1,1,1,1,1,1,1,1,1,1,1
420087,2,1,0,0,0,0,0,0,0,0,18,0
420088,0,1,0,0,0,0,0,0,0,0,0,0
420088,1,1,0,0,0,0,0,0,0,0,0,0
420089,0,1,0,0,0,0,0,0,0,0,0,0
420089,1,1,0,0,0,0,0,0,0,0,0,0
420090,1,1,19,19,19,19,19,19,19,19,19,19
420091,1,1,0,0,0,0,0,0,0,0,0,0