ST_CASE,VEH_NO,PER_NO,P1,P2,P3,P4,P5,P6,P7,P8,P9,P10
420091,2,1,0,0,0,0,0,0,0,0,0,0
420092,1,1,0,0,0,0,0,0,0,0,0,0
420092,2,1,0,0,0,0,0,0,0,0,0,0
420093,1,1,0,0,0,0,0,0,0,0,0,0
420093,2,1,0,0,0,0,0,0,0,0,0,0
420094,0,1,0,0,0,0,0,0,0,0,0,0
420094,1,1,0,0,0,0,0,0,0,0,0,0
420095,0,1,13,13,13,13,13,13,13,13,13,13
420095,1,1,16,4,12,27,10,30,7,19,0,6
420096,1,1,0,0,0,0,0,0,0,0,0,0
420096,2,1,0,0,0,0,0,0,0,0,0,0
420097,0,1,22,22,22,22,22,22,22,22,22,22
420097,1,1,2,0,0,0,0,0,0,0,0,0
420098,1,1,0,0,0,0,0,0,0,0,0,0
420098,2,1,0,0,0,0,0,0,8,0,0,11
420099,1,1,0,0,0,0,0,0,0,0,0,0
420099,2,1,0,0,0,0,0,0,0,0,0,0
420100,0,1,14,0,0,0,14,0,2,0,0,0
420100,1,1,0,0,0,0,0,0,0,0,0,0
420101,1,1,0,0,0,0,0,0,0,0,0,0
420101,2,1,0,0,0,0,0,0,0,0,0,0
420102,1,1,0,0,0,0,0,0,0,0,0,0
420102,2,1,0,0,0,0,0,0,0,0,0,0
420103,0,1,38,38,38,38,38,38,38,38,38,38
420103,1,1,22,0,0,0,0,0,0,0,0,0
420104,1,1,6,6,6,6,6,6,6,6,6,6
420104,2,1,0,0,0,0,0,0,0,0,0,0
420105,1,1,0,0,0,0,0,0,0,14,0,0
420105,2,1,0,0,0,0,0,0,0,0,0,0
420106,1,1,0,0,0,0,0,0,0,0,0,0
420107,1,1,0,10,0,21,24,0,7,0,0,0
420107,2,1,0,0,0,0,0,0,0,0,0,0
420108,1,1,0,0,0,0,0,0,0,0,0,0
420108,2,1,0,0,0,0,0,0,0,0,0,0
420109,1,1,0,0,0,0,0,0,0,0,0,0
420110,1,1,0,0,0,0,0,0,0,0,0,0
420110,2,1,0,0,0,0,0,0,0,0,0,0
420111,1,1,0,0,0,0,0,0,0,0,0,0
420112,1,1,0,0,0,0,0,0,0,0,0,0
420112,2,1,0,0,0,0,0,0,0,0,0,0
420112,3,1,0,0,0,0,0,0,0,0,0,0
420113,1,1,0,0,0,0,0,0,0,0,0,0
420113,2,1,0,0,0,0,0,0,0,0,0,0
420114,1,1,12,12,12,12,12,12,12,12,12,12
420115,0,1,27,27,27,27,27,27,27,27,27,27
420115,1,1,0,0,0,0,0,0,0,0,0,0
420116,1,1,0,0,0,0,0,0,0,0,0,0
420116,2,1,0,0,0,0,0,5,0,0,0,0
420116,3,1,0,0,0,0,0,0,0,0,0,0
420117,0,1,0,14,22,19,5,21,12,23,6,21
420117,1,1,5,12,0,15,13,0,0,0,0,0
420118,1,1,0,0,0,0,0,0,0,0,0,0
420118,2,1,0,0,0,0,0,0,0,0,0,0
420118,3,1,0,0,0,0,0,0,0,0,0,0
420119,1,1,0,0,0,0,0,0,0,0,0,0
420119,2,1,0,0,0,0,0,0,0,0,0,0
420119,3,1,0,0,0,0,0,0,0,0,0,0
420119,4,1,0,0,0,0,0,0,0,0,0,0
420120,1,1,0,0,0,0,0,0,0,0,0,0
420120,2,1,0,0,0,21,0,0,0,0,0,0
420120,3,1,0,0,0,0,0,0,0,0,0,0
420121,0,1,8,8,8,8,8,8,8,8,8,8
420121,1,1,0,0,0,0,0,0,0,0,0,0
420122,1,1,0,0,0,0,0,0,0,0,0,0
420122,2,1,0,0,0,0,0,0,0,0,0,0
420122,3,1,24,24,24,24,24,24,24,24,24,24
420123,1,1,0,0,0,0,0,0,0,0,0,0
420123,2,1,0,0,0,0,0,0,0,0,0,0
420123,3,1,0,0,0,0,0,0,0,0,0,0
420124,1,1,0,0,0,0,0,0,0,0,0,0
420124,2,1,0,0,0,0,0,0,0,0,0,0
420124,3,1,0,0,0,0,0,0,0,0,0,0
420125,0,1,10,14,0,4,4,23,0,16,0,0
420125,0,2,0,0,0,33,0,0,0,0,0,0
420125,1,1,2,2,2,2,2,2,2,2,2,2
420125,2,1,0,0,0,0,0,0,0,24,0,0
420126,1,1,20,20,20,20,20,20,20,20,20,20
420126,2,1,0,0,0,0,0,0,0,0,0,0
420126,3,1,0,0,0,0,0,0,0,0,0,0
420126,4,1,0,0,0,0,0,0,0,0,0,0
420127,1,1,0,0,0,0,0,0,0,0,0,0
420127,2,1,0,0,0,0,0,0,0,0,0,0
420127,3,1,0,0,0,0,0,0,0,0,0,17
420128,1,1,14,14,14,14,14,14,14,14,14,14
420128,2,1,0,0,0,0,0,0,0,0,0,0
420128,3,1,0,0,0,0,0,0,0,0,0,0
420129,1,1,0,0,0,0,0,0,0,0,0,0
420129,2,1,0,0,0,0,0,0,0,0,0,0
420129,3,1,0,0,0,0,0,0,0,0,0,0
420130,0,1,8,8,8,8,8,8,8,8,8,8
420130,1,1,0,0,0,0,0,0,0,0,0,0
420131,1,1,0,0,0,0,0,0,0,0,0,0
420131,2,1,0,0,0,0,0,0,0,0,0,0
420131,3,1,0,0,0,0,0,0,0,0,0,0
420131,4,1,0,0,0,0,0,0,0,0,0,0
420132,0,1,0,19,0,0,10,0,0,0,18,16
420132,1,1,0,0,16,0,0,0,0,0,0,0
420132,2,1,0,0,0,0,0,0,0,0,0,0
420132,3,1,0,0,0,0,0,0,0,0,0,0
420133,1,1,0,0,0,0,0,0,0,0,0,0
420133,2,1,0,0,0,0,0,0,0,0,0,0
420134,0,1,15,35,0,19,0,15,18,10,0,12
420134,1,1,0,0,0,0,0,0,0,0,0,0
420135,1,1,0,0,0,0,0,0,0,0,0,0
420136,1,1,19,19,19,19,19,19,19,19,19,19
420137,0,1,26,35,25,28,13,37,15,14,21,14
420137,1,1,0,0,0,0,0,0,0,0,0,0
420138,1,1,13,13,13,13,13,13,13,13,13,13
420139,1,1,20,20,20,20,20,20,20,20,20,20
420140,1,1,0,0,0,0,0,0,0,0,0,0
420141,1,1,14,14,14,14,14,14,14,14,14,14
420142,1,1,0,27,0,0,20,0,0,0,0,0
420143,1,1,3,3,3,3,3,3,3,3,3,3
420144,1,1,21,21,21,21,21,21,21,21,21,21
420145,1,1,3,8,14,14,9,15,18,12,7,12
420146,1,1,9,9,9,9,9,9,9,9,9,9
420147,0,1,10,10,10,10,10,10,10,10,10,10
420147,1,1,8,8,8,8,8,8,8,8,8,8
420148,1,1,18,24,0,0,0,21,12,0,0,15
420149,1,1,13,13,13,13,13,13,13,13,13,13
420150,1,1,0,0,0,0,0,0,0,0,0,0
420151,1,1,27,27,27,27,27,27,27,27,27,27
420152,1,1,0,0,0,0,0,0,0,0,0,0
420153,1,1,27,27,27,27,27,27,27,27,27,27
420154,1,1,14,9,11,25,16,14,16,19,8,19
420155,1,1,0,0,0,0,0,0,0,0,0,0
420156,1,1,0,0,0,0,0,0,0,18,0,0
420157,1,1,0,0,0,0,0,0,0,0,0,0
420158,1,1,0,0,16,0,0,0,0,11,0,0
420159,1,1,0,0,0,0,0,0,0,0,0,0
420160,0,1,0,0,0,0,0,0,0,0,0,0
420160,1,1,0,0,0,0,0,0,0,0,0,0
420161,1,1,30,30,30,30,30,30,30,30,30,30
420162,1,1,30,30,30,30,30,30,30,30,30,30
420163,1,1,0,0,0,0,0,0,0,0,0,0
420163,2,1,0,0,0,0,0,0,0,0,0,0
420164,1,1,24,24,24,24,24,24,24,24,24,24
420165,1,1,24,24,24,24,24,24,24,24,24,24
420166,1,1,18,13,17,19,15,7,14,12,31,17
420167,1,1,0,0,0,0,0,0,0,0,0,0
420168,1,1,0,0,0,0,0,0,0,0,0,0
420168,2,1,0,0,0,0,0,0,0,0,0,0
420169,1,1,31,31,31,31,31,31,31,31,31,31
420169,2,1,0,0,0,0,0,0,0,0,0,0
420170,1,1,0,0,0,0,0,0,0,0,0,0
420170,2,1,0,0,0,0,0,0,0,0,0,0
420171,1,1,0,0,0,0,0,0,0,0,0,0
420171,2,1,0,0,0,0,0,0,0,0,0,0
420172,1,1,0,0,0,0,0,0,0,0,0,0
420173,1,1,18,18,18,18,18,18,18,18,18,18
420174,1,1,26,26,26,26,26,26,26,26,26,26
420175,1,1,0,0,0,0,0,0,0,0,0,0
420176,0,1,0,0,0,0,0,0,0,0,0,0
420176,1,1,0,0,0,0,0,0,0,0,0,0
420177,1,1,17,17,17,17,17,17,17,17,17,17
420178,0,1,0,0,0,23,0,0,0,0,11,0
420178,0,2,0,0,0,0,0,0,0,0,0,0
420178,1,1,0,0,0,0,0,0,0,0,0,0
420179,1,1,0,0,0,0,0,0,0,0,0,0
420180,0,1,0,0,0,0,0,0,0,0,0,0
420180,1,1,0,0,0,0,30,0,0,0,0,0
420181,1,1,30,30,30,30,30,30,30,30,30,30
420182,1,1,28,28,28,28,28,28,28,28,28,28
420183,0,1,17,17,17,17,17,17,17,17,17,17
420183,0,2,11,11,11,11,11,11,11,11,11,11
420183,1,1,0,0,0,0,0,0,0,0,0,0
420184,1,1,0,0,0,0,0,0,0,0,0,0
420184,2,1,0,0,0,0,0,0,0,0,0,0
420185,1,1,0,0,0,0,0,0,0,0,0,0
420185,2,1,0,0,0,0,0,0,0,0,0,0
420186,1,1,25,19,23,25,30,23,19,17,16,27
420186,2,1,0,0,0,0,0,0,0,0,0,0
420187,1,1,0,0,0,0,0,0,0,0,0,0
420187,2,1,0,0,0,0,0,0,0,0,0,0
420188,1,1,0,0,0,0,0,0,0,0,0,0
420188,2,1,0,0,0,0,0,0,0,0,0,0
420189,1,1,0,0,0,0,0,0,0,0,0,0
420189,2,1,0,0,0,0,0,0,0,0,0,0
420190,1,1,0,0,0,0,0,0,0,0,0,0
420190,2,1,0,0,0,0,0,0,0,0,0,0
420191,1,1,0,0,0,0,0,0,0,0,0,0
420191,2,1,0,0,0,0,0,0,0,0,0,0
420192,1,1,0,0,0,0,0,0,0,0,0,0
420192,2,1,0,0,0,0,0,0,0,0,0,0
420193,1,1,0,0,0,0,0,0,0,0,0,0
420193,2,1,0,0,0,0,0,0,0,0,0,0
420194,1,1,0,0,0,0,0,0,0,0,0,0
420194,2,1,0,0,0,0,0,0,0,0,0,0
420195,1,1,0,0,0,0,0,0,0,0,0,0
420195,2,1,0,0,0,0,0,0,0,0,0,0
420196,1,1,11,0,0,0,0,0,0,0,0,0
420196,2,1,0,0,0,0,0,0,0,0,0,0
420197,1,1,0,0,0,0,0,0,0,0,0,0
420197,2,1,0,0,0,0,0,0,0,0,0,17
420198,1,1,0,0,0,0,0,0,0,0,0,0
420198,2,1,0,0,0,0,0,0,0,0,0,0
420199,1,1,0,0,0,0,0,0,0,0,0,0
420199,2,1,0,0,0,0,0,0,0,0,0,0
420200,1,1,2,13,15,35,8,7,24,28,13,17
420200,2,1,10,10,10,10,10,10,10,10,10,10
420201,1,1,0,0,0,0,0,0,0,0,0,0
420201,2,1,0,0,0,0,3,0,0,0,0,0
420202,0,1,0,0,0,0,0,0,0,0,0,0
420202,1,1,0,0,0,0,0,0,0,0,0,0
420203,1,1,0,0,0,0,0,11,0,0,13,0
420203,2,1,0,0,0,0,0,0,0,0,0,0
420204,1,1,0,0,0,0,0,0,0,0,0,0
420204,2,1,0,0,0,0,0,0,0,0,0,0
420205,1,1,0,0,0,0,0,0,0,0,0,0
420205,2,1,0,0,0,0,0,0,0,0,0,0
420206,1,1,0,0,0,0,0,0,0,0,0,0
420206,2,1,0,0,0,0,0,0,0,0,0,0
420207,1,2,14,0,39,3,0,11,26,0,12,14
420208,0,1,0,30,30,7,16,9,13,0,43,39
420208,2,1,0,0,0,0,0,0,0,0,0,0
420209,1,1,0,0,0,0,0,0,0,0,0,0
420209,2,1,0,0,0,17,0,0,19,0,0,5
420210,1,1,0,0,0,0,0,0,0,0,0,0
420210,2,1,0,0,0,0,0,0,0,0,0,0
420211,1,1,0,0,0,0,0,0,0,0,0,0
420211,2,1,0,0,0,0,0,0,0,0,0,0
420211,3,1,0,0,0,0,0,0,0,0,0,0
420211,4,1,0,0,0,0,0,0,0,0,0,0
420211,5,1,0,0,0,0,0,0,0,0,0,0
420212,1,1,16,16,16,16,16,16,16,16,16,16
420213,0,1,0,0,0,0,0,0,0,0,0,0
420213,1,1,0,0,0,0,0,0,0,0,0,0
420214,1,1,24,24,24,24,24,24,24,24,24,24
420215,1,1,21,21,21,21,21,21,21,21,21,21
420216,1,1,0,0,0,0,24,0,0,0,0,0
420217,1,1,0,0,0,0,0,0,0,0,0,0
420218,1,1,0,0,0,0,0,0,0,0,0,0
420219,0,1,0,0,0,0,0,0,0,0,0,0
420219,0,2,0,0,0,0,0,0,0,0,0,0
420219,1,1,0,0,27,25,0,0,0,0,12,0
420220,1,1,0,0,0,0,0,0,0,0,0,0
420221,0,1,0,0,0,0,3,0,0,0,0,0
420221,1,1,0,0,0,0,0,0,0,0,0,0
420222,1,1,24,24,24,24,24,24,24,24,24,24
420223,1,1,0,0,0,0,0,33,24,0,0,20
420224,1,1,0,24,0,19,0,12,0,23,36,48
420225,1,1,0,0,0,0,0,0,0,0,0,0
420226,1,1,0,31,0,0,7,4,0,21,16,0
420226,2,1,0,0,0,0,0,0,0,0,0,0
420227,1,1,0,0,0,0,0,0,0,0,0,0
420228,1,1,0,0,0,0,0,0,0,0,0,0
420228,2,1,0,0,0,0,0,0,0,0,0,0
420228,3,1,0,0,0,0,0,0,0,0,0,0
420229,1,1,0,0,0,0,0,0,0,0,0,0
420229,2,1,0,0,0,0,0,0,0,0,0,0
420229,3,1,0,0,0,0,0,0,0,0,0,0
420230,1,1,0,0,0,0,0,0,0,0,0,0
420231,1,1,0,0,0,0,0,0,0,0,0,0
420232,1,1,0,0,0,0,0,3,0,0,0,0
420233,1,1,13,13,13,13,13,13,13,13,13,13
420234,1,1,21,21,21,21,21,21,21,21,21,21
420235,0,1,0,0,0,0,0,0,0,0,0,0
420235,1,1,0,0,0,0,29,0,0,0,0,0
420236,1,1,0,0,0,0,0,0,0,0,0,0
420237,1,1,24,24,24,24,24,24,24,24,24,24
420238,1,1,14,14,14,14,14,14,14,14,14,14
420238,2,1,0,0,0,0,0,0,0,0,0,0
420238,3,1,0,0,0,0,0,0,0,0,0,0
420239,1,1,0,0,0,0,0,0,0,0,0,0
420240,1,1,0,0,0,0,0,0,0,0,0,0
420241,0,1,0,0,0,0,0,0,0,10,0,0
420241,0,2,0,0,31,14,0,15,0,0,0,0
420241,0,3,0,0,0,5,0,0,0,0,0,0
420241,1,1,0,0,0,0,0,0,0,0,0,0
420241,2,1,0,0,0,5,0,0,0,0,0,0
420242,1,1,0,0,0,0,0,0,0,0,0,0
420243,1,1,11,7,35,11,6,23,20,18,19,13
420244,1,1,0,0,0,0,0,0,0,0,0,0
420245,1,1,29,29,29,29,29,29,29,29,29,29
420246,0,1,0,0,0,0,0,0,0,0,0,0
420246,1,1,0,0,0,0,0,0,0,0,0,0
420247,1,1,36,36,36,36,36,36,36,36,36,36
420248,1,1,23,5,8,0,24,19,0,0,23,0
420249,1,1,0,0,0,0,0,0,0,0,0,0
420249,2,1,0,0,0,0,0,0,0,0,0,0
420249,3,1,0,0,0,0,0,0,0,0,0,0
420249,4,1,0,0,0,0,0,0,0,0,0,0
420250,1,1,0,0,0,0,0,0,0,0,0,0
420251,1,1,0,0,0,0,0,0,0,0,0,0
420251,2,1,0,0,0,0,0,0,0,0,0,0
420251,3,1,0,0,0,0,0,0,0,0,0,0
420252,1,1,0,0,0,0,0,0,0,0,0,0
420253,1,1,0,0,0,0,0,0,0,0,0,0
420253,2,1,0,0,0,0,0,0,0,0,0,0
420253,3,1,0,0,0,0,0,0,0,0,0,0
420254,0,1,0,0,0,0,0,0,0,0,0,10
420254,1,1,0,0,0,26,29,0,0,0,0,0
420255,1,1,0,0,0,0,0,0,0,0,0,0
420255,2,1,0,0,0,0,0,0,0,0,0,0
420255,3,1,0,0,0,0,0,0,0,0,0,0
420255,4,1,0,0,0,0,0,0,0,0,0,0
420256,1,1,0,0,0,0,0,0,0,0,0,0
420256,2,1,0,0,0,0,0,0,0,0,0,0
420256,3,1,0,0,0,0,0,0,0,0,0,0
420257,0,1,0,0,0,15,0,0,0,0,0,0
420257,0,2,0,0,7,0,0,11,0,0,0,0
420257,1,1,0,0,0,0,0,0,0,0,0,0
420258,1,1,0,0,0,0,0,0,0,0,0,0
420258,2,1,0,0,0,0,0,0,0,0,0,0
420258,3,1,0,0,0,0,0,0,0,0,0,0
420258,4,1,0,0,0,0,0,0,0,0,0,0
420259,1,1,29,29,29,29,29,29,29,29,29,29
420260,1,1,0,0,0,0,0,0,0,0,0,0
420261,1,1,0,0,0,0,0,0,0,0,0,0
420261,2,1,0,0,0,0,0,0,0,0,0,0
420262,1,1,0,0,0,0,0,0,0,0,0,0
420263,1,1,0,0,0,0,0,0,0,0,0,0
420264,1,1,0,0,0,0,0,0,0,0,0,0
420264,2,1,0,0,22,0,0,0,0,0,0,0
420264,3,1,0,0,0,0,0,0,0,12,0,0
420265,0,1,0,0,7,0,0,0,13,0,0,0
420265,1,1,0,0,0,0,0,0,0,0,0,0
420266,1,1,28,43,12,17,4,25,11,17,0,9
420266,2,1,0,0,0,5,0,0,0,0,0,0
420266,3,1,0,0,0,15,0,0,0,0,0,0
420267,1,1,0,0,0,0,0,0,0,0,0,0
420268,1,1,0,0,0,0,0,0,0,0,0,0
420268,2,1,0,0,0,0,0,0,0,0,0,0
420269,1,1,0,0,0,0,0,0,0,0,0,0
420270,1,1,23,23,23,23,23,23,23,23,23,23
420271,1,1,0,0,0,0,0,0,0,0,0,0
420271,2,1,0,0,0,0,0,0,0,0,0,0
420272,0,1,0,0,0,0,0,0,0,0,0,0
420272,1,1,0,0,0,0,0,0,0,0,0,0
420273,1,1,18,18,18,18,18,18,18,18,18,18
420274,1,1,0,0,0,0,0,0,0,0,0,0
420274,2,1,0,0,0,0,0,0,0,0,0,0
420275,1,1,0,0,0,0,0,0,0,0,0,0
420275,2,1,0,0,0,0,0,0,0,0,0,0
420276,1,1,0,0,0,0,0,0,0,0,0,0
420276,2,1,0,0,0,0,0,0,0,0,0,0
420277,1,1,22,22,22,22,22,22,22,22,22,22
420277,2,1,0,0,0,0,0,0,0,0,0,0
420278,1,1,0,0,0,0,0,0,0,0,0,0
420278,2,1,0,0,0,0,0,0,17,0,0,0
420279,1,1,15,18,0,9,17,28,10,17,7,21
420280,0,1,23,23,23,23,23,23,23,23,23,23
420280,1,1,9,19,16,0,0,22,17,0,21,0
420281,1,1,0,0,0,0,0,0,0,0,0,0
420282,0,1,0,0,0,0,0,0,0,0,0,0
420282,1,1,0,0,0,0,0,0,0,0,2,3
420283,1,1,0,0,0,0,0,0,0,0,0,0
420283,2,1,0,0,0,0,0,0,0,0,0,0
420284,1,1,20,20,20,20,20,20,20,20,20,20
420284,2,1,0,0,0,0,0,0,0,0,0,0
420285,1,1,0,0,0,0,0,0,0,0,0,0
420285,2,1,0,0,0,0,0,0,0,0,0,0
420286,0,1,0,0,0,0,0,0,0,0,0,0
420286,1,1,0,0,0,0,0,0,0,0,0,0
420287,1,1,0,0,0,0,0,0,0,0,0,0
420287,2,1,0,0,0,0,0,0,0,0,0,0
420288,1,1,0,0,0,0,0,0,0,0,0,0
420289,1,1,0,0,0,0,0,0,0,0,0,0
420289,2,1,0,0,0,0,0,0,0,0,0,15
420290,1,1,0,0,0,0,0,0,0,0,0,0
420290,2,1,0,0,0,0,10,0,0,0,0,0
420291,1,1,0,0,0,0,0,0,0,0,0,0
420291,2,1,0,0,0,0,0,0,0,0,0,0
420292,1,1,0,0,0,0,0,0,0,0,0,0
420292,2,1,0,0,0,0,0,0,0,0,0,0
420293,1,1,0,0,0,0,0,0,0,0,0,0
420294,1,1,0,0,0,0,0,0,0,0,0,0
420294,2,1,0,0,0,0,0,0,0,0,0,0
420295,1,1,0,0,0,0,0,0,0,0,0,0
420295,2,1,0,0,0,0,0,0,0,0,0,0
420296,1,1,0,0,0,0,0,0,0,0,0,0
420297,1,1,0,0,0,0,0,0,0,0,0,0
420298,1,1,15,0,0,0,0,0,0,0,0,10
420298,2,1,0,0,0,0,0,0,0,0,0,0
420298,3,1,0,0,0,0,0,0,0,0,0,0
420298,4,1,0,0,0,0,0,0,0,0,0,0
420299,1,1,0,0,0,0,0,0,0,0,0,0
420299,2,1,4,4,4,4,4,4,4,4,4,4
420300,1,1,0,0,0,0,0,0,0,0,0,0
420300,2,1,0,0,0,0,0,0,0,0,0,0
420301,1,1,0,0,0,0,0,0,0,0,0,0
420301,2,1,0,0,0,0,0,0,0,0,0,0
420302,1,1,0,0,0,0,0,0,0,0,0,0
420303,1,1,0,0,0,0,0,0,0,0,0,0
420303,2,1,0,0,16,0,0,0,0,28,0,0
420304,1,1,11,11,11,11,11,11,11,11,11,11
420305,1,1,18,18,18,18,18,18,18,18,18,18
420306,1,1,0,0,0,0,0,0,0,0,0,0
420306,2,1,0,0,0,0,0,0,0,0,0,0
420307,1,1,0,0,0,0,0,0,0,0,0,0
420308,1,1,0,31,31,0,0,0,18,0,25,0
420309,1,1,0,0,0,0,0,0,0,0,0,0
420310,1,1,0,0,0,0,0,0,0,0,0,0
420311,1,1,6,6,6,6,6,6,6,6,6,6
420312,1,1,23,23,23,23,23,23,23,23,23,23
420312,2,1,12,11,6,29,5,0,30,0,0,14
420313,1,1,0,0,0,0,0,0,0,0,0,0
420313,2,1,0,0,0,0,0,0,0,0,0,0
420314,1,1,24,24,24,24,24,24,24,24,24,24
420315,1,1,1,1,1,1,1,1,1,1,1,1
420315,2,1,0,0,0,0,0,0,0,0,0,0
420316,1,1,20,20,20,20,20,20,20,20,20,20
420317,1,1,9,9,9,9,9,9,9,9,9,9
420318,1,1,8,8,8,8,8,8,8,8,8,8
420318,2,1,0,0,0,0,0,0,0,0,0,0
420319,1,1,0,0,0,0,0,0,0,0,0,0
420320,1,1,14,14,14,14,14,14,14,14,14,14
420321,1,1,0,0,0,0,0,0,0,0,0,0
420322,1,1,0,0,0,0,0,0,0,0,0,0
420323,1,1,0,0,0,0,0,0,0,0,0,0
420324,1,1,0,0,0,0,0,0,0,0,0,0
420325,1,1,0,0,0,0,0,0,0,0,0,0
420325,2,1,0,0,0,0,0,0,0,0,0,0
420326,1,1,0,0,0,0,0,0,0,0,0,0
420326,2,1,0,0,0,0,0,0,0,0,0,0
420327,1,1,0,0,0,0,0,0,0,0,0,0
420327,2,1,0,0,0,0,0,0,0,0,0,0
420328,1,1,0,0,0,0,0,0,0,0,0,0
420329,1,1,16,16,16,16,16,16,16,16,16,16
420330,1,1,14,17,16,3,17,8,22,15,4,22
420331,1,1,0,0,0,0,0,0,0,0,0,0
420331,2,1,0,0,0,0,0,11,0,0,0,7
420332,1,1,0,0,0,0,0,0,0,0,0,0
420332,2,1,0,0,0,0,0,0,0,0,0,0
420333,1,1,0,0,0,0,0,13,0,0,0,7
420334,1,1,0,0,0,0,0,0,0,0,0,0
420334,2,1,0,0,0,0,0,0,0,0,0,0
420335,1,1,0,0,0,0,0,0,0,0,0,0
420335,2,1,0,0,0,0,0,0,0,0,0,0
420336,1,1,11,11,11,11,11,11,11,11,11,11
420337,1,1,0,0,0,0,0,0,0,0,0,0
420338,0,1,22,22,22,22,22,22,22,22,22,22
420338,1,1,0,9,0,0,0,0,0,0,0,0
420339,1,1,0,0,0,0,0,0,0,0,0,0
420340,1,1,16,16,16,16,16,16,16,16,16,16
420341,1,1,21,21,21,21,21,21,21,21,21,21
420342,1,1,19,19,19,19,19,19,19,19,19,19
420343,1,1,0,0,0,0,0,0,0,0,0,0
420343,2,1,0,29,0,0,6,0,0,0,0,0
420344,1,1,0,0,0,0,0,0,0,0,0,0
420344,2,1,0,0,0,0,0,0,0,0,0,0
420345,1,1,0,0,0,0,0,0,0,0,0,0
420346,1,1,0,0,0,0,0,0,0,0,0,0
420346,2,1,17,17,17,17,17,17,17,17,17,17
420347,1,1,0,0,0,0,0,0,0,0,0,0
420347,2,1,0,0,0,0,0,0,0,0,0,0
420348,1,1,23,23,23,23,23,23,23,23,23,23
420349,1,1,0,0,0,0,0,0,0,0,0,0
420349,2,1,0,0,0,0,0,0,0,0,0,0
420350,1,1,28,28,28,28,28,28,28,28,28,28
420350,2,1,16,16,16,16,16,16,16,16,16,16
420350,3,1,0,0,0,0,0,0,0,0,0,0
420351,1,1,0,0,0,0,0,0,0,0,0,0
420352,1,1,0,0,0,0,0,0,0,0,0,0
420352,2,1,0,0,0,0,0,0,0,0,0,0
420353,1,1,19,19,19,19,19,19,19,19,19,19
420354,1,1,0,0,0,0,0,0,0,0,0,0
420355,1,1,16,16,16,16,16,16,16,16,16,16
420356,1,1,0,0,0,0,0,0,0,0,0,0
420356,2,1,0,0,0,12,0,0,0,0,0,0
420357,1,1,0,0,0,0,0,0,0,0,0,0
420358,0,1,12,12,12,12,12,12,12,12,12,12
420358,1,1,0,0,0,0,0,0,0,0,0,0
420359,1,1,0,0,0,0,0,0,0,0,0,0
420359,2,1,0,0,0,0,0,0,0,0,0,0
420360,1,1,0,0,4,0,0,0,0,0,0,0
420361,1,1,0,9,0,0,0,0,0,0,0,0
420362,1,1,0,0,0,0,0,0,0,0,0,0
420363,1,1,0,0,0,0,0,0,0,0,0,0
420364,0,1,0,0,0,0,0,0,0,0,0,0
420364,1,1,0,0,0,0,0,0,0,0,0,0
420365,1,1,0,0,0,0,0,0,0,0,0,0
420365,2,1,0,0,21,0,0,0,0,0,0,0
420365,3,1,0,0,0,30,25,0,0,0,13,0
420366,1,1,21,21,21,21,21,21,21,21,21,21
420367,1,1,0,0,0,0,0,0,0,0,0,0
420367,2,1,0,24,5,0,0,0,0,0,0,0
420368,1,1,0,0,0,0,0,0,0,0,0,0
420369,1,1,0,0,0,0,0,0,0,0,0,0
420370,1,1,14,17,17,0,11,16,16,0,29,27
420371,1,1,0,0,0,0,0,0,0,0,0,0
420371,2,1,0,0,0,0,0,0,0,0,0,0
420371,3,1,0,0,0,0,0,16,0,0,2,15
420372,0,1,2,2,2,2,2,2,2,2,2,2
420372,1,1,0,0,0,0,0,0,0,0,0,0
420373,0,1,0,0,0,0,0,0,0,0,0,0
420373,1,1,0,0,0,18,0,0,0,0,0,0
420374,1,1,19,19,19,19,19,19,19,19,19,19
420375,1,1,0,0,0,0,0,0,0,0,0,0
420375,2,1,0,0,0,0,0,0,0,0,0,0
420375,3,1,0,0,0,0,0,0,0,0,0,0
420376,1,1,0,0,0,0,0,0,0,0,0,0
420376,2,1,0,0,0,0,0,0,0,0,0,0
420376,3,1,0,0,0,0,0,0,0,0,0,0
420376,4,1,0,0,0,0,0,0,0,0,0,0
420377,1,1,0,0,0,0,0,0,0,0,0,0
420378,0,1,22,22,22,22,22,22,22,22,22,22
420378,1,1,0,0,0,0,16,11,0,0,30,6
420379,0,1,0,0,0,0,0,0,0,0,0,0
420379,1,1,0,0,0,0,0,0,0,0,0,0
420380,0,1,0,0,0,0,0,0,0,0,0,0
420380,1,1,17,16,0,0,0,0,0,0,26,40
420381,1,1,0,0,0,0,0,0,0,0,0,0
420381,2,1,0,0,0,0,0,0,0,0,0,0
420381,3,1,0,0,0,0,0,0,0,0,0,0
420381,4,1,0,0,0,0,0,0,0,0,0,0
420382,0,1,0,0,0,0,0,0,0,0,0,0
420382,1,1,0,0,0,0,0,0,0,0,0,0
420383,0,1,0,0,0,0,0,0,0,0,0,0
420383,1,1,0,0,0,0,0,0,0,0,0,0
420384,1,1,0,0,0,0,0,0,0,0,0,0
420385,1,1,0,0,0,0,0,0,0,0,0,0
420386,1,1,0,0,0,0,0,0,0,0,0,0
420386,2,1,0,0,0,0,0,0,0,0,0,0