ST_CASE,VEH_NO,PER_NO,P1,P2,P3,P4,P5,P6,P7,P8,P9,P10
420386,3,1,0,0,0,0,0,0,0,0,0,0
420387,1,1,0,0,0,0,0,0,0,0,0,0
420388,1,1,0,0,0,0,0,0,0,0,0,0
420388,2,1,0,0,0,0,0,0,0,0,0,0
420389,1,1,27,27,27,27,27,27,27,27,27,27
420390,1,1,19,0,24,0,0,0,7,0,37,0
420391,1,1,0,0,0,0,0,0,0,0,0,0
420391,2,1,0,0,0,0,0,0,0,0,0,0
420391,3,1,0,0,0,0,0,0,0,0,0,0
420392,1,1,0,0,0,0,0,0,0,0,0,0
420392,2,1,0,0,0,0,0,0,0,0,0,0
420393,1,1,17,17,17,17,17,17,17,17,17,17
420394,1,1,16,16,16,16,16,16,16,16,16,16
420395,1,1,0,0,0,0,0,0,0,0,0,0
420396,1,1,0,0,0,0,0,0,0,0,0,0
420396,2,1,0,0,0,0,2,0,0,4,0,0
420397,1,2,15,0,11,22,0,27,0,37,17,0
420398,1,1,0,0,0,0,0,0,0,0,0,0
420398,2,1,0,0,0,0,0,0,0,0,0,0
420399,1,1,1,1,1,1,1,1,1,1,1,1
420400,1,1,11,11,11,11,11,11,11,11,11,11
420401,1,1,25,25,25,25,25,25,25,25,25,25
420401,2,1,0,0,0,0,0,0,0,0,0,0
420402,1,1,0,0,0,0,0,0,0,0,0,0
420403,1,1,0,0,0,0,0,0,0,0,0,0
420403,2,1,0,0,0,0,0,0,0,0,0,0
420404,1,1,29,29,29,29,29,29,29,29,29,29
420405,1,1,29,29,29,29,29,29,29,29,29,29
420405,2,1,0,0,0,0,0,0,0,0,0,0
420406,1,1,39,39,39,39,39,39,39,39,39,39
420407,1,1,20,20,20,20,20,20,20,20,20,20
420408,1,1,0,0,0,0,0,0,0,0,0,0
420408,2,2,0,0,0,0,0,16,18,0,0,0
420409,1,1,18,18,18,18,18,18,18,18,18,18
420410,1,1,17,17,17,17,17,17,17,17,17,17
420411,2,1,0,0,0,0,0,0,0,0,0,0
420412,1,1,0,0,0,0,0,0,0,0,0,0
420413,1,1,16,16,16,16,16,16,16,16,16,16
420414,1,1,0,0,0,0,0,0,0,0,0,0
420414,2,1,0,0,0,0,0,0,0,0,0,0
420415,1,1,0,0,0,0,0,0,0,8,0,0
420416,1,1,0,0,0,0,0,0,0,0,0,0
420416,2,1,0,0,0,0,0,0,0,0,0,0
420417,1,1,17,17,17,17,17,17,17,17,17,17
420418,1,1,0,0,0,0,0,0,0,0,0,0
420418,2,1,0,0,0,0,0,0,0,0,0,0
420419,1,1,0,0,0,0,0,0,0,0,0,0
420420,1,1,0,0,0,0,0,0,0,0,0,0
420420,2,1,0,0,0,0,0,0,0,0,0,0
420421,1,1,18,18,18,18,18,18,18,18,18,18
420421,2,1,0,0,7,0,0,0,0,0,0,0
420422,1,1,0,0,0,0,0,0,0,0,0,0
420422,2,1,0,0,0,0,0,0,0,0,0,0
420423,1,1,0,0,0,0,0,0,0,0,0,0
420423,2,1,0,0,0,0,0,0,0,0,0,0
420424,1,2,0,0,0,33,0,25,0,0,0,0
420425,1,1,0,0,0,0,0,0,0,0,0,0
420425,2,1,0,0,0,0,0,0,0,0,0,0
420426,1,1,0,0,0,0,0,0,0,0,0,0
420426,2,1,0,0,0,20,0,11,0,0,21,0
420427,1,1,0,0,17,0,0,0,0,0,0,0
420427,2,1,6,6,6,6,6,6,6,6,6,6
420428,1,1,17,17,17,17,17,17,17,17,17,17
420428,2,1,0,0,0,0,0,0,0,0,0,0
420429,1,1,0,0,0,0,0,0,0,0,0,0
420429,2,1,0,0,0,0,0,0,0,0,0,0
420430,1,1,0,0,0,0,0,0,0,0,0,0
420431,1,1,19,19,19,19,19,19,19,19,19,19
420432,1,1,14,14,14,14,14,14,14,14,14,14
420432,2,1,0,12,0,0,0,0,0,0,0,0
420433,1,1,0,0,0,0,0,0,0,0,0,0
420434,1,1,15,15,15,15,15,15,15,15,15,15
420435,1,1,9,6,29,24,2,21,15,2,23,13
420435,2,1,21,21,21,21,21,21,21,21,21,21
420436,1,1,17,0,7,0,13,0,12,15,9,20
420437,1,1,23,23,23,23,23,23,23,23,23,23
420438,1,1,0,0,0,0,0,0,0,0,0,0
420438,2,1,0,0,0,0,0,0,0,0,0,0
420439,1,1,12,12,12,12,12,12,12,12,12,12
420440,1,1,28,28,28,28,28,28,28,28,28,28
420441,1,1,0,0,0,0,0,0,0,0,0,0
420441,2,1,0,0,0,0,0,0,0,0,0,0
420442,1,1,17,17,17,17,17,17,17,17,17,17
420443,1,1,25,25,25,25,25,25,25,25,25,25
420444,1,1,10,0,0,0,0,0,5,0,0,22
420445,1,1,12,12,12,12,12,12,12,12,12,12
420445,2,1,0,0,0,17,0,0,0,0,0,0
420446,1,1,9,16,20,18,32,10,20,5,19,12
420447,1,1,0,0,0,0,0,0,0,0,0,0
420447,2,1,0,0,0,0,0,0,0,0,0,0
420448,1,1,24,24,24,24,24,24,24,24,24,24
420448,2,1,0,0,0,0,0,0,0,0,0,0
420449,1,1,0,0,0,0,0,0,0,0,0,0
420449,2,1,0,0,0,0,0,0,0,0,0,0
420450,1,1,0,0,0,0,0,0,0,0,0,0
420450,2,1,0,0,0,0,0,0,0,0,0,0
420451,1,1,0,0,0,0,0,0,0,0,0,0
420451,2,1,0,0,0,0,0,0,0,0,0,0
420452,1,1,0,0,0,0,0,0,0,0,0,0
420453,1,1,0,0,0,0,0,0,0,0,0,0
420453,2,1,0,0,0,0,0,0,0,0,0,0
420454,1,1,22,22,22,22,22,22,22,22,22,22
420455,1,1,12,12,12,12,12,12,12,12,12,12
420455,2,1,0,13,0,0,0,0,0,0,0,0
420456,1,1,3,3,3,3,3,3,3,3,3,3
420457,0,1,0,0,0,0,0,0,0,0,0,0
420457,1,1,0,0,0,0,0,0,0,0,0,0
420458,1,1,20,20,20,20,20,20,20,20,20,20
420459,1,1,19,19,19,19,19,19,19,19,19,19
420460,1,1,1,1,1,1,1,1,1,1,1,1
420461,0,1,13,13,13,13,13,13,13,13,13,13
420461,1,1,15,10,15,9,0,23,20,0,18,11
420462,0,1,18,0,0,0,0,0,0,0,16,0
420462,1,1,0,0,0,0,0,0,0,0,0,0
420463,1,1,0,0,0,0,0,0,0,0,0,0
420464,1,1,23,23,23,23,23,23,23,23,23,23
420465,1,1,0,0,0,0,0,0,0,0,0,0
420466,1,1,0,0,0,0,0,0,0,0,0,0
420466,2,1,0,0,0,0,0,0,0,0,0,0
420467,1,1,15,15,15,15,15,15,15,15,15,15
420467,2,1,0,0,0,0,8,0,9,0,0,0
420468,1,1,0,0,0,0,0,0,0,0,0,0
420468,2,1,0,0,0,0,0,0,0,0,0,0
420469,1,1,0,0,0,0,0,0,0,0,0,0
420469,2,1,0,0,0,0,0,0,0,0,0,0
420470,1,1,0,0,0,0,0,0,0,0,0,0
420470,2,1,0,0,0,0,0,0,0,0,0,0
420471,1,1,9,0,0,0,0,0,0,0,0,0
420471,2,1,0,0,0,0,0,0,0,0,0,0
420472,1,1,0,0,6,0,0,0,0,0,0,0
420472,2,1,0,0,0,0,0,0,0,0,0,0
420473,1,1,0,0,0,0,0,0,0,0,0,0
420473,2,1,0,0,0,0,0,0,0,0,0,0
420474,1,1,0,0,0,0,0,0,0,0,0,0
420474,2,1,0,0,0,0,0,0,0,0,0,0
420475,1,1,0,0,0,0,0,0,0,0,0,0
420475,2,1,0,0,28,36,0,0,0,0,25,0
420476,1,1,0,0,0,0,19,0,0,0,12,29
420476,2,1,0,0,0,0,0,0,0,0,0,0
420477,1,1,0,0,0,0,0,0,0,0,0,0
420477,2,1,0,0,0,0,0,0,0,0,0,0
420478,1,1,0,0,0,0,0,0,0,0,0,0
420479,1,1,0,0,0,0,0,0,0,0,0,0
420480,1,1,16,0,0,0,0,0,10,0,0,0
420481,1,1,30,30,30,30,30,30,30,30,30,30
420482,1,1,22,22,22,22,22,22,22,22,22,22
420483,1,1,15,45,20,19,22,25,42,5,29,17
420484,1,1,26,26,26,26,26,26,26,26,26,26
420485,1,1,23,23,23,23,23,23,23,23,23,23
420486,0,1,0,0,0,0,0,0,0,0,0,0
420486,1,1,0,0,0,0,0,0,0,0,0,0
420487,0,1,0,0,0,0,0,0,0,0,0,0
420487,1,1,0,0,0,0,0,0,0,0,0,0
420488,1,1,0,0,0,0,0,0,0,0,0,0
420488,2,1,0,0,0,0,0,0,0,0,0,0
420488,3,1,0,0,0,0,0,0,0,0,0,0
420489,1,1,0,0,0,0,0,0,0,0,0,0
420490,1,1,0,0,0,0,0,0,0,0,0,0
420490,2,1,0,0,0,0,0,0,0,0,0,0
420491,1,1,0,0,0,0,0,0,0,0,0,0
420491,2,1,0,0,0,0,0,0,0,0,0,0
420492,1,1,0,0,0,0,0,0,0,0,0,0
420492,2,1,0,0,0,0,0,0,0,0,0,0
420493,1,1,0,0,0,0,0,0,0,0,0,0
420493,2,1,0,21,0,0,0,0,0,0,0,7
420494,1,1,0,0,0,0,0,0,0,0,0,0
420494,2,1,0,0,0,0,0,0,0,0,0,0
420495,1,1,0,0,0,0,0,0,0,0,0,0
420495,2,1,0,0,0,0,0,0,0,0,0,0
420496,1,1,4,4,4,4,4,4,4,4,4,4
420496,2,1,4,4,4,4,4,4,4,4,4,4
420497,1,1,0,0,0,0,0,0,0,0,0,0
420497,2,1,0,0,0,0,0,0,0,0,0,0
420498,1,1,0,0,0,0,0,0,0,21,0,0
420498,2,1,0,0,0,0,0,0,0,0,0,0
420499,1,1,20,20,20,20,20,20,20,20,20,20
420499,2,1,0,0,0,0,0,0,0,0,0,0
420500,1,1,0,0,0,0,0,0,0,0,0,0
420500,2,1,0,0,0,0,0,0,0,0,0,0
420501,1,1,16,16,16,16,16,16,16,16,16,16
420502,1,1,0,0,0,0,0,0,0,0,0,0
420503,1,1,21,21,21,21,21,21,21,21,21,21
420504,1,1,0,0,0,0,0,0,0,0,0,0
420505,1,1,0,0,0,0,0,0,0,0,0,0
420505,2,1,1,1,1,1,1,1,1,1,1,1
420506,1,1,0,0,0,0,0,0,7,7,0,0
420507,1,1,26,26,26,26,26,26,26,26,26,26
420508,1,1,0,0,0,0,0,0,0,0,0,0
420509,1,1,17,17,17,17,17,17,17,17,17,17
420510,1,1,10,0,0,0,0,0,0,0,0,0
420510,2,1,0,0,0,0,0,0,0,0,0,0
420511,1,1,0,0,0,0,0,0,0,0,0,0
420512,1,1,18,18,18,18,18,18,18,18,18,18
420513,1,1,17,17,17,17,17,17,17,17,17,17
420514,1,1,2,2,2,2,2,2,2,2,2,2
420515,1,1,0,0,0,0,0,0,0,0,0,0
420515,2,1,0,0,0,0,0,0,0,0,0,0
420516,1,1,0,0,0,0,0,0,0,0,0,0
420516,2,1,0,0,0,0,0,0,0,0,0,0
420517,1,1,13,13,13,13,13,13,13,13,13,13
420517,2,1,0,0,16,0,0,0,0,0,0,0
420518,1,1,0,0,0,0,28,0,0,0,0,0
420518,2,1,0,0,0,0,0,0,0,0,0,0
420519,1,1,0,0,0,0,0,0,0,0,0,0
420519,2,1,0,0,0,0,0,0,0,0,0,0
420520,1,1,0,0,0,0,0,0,0,0,0,0
420521,1,1,0,0,0,0,0,0,0,0,0,0
420521,2,1,0,0,13,0,0,0,0,0,0,0
420522,1,1,0,0,0,0,0,0,0,0,0,0
420522,2,1,0,0,0,0,0,0,0,12,0,0
420523,1,1,30,30,30,30,30,30,30,30,30,30
420524,1,1,0,0,0,0,0,0,0,0,0,0
420524,2,1,0,0,0,0,0,0,0,0,0,0
420525,1,1,0,0,0,0,0,0,0,0,0,0
420526,0,1,0,0,0,0,0,0,0,0,0,0
420526,1,1,0,0,0,0,0,0,0,0,0,0
420527,1,1,0,0,0,0,0,0,0,0,0,0
420527,2,1,0,0,0,0,0,0,0,0,0,0
420528,1,1,0,0,0,0,0,0,0,0,0,0
420528,2,1,0,0,0,0,32,0,0,0,0,0
420529,1,1,0,0,0,0,0,0,0,0,0,0
420529,2,1,0,0,0,0,0,0,0,0,0,0
420530,0,1,0,0,0,0,0,0,0,0,0,0
420530,1,1,0,0,0,0,0,0,0,0,0,0
420531,1,1,12,12,12,12,12,12,12,12,12,12
420531,2,1,0,0,0,0,0,0,0,14,0,0
420532,1,1,0,0,4,0,0,12,15,12,7,0
420532,2,1,0,0,0,12,0,0,0,19,0,0
420533,1,1,31,31,31,31,31,31,31,31,31,31
420533,2,1,0,0,0,0,0,0,0,0,0,0
420534,1,1,19,19,19,19,19,19,19,19,19,19
420535,1,1,0,0,0,0,0,0,0,0,0,0
420535,2,1,0,0,0,0,0,0,0,0,0,0
420536,1,1,26,26,26,26,26,26,26,26,26,26
420537,1,1,0,0,0,0,0,0,0,0,0,0
420537,2,1,0,0,0,0,0,0,0,0,0,0
420538,1,1,3,3,3,3,3,3,3,3,3,3
420539,1,1,0,0,0,0,0,0,0,0,0,0
420540,1,1,0,0,0,0,0,0,0,0,0,0
420541,1,1,0,0,0,0,0,0,0,0,0,0
420542,1,1,0,0,0,0,0,0,0,0,0,0
420542,2,1,0,0,0,0,0,0,0,0,0,0
420543,1,1,0,25,6,0,0,0,17,0,13,0
420544,1,1,0,0,0,0,0,0,0,0,0,0
420545,0,1,0,0,0,0,0,0,0,0,0,0
420545,1,1,0,0,0,0,0,0,0,0,0,0
420546,1,1,16,16,16,16,16,16,16,16,16,16
420546,2,1,0,0,0,0,0,0,0,0,0,0
420547,0,1,33,33,33,33,33,33,33,33,33,33
420547,1,1,0,0,0,0,0,0,0,0,0,0
420548,1,1,0,0,0,0,0,0,0,0,0,0
420548,2,1,0,0,0,0,0,0,0,0,0,0
420548,3,1,0,0,0,0,0,0,0,0,0,0
420549,1,1,18,18,18,18,18,18,18,18,18,18
420549,2,1,0,0,0,0,0,0,0,0,0,0
420550,1,1,0,0,0,0,0,0,0,0,0,0
420550,2,1,0,0,0,0,0,0,0,0,0,0
420550,3,1,0,0,0,0,0,0,0,0,0,0
420551,1,1,33,33,33,33,33,33,33,33,33,33
420552,1,1,26,26,26,26,26,26,26,26,26,26
420552,2,1,0,0,0,0,0,0,0,0,0,0
420553,1,1,0,23,0,0,0,0,0,0,0,0
420554,1,1,23,23,23,23,23,23,23,23,23,23
420555,1,1,2,2,2,2,2,2,2,2,2,2
420555,2,1,0,0,0,0,0,0,0,0,0,0
420556,1,1,0,0,0,0,0,0,0,0,0,0
420556,2,1,0,0,0,0,0,0,0,0,0,0
420557,1,1,0,0,0,0,0,0,0,0,0,0
420558,1,1,22,22,22,22,22,22,22,22,22,22
420559,1,1,0,0,0,0,0,0,0,0,0,0
420559,2,1,0,0,0,0,0,0,0,0,0,0
420560,1,1,17,17,17,17,17,17,17,17,17,17
420561,1,1,21,21,21,21,21,21,21,21,21,21
420561,2,1,0,0,0,0,0,0,0,0,0,0
420562,1,1,0,0,0,0,0,0,0,0,0,0
420563,0,1,1,1,1,1,1,1,1,1,1,1
420563,1,1,0,0,0,0,0,0,0,0,0,0
420564,1,1,17,17,17,17,17,17,17,17,17,17
420565,1,1,0,0,0,0,0,0,0,0,0,0
420565,2,1,0,0,0,0,0,0,0,0,0,0
420566,1,1,21,21,21,21,21,21,21,21,21,21
420567,1,1,25,25,25,25,25,25,25,25,25,25
420567,2,1,0,0,0,0,0,0,0,0,0,0
420568,1,1,30,0,0,0,0,15,0,8,0,0
420569,1,1,0,0,0,0,0,0,0,0,0,0
420569,2,1,0,0,0,0,0,0,0,0,0,0
420570,1,1,3,3,3,3,3,3,3,3,3,3
420571,1,1,12,12,12,12,12,12,12,12,12,12
420572,1,1,0,0,0,0,0,0,0,0,0,0
420573,1,1,0,0,0,0,0,0,0,0,0,0
420574,1,1,0,0,0,0,0,0,0,0,0,0
420574,2,1,0,0,0,0,0,0,0,0,0,0
420575,1,1,7,7,7,7,7,7,7,7,7,7
420576,1,1,0,0,0,0,0,0,0,0,0,0
420576,2,1,0,0,0,0,0,0,0,0,0,19
420577,1,1,0,0,0,0,0,0,0,0,0,0
420578,1,1,32,32,32,32,32,32,32,32,32,32
420579,1,1,0,0,0,0,0,0,0,0,0,0
420579,2,1,0,0,0,0,28,0,14,0,0,0
420580,1,1,20,20,20,20,20,20,20,20,20,20
420580,2,1,6,0,0,0,11,0,6,27,0,0
420581,1,1,0,0,0,0,0,0,0,0,0,0
420582,1,1,0,0,0,0,0,0,0,0,0,0
420582,2,1,0,0,0,0,0,0,0,0,0,0
420583,1,1,12,12,12,12,12,12,12,12,12,12
420584,1,1,17,17,17,17,17,17,17,17,17,17
420584,2,1,0,0,0,0,0,0,0,0,0,0
420585,1,1,0,0,0,0,0,0,0,0,0,0
420586,1,1,0,0,0,0,0,0,0,0,0,0
420587,0,1,0,0,0,0,0,0,0,0,0,0
420587,1,1,8,8,8,8,8,8,8,8,8,8
420588,1,1,0,0,0,0,0,0,0,0,0,0
420588,2,1,0,0,0,0,0,0,0,0,0,0
420589,1,1,14,14,14,14,14,14,14,14,14,14
420590,1,1,0,0,0,0,0,0,0,0,0,0
420591,1,1,18,18,18,18,18,18,18,18,18,18
420592,1,1,0,0,0,0,0,0,0,0,0,0
420592,2,1,0,0,0,0,0,0,0,6,0,0
420593,1,1,0,0,0,0,0,0,0,0,0,0
420593,2,1,0,0,0,0,0,0,0,0,0,0
420594,1,1,0,0,0,0,0,0,0,0,0,0
420595,1,1,0,0,0,0,0,0,0,0,0,0
420595,2,1,0,0,0,0,0,0,0,0,0,0
420596,1,1,12,12,12,12,12,12,12,12,12,12
420597,1,1,0,0,0,0,0,0,0,0,0,0
420598,1,1,0,0,0,0,0,0,0,0,0,0
420599,1,1,24,24,24,24,24,24,24,24,24,24
420600,1,1,0,0,0,0,0,0,0,0,0,0
420600,2,1,0,0,0,0,0,0,0,0,0,0
420601,1,1,0,0,0,0,0,0,0,0,0,0
420602,1,1,15,15,15,15,15,15,15,15,15,15
420603,1,1,0,0,0,0,0,0,0,0,0,0
420603,2,1,0,0,0,0,0,0,0,0,0,0
420604,1,1,0,0,0,0,0,0,0,0,0,0
420604,2,1,0,0,0,0,0,0,0,0,0,0
420605,1,1,0,0,0,16,0,41,15,19,26,0
420606,1,1,0,0,0,0,0,0,0,0,0,0
420607,1,1,18,18,18,18,18,18,18,18,18,18
420608,1,1,0,0,0,0,0,0,0,0,0,0
420608,2,1,16,0,0,0,0,21,0,0,0,0
420609,1,1,0,0,0,0,0,0,0,0,0,0
420609,2,1,0,0,0,0,0,0,0,0,0,0
420610,1,1,19,19,19,19,19,19,19,19,19,19
420611,1,1,0,0,0,0,0,0,0,0,0,0
420612,1,1,0,0,0,0,0,0,0,0,0,0
420612,2,1,0,0,0,0,0,0,0,0,0,0
420613,1,1,16,0,10,0,0,21,0,0,0,0
420613,2,1,0,0,0,0,0,0,0,0,0,0
420614,1,1,0,0,0,12,11,14,0,0,0,0
420615,0,1,0,0,0,0,0,0,0,0,0,0
420615,0,2,0,0,0,0,0,0,0,0,0,0
420615,1,1,0,0,0,0,0,0,0,0,0,0
420616,1,1,0,0,0,0,0,0,0,0,0,0
420616,2,1,0,0,0,0,0,0,0,0,0,0
420617,0,1,0,0,0,0,0,0,0,0,0,0
420617,1,1,0,0,0,0,0,0,0,0,0,0
420618,0,1,19,19,19,19,19,19,19,19,19,19
420618,1,1,0,0,0,0,0,0,0,0,0,0
420619,1,1,0,0,0,0,0,0,0,0,0,0
420619,2,1,0,0,0,0,0,0,0,0,0,0
420620,0,1,0,0,0,0,0,0,0,0,0,0
420620,1,1,0,0,6,7,0,0,0,0,0,0
420621,1,1,17,17,17,17,17,17,17,17,17,17
420621,2,1,0,0,0,0,0,0,0,0,0,0
420622,1,1,20,20,20,20,20,20,20,20,20,20
420623,1,1,0,0,0,0,0,0,0,0,0,0
420623,2,1,0,0,0,0,0,0,0,0,0,0
420624,1,1,0,0,0,0,0,0,0,0,0,0
420624,2,1,0,0,0,0,0,0,0,0,0,0
420625,1,1,8,8,8,8,8,8,8,8,8,8
420625,2,1,23,0,16,1,20,23,16,0,13,12
420626,1,1,1,1,1,1,1,1,1,1,1,1
420626,2,1,0,0,0,0,0,0,5,0,0,19
420627,1,1,0,0,0,0,0,0,0,0,0,0
420627,2,1,17,0,0,0,0,0,0,0,0,0
420628,1,1,0,0,0,0,0,0,0,0,0,0
420628,2,1,0,0,0,0,0,0,0,0,0,0
420629,1,1,0,0,0,0,0,0,0,0,0,0
420629,2,1,0,0,0,0,0,0,0,0,0,0
420630,1,1,0,0,0,0,0,0,0,0,0,0
420630,2,1,0,0,0,0,0,0,0,0,0,0
420631,1,1,17,17,17,17,17,17,17,17,17,17
420631,2,1,0,0,0,0,0,0,0,0,0,0
420632,1,1,0,0,0,0,0,0,0,0,0,0
420632,2,1,0,0,0,0,0,0,0,0,0,0
420633,1,1,0,0,0,0,0,0,0,0,8,8
420633,2,1,0,0,0,0,0,0,0,0,0,0
420634,1,1,0,0,0,0,0,0,0,0,0,0
420634,2,1,0,0,0,0,0,0,0,0,0,0
420635,1,1,11,11,11,11,11,11,11,11,11,11
420635,2,1,10,10,10,10,10,10,10,10,10,10
420636,1,1,0,0,0,0,0,0,0,0,0,0
420636,2,1,0,0,0,0,0,0,0,0,0,0
420637,1,1,0,0,0,0,0,0,0,0,0,0
420637,2,1,0,0,0,0,0,0,0,0,0,0
420638,1,1,0,0,0,0,0,0,0,0,0,0
420638,2,1,0,0,0,0,0,0,0,0,0,0
420638,3,1,0,0,0,18,0,0,0,0,0,0
420639,1,1,0,0,0,0,0,0,0,0,0,0
420639,2,1,0,0,0,0,0,0,0,0,0,0
420640,1,1,0,0,0,0,0,0,0,0,0,0
420641,1,1,19,19,19,19,19,19,19,19,19,19
420642,1,1,9,9,9,9,9,9,9,9,9,9
420642,2,1,0,15,0,0,20,6,0,0,0,0
420643,1,1,0,0,0,0,0,0,0,0,0,0
420643,2,1,0,0,0,0,0,0,0,0,0,0
420643,3,1,0,0,0,0,0,0,0,0,0,0
420644,1,1,38,16,18,34,28,18,21,5,26,31
420645,1,1,0,0,0,0,0,0,0,0,0,0
420646,1,1,0,0,0,0,0,0,0,0,0,0
420646,2,1,0,0,0,0,0,0,0,0,0,0
420647,1,1,17,0,11,23,24,0,0,9,44,11
420648,1,1,27,27,27,27,27,27,27,27,27,27
420649,1,1,17,17,17,17,17,17,17,17,17,17
420649,2,1,0,0,0,0,0,0,0,0,0,0
420650,1,1,0,0,0,0,0,0,0,0,0,0
420651,1,1,11,11,11,11,11,11,11,11,11,11
420652,0,1,0,0,0,0,0,0,0,0,0,0
420652,1,1,0,0,0,0,0,0,0,0,0,0
420653,1,1,0,0,0,0,0,0,0,0,0,0
420654,1,1,23,23,23,23,23,23,23,23,23,23
420655,1,1,17,0,20,21,30,18,0,15,18,23
420656,1,1,15,15,15,15,15,15,15,15,15,15
420657,1,1,11,11,11,11,11,11,11,11,11,11
420658,1,1,0,0,0,0,0,0,0,0,0,0
420659,1,1,17,17,17,17,17,17,17,17,17,17
420660,1,1,0,0,0,0,0,0,0,0,0,0
420661,1,1,0,0,14,0,0,0,0,0,0,0
420661,2,1,0,0,0,0,0,0,0,0,0,0
420661,3,1,0,0,0,0,0,0,0,0,0,0
420662,1,1,0,0,0,0,0,0,0,0,0,0
420662,2,1,11,0,10,0,0,0,10,0,9,0
420663,1,1,0,0,0,0,0,0,0,0,0,0
420664,1,1,0,0,0,0,0,0,0,0,0,0
420665,1,1,11,0,13,23,0,37,25,0,0,5
420666,1,1,0,0,0,0,0,0,0,0,0,0
420667,1,1,0,0,0,0,0,0,0,0,0,0
420667,2,1,0,0,0,0,0,0,0,0,0,0
420667,3,1,0,0,0,0,0,0,0,0,0,0
420668,1,1,4,4,4,4,4,4,4,4,4,4
420669,1,1,0,0,0,0,0,0,0,0,0,0
420670,1,1,20,20,20,20,20,20,20,20,20,20
420671,1,1,18,18,18,18,18,18,18,18,18,18
420672,1,1,0,0,0,0,0,0,0,0,0,0
420673,1,1,26,26,26,26,26,26,26,26,26,26
420674,1,1,0,0,0,0,0,0,0,0,0,0
420675,1,1,0,0,0,0,0,0,0,0,0,0
420676,1,1,0,0,0,0,0,0,0,0,0,0
420677,1,1,28,12,20,30,31,18,14,27,27,11
420678,1,1,19,19,19,19,19,19,19,19,19,19
420679,1,1,0,0,0,0,0,0,0,0,0,0
420680,1,1,0,0,0,0,0,0,0,0,0,0
420680,2,1,0,0,0,0,0,0,0,0,0,0
420681,1,1,0,0,0,0,0,0,0,0,0,0
420682,1,1,0,0,0,0,0,0,0,0,0,0
420682,2,1,0,0,0,0,0,0,0,0,0,0
420683,1,1,0,0,0,0,0,0,0,0,0,0
420683,2,1,0,0,0,0,0,0,0,0,0,0
420683,3,1,35,0,0,0,0,0,0,0,0,0
420684,0,1,0,0,0,0,0,0,0,0,0,0
420684,1,1,0,0,0,0,0,0,0,0,0,0
420685,0,1,10,10,10,10,10,10,10,10,10,10
420685,1,1,0,0,0,0,0,0,0,0,0,0
420686,1,1,0,0,0,0,0,0,0,0,0,0
420687,0,1,0,24,15,0,10,0,22,0,0,33
420687,1,1,0,0,0,0,0,0,0,0,0,0
420688,1,1,17,17,17,17,17,17,17,17,17,17
420689,1,1,11,11,11,11,11,11,11,11,11,11
420690,1,1,0,0,0,0,0,0,0,0,0,0
420691,1,1,0,0,0,0,0,0,0,0,0,0
420691,2,1,0,0,0,0,0,0,0,0,0,0
420691,3,1,0,0,0,0,0,0,0,0,0,0
420692,1,1,19,12,0,16,29,0,29,21,13,17
420692,2,1,0,0,0,0,0,0,0,0,0,0
420692,3,1,0,0,0,0,0,0,0,0,0,0
420693,1,1,0,0,0,0,0,0,0,0,0,0
420693,2,1,0,0,0,0,0,0,0,0,11,0
420693,3,1,0,0,0,0,0,0,0,0,0,0
420694,1,1,0,0,0,0,0,0,0,0,0,0
420694,2,1,0,0,0,0,0,0,0,0,0,0
420694,3,1,6,0,0,0,0,0,0,0,0,0
420694,4,1,0,0,0,0,0,0,0,0,0,0
420695,1,1,0,0,0,0,0,0,0,0,0,0
420696,1,1,9,9,9,9,9,9,9,9,9,9
420697,1,1,0,0,0,0,0,0,0,0,0,0
420698,1,1,0,0,0,0,0,0,0,0,0,0
420698,2,1,0,0,0,0,0,0,0,0,0,9
420699,1,1,0,0,0,0,19,0,0,0,0,9
420699,2,1,0,0,0,0,0,0,0,0,0,0
420700,1,1,14,14,14,14,14,14,14,14,14,14
420701,1,1,22,22,22,22,22,22,22,22,22,22
420702,0,1,0,0,0,0,0,0,0,0,0,0
420702,1,1,0,0,0,0,0,0,0,0,0,0
420703,0,1,42,42,42,42,42,42,42,42,42,42
420703,1,1,0,0,0,5,0,0,0,0,0,0
420704,1,1,13,35,12,22,25,22,23,24,16,27
420705,1,1,0,0,0,0,0,0,0,0,0,0
420706,1,1,0,0,0,0,0,0,0,0,0,0
420706,2,1,0,0,0,0,0,0,0,0,0,0
420707,1,1,12,0,0,0,7,0,0,24,0,22
420708,1,1,0,0,0,0,0,0,0,0,0,0
420708,2,1,0,0,0,0,0,0,0,0,0,0
420709,1,1,0,0,0,0,0,0,0,0,0,0
420709,2,1,0,0,0,0,0,0,0,0,0,0
420710,1,1,0,0,0,0,0,0,0,0,0,0
420710,2,1,0,0,0,0,0,0,0,0,0,0