ST_CASE,VEH_NO,PER_NO,P1,P2,P3,P4,P5,P6,P7,P8,P9,P10
420711,1,1,0,0,0,0,0,0,0,0,0,0
420711,2,1,0,0,0,0,0,0,0,0,0,0
420712,1,1,0,0,0,0,0,0,0,0,0,0
420712,2,1,0,0,0,0,0,0,0,0,0,0
420713,1,1,31,31,31,31,31,31,31,31,31,31
420714,1,1,0,0,0,0,0,0,0,0,0,0
420715,1,1,2,2,2,2,2,2,2,2,2,2
420715,2,1,0,0,0,0,0,0,0,0,0,0
420716,1,1,0,0,0,0,0,0,0,0,0,0
420717,1,1,11,11,11,11,11,11,11,11,11,11
420718,1,1,0,0,0,0,0,0,0,0,0,0
420718,2,1,0,0,0,0,0,0,0,0,0,0
420719,1,1,24,24,24,24,24,24,24,24,24,24
420720,1,1,0,11,0,0,17,0,0,0,0,0
420721,1,1,0,12,11,3,11,12,9,7,21,11
420721,2,1,0,0,0,0,0,0,0,0,0,0
420721,3,1,0,0,0,0,0,0,0,0,0,0
420721,4,1,0,0,0,0,0,0,0,0,0,0
420721,5,1,0,0,0,0,0,0,9,0,0,0
420721,6,1,0,0,0,0,0,12,0,0,0,0
420721,7,1,0,0,0,0,0,0,0,0,0,0
420722,1,1,0,0,0,0,0,0,0,0,0,0
420722,2,1,0,0,0,0,0,0,0,0,0,0
420723,0,1,0,21,0,7,0,0,0,0,0,0
420723,1,1,0,22,0,0,0,0,0,0,0,0
420724,0,1,0,0,0,0,0,0,0,8,0,0
420724,1,1,0,0,0,0,0,0,0,0,0,0
420725,1,1,0,0,0,0,0,0,0,0,8,0
420726,1,1,0,7,5,0,0,18,0,0,12,0
420727,1,1,0,0,0,0,0,0,0,0,0,0
420728,1,1,0,0,0,0,0,0,0,0,0,0
420729,1,1,0,0,0,0,0,0,0,0,0,0
420730,1,1,14,14,14,14,14,14,14,14,14,14
420731,1,1,13,13,13,13,13,13,13,13,13,13
420732,1,1,17,17,17,17,17,17,17,17,17,17
420733,1,1,20,20,20,20,20,20,20,20,20,20
420734,1,1,13,13,13,13,13,13,13,13,13,13
420735,1,1,0,0,0,0,0,0,0,0,0,0
420736,0,1,13,13,13,13,13,13,13,13,13,13
420736,1,1,1,1,1,1,1,1,1,1,1,1
420737,1,1,0,0,0,0,0,0,0,0,0,0
420738,0,1,0,0,0,17,0,0,0,0,0,0
420738,1,1,0,0,0,13,0,0,0,0,0,28
420739,1,1,0,0,0,0,16,0,0,0,0,0
420740,1,1,1,1,1,1,1,1,1,1,1,1
420741,1,1,21,21,21,21,21,21,21,21,21,21
420742,1,1,6,6,6,6,6,6,6,6,6,6
420743,0,1,0,0,0,0,0,0,0,0,0,0
420743,1,1,0,0,0,0,0,0,0,0,0,0
420744,1,1,26,0,0,27,18,16,0,0,0,19
420745,1,1,11,10,8,15,7,9,11,19,9,4
420746,1,1,13,13,13,13,13,13,13,13,13,13
420747,1,1,20,20,20,20,20,20,20,20,20,20
420748,1,1,0,0,0,0,0,0,0,0,0,0
420749,0,1,0,0,0,0,0,0,0,0,0,0
420749,1,1,0,0,0,0,0,0,0,0,0,0
420750,1,1,13,13,13,13,13,13,13,13,13,13
420751,1,1,24,24,24,24,24,24,24,24,24,24
420752,1,1,33,33,33,33,33,33,33,33,33,33
420753,1,1,17,17,17,17,17,17,17,17,17,17
420754,1,1,0,0,0,0,0,0,0,0,0,0
420754,2,1,0,0,0,0,0,0,0,0,0,0
420754,3,1,0,0,0,0,0,0,0,0,27,0
420755,1,1,12,12,12,12,12,12,12,12,12,12
420756,1,1,25,14,33,0,19,0,21,0,11,5
420757,1,1,0,0,0,0,0,0,0,0,0,0
420758,1,1,0,0,0,0,0,0,0,0,0,0
420759,0,1,0,0,0,0,0,0,0,0,0,0
420759,1,1,0,0,0,0,0,0,0,0,0,0
420760,1,1,0,0,0,0,0,0,0,0,0,0
420761,0,1,0,0,0,0,0,0,0,0,0,0
420761,1,1,0,0,0,0,0,0,0,0,0,0
420762,1,2,0,0,0,0,0,0,0,0,0,0
420763,1,1,30,30,30,30,30,30,30,30,30,30
420764,1,1,25,25,25,25,25,25,25,25,25,25
420764,2,1,0,0,0,12,3,0,0,0,0,0
420765,0,1,0,0,0,0,0,6,0,0,0,0
420765,1,1,0,0,0,0,0,0,0,0,0,0
420766,1,1,9,0,0,0,0,0,0,12,0,0
420766,2,1,0,0,0,0,0,0,0,0,0,0
420767,0,1,25,9,18,24,27,8,14,10,28,32
420767,1,1,0,0,0,0,0,0,0,0,17,0
420768,0,1,0,0,0,0,0,0,0,0,0,0
420768,1,1,0,0,0,0,0,0,0,0,0,0
420769,1,1,0,0,0,0,0,0,0,0,0,0
420770,1,1,17,21,18,12,16,11,7,15,26,17
420771,1,1,0,0,5,0,17,8,2,0,11,16
420772,1,1,0,0,0,0,0,0,0,0,0,0
420773,1,1,0,0,0,0,0,0,0,0,0,0
420774,1,1,0,0,0,0,0,0,0,0,0,0
420774,2,1,0,0,0,0,0,0,0,0,0,0
420775,0,1,0,0,0,0,0,0,0,0,0,0
420775,1,1,0,0,0,21,0,0,0,0,0,0
420776,0,1,11,0,0,15,23,31,19,9,29,0
420776,1,1,0,0,0,0,0,0,0,0,0,0
420777,1,1,0,0,0,0,0,0,0,0,0,0
420777,2,1,0,0,0,0,0,0,0,0,0,0
420777,3,1,0,0,0,0,0,0,0,0,0,0
420778,1,1,0,2,0,16,0,0,7,16,0,0
420779,0,1,0,0,0,0,0,0,0,0,0,0
420779,1,1,0,0,0,0,0,0,0,0,0,0
420780,1,1,0,0,0,0,0,0,0,0,0,0
420781,1,1,0,0,0,0,0,0,0,0,0,0
420782,1,1,6,6,6,6,6,6,6,6,6,6
420783,0,1,0,0,0,0,0,0,0,0,0,0
420783,1,1,0,0,0,0,0,10,0,0,0,0
420784,0,1,0,0,0,0,0,0,0,0,0,0
420784,0,2,0,0,0,0,0,0,0,0,0,0
420784,1,1,0,0,0,0,0,0,0,0,0,0
420785,0,1,0,0,0,0,13,0,35,19,8,0
420785,1,1,0,0,0,28,0,0,0,0,0,0
420786,1,1,33,33,33,33,33,33,33,33,33,33
420787,0,1,0,0,0,0,0,0,0,0,0,0
420787,1,1,0,0,0,0,0,0,0,0,0,0
420788,0,1,0,0,0,0,0,0,0,0,0,0
420788,1,1,0,0,4,0,0,0,0,0,0,0
420789,1,1,0,0,0,0,0,0,0,0,0,0
420789,2,1,0,0,0,0,0,0,0,0,0,0
420790,0,1,28,28,28,28,28,28,28,28,28,28
420790,1,1,0,16,0,0,0,0,0,0,0,0
420791,1,1,6,6,6,6,6,6,6,6,6,6
420792,0,1,19,19,19,19,19,19,19,19,19,19
420792,1,1,0,0,23,0,6,0,0,0,0,0
420793,1,1,0,0,0,0,0,0,0,0,0,0
420793,2,1,0,0,0,0,0,0,0,0,0,0
420794,1,1,0,5,22,18,20,2,24,9,12,8
420795,0,1,13,10,15,16,21,11,16,25,18,38
420795,1,1,0,0,0,0,0,0,0,0,0,10
420796,1,1,0,0,0,0,0,0,0,0,0,0
420796,2,1,0,0,23,0,0,0,0,0,0,0
420797,1,1,0,0,0,0,0,0,0,0,0,0
420797,2,1,0,0,0,0,0,0,0,0,0,0
420798,1,1,0,0,0,0,0,0,0,0,0,0
420798,2,1,0,0,0,0,0,0,0,0,0,0
420799,1,1,0,0,0,0,0,0,0,0,0,0
420799,2,1,0,0,0,0,0,0,0,0,0,0
420800,1,1,1,1,1,1,1,1,1,1,1,1
420801,1,1,0,0,0,0,0,0,0,0,5,0
420801,2,1,0,0,0,0,0,0,0,0,0,0
420802,1,1,0,0,0,0,0,0,0,0,0,0
420802,2,1,0,0,0,0,0,0,0,0,0,0
420803,1,1,0,0,0,0,0,0,0,0,0,0
420803,2,1,0,0,0,0,0,0,0,0,0,0
420804,1,1,0,0,0,0,0,0,0,0,19,0
420805,0,1,0,0,0,0,0,0,0,0,0,0
420805,1,1,0,0,0,0,0,0,0,0,0,0
420806,0,1,0,18,0,22,0,32,0,0,22,18
420806,1,1,0,0,0,0,0,0,0,0,0,0
420807,1,1,0,0,0,0,3,0,13,0,0,10
420808,1,1,0,0,0,0,0,0,22,0,0,0
420808,2,1,0,0,0,0,0,0,0,0,0,0
420809,1,1,0,0,0,0,0,0,0,0,0,0
420809,2,1,0,0,0,0,0,0,0,0,0,0
420810,1,1,0,0,0,0,0,0,0,0,0,0
420810,2,1,0,0,0,0,0,0,0,0,0,0
420811,1,1,0,0,0,0,0,0,0,0,0,0
420811,2,1,0,0,0,0,0,0,0,0,0,0
420812,1,1,0,0,0,0,0,0,0,0,0,0
420812,2,1,0,0,0,0,0,0,0,0,0,0
420813,0,1,0,0,0,0,0,9,0,0,0,0
420813,1,1,0,0,0,0,0,0,0,0,0,0
420814,1,1,0,0,0,0,0,0,0,0,0,0
420815,1,1,0,0,0,0,0,0,0,0,0,0
420816,1,1,0,0,0,0,0,0,0,0,0,0
420817,1,1,0,0,0,0,0,0,0,0,0,0
420818,1,1,0,0,0,0,0,0,0,0,0,0
420819,1,1,0,0,0,0,0,0,0,0,0,0
420820,1,1,0,0,0,0,0,0,0,0,0,0
420821,1,1,20,20,20,20,20,20,20,20,20,20
420822,1,1,11,11,11,11,11,11,11,11,11,11
420822,2,1,0,0,0,0,0,0,0,0,0,0
420823,1,1,0,0,0,0,0,0,0,0,14,0
420823,2,1,0,0,0,0,0,0,0,0,0,0
420824,1,1,0,0,0,0,0,0,0,0,0,0
420824,2,1,0,0,0,0,0,0,0,0,0,0
420825,1,1,0,0,0,0,0,0,0,0,0,0
420825,2,1,0,0,0,0,0,0,0,0,0,0
420825,3,1,0,0,0,0,0,13,0,0,0,0
420826,1,1,0,22,0,18,28,0,8,27,18,0
420826,2,1,0,0,0,0,0,0,0,0,0,0
420827,1,1,0,0,0,0,0,0,0,0,0,0
420827,2,1,0,0,0,4,0,0,0,0,0,0
420828,1,1,0,0,18,0,0,0,0,0,0,0
420828,2,1,0,0,0,0,0,0,0,0,0,0
420829,1,1,31,31,31,31,31,31,31,31,31,31
420830,0,1,10,10,10,10,10,10,10,10,10,10
420830,1,1,0,0,0,0,0,0,0,0,0,0
420831,1,1,0,0,0,0,0,0,0,0,0,0
420831,2,1,0,0,0,0,0,0,0,0,0,0
420832,1,1,0,0,0,0,0,0,0,0,0,0
420832,2,1,0,0,0,0,0,0,0,0,0,0
420833,1,1,0,13,0,0,0,0,24,17,0,0
420834,0,1,15,15,15,15,15,15,15,15,15,15
420834,1,1,0,0,0,0,0,0,0,0,0,0
420835,1,1,0,9,0,4,0,0,0,0,0,0
420836,1,1,11,10,0,0,0,15,0,0,4,0
420837,1,1,0,0,0,0,0,0,0,0,0,0
420838,0,1,21,21,21,21,21,21,21,21,21,21
420838,1,1,16,16,16,16,16,16,16,16,16,16
420839,1,1,0,0,0,0,0,0,0,0,0,0
420839,2,1,0,0,0,0,0,0,0,0,0,0
420840,1,1,0,0,0,0,0,0,0,0,0,0
420840,2,1,0,0,0,0,0,0,0,0,0,0
420841,1,1,0,14,19,0,28,0,0,0,0,0
420842,1,1,0,0,0,0,0,0,0,0,0,0
420843,1,1,17,17,17,17,17,17,17,17,17,17
420843,2,1,0,0,0,0,2,0,0,0,0,0
420844,1,1,0,0,0,0,0,0,0,0,0,0
420845,1,1,0,0,0,0,0,0,0,0,0,0
420845,2,1,0,15,0,0,0,0,0,0,0,0
420846,1,1,0,0,0,0,0,0,0,0,0,0
420846,2,1,0,0,0,0,0,0,0,0,0,0
420847,1,1,4,4,4,4,4,4,4,4,4,4
420847,2,1,0,0,0,0,0,0,0,0,0,0
420848,1,1,0,0,0,0,0,0,0,0,0,0
420849,1,1,0,0,0,0,0,0,0,0,0,0
420849,2,1,34,34,34,34,34,34,34,34,34,34
420850,1,1,8,0,0,0,0,0,14,0,0,0
420850,2,1,0,0,18,0,0,0,0,0,0,0
420851,1,1,27,27,27,27,27,27,27,27,27,27
420851,2,1,0,0,0,0,0,0,0,0,0,0
420852,1,1,0,0,0,0,0,0,0,0,0,0
420852,2,1,0,24,0,6,0,0,7,0,14,0
420852,3,1,0,0,0,17,0,0,0,0,0,0
420853,1,1,37,23,41,6,27,23,29,14,3,22
420853,2,1,0,0,0,0,0,0,0,0,0,0
420854,1,1,19,19,19,19,19,19,19,19,19,19
420855,1,1,0,0,0,0,0,0,0,0,0,0
420855,2,1,0,0,0,0,0,0,0,0,0,0
420856,1,1,0,0,0,0,0,0,0,0,0,0
420856,2,1,0,0,0,0,0,0,0,0,0,0
420857,1,1,0,0,0,0,0,0,0,0,0,0
420858,1,1,33,33,33,33,33,33,33,33,33,33
420859,0,1,0,0,0,0,0,0,0,0,0,0
420859,1,1,0,0,0,0,0,0,0,0,0,0
420860,1,1,0,0,0,0,0,0,0,0,0,0
420861,1,1,27,27,27,27,27,27,27,27,27,27
420861,2,1,0,0,0,0,0,0,0,0,0,0
420861,3,1,0,0,0,0,0,0,0,0,0,0
420862,1,1,0,0,0,0,0,0,12,10,0,0
420863,1,1,0,0,0,0,0,0,0,0,0,0
420864,1,1,13,15,8,20,18,4,29,14,26,16
420865,1,1,21,21,21,21,21,21,21,21,21,21
420865,2,1,0,0,0,0,0,0,0,0,0,0
420866,0,1,0,0,0,0,0,0,0,0,0,0
420866,2,1,0,0,0,0,0,0,0,0,3,4
420867,1,1,0,0,0,0,0,0,0,0,0,0
420867,2,1,0,0,0,0,0,0,0,0,0,0
420868,1,1,0,0,0,9,22,0,12,0,0,0
420869,1,1,0,0,0,0,0,0,0,0,0,0
420869,2,1,0,0,0,0,0,0,0,0,0,0
420870,0,1,0,0,0,0,0,0,0,0,0,0
420870,1,1,0,0,0,0,0,0,0,0,0,0
420870,2,1,0,0,0,0,0,0,0,0,0,0
420871,1,1,0,0,0,0,0,0,0,0,0,0
420872,1,1,10,10,10,10,10,10,10,10,10,10
420873,0,1,0,0,0,0,0,0,0,0,0,0
420873,1,1,0,0,0,0,0,0,0,0,0,0
420874,1,1,0,0,0,0,0,0,0,0,0,0
420875,0,1,0,0,0,0,0,0,0,0,0,0
420875,1,1,0,0,0,0,7,0,0,0,0,0
420876,1,1,8,8,8,8,8,8,8,8,8,8
420877,1,1,22,22,22,22,22,22,22,22,22,22
420878,1,1,0,0,0,0,0,0,0,0,0,0
420879,1,1,23,23,23,23,23,23,23,23,23,23
420880,1,1,20,24,25,23,20,17,38,13,35,13
420881,1,1,0,0,0,0,0,0,0,0,0,0
420882,1,1,21,0,0,21,28,0,0,9,0,12
420883,1,1,0,0,0,0,0,0,0,0,0,0
420884,1,2,9,10,0,0,13,8,15,20,0,0
420885,1,1,23,23,23,23,23,23,23,23,23,23
420886,1,1,32,20,24,7,14,18,17,9,15,13
420887,1,1,0,0,0,0,0,0,0,0,0,0
420888,0,1,0,0,0,0,0,0,0,0,0,0
420888,1,1,0,0,0,0,0,0,0,0,0,0
420889,0,1,0,22,0,0,0,0,0,0,0,0
420889,0,2,0,0,0,0,0,16,0,0,0,20
420889,1,1,0,0,0,17,0,0,0,0,0,11
420890,1,1,0,0,0,0,0,0,0,0,0,0
420891,1,1,13,13,13,13,13,13,13,13,13,13
420892,1,1,0,0,0,0,0,0,0,0,0,0
420893,1,1,0,0,0,0,0,0,0,0,0,0
420894,1,1,0,0,0,0,0,0,0,0,0,0
420894,2,1,0,0,0,0,0,0,0,0,0,0
420895,0,1,0,0,0,0,0,0,0,0,0,5
420895,1,1,0,0,0,0,0,0,0,0,0,0
420896,1,1,0,0,0,8,0,21,0,0,0,0
420897,1,1,0,0,0,0,0,0,0,0,0,0
420898,0,1,0,0,0,0,0,0,0,0,0,0
420898,1,1,13,0,0,0,0,0,0,0,0,0
420899,0,1,0,0,0,0,0,0,0,0,0,0
420899,1,1,0,0,0,0,0,0,0,0,0,0
420900,1,1,0,0,0,0,0,0,0,0,0,0
420900,2,1,0,0,0,0,0,0,0,0,0,0
420901,1,1,0,0,0,0,0,0,0,0,0,0
420901,2,1,0,0,0,0,0,0,0,0,0,0
420902,1,1,0,0,0,0,0,0,0,0,0,0
420902,2,1,0,0,0,0,0,0,0,0,0,0
420903,1,1,16,16,16,16,16,16,16,16,16,16
420903,2,1,0,0,0,0,0,0,0,0,0,0
420904,1,1,4,4,4,4,4,4,4,4,4,4
420904,2,1,9,9,9,9,9,9,9,9,9,9
420905,1,1,0,0,0,0,0,0,0,0,0,0
420905,2,1,0,0,0,0,0,0,0,0,0,0
420905,3,1,0,0,0,0,17,14,0,0,0,0
420906,1,1,14,14,14,14,14,14,14,14,14,14
420907,1,1,9,9,9,9,9,9,9,9,9,9
420908,0,1,0,0,0,0,0,0,0,0,0,0
420908,1,1,0,0,0,0,0,0,0,0,0,0
420909,1,1,0,0,0,0,0,0,0,0,0,0
420909,2,1,0,0,0,0,0,0,0,0,0,0
420909,3,2,0,0,0,0,0,0,0,0,0,0
420910,1,1,29,29,29,29,29,29,29,29,29,29
420911,1,1,0,0,0,0,0,0,0,0,0,0
420912,1,1,0,0,0,0,0,0,0,0,0,0
420912,2,1,0,0,0,0,0,0,0,0,0,0
420913,1,1,0,0,0,0,0,0,0,0,0,0
420914,1,1,21,21,21,21,21,21,21,21,21,21
420915,1,1,0,0,0,0,0,0,0,0,0,0
420915,2,1,0,0,0,0,0,0,0,0,0,0
420916,1,1,0,0,0,0,0,0,0,0,0,0
420917,0,1,0,0,0,0,0,0,0,0,0,0
420917,1,1,0,0,0,0,0,0,0,0,0,8
420918,1,1,0,0,0,0,0,0,0,0,0,0
420918,2,1,0,0,0,0,0,0,0,0,0,0
420919,1,1,1,1,1,1,1,1,1,1,1,1
420920,1,1,0,0,0,0,0,0,0,0,0,0
420920,2,1,0,0,0,0,0,0,0,0,0,0
420921,1,1,0,0,0,0,0,0,0,0,0,0
420922,1,1,0,0,0,0,0,0,0,0,0,0
420922,2,1,0,0,0,0,19,0,0,2,0,0
420923,1,1,0,0,0,0,0,0,0,12,0,0
420924,0,1,0,0,0,13,0,30,0,0,0,20
420924,1,1,0,0,0,0,0,0,0,0,12,0
420925,1,1,0,0,0,0,0,0,0,0,0,0
420925,2,1,0,0,0,12,0,0,0,0,0,0
420926,1,1,0,0,0,0,0,0,0,0,0,0
420926,2,1,0,0,0,0,0,0,0,0,0,0
420927,1,1,16,16,16,16,16,16,16,16,16,16
420927,2,1,0,0,0,0,0,0,0,0,0,0
420928,1,1,12,12,12,12,12,12,12,12,12,12
420928,2,1,0,0,0,0,0,0,0,0,0,0
420929,1,1,0,0,0,0,0,0,0,0,0,0
420929,2,1,0,0,0,0,0,0,0,0,0,0
420930,1,1,0,0,0,0,0,0,0,0,0,0
420930,2,1,0,0,0,0,0,0,0,0,0,0
420930,3,1,0,0,0,0,0,0,0,0,0,0
420931,0,1,0,0,0,0,0,0,0,0,20,0
420931,1,1,0,0,0,0,0,0,0,0,0,0
420932,1,1,0,0,0,0,0,0,0,0,0,0
420932,2,1,0,0,0,0,0,0,0,0,0,0
420933,1,1,1,1,1,1,1,1,1,1,1,1
420933,2,1,0,0,0,0,0,0,0,0,0,0
420934,1,1,0,0,0,0,0,0,0,0,0,0
420934,2,1,0,0,0,0,0,0,0,0,0,0
420935,1,1,26,26,26,26,26,26,26,26,26,26
420935,2,1,0,0,0,0,0,0,0,0,0,0
420936,1,1,0,0,0,0,0,0,0,0,0,0
420936,2,1,0,0,0,0,0,0,0,0,0,0
420937,1,1,0,0,0,0,0,0,0,0,0,0
420937,2,1,0,0,0,0,0,0,0,0,0,0
420938,1,1,7,7,7,7,7,7,7,7,7,7
420938,2,1,0,0,0,0,0,0,0,0,0,0
420939,1,1,21,21,21,21,21,21,21,21,21,21
420940,1,1,0,0,0,0,0,0,0,0,0,0
420940,2,1,0,0,0,0,0,0,0,0,0,0
420941,1,1,21,21,21,21,21,21,21,21,21,21
420942,1,1,41,41,41,41,41,41,41,41,41,41
420943,0,1,18,8,0,12,5,0,19,28,0,0
420943,1,1,0,0,0,0,0,0,0,0,0,0
420944,1,1,0,0,0,15,0,0,0,0,0,0
420944,2,1,27,8,22,15,19,0,14,11,8,0
420945,0,1,17,17,17,17,17,17,17,17,17,17
420945,1,1,0,2,0,0,0,0,0,0,0,0
420946,1,1,2,2,2,2,2,2,2,2,2,2
420947,1,1,0,0,0,0,0,0,0,0,0,0
420947,2,1,0,0,0,0,0,0,0,0,0,0
420947,3,1,0,0,0,0,0,0,0,0,0,0
420948,1,1,0,0,0,5,0,0,0,0,0,0
420949,1,1,11,5,0,0,0,0,0,0,12,0
420950,1,1,0,0,0,0,0,0,0,0,0,0
420950,2,1,17,0,0,0,0,0,0,0,0,0
420950,3,1,0,0,0,0,0,0,0,0,0,0
420950,4,1,0,0,0,0,0,0,0,0,0,0
420951,1,1,22,22,22,22,22,22,22,22,22,22
420952,1,1,0,0,0,0,0,0,0,0,0,0
420952,2,1,0,0,0,0,0,0,17,0,0,0
420952,3,1,0,0,0,0,0,0,0,0,0,0
420953,1,1,0,0,0,0,0,0,0,0,0,0
420953,2,1,0,0,0,0,0,0,0,0,0,0
420954,1,1,27,27,27,27,27,27,27,27,27,27
420954,2,1,0,0,0,0,0,0,0,0,0,0
420954,3,1,0,0,0,0,0,0,0,0,0,36
420955,1,1,10,0,0,4,0,0,0,0,0,0
420955,2,1,0,0,0,0,0,0,0,0,0,0
420955,3,1,0,0,0,0,0,0,0,0,0,0
420956,1,1,0,0,0,0,0,0,0,0,0,0
420956,2,1,0,0,0,0,0,0,0,0,0,0
420956,3,1,0,0,0,0,0,0,0,0,0,0
420957,0,1,0,0,0,0,31,0,21,0,0,0
420957,1,1,0,0,0,0,0,0,0,0,0,0
420958,1,1,0,0,0,0,0,0,0,0,0,0
420958,2,1,0,0,0,0,0,0,0,0,0,0
420958,3,1,0,0,0,0,0,0,0,0,0,0
420958,4,1,0,0,0,0,0,0,0,0,0,0
420959,0,1,0,0,0,0,0,0,0,0,0,0
420959,1,1,0,0,0,0,0,0,0,0,0,0
420959,6,1,0,0,0,0,0,0,0,0,0,0
420960,1,1,6,6,6,6,6,6,6,6,6,6
420960,2,1,0,0,0,0,0,0,0,0,0,14
420960,3,1,2,2,2,2,2,2,2,2,2,2
420960,4,1,3,3,3,3,3,3,3,3,3,3
420961,1,1,13,13,13,13,13,13,13,13,13,13
420961,2,1,0,0,0,0,0,0,0,0,0,0
420961,3,1,0,0,0,7,0,0,0,0,0,0
420962,1,1,0,0,0,0,0,0,0,0,7,0
420962,2,1,11,11,11,11,11,11,11,11,11,11
420962,3,1,0,0,0,0,0,0,0,0,0,0
420963,1,1,21,21,21,21,21,21,21,21,21,21
420963,2,1,0,0,0,0,0,0,0,0,0,0
420963,3,1,0,0,0,0,0,0,0,0,0,0
420964,1,1,0,0,0,0,0,0,0,0,0,0
420964,2,1,0,0,0,0,0,0,0,0,0,0
420964,3,1,0,0,0,0,0,0,0,0,0,0
420965,1,1,0,0,0,0,0,0,0,0,0,0
420965,2,1,0,0,0,0,0,0,0,0,0,0
420965,3,1,0,0,0,0,0,0,0,0,0,0
420965,4,1,0,30,0,8,0,0,0,8,0,0
420966,1,1,0,0,0,0,0,0,0,0,0,0
420966,2,1,0,0,0,0,0,0,0,0,0,0
420967,1,1,0,0,0,0,0,0,0,0,0,0
420967,2,1,0,0,0,0,8,0,0,0,0,0
420968,1,1,0,0,0,0,0,0,0,0,0,0
420969,1,1,0,0,0,0,0,0,0,0,0,0
420970,1,1,20,20,20,20,20,20,20,20,20,20
420970,2,1,0,7,0,0,0,0,0,0,0,0
420970,3,1,1,0,0,0,0,0,0,0,0,0
420971,1,1,0,0,0,0,0,0,12,0,0,0
420971,2,1,0,0,0,0,0,0,0,0,0,0
420971,3,1,0,0,0,0,0,0,0,0,0,0
420972,1,1,0,0,0,0,0,0,0,0,0,0
420973,1,1,0,0,0,0,0,0,0,0,0,0
420973,2,1,0,0,0,0,0,0,0,0,0,0
420974,1,1,8,8,8,8,8,8,8,8,8,8
420975,1,1,20,20,20,20,20,20,20,20,20,20
420975,2,1,0,0,0,0,25,6,0,0,10,0
420975,3,1,0,0,0,0,0,0,0,0,0,0
420976,1,1,19,19,19,19,19,19,19,19,19,19
420977,1,1,11,8,12,7,11,20,25,18,18,7
420978,1,1,66,66,66,66,66,66,66,66,66,66
420979,1,1,23,23,23,23,23,23,23,23,23,23
420980,0,1,0,0,0,0,0,0,0,0,0,0
420980,1,1,0,0,0,0,0,0,0,0,0,0
420981,1,1,0,0,0,0,0,0,0,0,29,10
420982,1,1,0,0,0,0,0,0,0,0,0,0
420982,2,1,0,0,0,0,0,0,0,0,0,0
420982,3,1,0,0,0,0,0,0,11,0,0,0
420982,4,1,0,0,0,0,0,0,0,0,0,0
420982,5,1,0,0,0,0,0,0,0,0,0,0
420983,1,1,0,0,0,0,0,0,0,0,0,0
420984,0,1,0,0,0,0,0,0,0,0,0,0
420984,1,1,0,0,0,0,0,0,0,0,0,0
420985,1,1,0,0,0,0,0,0,0,0,0,0
420985,2,1,0,0,0,0,0,0,0,0,0,0
420985,3,1,0,0,0,0,0,0,0,0,0,0
420986,1,1,0,22,10,0,11,0,17,21,12,0
420987,1,1,0,13,0,0,0,0,0,0,0,0
420988,1,1,0,0,0,0,0,0,0,0,0,0
420988,2,1,0,0,0,0,0,0,0,0,0,4
420989,0,1,0,0,0,5,0,0,0,0,18,39
420989,1,1,22,22,22,22,22,22,22,22,22,22
420990,1,1,0,0,0,0,0,0,0,0,0,0
420990,2,1,0,0,0,0,0,0,0,0,0,0
420991,1,1,4,4,4,4,4,4,4,4,4,4
420992,1,1,0,0,0,0,0,0,0,0,0,0
420993,1,1,25,25,25,25,25,25,25,25,25,25
420994,1,1,13,13,13,13,13,13,13,13,13,13
420995,1,1,0,0,0,0,0,0,0,0,0,0
420995,2,1,0,0,0,0,0,0,0,0,0,0
420995,3,1,0,13,0,0,0,0,0,0,0,0
420995,4,1,0,0,0,0,0,0,0,0,0,0
420996,1,1,17,17,17,17,17,17,17,17,17,17
420997,1,1,26,26,26,26,26,26,26,26,26,26
420998,1,1,6,0,2,5,3,0,7,5,10,10
420999,1,1,0,0,0,0,0,0,0,0,0,0
421000,1,1,0,0,0,0,0,0,0,0,0,0
421000,2,1,0,0,0,0,0,0,0,0,0,0
421000,3,1,0,0,0,0,0,0,0,0,0,0
421001,1,1,18,18,18,18,18,18,18,18,18,18
421002,1,1,34,34,34,34,34,34,34,34,34,34
421002,2,1,0,0,0,0,0,0,0,0,0,9
421003,0,1,0,0,0,0,0,0,0,0,0,0
421003,1,1,0,0,0,0,0,0,0,0,0,0
421004,1,1,0,0,0,0,0,0,0,0,0,0
421004,2,1,0,0,0,0,0,0,0,0,0,0
421005,1,1,0,0,0,0,0,0,0,0,0,0
421005,2,1,0,0,0,0,0,0,0,0,0,0
421005,3,1,0,0,0,0,0,0,0,0,0,0
421006,1,1,0,0,0,0,0,0,0,0,0,0
421006,2,1,0,0,0,0,0,0,0,0,0,0
421006,3,1,0,0,0,0,0,0,0,0,0,0
421007,1,1,13,13,13,13,13,13,13,13,13,13
421007,2,1,0,0,0,0,0,0,0,0,0,0
421008,1,1,0,0,0,0,0,0,0,0,0,0
421008,2,1,0,0,0,0,0,0,0,0,0,0
421009,1,1,16,23,29,38,23,32,16,28,12,26
421009,2,1,0,0,0,0,0,0,0,0,0,18
421010,1,1,0,0,0,0,0,0,0,0,0,0
421010,2,1,0,0,0,0,0,0,0,0,0,7
421011,1,1,0,0,0,0,0,0,0,0,0,0
421012,1,1,0,0,0,0,0,0,0,0,0,0
421012,2,1,0,0,0,0,0,0,0,0,0,0
421013,1,1,15,15,15,15,15,15,15,15,15,15