ST_CASE,VEH_NO,PER_NO,P1,P2,P3,P4,P5,P6,P7,P8,P9,P10
450722,0,2,0,12,0,0,0,0,15,0,0,7
450722,1,1,0,0,8,0,0,0,0,0,5,0
450723,1,1,0,0,0,0,0,0,0,0,0,11
450723,2,1,0,0,0,0,0,0,8,0,0,0
450724,1,1,0,11,0,0,17,0,0,0,16,0
450724,2,1,12,12,12,12,12,12,12,12,12,12
450725,1,1,1,1,1,1,1,1,1,1,1,1
450725,2,1,0,0,0,0,0,0,0,0,0,0
450726,1,1,0,0,22,29,24,0,22,0,0,0
450726,2,1,20,20,20,20,20,20,20,20,20,20
450727,1,1,0,0,0,0,0,0,0,0,16,29
450727,2,1,0,0,0,0,11,56,0,0,0,0
450728,1,1,24,24,24,24,24,24,24,24,24,24
450728,2,1,0,0,0,0,0,0,0,0,0,0
450729,1,1,0,0,0,0,0,0,0,0,0,0
450729,2,1,9,9,9,9,9,9,9,9,9,9
450730,1,1,11,12,0,0,18,0,37,0,0,0
450730,2,1,0,0,0,0,0,10,0,15,0,0
450731,0,1,7,7,7,7,7,7,7,7,7,7
450731,1,1,16,0,0,0,0,0,0,0,27,0
450732,1,1,0,0,0,0,0,0,0,0,0,0
450732,2,1,0,0,0,0,0,0,13,0,0,0
450733,1,1,0,0,0,0,0,0,0,0,0,0
450734,1,1,0,0,0,0,0,0,0,0,0,0
450734,2,1,0,0,0,0,0,6,0,0,0,14
450735,1,1,28,28,28,28,28,28,28,28,28,28
450736,1,1,0,0,0,0,0,0,0,0,0,0
450736,2,1,0,15,0,0,0,0,7,0,0,0
450737,1,1,0,2,2,0,0,0,0,0,0,0
450737,2,1,0,0,0,0,0,0,0,0,0,0
450737,3,1,0,0,0,0,0,0,0,0,0,0
450738,1,1,0,0,0,0,0,0,0,0,0,0
450739,1,1,15,15,15,15,15,15,15,15,15,15
450739,2,1,0,0,0,0,0,0,0,0,0,0
450740,1,1,0,0,0,0,0,0,0,0,0,0
450741,1,1,0,0,0,0,0,0,0,0,0,0
450742,1,1,0,0,0,14,0,0,0,0,0,0
450742,2,1,0,0,0,0,0,0,0,0,0,0
450743,0,1,0,0,0,0,0,0,0,0,0,0
450743,0,2,12,0,0,0,0,0,13,7,4,13
450743,1,1,0,0,0,20,0,0,0,10,0,0
450744,1,1,15,15,15,15,15,15,15,15,15,15
450745,1,1,0,6,0,0,0,0,0,0,21,0
450746,1,1,0,0,0,0,0,0,0,0,0,0
450746,2,1,0,0,0,0,0,0,0,0,0,0
450747,1,1,0,0,0,0,10,10,0,0,0,27
450748,1,1,0,0,0,0,0,0,0,6,0,0
450748,2,1,0,0,0,0,0,0,0,0,0,0
450749,1,1,16,16,16,16,16,16,16,16,16,16
450750,0,1,21,21,21,21,21,21,21,21,21,21
450750,1,1,11,26,0,21,0,0,0,18,19,0
450751,1,1,0,0,0,0,0,0,0,0,0,0
450751,2,1,0,0,0,16,0,0,0,0,0,0
450752,1,1,0,0,0,0,0,0,0,0,0,0
450752,2,1,0,0,0,0,0,0,0,0,0,0
450753,1,1,20,20,20,20,20,20,20,20,20,20
450754,1,1,0,0,0,0,0,0,0,0,0,0
450754,2,1,0,0,0,0,0,0,0,0,0,0
450755,1,1,0,0,28,0,0,0,0,0,0,0
450755,2,1,0,0,0,0,0,0,0,0,0,0
450755,3,1,0,0,0,0,0,0,0,0,0,0
450756,1,1,0,0,0,0,0,0,0,0,0,0
450756,2,1,0,12,0,0,0,0,0,0,0,0
450757,0,1,19,19,19,19,19,19,19,19,19,19
450757,1,1,0,0,0,25,0,13,0,0,0,0
450757,2,1,0,0,0,0,0,0,0,0,0,28
450757,3,1,0,0,0,0,0,0,0,0,0,0
450757,4,1,11,0,0,0,0,0,0,0,0,0
450757,5,1,0,0,0,0,0,19,0,0,0,0
450758,1,1,24,24,24,24,24,24,24,24,24,24
450759,0,1,0,0,0,0,0,0,23,0,0,0
450759,0,2,0,0,0,0,0,0,0,0,0,0
450759,1,1,0,21,0,0,0,19,0,39,0,0
450759,2,1,0,0,0,22,0,0,0,12,30,0
450760,1,1,15,15,15,15,15,15,15,15,15,15
450760,2,1,32,10,0,10,28,20,4,20,18,17
450761,1,1,4,22,13,14,6,15,9,9,26,10
450761,2,1,21,0,20,13,8,0,25,0,0,13
450762,1,1,0,0,10,27,11,0,0,0,0,0
450762,2,1,0,0,0,0,0,0,0,0,0,0
450762,3,1,0,0,0,0,0,0,0,0,0,0
450763,1,1,0,0,0,0,0,0,0,0,0,0
450763,2,1,0,0,0,0,0,0,0,0,0,0
450764,1,1,2,2,2,2,2,2,2,2,2,2
450765,1,1,18,18,18,18,18,18,18,18,18,18
450766,1,1,0,0,0,0,0,0,0,0,0,0
450766,2,1,0,0,0,0,0,0,0,0,0,0
450767,1,1,9,9,9,9,9,9,9,9,9,9
450767,2,1,0,0,0,0,0,0,0,0,0,0
450767,3,1,0,0,0,16,0,0,19,0,0,0
450768,0,1,0,0,0,0,0,0,0,0,0,0
450768,1,1,0,0,0,17,0,0,0,0,0,21
450769,1,1,0,0,0,0,0,0,0,0,0,0
450769,2,1,0,0,0,0,0,0,0,0,0,0
450769,3,1,0,0,0,0,0,0,0,0,0,0
450770,1,1,0,0,0,0,0,0,0,0,0,0
450770,2,1,20,17,0,7,25,22,0,0,8,0
460001,1,1,35,35,35,35,35,35,35,35,35,35
460002,1,1,0,0,0,0,0,0,0,0,0,0
460002,2,1,0,0,0,0,0,0,0,0,0,0
460003,1,1,0,0,0,0,0,0,0,0,0,0
460003,2,1,0,0,0,0,0,0,0,0,0,0
460004,1,1,0,0,0,0,0,0,0,0,0,0
460005,1,1,0,0,0,0,0,0,0,0,0,0
460005,2,1,0,0,0,0,0,0,0,0,0,0
460006,1,1,16,16,16,16,16,16,16,16,16,16
460006,2,1,0,0,0,0,0,0,0,0,0,0
460008,1,1,0,0,0,0,0,0,0,0,0,0
460008,2,1,0,0,0,0,0,0,0,0,0,0
460009,1,1,0,0,0,0,0,0,0,0,0,0
460009,2,1,5,5,5,5,5,5,5,5,5,5
460010,1,1,0,0,0,0,0,0,0,0,0,0
460011,1,1,31,31,31,31,31,31,31,31,31,31
460012,1,1,30,30,30,30,30,30,30,30,30,30
460013,1,1,0,0,0,0,0,0,0,0,0,0
460014,1,1,31,31,31,31,31,31,31,31,31,31
460015,1,1,0,0,0,0,0,0,0,0,0,0
460015,2,1,0,0,0,0,0,0,0,0,0,0
460016,1,1,0,0,0,0,0,0,0,0,0,0
460016,2,1,0,0,0,0,0,0,0,0,0,0
460017,1,1,38,6,0,0,0,0,0,0,0,0
460018,1,1,0,0,0,0,0,0,0,0,0,0
460018,2,1,0,0,0,0,0,0,0,0,0,0
460018,3,1,0,0,0,0,0,0,0,0,0,0
460018,4,1,0,0,0,0,0,0,0,0,0,0
460019,1,1,0,0,0,0,0,0,0,0,0,0
460020,0,1,20,0,0,0,0,0,0,0,0,0
460020,1,1,0,0,0,0,0,0,0,0,0,0
460021,0,1,0,0,0,0,0,0,0,0,0,0
460021,1,1,0,25,0,0,0,0,0,0,0,0
460022,1,1,0,0,0,0,0,0,0,0,0,0
460022,2,1,0,0,0,0,0,0,0,0,0,0
460022,3,1,0,0,0,0,0,0,0,0,0,0
460022,4,1,0,0,0,0,0,0,0,0,0,0
460023,1,1,0,0,0,0,0,0,0,0,0,0
460024,1,1,17,17,17,17,17,17,17,17,17,17
460025,1,1,0,0,0,0,0,0,0,0,0,0
460026,1,1,0,0,0,0,0,0,0,0,0,0
460027,1,1,0,0,0,0,0,0,0,0,0,0
460028,1,1,0,0,0,0,0,0,0,0,0,20
460028,2,1,0,0,0,0,0,0,0,0,0,0
460029,1,1,0,0,0,0,0,0,0,0,0,0
460029,2,1,0,0,0,0,0,0,0,0,0,0
460030,1,1,42,42,42,42,42,42,42,42,42,42
460030,2,1,0,0,0,0,0,0,0,0,0,0
460031,1,1,0,0,0,0,0,0,0,0,0,17
460032,1,1,0,0,0,0,0,0,0,0,0,0
460032,2,1,0,0,0,0,0,0,0,0,0,0
460032,3,1,0,0,0,0,0,0,0,0,0,0
460033,1,1,0,0,0,0,0,0,0,0,0,0
460033,2,1,0,0,0,0,0,0,0,0,0,0
460034,1,1,0,0,0,0,0,0,0,0,0,0
460035,1,1,15,15,15,15,15,15,15,15,15,15
460036,1,1,4,4,4,4,4,4,4,4,4,4
460037,1,1,0,0,0,0,0,0,0,0,0,0
460038,1,1,0,0,0,0,0,0,0,0,0,0
460039,1,1,11,11,11,11,11,11,11,11,11,11
460039,2,1,0,0,0,0,0,0,0,0,0,0
460040,1,1,0,0,0,0,0,0,0,0,0,0
460041,1,1,0,0,0,0,0,0,0,0,0,0
460042,1,1,15,15,15,15,15,15,15,15,15,15
460043,1,1,0,0,0,0,0,0,0,0,0,0
460044,1,1,0,0,0,0,0,0,0,0,0,0
460044,2,1,0,0,0,0,37,0,0,0,0,33
460045,1,1,22,22,22,22,22,22,22,22,22,22
460046,1,1,0,0,0,0,0,0,0,0,0,0
460046,2,1,0,0,0,0,0,0,0,0,0,0
460047,1,1,0,0,0,0,0,0,0,0,0,0
460048,1,1,0,0,0,0,0,0,0,0,0,0
460048,2,1,0,0,0,0,0,0,0,0,0,0
460049,1,1,0,0,0,0,0,0,0,0,0,0
460049,2,1,0,0,0,0,0,0,0,0,0,0
460050,1,1,0,0,0,0,0,0,0,0,0,0
460050,2,1,0,0,0,0,0,0,0,0,0,0
460051,1,1,0,0,0,0,0,7,5,0,13,0
460052,1,1,0,0,0,0,0,0,0,0,0,0
460053,1,1,17,5,10,19,14,2,10,3,26,14
460053,2,1,0,0,0,0,0,0,0,0,0,0
460054,1,1,0,0,0,0,0,0,0,0,0,0
460055,1,1,17,17,17,17,17,17,17,17,17,17
460056,1,1,0,0,21,0,29,0,14,0,27,7
460057,1,1,0,0,0,0,0,0,0,0,0,0
460058,1,1,0,0,0,11,0,36,0,0,0,8
460059,1,1,24,24,24,24,24,24,24,24,24,24
460060,1,1,0,0,0,0,0,0,0,0,0,0
460061,1,1,0,0,0,0,0,0,0,0,0,0
460061,2,1,0,0,0,0,0,0,0,0,0,0
460062,1,1,7,4,0,0,0,13,0,28,15,0
460063,1,1,0,0,0,0,0,0,0,0,0,0
460063,2,1,0,0,0,0,0,0,0,0,0,0
460064,1,1,0,0,0,0,0,0,0,0,0,0
460065,0,1,0,0,0,0,0,0,0,0,18,0
460065,0,2,0,6,18,0,0,0,0,0,0,24
460065,1,1,25,25,25,25,25,25,25,25,25,25
460066,1,1,0,0,0,0,0,0,0,0,0,0
460066,2,1,0,0,0,0,0,0,0,0,0,0
460067,2,1,0,0,0,0,0,0,0,0,0,0
460068,1,1,22,22,22,22,22,22,22,22,22,22
460069,0,1,0,13,0,0,17,0,0,0,0,0
460069,1,1,0,0,0,0,0,0,0,0,0,0
460070,1,1,0,0,0,0,0,0,0,0,0,0
460071,1,1,31,31,31,31,31,31,31,31,31,31
460072,1,1,0,0,0,0,0,0,0,0,0,0
460073,1,1,0,0,0,0,0,0,0,0,0,0
460074,1,1,0,0,0,0,0,0,0,0,0,0
460075,1,1,0,0,0,0,0,0,0,0,0,0
460076,0,1,18,18,0,0,0,28,12,29,0,0
460076,1,1,0,0,0,0,0,0,0,0,0,0
460077,1,1,0,0,0,0,0,0,0,0,0,0
460078,1,1,0,0,0,0,0,0,0,0,0,0
460079,1,1,0,0,0,0,0,0,0,0,0,0
460080,1,1,0,0,0,0,0,0,0,0,0,0
460081,1,1,15,15,15,15,15,15,15,15,15,15
460082,1,1,0,0,0,0,0,0,0,0,0,0
460083,1,1,0,0,0,0,0,0,0,0,11,18
460084,1,1,0,0,0,0,0,0,0,0,0,0
460085,1,1,20,20,20,20,20,20,20,20,20,20
460086,1,1,20,7,24,17,3,14,19,8,16,14
460087,1,1,21,21,21,21,21,21,21,21,21,21
460088,1,1,1,1,1,1,1,1,1,1,1,1
460089,0,1,23,23,23,23,23,23,23,23,23,23
460089,1,1,0,0,0,0,0,0,0,0,0,0
460090,1,1,0,0,0,0,0,0,0,0,0,0
460090,2,1,0,0,0,0,0,0,0,0,0,0
460091,1,1,23,23,23,23,23,23,23,23,23,23
460092,1,1,0,0,0,0,0,0,0,0,0,0
460092,2,1,0,0,0,0,0,0,0,0,0,0
460093,1,1,0,0,0,0,0,0,0,0,0,0
460093,2,1,0,0,0,0,0,0,0,0,0,0
460094,2,1,0,0,0,0,0,0,0,0,0,0
460095,1,1,5,5,5,5,5,5,5,5,5,5
460096,0,1,4,4,4,4,4,4,4,4,4,4
460096,1,1,18,18,18,18,18,18,18,18,18,18
460097,1,1,0,0,0,0,0,0,0,0,0,0
460098,1,1,0,0,0,0,0,0,0,0,0,0
460098,2,1,0,0,0,0,0,0,0,0,0,0
460099,1,1,16,16,16,16,16,16,16,16,16,16
460100,0,1,21,21,21,21,21,21,21,21,21,21
460100,1,1,0,0,0,0,0,0,0,0,0,0
460101,1,1,0,0,0,0,0,0,0,0,0,0
460102,1,1,0,0,0,0,0,0,0,0,27,0
460102,2,1,0,0,0,0,0,0,0,0,0,0
470001,1,1,0,0,0,0,0,0,0,0,0,0
470001,2,1,0,0,0,0,0,0,0,0,0,0
470002,1,1,15,15,15,15,15,15,15,15,15,15
470003,1,1,0,0,0,0,0,0,0,0,0,0
470003,2,1,0,0,0,0,0,0,0,0,0,0
470004,1,1,0,0,0,0,0,0,0,0,23,0
470005,1,1,0,0,0,0,0,0,0,0,0,0
470006,1,1,0,0,0,0,0,0,0,0,0,0
470007,1,1,25,25,25,25,25,25,25,25,25,25
470008,1,1,18,18,18,18,18,18,18,18,18,18
470009,1,1,0,0,16,24,0,0,0,27,0,0
470010,1,1,0,0,0,0,0,0,0,0,0,0
470010,2,1,0,0,0,0,0,0,0,0,0,0
470011,0,1,0,0,0,0,0,0,0,0,0,0
470011,1,1,0,0,0,0,0,0,0,0,0,0
470011,2,1,0,0,0,0,0,0,0,0,0,0
470012,1,1,0,0,0,0,0,0,0,0,0,0
470012,2,1,0,0,0,0,0,0,0,0,0,0
470013,1,1,0,0,0,0,0,0,0,0,0,0
470013,2,1,0,0,0,0,0,0,0,0,0,0
470015,1,1,23,23,23,23,23,23,23,23,23,23
470016,1,1,15,0,0,19,0,0,0,0,0,0
470016,2,1,0,0,0,0,0,0,0,0,0,0
470017,1,1,0,0,0,0,12,0,14,0,13,0
470017,2,1,0,0,0,0,0,0,0,0,0,0
470018,1,1,16,16,16,16,16,16,16,16,16,16
470019,0,1,13,13,13,13,13,13,13,13,13,13
470019,1,1,23,23,23,23,23,23,23,23,23,23
470020,1,1,8,24,26,18,0,0,8,0,10,0
470021,1,1,0,0,0,0,0,0,0,0,0,0
470021,2,1,0,0,0,0,0,0,0,0,0,0
470022,1,1,0,0,0,0,0,0,0,0,0,0
470022,2,1,0,0,0,0,0,0,0,0,0,0
470023,1,1,11,11,11,11,11,11,11,11,11,11
470024,0,1,0,0,0,0,0,0,0,0,0,0
470024,1,1,18,13,25,10,23,0,20,12,8,24
470025,1,1,0,0,0,0,0,0,0,0,0,0
470025,2,1,0,0,0,0,0,0,0,0,0,0
470026,1,1,19,19,19,19,19,19,19,19,19,19
470027,1,1,0,0,0,0,0,0,0,0,0,0
470027,2,1,0,0,0,0,0,0,0,0,0,0
470028,1,1,0,0,0,19,0,0,0,0,0,0
470028,2,1,0,0,0,0,0,0,0,0,0,0
470029,1,1,11,11,11,11,11,11,11,11,11,11
470030,0,1,13,13,13,13,13,13,13,13,13,13
470030,1,1,0,0,0,0,0,0,0,0,0,0
470032,1,1,21,21,21,21,21,21,21,21,21,21
470033,1,1,0,0,0,0,0,0,0,0,0,0
470033,2,1,0,0,0,0,0,0,0,0,0,0
470034,1,1,4,27,11,12,20,12,10,14,17,24
470035,0,1,0,19,17,0,0,18,0,37,22,0
470035,1,1,0,0,0,0,0,0,3,0,0,0
470036,1,1,0,8,0,19,12,10,0,0,0,26
470037,1,1,0,0,0,0,0,0,0,0,0,0
470037,2,1,0,0,0,0,0,0,0,0,0,0
470038,1,1,0,0,0,0,0,0,0,0,27,0
470039,1,1,0,0,0,0,0,0,0,0,0,0
470039,2,1,0,0,0,0,0,0,0,0,0,0
470040,1,1,0,0,0,0,0,0,0,0,4,0
470040,2,1,0,0,0,0,12,0,0,0,5,0
470041,0,1,13,13,13,13,13,13,13,13,13,13
470041,1,1,0,0,0,0,0,0,0,0,0,0
470042,1,1,0,0,0,0,0,0,0,0,0,0
470043,1,1,0,0,0,0,0,0,0,0,0,0
470045,1,1,0,0,0,0,0,0,0,0,0,0
470045,2,1,0,0,0,0,0,0,0,0,0,0
470046,1,1,0,0,0,0,0,0,0,0,0,0
470046,2,1,0,0,0,0,0,0,0,0,0,0
470047,1,1,0,0,0,0,0,0,0,16,0,0
470047,2,1,25,0,0,0,0,0,0,0,0,0
470048,1,1,14,14,14,14,14,14,14,14,14,14
470049,0,1,0,0,0,0,0,0,0,0,0,0
470049,0,2,0,0,0,0,0,0,0,0,0,0
470049,1,1,8,8,8,8,8,8,8,8,8,8
470050,1,1,0,0,0,0,0,0,0,0,0,0
470050,2,1,0,0,0,0,0,0,0,0,0,0
470051,1,1,14,0,0,0,0,0,0,0,0,0
470052,1,1,0,0,0,0,0,0,0,0,0,0
470053,1,1,7,0,26,0,9,0,15,0,5,4
470054,1,1,0,0,0,0,0,0,0,0,0,0
470054,2,1,0,0,0,0,0,0,0,19,0,0
470054,3,1,0,0,0,0,0,0,0,0,0,0
470055,1,1,0,0,0,0,0,0,0,0,0,0
470056,1,1,0,0,0,0,0,0,0,0,0,0
470056,2,1,0,0,0,0,0,0,0,0,0,0
470057,1,1,18,18,18,18,18,18,18,18,18,18
470058,1,1,0,0,0,0,0,0,0,0,0,0
470059,1,1,0,0,0,0,0,0,0,0,11,0
470059,2,1,10,0,0,0,0,4,0,0,0,0
470059,3,1,0,0,0,16,0,0,0,0,9,0
470060,1,1,0,0,0,0,0,0,0,0,0,0
470061,1,1,0,0,0,0,0,0,0,0,0,0
470061,2,1,0,0,0,0,0,0,0,0,0,0
470062,1,1,0,0,0,0,0,0,0,0,0,0
470063,1,1,0,0,0,0,0,0,0,0,0,0
470064,1,1,0,0,0,0,0,0,0,0,0,0
470065,1,1,0,0,0,0,0,0,0,0,0,0
470065,2,1,0,0,0,0,0,0,0,0,0,0
470066,1,1,25,25,25,25,25,25,25,25,25,25
470067,1,1,21,21,21,21,21,21,21,21,21,21
470068,1,1,26,13,4,5,0,10,21,16,7,12
470069,1,1,0,0,0,0,0,0,0,0,0,0
470070,1,1,19,19,19,19,19,19,19,19,19,19
470071,1,1,14,14,0,0,0,0,0,23,0,9
470071,2,1,0,0,0,0,0,0,0,0,0,0
470071,3,1,0,0,0,2,0,0,0,0,0,0
470072,1,1,28,28,28,28,28,28,28,28,28,28
470072,2,1,0,0,0,0,0,0,0,0,0,0
470074,1,1,0,0,0,0,0,0,0,0,0,0
470075,1,1,0,0,0,0,0,0,0,0,0,0
470075,2,1,0,0,0,0,0,0,0,0,0,0
470076,1,1,0,0,0,0,0,0,0,0,0,0
470076,2,1,0,0,0,0,0,0,0,0,0,0
470077,1,1,21,21,21,21,21,21,21,21,21,21
470078,1,1,0,0,0,0,0,10,0,0,0,0
470079,0,1,18,15,13,18,0,0,6,0,0,17
470079,1,1,0,0,0,0,0,0,0,0,0,0
470080,1,1,0,0,0,0,0,0,0,0,0,0
470081,1,1,0,0,0,0,0,0,0,0,0,0
470082,1,1,0,0,0,0,0,0,0,0,0,0
470083,1,1,0,0,0,0,0,0,0,0,0,0
470084,1,1,19,19,0,0,0,10,0,5,21,0
470086,1,1,18,18,18,18,18,18,18,18,18,18
470087,1,1,8,0,18,19,0,15,29,0,0,6
470089,1,1,0,0,0,0,0,0,0,0,0,0
470090,0,1,0,0,0,0,0,0,0,0,0,0
470090,1,1,4,0,20,8,0,0,0,0,4,0
470091,1,1,0,0,0,0,0,0,0,0,0,0
470091,2,1,0,0,0,0,0,0,0,0,0,0
470092,1,1,0,0,0,0,0,0,0,0,0,0
470092,2,1,0,0,0,0,0,0,0,0,0,0
470093,1,1,0,14,0,0,0,0,0,0,16,0
470093,2,1,0,0,0,0,16,0,0,0,0,0
470094,1,1,0,0,0,0,0,0,0,0,0,0
470094,2,1,0,0,0,0,0,0,0,0,0,13
470095,1,1,0,0,0,0,0,0,0,0,0,0
470095,2,1,0,0,0,0,0,0,0,0,0,0
470095,3,1,0,0,0,0,0,0,0,0,0,0
470096,1,1,0,15,0,0,0,0,0,0,0,0
470097,1,1,0,0,0,0,0,8,15,0,0,0
470098,1,1,0,7,0,0,0,0,0,0,0,5
470098,2,1,0,0,0,0,0,0,0,0,0,0
470099,1,1,0,0,0,0,0,0,0,0,0,0
470099,2,1,0,20,0,0,0,0,0,0,0,0
470100,1,1,16,16,16,16,16,16,16,16,16,16
470101,1,1,0,0,26,0,0,36,0,0,0,0
470101,2,1,0,0,0,0,0,0,0,0,0,0
470102,1,1,0,0,0,0,8,0,0,0,0,0
470103,1,1,0,0,0,0,0,0,0,0,0,0
470104,1,1,38,16,6,10,15,13,15,26,12,23
470105,1,1,0,0,0,0,0,0,0,0,0,0
470105,2,1,0,0,0,0,0,0,0,0,0,0
470106,1,1,0,0,0,0,0,0,0,0,0,0
470106,2,1,0,0,0,0,0,0,0,0,0,0
470106,3,1,0,0,0,0,0,0,0,0,0,0
470107,1,1,0,0,0,0,0,0,0,0,0,0
470107,2,1,0,0,0,0,0,0,0,0,0,0
470108,1,1,0,0,0,0,0,0,0,0,0,0
470108,2,1,5,5,5,5,5,5,5,5,5,5
470109,1,1,0,0,0,0,0,0,0,0,0,0
470109,2,1,0,0,0,0,0,0,0,0,0,0
470110,1,1,23,23,23,23,23,23,23,23,23,23
470110,2,1,0,0,0,0,0,0,0,0,0,0
470110,3,1,0,0,0,0,0,0,0,0,0,0
470110,4,1,0,0,0,0,0,0,0,0,0,0
470111,1,1,0,0,0,0,0,0,0,0,0,0
470111,2,1,0,0,0,0,0,0,0,0,0,0
470112,1,1,23,17,25,22,27,46,54,35,37,16
470113,0,1,0,0,0,0,0,0,0,0,0,0
470113,1,1,0,0,0,0,0,0,0,0,0,0
470114,1,1,0,0,0,0,0,0,0,0,0,0
470114,2,1,0,0,0,0,0,0,0,0,0,0
470115,1,1,0,0,0,0,0,0,0,0,0,0
470116,1,1,0,0,0,0,0,0,0,0,0,0
470116,2,1,0,0,0,0,0,0,0,0,0,0
470116,3,1,0,0,0,0,0,0,0,0,0,0
470117,1,1,15,15,0,27,8,23,0,7,8,0
470118,1,1,0,0,0,15,0,0,0,0,0,0
470118,2,1,0,0,0,0,5,0,0,0,0,0
470119,1,1,6,6,6,6,6,6,6,6,6,6
470119,2,1,0,0,0,0,0,0,0,0,0,0
470120,1,1,0,0,0,32,0,7,10,0,0,16
470120,2,1,0,0,0,0,0,0,0,0,0,0
470121,0,1,0,0,0,0,25,25,0,0,38,0
470121,1,1,0,0,0,0,0,0,0,0,0,0
470122,1,1,20,20,20,20,20,20,20,20,20,20
470123,1,1,0,0,0,0,0,0,0,0,0,0
470124,1,1,0,0,0,0,0,0,0,0,0,0
470124,2,1,0,0,0,0,0,0,0,0,0,0
470125,0,1,0,0,54,0,33,0,15,0,0,0
470125,1,1,17,17,17,17,17,17,17,17,17,17
470126,1,1,0,0,0,0,0,0,0,0,0,0
470126,2,1,0,0,0,0,0,0,0,0,0,0
470126,3,1,0,0,0,0,0,0,0,0,0,0
470126,4,1,0,0,3,0,0,0,0,0,0,0
470127,1,1,9,0,0,27,0,24,6,18,7,20
470128,0,1,14,14,14,14,14,14,14,14,14,14
470128,0,2,15,15,15,15,15,15,15,15,15,15
470128,1,1,0,0,0,0,0,0,0,0,0,0
470129,0,1,11,11,11,11,11,11,11,11,11,11
470129,1,1,23,0,0,0,0,0,0,0,15,0
470129,2,1,7,0,0,0,0,0,11,0,0,0
470130,1,1,27,27,27,27,27,27,27,27,27,27
470131,1,1,20,20,20,20,20,20,20,20,20,20
470132,1,1,0,0,0,0,0,0,0,0,0,0
470132,2,1,0,0,0,0,0,0,0,0,0,0
470133,1,1,0,0,0,0,0,0,0,0,0,0
470133,2,1,0,0,0,0,0,0,0,0,0,0
470133,3,1,0,0,0,0,0,0,0,0,0,0
470134,0,1,0,0,0,0,0,0,0,0,0,0
470134,1,1,18,18,18,18,18,18,18,18,18,18
470135,1,1,0,0,0,0,0,0,0,0,0,0
470136,1,1,25,20,0,14,19,30,12,30,19,31
470137,1,1,0,0,16,0,18,0,22,0,16,8
470138,1,1,0,0,0,0,0,0,0,0,0,0
470138,2,1,0,0,0,0,0,0,0,0,0,0
470139,1,1,0,0,0,0,0,0,0,0,0,0
470139,2,1,0,0,0,0,0,0,0,0,0,0
470140,1,1,0,0,0,0,0,0,0,0,0,0
470141,1,1,22,22,22,22,22,22,22,22,22,22
470142,1,1,0,3,0,0,14,7,0,0,0,0
470143,0,1,0,0,0,0,0,0,0,0,0,0
470143,2,1,0,0,0,0,0,0,0,0,0,12
470144,1,1,0,0,0,0,0,0,0,0,0,0
470145,0,1,15,15,15,15,15,15,15,15,15,15
470145,1,1,0,23,15,0,0,9,0,0,17,0
470146,1,1,12,17,19,27,0,13,5,20,27,20
470147,1,1,22,11,0,10,0,0,29,26,13,18
470148,1,1,8,8,8,8,8,8,8,8,8,8
470149,1,1,0,21,0,0,0,0,0,0,0,0
470149,2,1,0,0,0,0,0,0,0,0,0,0
470149,3,1,0,0,0,0,0,0,0,0,0,0
470150,1,1,0,0,0,0,0,0,0,0,0,0
470150,2,1,0,0,0,0,0,0,0,0,0,0
470151,1,1,0,0,0,0,0,0,0,0,0,0
470151,2,1,0,0,0,0,0,0,0,0,0,0
470152,1,1,13,0,9,28,0,19,8,18,33,0
470153,1,1,0,0,0,0,0,0,0,0,0,0
470153,2,1,0,0,0,0,0,0,0,0,0,0
470154,1,1,0,0,0,0,0,0,0,17,0,22
470154,2,1,0,0,0,0,0,0,0,0,0,0
470155,1,1,0,0,0,0,0,0,0,0,0,0
470156,1,1,0,0,0,0,0,0,0,11,0,0
470157,0,1,0,0,0,0,0,0,0,0,0,0
470157,2,1,0,0,0,0,0,0,0,0,0,0
470158,1,1,0,0,14,0,13,12,0,0,13,0
470159,1,1,0,0,0,0,0,0,0,0,0,0
470159,2,1,0,0,0,0,0,0,0,0,0,0
470160,1,1,0,0,0,0,0,0,0,0,7,0
470161,1,1,2,2,2,2,2,2,2,2,2,2
470161,2,1,0,0,0,0,0,0,0,0,0,0
470162,1,1,0,0,11,0,0,0,0,0,0,0
470162,2,1,0,0,0,0,0,0,0,0,0,0
470163,1,1,0,0,0,0,0,0,0,0,0,0
470163,2,1,0,0,0,0,0,0,0,0,0,0
470164,1,1,0,0,0,0,0,0,0,0,0,0
470164,2,1,0,0,0,0,0,0,0,0,0,0
470166,1,1,0,0,0,6,0,0,5,0,0,0
470167,1,1,0,0,0,0,0,0,0,0,0,0
470167,2,1,0,0,0,0,0,0,0,0,0,0
470168,1,1,0,0,0,0,0,0,0,0,0,0
470168,2,1,0,0,0,0,0,0,0,0,0,0
470169,1,1,0,0,0,0,0,0,0,0,0,0
470170,1,1,14,14,14,14,14,14,14,14,14,14
470171,1,1,0,0,0,0,0,0,0,0,0,0
470171,2,1,0,0,0,0,0,0,0,0,0,0
470171,3,1,0,0,0,0,0,0,0,4,0,0
470171,4,1,0,0,0,0,0,0,0,0,0,0
470171,5,1,0,0,0,0,0,0,0,0,0,0