ST_CASE,VEH_NO,PER_NO,P1,P2,P3,P4,P5,P6,P7,P8,P9,P10
470172,1,1,0,0,0,0,0,0,0,0,0,0
470173,1,1,2,2,2,2,2,2,2,2,2,2
470174,0,1,0,0,0,35,0,8,18,9,0,0
470174,1,1,0,0,0,0,0,0,21,25,0,0
470175,1,1,0,0,0,0,0,0,0,0,0,0
470175,2,1,0,0,0,0,0,0,0,0,0,0
470175,3,1,0,0,0,0,0,0,0,0,0,0
470175,4,1,0,0,0,0,0,0,0,0,0,0
470176,1,1,0,0,0,0,0,0,0,0,0,0
470178,1,1,17,0,0,9,0,12,0,5,0,0
470179,1,1,0,0,0,0,0,0,0,0,0,0
470179,2,1,0,0,0,0,0,0,0,0,0,0
470180,1,1,0,0,0,0,0,0,0,0,0,0
470180,2,1,0,0,0,0,0,0,0,0,0,0
470181,1,1,9,9,9,9,9,9,9,9,9,9
470182,1,1,0,0,0,0,0,0,0,0,0,0
470182,2,1,0,2,0,0,0,0,0,0,0,0
470183,1,1,0,0,0,0,0,0,0,0,0,0
470183,2,1,0,0,0,0,0,0,0,0,0,0
470184,1,1,0,0,0,0,0,0,0,0,0,0
470185,1,1,25,25,25,25,25,25,25,25,25,25
470186,1,1,0,0,0,0,0,0,0,0,0,0
470187,1,1,16,16,16,16,16,16,16,16,16,16
470188,1,1,20,20,20,20,20,20,20,20,20,20
470189,1,1,23,23,23,23,23,23,23,23,23,23
470190,0,1,16,16,16,16,16,16,16,16,16,16
470190,1,1,0,0,0,0,0,0,0,14,0,0
470191,1,1,0,0,0,0,0,0,0,0,0,0
470192,1,1,0,5,0,0,0,0,7,0,0,12
470192,2,1,0,0,0,0,0,0,0,0,0,0
470193,1,1,14,14,14,14,14,14,14,14,14,14
470194,0,1,0,0,0,0,0,0,0,0,9,0
470194,0,2,0,0,0,0,0,0,0,0,0,0
470194,1,1,0,0,0,0,0,0,0,0,0,0
470195,1,1,34,0,13,0,0,0,0,0,7,0
470196,1,1,0,0,0,0,0,0,0,0,0,0
470197,1,1,15,37,20,22,27,0,0,17,0,0
470198,1,1,0,0,0,0,0,0,0,0,0,16
470198,2,1,0,0,13,0,0,0,0,0,0,0
470199,1,1,26,13,0,26,22,0,26,6,18,0
470199,2,1,0,0,0,0,0,0,0,0,0,0
470200,1,1,0,6,0,0,0,0,0,0,0,0
470200,2,1,0,10,0,0,6,0,12,0,0,12
470201,1,1,0,0,0,0,21,0,0,15,16,0
470201,2,1,0,0,0,0,0,0,0,0,0,0
470202,0,1,29,29,29,29,29,29,29,29,29,29
470202,1,1,0,0,0,0,0,0,0,0,0,0
470203,1,1,5,5,5,5,5,5,5,5,5,5
470204,1,1,0,5,0,19,0,17,0,15,18,0
470205,1,1,18,0,0,21,0,0,12,7,16,0
470206,0,1,23,23,23,23,23,23,23,23,23,23
470206,1,1,0,0,0,31,0,0,0,0,0,0
470207,1,1,0,0,0,0,0,0,0,0,0,0
470208,1,1,0,0,0,15,15,14,7,0,0,10
470208,2,1,0,0,0,0,0,0,0,0,0,0
470208,3,1,0,0,0,0,0,0,0,0,0,0
470208,4,1,0,0,22,0,0,0,0,0,0,0
470209,1,1,22,22,22,22,22,22,22,22,22,22
470210,0,1,20,20,20,20,20,20,20,20,20,20
470210,1,1,0,0,0,0,0,0,0,0,0,0
470211,1,1,6,38,9,0,12,23,18,17,8,31
470212,1,1,0,0,0,0,0,0,0,0,0,0
470212,2,1,0,0,0,0,0,0,0,0,0,0
470212,3,1,0,0,0,0,0,0,0,0,0,0
470212,4,1,0,0,0,0,0,0,0,0,0,0
470212,5,1,0,0,0,0,0,0,0,0,0,0
470213,0,1,10,10,10,10,10,10,10,10,10,10
470213,1,1,0,0,0,0,0,0,3,0,0,0
470214,0,1,0,0,0,0,0,0,0,0,0,0
470214,1,1,0,0,0,0,0,0,0,0,0,0
470215,1,1,26,26,26,26,26,26,26,26,26,26
470216,1,1,0,0,0,0,0,0,0,0,0,0
470216,2,1,0,0,0,0,0,0,0,0,0,0
470217,1,1,0,0,0,0,0,0,0,0,0,0
470218,1,1,0,0,0,0,0,0,0,0,18,0
470218,2,1,0,0,0,0,0,0,0,0,0,0
470219,1,1,0,0,0,0,0,0,0,0,0,0
470219,2,1,0,0,0,0,0,0,0,0,0,0
470220,1,1,0,0,0,0,0,0,0,0,0,0
470220,2,1,0,0,0,0,0,0,0,0,0,0
470221,1,1,0,0,0,0,0,0,0,0,0,0
470221,2,1,9,9,9,9,9,9,9,9,9,9
470222,1,1,0,0,0,0,0,0,0,0,0,0
470222,2,1,0,0,0,0,0,0,0,0,0,0
470223,1,1,14,0,0,0,0,0,0,0,0,0
470223,2,1,0,0,0,0,0,0,0,0,0,0
470224,1,1,0,0,0,0,0,0,0,0,0,0
470224,2,1,0,0,0,0,0,0,0,0,0,0
470224,3,1,0,0,0,0,0,0,0,0,0,0
470225,1,1,23,0,18,12,0,0,0,0,0,0
470226,1,1,0,0,0,0,0,0,0,0,0,0
470227,1,1,0,0,0,0,0,0,0,0,0,0
470227,2,1,0,20,0,0,0,0,0,0,0,0
470228,1,1,0,0,0,0,0,0,0,0,0,0
470228,2,1,0,0,0,0,0,0,0,0,0,0
470229,1,1,1,1,1,1,1,1,1,1,1,1
470230,1,1,0,0,0,0,0,0,0,0,0,0
470230,2,1,0,0,0,0,0,0,0,0,0,0
470231,0,1,10,10,10,10,10,10,10,10,10,10
470231,1,1,0,0,0,0,0,0,0,0,0,0
470232,1,1,13,13,13,13,13,13,13,13,13,13
470233,1,1,0,0,0,0,0,0,0,0,0,0
470234,1,1,0,0,0,0,0,0,0,0,0,0
470234,2,1,0,0,0,0,0,0,0,0,0,0
470235,1,1,0,0,0,0,0,0,0,0,0,0
470235,2,1,25,25,25,25,25,25,25,25,25,25
470236,0,1,0,0,0,0,0,0,0,0,0,0
470236,1,1,0,0,0,0,0,0,0,0,0,0
470237,1,1,0,0,0,0,0,0,0,0,0,0
470238,1,1,0,0,0,0,0,0,0,0,0,0
470238,2,1,0,0,0,0,0,0,0,0,0,0
470238,3,1,0,0,0,0,0,0,0,0,0,0
470239,1,1,0,0,0,0,0,0,0,0,0,0
470239,2,1,0,0,0,0,0,0,0,0,0,0
470239,3,1,0,0,0,0,0,0,0,0,0,0
470239,4,1,0,0,0,0,0,0,0,0,0,0
470240,1,1,0,0,0,0,0,0,0,0,0,0
470240,2,1,0,0,0,0,0,0,0,0,12,0
470241,1,1,0,0,0,0,0,0,0,0,5,0
470241,2,1,0,0,0,0,0,0,0,0,0,0
470242,1,1,0,0,0,0,0,0,0,0,0,0
470242,2,1,0,0,0,0,0,0,0,0,0,0
470243,1,1,0,0,0,0,0,0,0,0,0,0
470244,1,1,0,17,20,0,0,15,15,9,16,38
470245,0,1,0,0,0,0,0,0,0,0,0,0
470245,1,1,0,0,0,0,0,0,0,0,0,0
470246,1,1,0,0,0,0,0,0,0,0,0,0
470246,2,1,0,0,0,0,0,0,0,0,0,0
470247,1,1,0,0,0,0,0,0,0,0,0,0
470248,1,1,0,0,0,0,0,0,0,0,0,0
470248,2,1,0,0,0,0,0,0,0,0,0,0
470249,1,1,0,0,0,0,0,0,0,0,0,0
470250,1,1,0,0,13,12,0,7,0,0,27,0
470251,1,1,0,8,30,3,24,11,0,14,0,10
470252,0,1,0,0,0,0,0,18,0,0,0,30
470252,1,1,21,21,21,21,21,21,21,21,21,21
470253,1,1,0,0,0,0,0,0,0,0,0,0
470254,1,1,10,10,10,10,10,10,10,10,10,10
470255,1,1,0,0,0,0,0,0,0,0,0,0
470255,2,1,0,0,0,0,0,0,0,0,0,0
470256,1,1,0,0,0,0,0,0,0,0,0,0
470257,1,1,0,0,0,0,0,0,0,0,0,0
470257,2,1,1,1,1,1,1,1,1,1,1,1
470258,1,1,0,0,0,0,0,0,0,0,0,0
470258,2,1,0,0,0,0,0,0,0,0,0,0
470258,3,1,0,0,0,0,0,0,0,0,0,0
470259,1,1,22,22,22,22,22,22,22,22,22,22
470260,1,1,0,0,0,0,0,0,0,0,0,0
470260,2,1,27,0,0,0,0,0,29,0,0,0
470260,3,1,0,0,0,0,0,0,0,0,0,0
470260,4,1,0,0,0,0,0,0,0,0,0,0
470261,0,1,0,0,0,0,0,0,0,0,0,4
470261,1,1,0,0,0,0,0,0,0,0,0,0
470261,3,1,0,0,0,0,0,0,0,0,0,0
470262,1,1,0,0,0,0,0,0,0,0,0,0
470262,2,1,0,0,0,0,0,0,0,0,0,0
470263,1,1,0,0,0,0,0,0,0,0,0,0
470263,2,1,0,0,0,0,0,0,0,0,0,0
470264,1,1,0,0,0,0,0,0,0,0,0,0
470265,1,1,0,0,0,0,0,0,0,0,0,0
470266,1,1,21,21,21,21,21,21,21,21,21,21
470267,1,1,0,0,0,0,0,0,0,0,0,0
470268,1,1,4,4,4,4,4,4,4,4,4,4
470269,1,1,0,0,0,0,0,0,0,0,0,0
470269,2,1,0,0,0,0,0,0,0,0,0,24
470270,1,1,0,7,0,5,18,22,0,3,0,9
470271,1,1,0,0,0,0,0,0,0,0,0,0
470272,1,1,0,8,0,0,0,15,16,0,0,12
470273,1,1,28,28,28,28,28,28,28,28,28,28
470273,2,1,0,11,11,24,14,10,0,19,19,0
470274,1,1,12,7,13,28,20,0,0,0,6,22
470275,1,1,2,2,2,2,2,2,2,2,2,2
470276,1,1,19,9,6,17,0,0,20,0,0,0
470277,1,1,20,20,20,20,20,20,20,20,20,20
470278,1,1,8,0,0,0,0,0,0,0,9,0
470279,1,1,0,0,0,0,0,0,0,0,0,0
470279,2,1,0,0,0,0,0,0,0,0,0,0
470280,1,1,0,0,0,0,0,0,12,0,0,0
470281,1,1,0,0,0,0,0,0,0,0,0,0
470282,1,1,25,25,25,25,25,25,25,25,25,25
470283,1,1,0,0,0,0,0,0,0,0,0,0
470283,2,1,0,0,0,0,0,0,0,0,0,0
470284,1,1,0,0,0,0,0,0,0,0,0,0
470284,2,1,0,0,0,0,0,0,0,0,0,0
470285,1,1,0,0,0,0,0,0,0,0,0,0
470285,2,1,0,0,0,0,0,0,0,0,0,0
470286,1,1,0,0,0,0,0,0,0,0,0,0
470286,2,1,0,0,0,0,0,0,0,0,0,0
470287,1,1,0,0,0,0,0,0,0,0,0,0
470287,2,1,17,0,22,0,0,9,0,0,0,0
470287,3,1,0,0,0,0,0,0,0,0,0,0
470287,4,1,0,0,0,0,0,0,0,0,0,0
470288,1,1,0,0,0,0,0,0,0,0,0,0
470289,1,1,28,16,15,10,16,0,0,26,0,15
470290,1,1,0,0,0,0,0,0,0,0,0,0
470290,2,1,0,0,0,0,0,0,0,0,0,0
470291,1,1,0,0,0,0,0,0,0,0,0,0
470292,1,1,4,0,0,0,0,0,18,12,0,0
470293,1,1,15,15,15,15,15,15,15,15,15,15
470293,2,1,13,13,13,13,13,13,13,13,13,13
470294,1,1,0,0,0,0,0,0,0,0,0,0
470294,2,1,17,0,11,0,0,0,0,0,0,0
470295,1,1,9,9,9,9,9,9,9,9,9,9
470296,0,1,33,0,24,0,0,7,0,0,8,4
470296,1,1,0,0,0,0,14,0,0,0,0,0
470297,1,1,0,0,0,0,0,0,0,0,0,0
470298,1,1,27,0,0,0,0,0,0,20,0,0
470299,1,1,18,18,18,18,18,18,18,18,18,18
470300,1,1,0,13,8,0,0,0,0,0,0,0
470301,1,1,0,0,0,0,0,0,0,0,0,0
470302,1,1,0,0,0,0,0,9,0,0,0,0
470303,1,1,0,0,0,0,0,0,0,0,0,0
470304,1,1,20,0,0,16,0,0,3,0,0,18
470305,1,1,0,0,0,0,0,0,0,0,0,0
470305,2,1,0,0,0,0,0,0,0,0,0,0
470306,1,1,0,0,0,0,0,0,0,0,0,0
470306,2,1,9,9,9,9,9,9,9,9,9,9
470307,1,1,0,0,0,0,0,0,0,0,0,0
470307,2,1,0,20,0,0,0,0,0,0,0,0
470308,1,1,1,1,1,1,1,1,1,1,1,1
470309,1,1,0,0,0,0,0,0,0,0,0,0
470310,1,1,0,0,0,0,0,0,0,0,0,0
470311,0,1,17,9,33,26,25,20,0,0,0,0
470311,1,1,0,8,0,0,0,0,0,0,0,0
470312,1,1,11,11,11,11,11,11,11,11,11,11
470313,1,1,14,14,14,14,14,14,14,14,14,14
470314,1,1,25,25,25,25,25,25,25,25,25,25
470315,1,1,0,0,0,0,0,0,0,0,0,0
470316,1,1,0,0,0,0,0,0,0,0,0,0
470316,2,1,0,0,0,0,0,0,0,0,0,0
470316,3,1,0,0,0,0,0,0,0,0,0,0
470317,1,1,0,0,0,0,0,0,0,0,0,0
470317,2,1,0,0,0,0,0,0,0,0,0,0
470318,1,1,9,9,9,9,9,9,9,9,9,9
470319,0,1,43,43,43,43,43,43,43,43,43,43
470319,1,1,0,0,0,0,0,0,0,0,0,0
470320,1,1,0,0,0,0,0,0,0,0,0,0
470321,1,1,0,0,0,0,0,0,0,0,0,0
470322,1,1,0,0,0,0,0,0,0,0,0,0
470322,2,1,0,0,0,0,0,0,0,0,0,0
470323,0,1,0,16,0,0,0,0,0,18,0,0
470323,1,1,0,0,0,0,0,0,0,7,0,0
470324,1,1,0,0,0,0,0,0,0,0,0,0
470324,2,1,0,0,0,0,0,0,0,0,0,0
470325,1,1,0,0,0,0,0,0,0,0,0,0
470325,2,1,0,0,0,31,0,0,0,0,0,0
470326,1,1,20,20,20,20,20,20,20,20,20,20
470327,1,1,0,0,0,0,0,0,0,0,0,0
470327,2,1,0,0,0,0,0,0,0,0,0,0
470327,3,1,0,0,0,0,0,0,0,0,0,0
470327,4,1,0,0,0,0,0,0,0,0,0,0
470328,1,1,0,0,0,0,0,0,0,0,0,0
470329,1,1,0,0,0,0,0,0,0,0,0,24
470329,2,1,0,0,0,0,0,0,0,0,0,0
470330,1,1,0,0,0,0,0,6,0,23,0,0
470331,1,1,18,18,18,18,18,18,18,18,18,18
470332,1,1,0,0,0,0,0,0,0,0,0,0
470333,1,1,0,0,0,0,3,0,0,0,0,0
470334,1,1,0,0,0,0,0,0,0,0,0,0
470334,2,1,0,0,0,0,0,0,0,0,0,0
470335,0,1,0,14,13,0,0,34,0,0,0,0
470335,1,1,18,0,12,15,11,13,11,18,3,11
470336,1,1,10,17,0,0,0,0,0,0,0,0
470337,0,1,14,0,0,0,24,31,0,0,10,0
470337,1,1,0,0,0,0,0,0,0,0,0,0
470337,2,1,0,0,0,0,0,0,0,0,0,0
470338,1,1,0,0,0,0,0,0,0,0,0,0
470339,1,1,12,12,12,12,12,12,12,12,12,12
470340,1,1,0,16,38,25,21,26,21,23,25,14
470341,1,1,0,5,0,0,0,0,0,6,0,0
470342,1,1,20,20,20,20,20,20,20,20,20,20
470343,1,1,30,30,30,30,30,30,30,30,30,30
470345,0,1,0,0,0,0,17,0,26,29,0,6
470345,1,1,0,0,0,0,0,0,0,0,0,0
470346,1,1,12,12,12,12,12,12,12,12,12,12
470347,1,1,0,0,0,0,0,0,0,0,0,0
470348,1,1,20,0,6,24,14,7,0,22,11,19
470349,1,1,0,0,0,0,0,0,0,0,0,0
470350,1,1,0,0,0,0,0,0,0,0,0,0
470350,2,1,1,0,0,0,0,0,0,0,0,0
470351,1,1,0,0,0,0,0,0,0,0,0,0
470352,1,1,0,0,0,0,0,0,0,0,0,0
470353,1,1,7,0,0,0,6,0,0,0,0,0
470353,2,1,0,0,0,0,0,0,0,0,0,0
470354,1,1,15,5,22,0,3,6,0,7,32,0
470354,2,1,0,0,0,0,0,0,0,0,0,0
470355,1,1,0,0,0,2,0,0,0,0,0,0
470356,1,1,13,13,13,13,13,13,13,13,13,13
470357,1,1,29,29,29,29,29,29,29,29,29,29
470358,1,1,15,15,15,15,15,15,15,15,15,15
470359,1,1,0,0,0,0,0,0,0,0,0,0
470359,2,1,0,0,0,0,0,0,0,0,0,0
470360,1,1,0,0,0,0,0,0,0,0,0,0
470360,2,1,0,0,0,0,0,0,0,0,0,0
470361,1,1,0,0,0,0,0,0,0,0,0,0
470362,1,1,0,11,17,30,0,0,0,20,13,15
470363,1,1,18,18,18,18,18,18,18,18,18,18
470365,1,1,0,0,0,0,0,0,0,0,0,0
470366,1,1,0,0,0,0,0,0,0,0,0,0
470367,1,1,21,21,21,21,21,21,21,21,21,21
470368,1,1,0,0,0,0,0,0,0,0,0,0
470368,2,1,0,0,0,20,12,0,0,0,14,0
470369,1,1,0,0,0,0,0,0,0,0,0,0
470370,1,1,6,6,6,6,6,6,6,6,6,6
470371,1,1,14,14,14,14,14,14,14,14,14,14
470372,0,1,0,0,0,0,0,0,0,0,0,0
470372,1,1,0,0,0,0,0,0,0,0,0,0
470373,1,1,3,0,0,0,0,0,0,0,0,0
470374,0,1,11,0,10,0,0,0,0,0,0,8
470374,1,1,0,0,0,0,0,0,0,0,0,0
470375,1,1,20,20,20,20,20,20,20,20,20,20
470375,2,1,0,0,0,0,0,0,0,0,0,0
470376,1,1,0,0,0,0,0,0,0,0,0,0
470376,2,1,0,0,0,0,0,0,0,0,0,0
470377,1,1,0,0,0,0,0,0,0,0,0,0
470377,2,1,0,0,0,0,0,0,0,0,0,0
470378,1,1,0,0,0,20,20,18,29,15,12,3
470379,1,1,0,0,0,0,0,0,0,0,0,0
470379,2,1,17,17,17,17,17,17,17,17,17,17
470380,1,1,10,10,10,10,10,10,10,10,10,10
470381,1,1,0,0,0,0,0,0,0,0,0,0
470382,1,1,12,12,12,12,12,12,12,12,12,12
470383,1,1,0,0,0,0,0,0,0,0,0,0
470383,2,1,0,0,0,0,0,0,0,0,0,0
470384,1,1,0,0,0,0,0,0,0,0,0,0
470384,2,1,0,0,0,0,0,0,0,0,0,0
470384,3,1,0,0,0,0,0,0,0,0,0,0
470384,4,1,0,0,0,0,0,0,0,0,0,0
470385,0,1,12,27,7,48,15,0,22,16,0,41
470385,1,1,0,0,0,0,0,0,0,0,0,0
470386,1,1,7,7,7,7,7,7,7,7,7,7
470387,1,1,0,0,0,0,0,0,0,0,0,0
470388,1,1,0,0,0,0,0,0,0,0,0,0
470388,2,1,0,0,0,0,0,0,0,0,0,0
470389,1,1,0,0,0,0,0,0,0,0,0,0
470389,2,1,0,0,0,0,0,0,0,0,0,0
470389,3,1,0,0,0,0,0,0,0,0,0,0
470390,1,1,36,0,29,0,0,0,0,0,0,0
470390,2,1,0,0,0,0,0,0,0,0,0,0
470391,1,1,0,0,0,0,0,0,0,0,0,0
470391,2,1,0,0,0,0,0,0,0,0,0,0
470392,1,1,0,0,0,0,0,0,0,0,0,0
470392,2,1,19,0,0,0,0,0,0,0,0,0
470393,1,1,0,0,0,0,0,0,0,0,0,0
470393,2,1,0,0,0,0,0,0,0,0,0,0
470394,1,1,0,0,0,0,0,0,0,0,0,0
470395,0,1,0,0,0,0,0,0,0,0,0,0
470395,1,1,0,0,0,0,0,0,0,0,0,0
470396,1,1,0,0,0,0,20,0,0,4,0,0
470397,1,1,0,0,0,0,0,0,0,0,0,0
470397,2,1,14,0,0,13,0,0,0,0,24,0
470398,1,1,8,8,8,8,8,8,8,8,8,8
470399,1,1,0,15,0,0,0,0,0,0,0,0
470399,2,1,0,0,0,0,0,0,0,0,0,0
470400,1,1,0,0,0,0,0,0,0,0,0,0
470400,2,1,0,0,0,0,0,0,0,0,0,0
470401,1,1,0,0,6,0,0,0,0,0,11,0
470401,2,1,0,0,0,0,0,0,0,0,0,0
470402,1,1,36,12,19,27,25,14,25,9,14,18
470403,1,1,0,0,0,0,0,0,0,0,0,0
470403,2,1,0,0,0,0,0,0,0,0,0,0
470404,1,1,18,18,18,18,18,18,18,18,18,18
470405,1,1,40,0,0,0,0,18,24,0,0,0
470406,1,1,18,0,0,0,19,11,0,0,12,0
470407,1,1,0,0,10,0,0,0,0,0,15,8
470408,1,1,17,14,12,0,0,23,24,11,9,12
470408,2,1,0,0,0,0,0,0,0,0,0,0
470409,0,1,14,28,19,16,25,43,8,16,24,23
470409,1,1,0,0,0,0,0,0,0,0,0,0
470410,1,1,0,0,0,0,0,0,0,0,0,0
470410,2,1,0,0,0,0,0,0,0,0,0,0
470411,1,1,5,5,5,5,5,5,5,5,5,5
470412,1,1,0,0,0,0,0,0,0,0,0,0
470413,1,1,4,4,4,4,4,4,4,4,4,4
470413,2,1,0,0,0,0,0,0,0,0,0,0
470414,1,1,2,2,2,2,2,2,2,2,2,2
470414,2,1,0,0,0,0,0,0,0,0,0,0
470415,1,1,0,0,0,0,0,0,0,0,0,0
470415,2,1,0,0,0,0,0,0,0,0,0,0
470416,1,1,0,0,0,0,0,0,0,0,0,0
470416,2,1,0,0,0,0,0,0,0,0,0,0
470417,1,1,14,14,14,14,14,14,14,14,14,14
470417,2,1,0,0,0,0,0,0,0,0,0,0
470418,1,1,0,0,0,0,0,0,0,0,0,0
470418,2,1,0,0,0,0,0,0,0,0,0,0
470418,3,1,0,0,0,0,0,0,0,0,0,0
470419,1,1,0,0,0,0,0,0,0,0,0,0
470419,2,1,0,0,0,0,0,0,0,0,0,0
470421,1,1,15,15,15,15,15,15,15,15,15,15
470422,1,1,0,0,0,0,0,0,0,0,0,0
470423,1,1,0,0,0,0,0,0,0,0,0,0
470423,2,1,0,0,0,0,0,0,0,0,0,0
470424,1,1,3,3,3,3,3,3,3,3,3,3
470425,1,1,0,0,0,0,0,0,0,0,0,0
470425,2,1,0,0,0,0,0,0,0,0,0,0
470426,1,1,0,0,0,0,0,0,0,0,0,0
470426,2,1,0,0,0,0,0,0,0,0,0,0
470427,1,1,0,0,0,0,0,9,0,0,0,0
470427,2,1,0,0,0,0,0,0,0,0,0,0
470428,1,1,0,0,0,0,0,0,0,0,0,0
470428,2,1,0,27,0,0,0,1,0,0,0,0
470429,1,1,0,0,0,0,0,0,0,0,0,0
470430,1,1,5,0,0,0,0,0,0,0,0,0
470431,1,1,0,0,0,0,4,0,3,0,0,0
470432,1,1,30,43,14,18,26,14,30,9,34,25
470433,1,1,0,0,0,7,0,0,0,0,0,0
470433,2,1,0,0,0,0,0,0,0,0,0,0
470434,0,1,0,20,6,0,0,0,0,0,12,0
470434,1,1,15,0,0,0,0,0,9,0,0,0
470435,1,1,0,0,0,0,0,0,0,0,0,0
470435,2,1,0,0,0,0,0,0,0,0,0,0
470436,1,1,0,0,0,0,0,0,0,0,0,0
470436,2,1,0,0,0,0,0,0,0,0,0,0
470437,1,1,0,0,0,0,0,0,0,0,0,0
470437,2,1,6,6,6,6,6,6,6,6,6,6
470438,1,1,0,0,0,0,0,0,0,0,0,0
470438,2,1,0,0,0,0,0,0,0,0,11,0
470439,1,1,0,0,0,0,0,0,0,0,0,0
470440,1,1,28,35,24,20,20,11,20,14,34,40
470441,1,1,28,28,28,28,28,28,28,28,28,28
470442,1,1,15,15,15,15,15,15,15,15,15,15
470443,1,1,0,0,0,0,0,0,0,0,0,0
470444,1,1,0,0,0,0,0,0,0,0,0,0
470445,0,1,0,0,0,0,0,0,0,0,0,0
470445,1,1,8,8,8,8,8,8,8,8,8,8
470446,1,1,0,0,0,0,0,0,0,0,0,0
470446,2,1,0,0,0,0,0,0,0,0,0,0
470446,3,1,0,0,0,0,0,0,0,0,0,0
470447,1,1,17,17,17,17,17,17,17,17,17,17
470448,0,1,14,9,0,10,0,18,0,0,0,34
470448,1,1,6,6,6,6,6,6,6,6,6,6
470449,1,1,19,2,12,21,32,19,23,23,6,15
470450,1,1,9,0,20,19,0,0,38,0,12,0
470451,1,1,15,0,10,18,19,9,14,0,14,26
470451,2,1,0,0,0,0,0,0,0,0,0,0
470452,0,1,0,0,0,19,0,0,0,0,0,25
470452,1,1,0,0,0,0,0,0,0,0,0,0
470453,0,1,0,0,11,0,0,0,0,0,0,0
470453,1,1,0,0,0,0,0,0,0,0,0,0
470454,1,1,0,0,0,0,0,0,0,0,0,0
470455,1,1,0,0,0,0,0,0,0,0,0,0
470456,1,1,0,0,11,0,0,5,20,13,24,21
470456,2,1,16,16,16,16,16,16,16,16,16,16
470457,1,1,0,0,0,0,0,0,0,0,0,0
470457,2,1,0,0,0,17,0,26,0,0,14,0
470458,1,1,0,9,0,0,0,0,0,0,7,0
470458,2,1,0,0,0,0,0,0,0,0,0,0
470459,1,1,12,0,0,0,0,26,0,0,0,15
470460,1,1,0,0,0,0,0,0,0,0,0,0
470461,1,1,0,0,0,0,0,0,0,0,0,0
470461,2,1,0,0,0,0,0,0,0,0,0,0
470461,3,1,0,0,0,0,0,0,0,0,0,0
470462,1,1,0,0,0,0,0,0,0,0,0,0
470462,2,1,0,0,0,0,0,0,0,0,0,0
470462,3,1,0,0,0,0,0,0,0,0,0,0
470463,1,1,8,8,8,8,8,8,8,8,8,8
470463,2,1,0,0,0,0,0,0,0,0,0,0
470464,1,1,9,9,9,9,9,9,9,9,9,9
470464,2,1,0,0,0,0,0,0,0,0,0,0
470465,1,1,0,0,0,0,0,0,0,0,0,0
470465,2,1,0,0,15,0,0,0,0,0,0,0
470466,1,1,0,0,0,0,0,0,0,0,0,0
470466,2,1,0,0,0,0,0,14,0,0,0,0
470467,1,1,8,8,8,8,8,8,8,8,8,8
470468,1,1,0,0,0,0,0,23,0,0,0,0
470468,2,1,17,17,17,17,17,17,17,17,17,17
470469,1,1,17,17,17,17,17,17,17,17,17,17
470469,2,1,0,0,0,0,0,0,0,0,0,0
470470,0,1,0,0,0,0,0,0,0,0,0,0
470470,1,1,0,0,0,0,0,0,0,0,0,0
470470,2,1,0,0,0,0,0,0,0,0,0,0
470471,1,1,3,3,3,3,3,3,3,3,3,3
470472,1,1,0,24,0,0,0,0,0,0,0,24
470472,2,1,0,0,0,0,0,0,0,0,0,0
470473,1,1,0,0,0,0,0,17,0,15,0,0
470473,2,1,0,0,0,0,0,0,0,0,0,0
470474,1,1,0,0,0,8,0,0,15,10,25,0
470475,1,1,0,0,0,0,0,0,0,0,0,0
470476,1,1,0,0,0,0,0,0,0,0,0,0
470476,2,1,0,0,0,0,0,0,0,0,0,0
470477,1,1,21,21,21,21,21,21,21,21,21,21
470478,1,1,0,0,0,0,0,0,0,0,0,0
470478,2,1,0,0,0,0,0,0,0,0,0,0
470479,0,1,0,0,0,0,0,0,0,0,0,0
470479,0,2,0,0,0,0,0,0,0,0,0,8
470479,1,1,22,22,22,22,22,22,22,22,22,22
470480,1,1,0,10,0,0,0,0,0,4,0,0
470481,1,1,0,0,0,0,0,0,0,0,0,0
470482,1,1,0,0,0,0,0,17,0,0,0,24
470482,2,1,0,0,0,0,0,0,0,0,0,0
470483,1,1,0,0,0,0,0,0,0,0,0,0
470483,2,1,0,0,0,0,0,0,0,0,0,0
470484,1,1,0,0,0,0,0,0,0,0,0,0
470484,2,1,0,0,0,0,0,0,0,0,0,0
470485,1,1,0,0,0,0,0,0,0,0,0,15
470486,1,1,17,23,14,7,7,13,15,15,13,0
470487,0,1,39,9,0,11,32,7,14,32,11,19
470487,1,1,10,10,10,10,10,10,10,10,10,10
470488,1,1,0,18,8,6,6,13,12,0,6,0
470489,0,1,36,36,36,36,36,36,36,36,36,36
470489,1,1,10,10,10,10,10,10,10,10,10,10
470490,1,1,15,13,9,30,21,21,9,8,22,19
470491,1,1,24,24,24,24,24,24,24,24,24,24
470492,1,1,0,0,0,0,0,0,0,0,0,0
470493,1,1,20,20,20,20,20,20,20,20,20,20
470493,2,1,0,0,0,0,0,0,0,0,0,0
470494,1,1,0,0,0,0,0,0,0,0,0,0
470494,2,1,0,0,0,0,0,0,0,0,0,0
470495,1,1,0,0,0,0,0,0,0,0,0,0
470495,2,1,0,0,0,0,0,11,0,12,0,0
470496,1,1,4,4,4,4,4,4,4,4,4,4
470497,1,1,0,0,0,0,0,0,0,0,0,0
470497,2,1,0,0,0,0,0,0,0,0,0,0
470497,3,1,0,0,0,0,0,0,0,0,0,0