ST_CASE,VEH_NO,PER_NO,P1,P2,P3,P4,P5,P6,P7,P8,P9,P10
470498,1,1,15,0,0,0,0,0,0,0,0,0
470498,2,1,12,0,0,0,0,0,0,0,0,0
470499,1,1,0,0,0,0,0,0,0,0,0,0
470500,1,1,0,0,0,0,0,0,0,0,0,0
470501,1,1,36,13,0,0,0,0,0,15,0,0
470502,1,1,0,26,0,0,16,0,0,10,15,0
470503,1,1,10,0,12,8,3,0,13,12,0,23
470503,2,1,0,0,0,0,0,0,0,0,0,0
470504,0,1,0,0,0,0,0,0,0,0,17,0
470504,1,1,0,0,0,0,0,0,0,0,0,0
470505,1,1,0,0,0,0,0,0,0,0,0,0
470505,2,1,0,0,0,0,0,0,0,0,0,0
470506,1,1,26,26,26,26,26,26,26,26,26,26
470507,1,1,0,0,0,0,0,0,0,0,0,0
470507,2,1,0,0,0,0,0,0,0,0,0,0
470509,1,1,25,25,25,25,25,25,25,25,25,25
470509,2,1,0,0,0,0,0,0,0,0,0,0
470509,3,1,0,0,0,0,0,0,0,0,0,0
470509,4,1,0,0,0,0,0,0,0,0,0,0
470510,1,1,0,0,0,0,0,0,0,0,0,0
470510,2,1,0,0,0,0,0,0,0,0,0,0
470511,0,1,15,13,23,33,25,22,20,19,32,11
470511,1,1,0,0,0,0,0,0,14,0,0,0
470512,1,1,0,0,0,0,0,0,0,0,0,0
470513,1,1,0,0,0,0,0,0,0,0,0,0
470514,1,1,0,0,0,0,0,0,0,0,0,0
470514,2,1,0,0,0,0,0,0,0,0,0,0
470515,1,1,0,0,0,0,0,0,0,0,0,0
470516,1,1,0,0,0,0,0,0,0,0,0,0
470516,2,1,0,0,0,0,0,0,0,0,0,0
470517,1,1,0,0,0,0,0,0,0,0,0,0
470518,1,1,0,0,0,0,0,0,0,0,0,0
470519,1,1,0,0,0,0,0,0,0,0,0,0
470520,1,1,0,0,0,0,0,0,0,0,0,0
470520,2,1,0,0,0,0,0,0,0,0,0,0
470521,1,1,4,4,4,4,4,4,4,4,4,4
470522,1,1,29,29,29,29,29,29,29,29,29,29
470523,1,1,0,0,0,0,0,0,0,0,0,0
470523,2,1,0,0,0,0,0,0,0,0,0,0
470524,1,1,0,0,0,0,0,0,0,0,0,0
470525,1,1,0,0,0,0,0,0,0,0,0,0
470525,2,1,0,0,0,0,0,0,0,0,0,0
470526,1,1,0,0,0,0,0,0,0,0,0,0
470527,0,1,9,9,9,9,9,9,9,9,9,9
470527,1,1,0,0,0,0,0,0,0,0,0,0
470528,1,1,0,0,0,0,0,0,0,0,0,0
470528,2,1,0,0,0,0,0,0,0,0,0,0
470529,1,1,12,12,12,12,12,12,12,12,12,12
470530,1,1,0,0,0,0,0,0,0,0,0,0
470531,1,1,0,0,0,0,0,0,0,0,0,0
470531,2,1,2,2,2,2,2,2,2,2,2,2
470532,1,1,0,0,0,0,0,0,0,0,0,0
470533,1,1,17,17,17,17,17,17,17,17,17,17
470534,1,1,0,0,0,0,0,0,0,0,0,0
470534,2,1,0,0,0,0,0,0,0,0,0,0
470535,1,1,0,0,0,0,0,0,0,0,0,0
470535,2,1,0,0,0,0,0,0,0,0,0,0
470536,1,1,22,22,22,22,22,22,22,22,22,22
470537,1,1,0,0,0,0,0,0,0,0,0,0
470537,2,1,18,0,0,0,0,0,0,0,12,15
470538,0,1,28,0,19,0,0,0,22,0,18,0
470538,1,1,0,0,0,0,0,0,0,0,0,0
470539,0,1,15,21,24,38,18,14,10,14,20,32
470539,1,1,0,0,0,0,0,0,0,0,0,0
470540,1,1,0,0,0,0,0,0,0,0,0,0
470541,1,1,0,0,0,0,0,0,0,0,0,0
470541,2,1,0,0,0,0,0,0,0,0,0,0
470542,1,1,0,0,0,0,0,0,0,0,0,0
470542,2,1,0,0,0,0,0,0,0,0,0,0
470543,1,1,3,3,3,3,3,3,3,3,3,3
470544,1,1,0,0,0,0,0,0,0,0,0,0
470544,2,1,0,0,0,0,0,0,0,0,0,0
470545,1,1,0,0,0,0,0,0,0,0,0,0
470545,2,1,0,0,0,0,0,0,0,0,0,0
470546,1,1,18,6,6,12,26,25,31,15,8,16
470547,1,1,49,12,20,22,28,26,25,25,25,24
470547,2,1,0,0,0,0,0,0,0,0,0,0
470548,1,1,0,16,0,0,0,0,0,0,0,0
470548,2,1,0,0,0,0,0,0,0,0,0,0
470549,1,1,0,0,0,0,0,0,0,0,0,0
470550,1,1,0,0,0,0,0,0,0,0,0,0
470551,1,1,0,0,0,0,0,0,0,0,0,0
470552,1,1,0,17,0,0,0,0,0,0,0,0
470553,1,1,0,0,0,0,0,0,0,0,0,0
470553,2,1,0,0,0,0,0,0,0,0,0,0
470554,1,1,0,0,0,0,0,0,0,0,0,0
470554,2,1,0,0,0,0,0,0,0,0,0,0
470555,1,1,0,0,0,0,0,0,0,0,0,0
470556,1,1,0,0,0,0,0,0,0,0,0,0
470556,2,1,0,0,0,0,0,0,0,0,0,26
470557,1,1,0,0,0,0,0,0,0,0,0,0
470558,1,1,0,0,13,0,5,0,0,0,0,0
470558,2,1,0,0,0,0,0,0,0,0,0,0
470559,1,1,0,0,0,0,0,0,0,0,0,0
470560,1,1,0,0,0,0,0,0,0,0,0,0
470561,1,1,0,0,0,0,0,0,0,0,0,0
470562,0,1,14,16,0,0,0,8,11,0,0,17
470562,1,1,0,13,30,23,0,0,12,21,0,0
470563,1,1,0,0,0,9,29,17,0,0,0,0
470564,1,1,8,8,8,8,8,8,8,8,8,8
470565,1,1,0,0,0,0,0,0,0,0,0,0
470565,2,1,0,0,0,0,0,0,0,0,0,0
470566,1,1,11,11,11,11,11,11,11,11,11,11
470567,1,1,0,0,0,0,0,0,0,0,0,0
470567,2,1,0,0,0,0,0,0,0,0,0,0
470568,1,1,9,9,9,9,9,9,9,9,9,9
470569,1,1,21,7,0,11,0,0,15,0,11,6
470570,1,1,0,0,0,0,0,0,0,0,0,0
470571,1,1,0,0,0,0,0,0,0,0,0,0
470572,1,1,0,0,0,0,0,9,0,0,0,0
470573,1,1,3,3,3,3,3,3,3,3,3,3
470574,1,1,0,0,0,0,0,0,0,0,0,0
470574,2,1,0,0,0,0,0,0,0,0,0,0
470574,3,1,0,0,0,0,0,0,0,0,0,0
470575,1,1,12,12,12,12,12,12,12,12,12,12
470576,1,1,0,0,0,0,0,0,0,0,0,0
470576,2,1,0,0,0,0,0,0,0,0,0,0
470576,3,1,0,0,0,0,0,0,0,0,0,0
470577,1,1,0,26,7,24,14,18,0,24,13,16
470577,2,1,0,0,0,0,0,0,0,0,0,0
470578,1,1,13,13,13,13,13,13,13,13,13,13
470579,1,1,0,0,0,0,0,0,0,0,0,0
470579,2,1,0,0,0,0,0,0,0,0,0,0
470580,1,1,18,18,18,18,18,18,18,18,18,18
470581,1,1,0,0,0,0,0,0,0,0,0,0
470582,1,1,8,8,8,8,8,8,8,8,8,8
470583,1,1,0,0,0,0,0,0,0,0,0,0
470583,2,1,12,12,12,12,12,12,12,12,12,12
470583,3,1,0,2,0,0,0,0,0,0,0,0
470584,1,1,0,0,0,11,0,0,0,0,0,0
470585,1,1,0,0,5,32,0,0,9,25,25,0
470586,0,1,27,23,0,6,0,9,33,0,14,10
470586,1,1,0,0,0,0,0,0,0,14,0,0
470587,1,1,0,0,0,0,0,0,0,0,0,0
470588,1,1,0,0,0,18,38,0,0,0,0,0
470589,1,1,0,0,0,0,0,0,0,0,0,0
470590,1,1,7,14,43,21,9,30,27,13,16,24
470591,1,1,0,0,0,0,0,0,0,0,0,0
470591,2,1,0,0,0,0,0,4,0,0,0,0
470592,1,1,0,0,0,0,0,0,0,0,0,0
470593,1,1,0,0,0,10,0,0,0,0,0,0
470594,1,1,0,0,0,0,0,0,17,13,0,26
470595,1,1,0,0,0,0,0,0,0,0,0,0
470595,2,1,0,0,0,0,0,0,0,0,0,0
470596,1,1,3,3,3,3,3,3,3,3,3,3
470596,2,1,2,2,2,2,2,2,2,2,2,2
470597,1,1,10,10,10,10,10,10,10,10,10,10
470598,1,1,0,0,0,20,0,0,0,0,0,0
470599,0,1,17,14,20,13,0,21,5,37,18,0
470599,1,1,0,0,0,0,0,0,0,0,0,0
470600,1,1,0,0,0,0,0,0,0,0,0,0
470601,1,1,0,0,0,0,0,0,0,0,0,0
470601,2,1,0,0,0,0,0,0,0,0,0,10
470602,1,1,17,17,17,17,17,17,17,17,17,17
470603,1,1,0,0,0,0,0,0,0,0,0,0
470604,1,1,0,0,0,0,0,0,0,0,0,0
470605,1,1,0,0,0,0,0,0,0,0,0,0
470606,1,1,18,18,18,18,18,18,18,18,18,18
470606,2,1,4,4,4,4,4,4,4,4,4,4
470606,3,1,13,13,13,13,13,13,13,13,13,13
470608,1,1,13,0,0,0,0,12,0,6,27,16
470609,1,1,0,0,0,0,0,0,0,0,0,0
470609,2,1,0,0,0,0,0,0,0,0,0,0
470610,1,1,19,19,19,19,19,19,19,19,19,19
470610,2,1,0,0,0,0,0,0,0,0,0,0
470611,1,1,0,0,0,0,0,0,0,0,0,0
470611,2,1,0,8,0,0,0,0,0,0,0,0
470612,1,1,0,0,0,0,0,0,0,0,0,0
470612,2,1,0,0,0,0,0,0,0,0,0,0
470613,1,1,11,11,11,11,11,11,11,11,11,11
470614,0,1,0,0,0,0,0,0,0,0,0,0
470614,1,1,0,0,0,0,0,0,0,0,0,0
470615,1,1,7,0,0,0,0,0,0,0,0,0
470616,1,1,0,0,0,0,0,0,0,0,0,0
470617,1,1,19,19,19,19,19,19,19,19,19,19
470618,1,1,0,0,0,0,0,0,0,0,0,0
470618,2,1,0,0,0,0,0,0,0,0,0,0
470619,1,1,0,0,0,0,0,0,0,0,0,0
470619,2,1,0,0,0,0,0,0,0,0,0,0
470619,3,1,0,0,0,0,0,0,0,0,0,0
470620,1,1,20,20,20,20,20,20,20,20,20,20
470620,2,1,0,0,0,0,0,0,0,0,0,0
470620,3,1,0,0,0,0,0,0,0,0,0,0
470620,4,1,0,0,19,0,0,0,0,0,0,0
470621,1,1,0,0,0,0,0,0,0,0,0,0
470622,1,1,0,0,0,0,0,0,0,0,0,0
470623,1,1,0,0,0,0,0,0,0,0,0,0
470623,2,1,0,0,0,0,0,0,0,0,0,0
470625,1,1,24,24,24,24,24,24,24,24,24,24
470626,1,1,0,0,0,0,0,0,0,0,0,0
470627,0,1,0,0,0,9,0,0,0,0,0,16
470627,1,1,3,3,3,3,3,3,3,3,3,3
470628,1,1,0,20,0,0,0,0,0,0,0,0
470629,1,1,0,0,0,0,0,0,0,0,0,0
470629,2,1,0,0,0,0,0,0,0,0,0,0
470630,1,1,0,0,0,0,0,0,0,0,0,0
470630,2,1,0,0,0,0,0,0,0,0,0,0
470631,1,1,0,0,0,0,0,0,0,0,0,0
470632,1,1,0,0,0,0,0,0,0,0,0,0
470632,2,1,0,0,0,0,0,0,0,0,0,0
470633,1,1,5,5,5,5,5,5,5,5,5,5
470633,2,1,0,0,0,0,0,0,0,0,0,0
470634,1,1,0,0,0,0,0,0,0,0,0,0
470634,2,1,0,0,0,0,0,0,0,0,0,0
470635,1,1,0,0,0,0,0,0,0,0,0,0
470635,2,1,0,0,0,0,0,0,0,0,0,0
470636,1,1,0,0,0,0,0,0,0,0,0,0
470637,1,1,0,0,0,0,0,0,0,0,0,0
470637,2,1,0,0,0,0,0,0,0,0,0,0
470637,3,1,0,0,0,0,0,0,0,0,0,0
470638,1,1,0,0,0,0,0,0,0,0,0,0
470639,1,1,0,0,0,0,0,0,0,0,0,0
470640,0,1,0,0,0,0,0,0,0,13,0,0
470640,1,1,4,4,4,4,4,4,4,4,4,4
470641,1,1,28,28,28,28,28,28,28,28,28,28
470642,1,1,0,0,0,0,0,0,0,0,0,0
470643,1,1,0,0,0,0,0,0,0,0,0,0
470644,1,1,0,0,0,0,0,0,0,0,0,0
470645,1,1,0,0,0,0,0,0,0,0,0,0
470646,1,1,0,0,0,0,0,0,0,0,0,0
470647,1,1,0,0,0,0,0,0,0,0,0,0
470648,0,1,24,24,24,24,24,24,24,24,24,24
470648,1,1,0,0,0,22,0,0,0,13,0,0
470648,2,1,0,18,0,0,0,0,0,0,0,0
470648,3,1,0,0,0,23,0,0,0,0,0,0
470649,1,1,0,0,0,0,0,0,0,0,0,0
470650,1,1,0,0,6,0,0,0,11,0,11,0
470650,2,1,0,0,0,0,0,0,0,0,0,0
470650,3,1,3,0,0,0,0,0,0,0,0,0
470651,1,1,0,0,0,0,0,0,0,0,0,0
470651,2,1,0,0,0,0,0,0,0,20,0,0
470652,1,1,0,0,0,0,0,0,0,0,0,0
470652,2,1,0,0,0,0,0,0,0,0,0,0
470652,3,1,0,0,0,0,0,0,0,0,0,0
470653,1,1,12,12,12,12,12,12,12,12,12,12
470654,1,1,0,0,0,0,0,0,0,0,0,0
470654,2,1,0,0,0,0,0,0,0,0,0,0
470654,3,1,0,0,0,0,0,0,0,0,0,0
470655,1,1,0,0,0,0,0,0,0,0,0,0
470656,1,1,0,0,0,0,0,0,0,0,0,0
470656,2,1,0,0,0,0,0,0,0,0,0,0
470657,1,1,29,29,29,29,29,29,29,29,29,29
470659,1,1,0,0,0,0,0,0,0,0,0,0
470660,1,1,0,0,0,0,0,0,0,0,0,0
470660,2,1,0,0,0,0,0,0,0,0,0,0
470661,1,1,0,0,0,0,27,0,0,0,0,0
470662,0,1,6,6,6,6,6,6,6,6,6,6
470662,1,1,0,0,0,0,0,0,0,0,0,0
470663,0,1,5,5,5,5,5,5,5,5,5,5
470663,1,1,0,0,0,0,0,0,0,0,0,0
470664,1,1,1,1,1,1,1,1,1,1,1,1
470665,1,1,0,0,0,0,0,0,0,0,0,0
470665,2,1,0,0,0,0,0,0,0,0,0,0
470666,1,1,0,0,13,14,0,18,0,3,0,0
470667,0,1,0,0,0,0,0,0,0,0,0,17
470667,1,1,0,0,0,0,0,0,0,0,0,0
470668,1,1,0,0,0,0,0,0,0,0,0,0
470668,2,1,0,0,0,0,0,0,0,0,0,0
470669,1,1,0,0,6,0,0,0,0,0,0,0
470670,1,1,12,11,25,0,0,0,8,0,0,0
470671,1,1,0,0,0,0,0,0,0,0,0,0
470671,2,1,0,0,0,0,0,0,0,0,0,0
470672,1,1,0,0,0,0,0,0,0,0,0,0
470673,0,1,7,7,7,7,7,7,7,7,7,7
470673,1,1,0,0,0,0,0,0,0,0,0,0
470674,1,1,0,0,0,0,0,0,0,0,0,0
470674,2,1,0,0,0,0,0,0,0,0,0,0
470675,1,1,0,0,0,0,0,0,0,0,0,0
470676,1,1,0,0,0,0,0,0,0,0,0,0
470676,2,1,25,25,25,25,25,25,25,25,25,25
470678,1,1,2,0,8,19,0,0,11,0,0,0
470679,1,1,34,34,34,34,34,34,34,34,34,34
470680,1,1,6,6,6,6,6,6,6,6,6,6
470681,1,1,0,0,0,0,0,0,0,0,0,0
470682,1,1,0,0,0,0,0,0,0,0,0,0
470682,2,1,0,0,0,0,0,0,0,0,0,0
470683,1,1,12,18,32,13,13,13,0,0,0,0
470684,1,1,0,0,0,0,0,0,0,0,0,0
470684,2,1,0,0,19,0,0,0,0,0,0,0
470685,1,1,0,0,0,0,0,0,0,0,0,0
470686,1,1,0,0,0,0,0,9,0,0,0,0
470686,2,1,0,0,0,0,0,0,0,0,0,0
470687,1,1,0,0,0,0,0,0,0,0,0,0
470687,2,1,0,0,0,0,0,0,0,0,0,0
470688,1,1,15,15,15,15,15,15,15,15,15,15
470689,1,1,20,22,0,29,9,0,0,13,18,3
470689,2,1,0,0,0,0,21,0,0,0,0,0
470689,3,1,0,0,0,0,0,0,0,0,0,0
470690,0,1,0,0,0,0,0,0,0,0,0,0
470690,1,1,0,0,0,0,0,0,0,0,0,0
470691,1,1,0,0,0,0,0,0,0,13,0,29
470692,1,1,0,0,0,0,0,0,26,22,0,0
470692,2,1,0,0,0,0,0,0,0,0,0,0
470693,1,1,0,10,0,0,0,0,0,0,0,0
470694,1,1,0,0,0,0,0,0,0,0,0,0
470695,1,1,30,30,30,30,30,30,30,30,30,30
470696,1,1,0,0,0,0,0,0,0,0,0,0
470697,1,1,19,19,19,19,19,19,19,19,19,19
470697,2,1,0,0,0,0,0,0,0,0,0,0
470698,1,1,8,8,8,8,8,8,8,8,8,8
470698,2,1,0,0,0,0,0,0,0,0,0,0
470699,1,1,0,0,0,11,2,0,0,0,0,0
470699,2,1,0,0,0,28,0,0,0,0,0,0
470700,1,1,0,0,0,0,0,0,0,0,0,0
470700,2,1,0,0,0,0,0,0,0,0,0,0
470701,0,1,0,0,0,0,15,0,0,0,0,0
470701,1,1,0,0,0,0,0,0,0,0,0,0
470702,1,1,21,21,21,21,21,21,21,21,21,21
470703,0,1,0,0,0,0,0,0,0,0,0,0
470703,1,1,0,0,0,0,0,0,0,0,0,0
470704,1,1,9,9,9,9,9,9,9,9,9,9
470704,2,1,0,0,0,0,0,0,0,0,0,0
470705,1,1,0,0,22,0,28,15,25,0,14,22
470706,1,1,0,0,0,0,0,0,0,0,0,0
470706,2,1,0,0,0,0,0,0,0,0,0,0
470708,1,1,0,0,0,0,0,0,0,0,0,0
470709,1,1,0,0,0,0,0,0,0,0,0,0
470710,1,1,14,14,14,14,14,14,14,14,14,14
470711,0,1,0,0,0,0,0,0,0,0,0,0
470711,1,1,0,0,0,0,0,0,0,0,0,0
470712,2,1,0,0,0,0,0,0,0,0,0,0
470713,1,1,16,16,16,16,16,16,16,16,16,16
470713,2,1,0,0,0,0,0,0,0,0,0,0
470713,3,1,0,0,0,0,0,0,0,0,0,0
470714,1,1,0,11,0,0,0,0,0,5,8,0
470715,1,1,0,0,9,6,22,23,16,12,4,0
470717,1,1,29,0,0,0,0,0,0,0,0,0
470717,2,1,0,0,0,0,0,0,0,0,0,0
470718,1,1,19,19,19,19,19,19,19,19,19,19
470719,1,1,8,8,8,8,8,8,8,8,8,8
470720,1,1,0,0,0,0,0,0,0,0,0,0
470721,1,1,0,0,0,0,0,0,0,0,0,0
470721,2,1,0,0,0,0,0,0,0,0,0,0
470721,3,1,0,0,0,0,0,0,0,0,0,0
470722,1,1,0,0,0,0,0,0,0,0,0,0
470722,2,1,0,0,0,0,0,0,0,0,0,0
470722,3,1,0,0,0,0,0,0,0,0,0,0
470722,4,1,0,0,0,0,0,0,0,0,0,0
470722,5,1,0,0,0,0,0,0,0,0,0,0
470723,1,1,0,0,14,0,0,0,0,24,0,0
470724,1,1,0,0,22,0,0,0,27,0,0,0
470725,1,1,0,0,0,0,25,0,0,0,17,0
470726,1,1,12,12,12,12,12,12,12,12,12,12
470727,1,1,1,1,1,1,1,1,1,1,1,1
470728,1,1,0,0,0,0,0,0,0,0,0,0
470728,2,1,0,0,0,0,0,0,0,0,0,0
470729,1,1,0,0,0,0,0,0,0,0,0,0
470730,1,1,0,0,0,0,0,0,0,0,0,0
470730,2,1,0,0,0,0,0,12,0,0,0,0
470731,1,1,0,0,0,0,0,0,0,0,0,0
470732,1,1,0,0,0,0,0,0,0,0,0,0
470734,1,1,0,0,0,0,0,0,0,0,0,0
470735,1,1,26,26,26,26,26,26,26,26,26,26
470736,1,1,25,25,25,25,25,25,25,25,25,25
470737,1,1,24,24,24,24,24,24,24,24,24,24
470738,1,1,0,5,0,0,0,0,0,0,7,0
470739,1,1,4,4,4,4,4,4,4,4,4,4
470739,2,1,0,0,0,0,0,0,0,0,0,0
470740,1,1,0,0,0,0,0,0,0,0,0,0
470740,2,1,0,0,29,0,0,0,0,0,0,0
470741,1,1,0,0,0,0,0,0,0,0,0,7
470741,2,1,0,0,0,0,0,0,0,0,0,0
470741,3,1,0,0,0,0,0,0,0,0,0,0
470742,1,1,0,0,0,0,0,0,0,0,0,0
470742,2,1,0,0,0,0,0,0,0,0,0,0
470742,3,1,0,0,0,0,0,0,0,0,0,0
470743,1,1,0,0,0,0,0,0,0,0,0,0
470744,1,1,8,8,8,8,8,8,8,8,8,8
470745,1,1,18,18,18,18,18,18,18,18,18,18
470746,1,1,0,0,0,0,0,0,0,0,0,0
470746,2,1,0,0,0,0,0,0,0,0,0,0
470747,1,1,0,0,0,0,0,0,0,0,0,0
470748,1,1,16,16,16,16,16,16,16,16,16,16
470749,1,1,0,0,0,0,0,0,0,0,0,0
470750,1,1,16,16,16,16,16,16,16,16,16,16
470751,1,1,0,0,0,0,0,0,0,0,0,0
470752,1,1,0,33,17,0,0,0,0,0,0,0
470753,1,1,0,0,0,0,0,0,0,0,0,0
470754,1,1,21,21,21,21,21,21,21,21,21,21
470755,0,1,0,0,0,0,0,0,0,0,0,0
470755,1,1,0,0,0,0,0,0,0,0,0,0
470756,1,1,10,0,0,19,0,0,0,0,0,0
470757,1,1,3,3,3,3,3,3,3,3,3,3
470758,1,1,0,0,0,0,0,0,0,0,0,0
470758,2,1,0,0,0,0,0,0,0,0,0,0
470759,1,1,0,0,0,0,0,0,0,0,0,0
470759,2,1,0,0,0,0,0,0,0,0,0,0
470760,0,1,0,20,9,10,0,24,0,27,0,23
470760,1,1,0,0,10,11,36,0,0,16,0,0
470761,1,1,0,0,0,0,0,6,0,0,0,0
470761,2,1,0,0,0,0,0,0,0,0,0,0
470762,1,1,0,0,0,0,0,0,0,0,0,0
470762,2,1,0,0,0,0,0,0,0,0,0,0
470763,1,1,13,13,13,13,13,13,13,13,13,13
470763,2,1,0,0,0,0,0,0,0,0,0,0
470764,1,1,0,0,0,0,0,0,0,0,0,0
470764,2,1,0,0,0,0,0,0,0,0,0,0
470765,1,1,0,0,0,0,0,0,0,0,0,0
470765,2,1,0,0,0,0,0,0,0,0,0,0
470766,1,1,0,0,0,0,0,0,0,0,0,0
470766,2,1,0,0,0,0,0,0,0,0,0,0
470767,0,1,27,27,27,27,27,27,27,27,27,27
470767,1,1,19,0,0,26,25,12,14,16,12,14
470768,1,1,24,24,24,24,24,24,24,24,24,24
470769,1,1,0,0,0,0,0,0,0,18,0,12
470770,1,1,0,0,0,0,0,0,0,0,0,0
470770,2,1,0,0,0,0,0,0,0,0,0,0
470771,1,1,0,0,0,0,0,0,0,0,0,0
470771,2,1,0,0,26,0,0,0,0,0,0,0
470772,1,1,0,0,0,0,0,0,0,0,0,0
470773,1,1,21,21,21,21,21,21,21,21,21,21
470774,0,1,0,0,0,0,22,9,34,16,26,0
470774,1,1,0,14,0,0,0,0,0,0,0,0
470775,1,1,0,0,0,0,0,0,0,0,0,0
470775,2,1,0,0,0,0,0,0,0,0,0,0
470776,1,1,16,14,9,17,0,0,20,0,26,0
470777,1,1,15,15,15,15,15,15,15,15,15,15
470778,1,1,35,0,0,20,0,0,23,0,15,0
470779,1,1,0,0,0,0,0,0,0,0,0,0
470779,2,1,0,0,0,0,0,0,0,0,0,0
470780,1,1,25,25,25,25,25,25,25,25,25,25
470781,1,1,22,22,22,22,22,22,22,22,22,22
470782,1,1,0,0,0,0,0,0,0,0,0,0
470783,1,1,15,15,15,15,15,15,15,15,15,15
470784,1,1,11,0,30,0,6,5,31,0,20,17
470785,1,1,16,16,16,16,16,16,16,16,16,16
470786,1,1,0,0,29,0,15,0,0,0,0,0
470786,2,1,0,0,0,0,0,0,0,0,0,0
470787,1,1,0,0,0,0,0,0,0,0,0,0
470787,2,1,25,24,4,27,0,0,18,10,0,0
470788,1,1,19,19,19,19,19,19,19,19,19,19
470788,2,1,0,0,0,0,0,0,0,0,0,0
470789,1,1,0,0,10,0,0,0,0,0,0,0
470789,2,1,0,0,0,10,0,0,0,0,0,0
470790,1,1,15,0,0,11,0,14,20,18,0,0
470791,1,1,27,27,27,27,27,27,27,27,27,27
470791,2,1,0,0,0,0,0,0,0,0,0,0
470792,1,1,17,17,17,17,17,17,17,17,17,17
470793,1,1,0,16,0,0,0,0,0,0,0,0
470793,2,1,0,0,0,0,0,0,0,0,0,0
470793,3,1,0,0,0,0,0,0,0,0,0,0
470794,0,1,37,37,37,37,37,37,37,37,37,37
470794,1,1,0,0,0,0,0,0,0,0,0,0
470795,1,1,16,16,16,16,16,16,16,16,16,16
470796,1,1,3,3,3,3,3,3,3,3,3,3
470797,1,1,19,19,19,19,19,19,19,19,19,19
470797,2,1,0,0,0,0,0,0,0,0,0,0
470798,1,1,21,21,21,21,21,21,21,21,21,21
470799,1,1,0,0,0,0,0,0,0,0,0,0
470800,1,1,17,17,17,17,17,17,17,17,17,17
470800,2,1,0,0,0,0,0,0,0,0,0,0
470801,1,1,0,0,0,0,0,0,0,0,0,0
470801,2,1,0,0,0,0,0,0,0,0,0,0
470802,1,1,8,8,8,8,8,8,8,8,8,8
470803,1,1,0,0,0,0,8,0,0,0,0,0
470803,2,1,0,0,0,0,0,0,0,0,0,0
470803,3,1,4,4,4,4,4,4,4,4,4,4
470804,0,1,31,31,31,31,31,31,31,31,31,31
470804,1,1,0,0,0,0,0,0,0,0,0,0
470805,1,1,0,0,0,0,0,0,0,0,0,0
470806,1,1,0,0,0,0,0,0,0,0,0,0
470807,1,1,0,0,0,0,0,0,0,0,0,0
470807,2,1,2,2,2,2,2,2,2,2,2,2
470809,1,1,20,0,0,0,0,14,0,3,0,0
470810,1,1,0,0,0,0,0,0,0,0,0,0
470811,1,1,0,0,0,0,0,0,0,0,0,0
470812,0,1,33,33,33,33,33,33,33,33,33,33
470812,1,1,0,0,0,0,0,0,0,0,0,0
470813,0,1,28,28,28,28,28,28,28,28,28,28
470813,1,1,0,0,0,0,0,0,0,0,0,0
470813,2,1,0,0,0,0,0,0,0,0,0,0
470815,1,1,19,19,19,19,19,19,19,19,19,19
470816,0,1,17,17,17,17,17,17,17,17,17,17
470816,1,1,0,0,0,0,0,0,0,0,0,0
470817,1,1,18,18,18,18,18,18,18,18,18,18
470818,1,1,0,0,0,0,0,0,0,0,0,0
470819,1,1,0,0,6,0,0,0,0,0,0,0
470819,2,1,0,0,0,0,0,0,0,0,0,0
470820,1,1,9,9,9,9,9,9,9,9,9,9
470820,2,1,0,0,0,0,0,0,0,0,0,0
470821,1,1,0,0,0,0,0,0,0,0,0,0
470821,2,1,0,33,0,0,0,0,0,0,0,0
470821,3,1,0,19,0,0,0,0,0,0,0,0
470822,1,1,0,0,0,0,0,0,0,0,0,0
470822,2,1,0,0,0,0,0,0,0,0,0,0
470823,1,1,0,0,0,0,0,0,0,0,0,0
470824,1,1,0,0,0,0,0,0,0,0,0,0
470824,2,1,0,0,0,0,0,0,0,0,6,0
470825,1,1,0,0,0,0,0,0,0,0,0,0
470826,1,1,0,10,16,0,0,27,19,0,18,0
470827,1,1,19,19,19,19,19,19,19,19,19,19
470828,0,1,0,0,0,0,0,0,0,0,0,0
470828,1,1,0,0,0,0,0,0,0,0,0,0
470829,1,1,13,13,13,13,13,13,13,13,13,13
470830,1,1,26,26,26,26,26,26,26,26,26,26
470831,0,1,0,0,0,0,13,0,29,0,15,0
470831,1,1,0,0,20,11,0,0,0,12,0,0
470832,1,1,0,0,0,0,0,0,0,0,0,0
470832,2,1,0,0,0,0,0,0,0,0,0,0
470833,1,1,0,0,0,8,0,0,0,0,0,0
470833,2,1,0,0,0,0,0,0,0,0,0,0
470834,1,1,0,0,0,0,0,0,0,0,0,0
470834,2,1,0,0,0,0,0,0,0,0,0,0
470835,1,1,4,4,4,4,4,4,4,4,4,4
470836,1,1,0,0,0,0,0,0,0,0,0,0
470837,1,1,0,0,0,0,0,0,0,0,0,0
470837,2,1,0,0,0,0,0,0,0,0,0,0
470838,1,1,0,0,0,0,0,0,0,0,0,0
470839,0,1,0,0,0,0,44,0,0,0,11,17
470839,1,1,0,0,0,0,0,0,0,0,0,0
470840,0,1,0,0,0,41,0,0,0,0,0,0
470840,1,1,0,0,0,9,0,0,0,0,0,0
470841,1,1,8,8,8,8,8,8,8,8,8,8