ST_CASE,VEH_NO,PER_NO,P1,P2,P3,P4,P5,P6,P7,P8,P9,P10
470842,1,1,14,23,0,10,17,21,0,0,19,14
470843,1,1,6,6,6,6,6,6,6,6,6,6
470844,1,1,0,0,0,0,0,0,0,0,0,0
470844,2,1,0,0,0,0,0,0,0,0,0,0
470845,1,1,0,0,0,29,0,30,0,0,15,11
470846,1,1,0,0,0,0,0,0,0,0,0,0
470846,2,1,0,14,5,0,0,0,0,0,0,0
470846,3,1,0,0,17,0,0,0,12,0,0,0
470846,4,1,0,11,0,15,0,0,0,0,0,11
470847,1,1,26,26,26,26,26,26,26,26,26,26
470847,2,1,0,0,0,0,0,0,0,0,0,0
470847,3,1,0,0,0,0,0,0,0,0,0,0
470848,0,1,5,5,5,5,5,5,5,5,5,5
470848,1,1,0,0,0,0,0,0,0,0,0,0
470849,0,1,0,0,0,0,0,0,0,0,0,0
470849,1,1,0,0,0,0,0,0,0,0,0,0
470850,1,1,9,9,9,9,9,9,9,9,9,9
470851,1,1,0,0,0,0,0,0,0,0,0,0
470851,2,1,0,0,0,0,0,0,0,0,0,0
470852,1,1,0,0,0,0,0,0,0,13,0,0
470852,2,1,0,0,0,0,0,0,0,0,0,0
470853,1,1,15,24,0,12,32,0,23,0,0,0
470853,2,1,21,0,0,0,0,15,15,0,0,19
470854,1,1,0,18,0,0,0,0,0,0,0,18
470854,2,1,0,0,0,0,0,0,0,0,0,0
470855,1,1,0,0,0,0,0,0,0,0,0,0
470856,1,1,0,7,25,0,0,0,0,0,4,0
470857,1,1,0,0,0,5,0,0,0,0,0,0
470857,2,1,0,14,0,0,0,0,0,0,0,0
470857,3,1,0,0,0,0,0,0,0,0,0,0
470857,4,1,0,0,0,0,0,0,0,0,0,0
470857,5,1,0,0,0,0,0,0,0,0,0,0
470857,6,1,0,0,0,0,0,0,0,0,0,0
470857,7,1,0,0,0,0,0,0,0,0,0,0
470857,8,1,0,13,0,0,0,0,0,0,0,0
470857,9,1,0,0,0,0,0,0,0,0,0,0
470857,10,1,0,0,0,0,0,0,0,0,0,0
470857,11,1,0,0,0,0,0,0,0,0,0,0
470857,12,1,0,0,0,0,0,0,0,0,0,0
470857,13,1,0,0,0,0,0,0,0,0,0,0
470857,14,1,0,0,0,0,0,0,0,0,0,0
470857,15,1,0,0,0,0,0,0,0,0,0,0
470857,16,1,0,0,0,0,0,0,0,0,0,0
470857,17,1,0,0,0,0,0,0,0,0,0,0
470857,18,1,0,0,0,0,0,0,0,0,0,0
470857,19,1,0,0,0,0,0,0,0,0,0,0
470857,20,1,0,0,0,0,0,0,0,0,0,0
470857,21,1,0,0,0,0,0,0,0,0,0,0
470857,22,1,0,0,0,0,0,0,0,0,0,0
470857,23,1,0,0,0,0,0,0,0,0,0,0
470857,24,1,0,0,0,0,0,0,0,0,14,0
470857,25,1,0,0,0,0,0,0,0,0,0,0
470857,26,1,0,0,0,0,0,0,0,0,0,0
470858,1,1,0,0,0,0,0,0,0,0,0,0
470858,2,1,0,0,0,0,0,0,0,0,0,0
470858,3,1,0,0,0,0,0,0,0,0,0,0
470859,1,1,0,0,0,0,0,0,0,0,0,0
470859,2,1,0,0,0,0,0,0,0,13,0,0
470861,1,1,0,0,0,0,0,0,0,0,0,0
470861,2,1,0,2,29,20,27,22,17,14,18,21
470862,1,1,0,0,0,0,0,0,0,0,0,0
470862,2,1,0,0,0,0,0,0,0,0,0,0
470862,3,1,0,0,0,0,0,0,0,0,0,0
470863,1,1,13,0,0,29,6,0,0,0,20,16
470864,1,1,0,0,21,9,13,0,0,8,16,0
470865,1,1,0,0,0,0,0,0,0,0,0,0
470865,2,1,0,0,0,0,0,0,0,0,0,0
470865,3,1,0,0,0,0,0,0,0,0,0,0
470866,0,1,24,24,24,24,24,24,24,24,24,24
470866,1,1,0,0,0,0,0,0,0,0,0,0
470867,1,1,0,0,0,0,0,0,0,0,0,0
470867,2,1,0,0,0,0,0,27,0,0,0,0
470868,1,1,0,0,0,0,0,7,0,0,0,0
470869,1,1,0,0,0,12,0,0,0,0,0,0
470870,1,1,0,0,0,0,0,0,0,0,0,0
470871,1,1,0,9,16,19,7,0,15,0,0,0
470872,1,1,0,0,0,0,0,18,0,0,0,0
470872,2,1,0,0,0,0,10,0,0,0,0,0
470872,3,1,0,0,0,0,0,0,0,0,0,0
470872,4,1,0,0,0,0,0,0,0,0,0,0
470872,5,1,0,0,0,0,0,0,0,0,0,0
470873,1,1,0,0,0,0,0,0,0,0,0,0
470874,1,1,0,0,0,0,0,0,0,0,0,0
470875,0,1,15,0,27,0,0,0,4,21,0,0
470875,1,1,0,0,0,0,0,0,0,0,0,0
470876,1,1,0,0,0,0,0,0,0,0,0,0
470876,2,1,0,0,0,0,0,0,0,0,0,0
470876,3,1,0,17,0,0,0,0,0,0,0,0
470877,1,1,0,0,0,0,0,0,0,0,0,0
470877,2,1,0,0,0,0,0,0,0,0,0,0
470878,1,1,0,0,0,0,0,23,0,0,0,0
470878,2,1,0,0,0,25,10,0,0,0,0,0
470879,1,1,0,0,0,0,0,14,0,0,0,0
470879,2,1,0,0,0,0,0,0,0,0,0,0
470879,3,1,0,0,0,0,0,0,0,0,0,0
470879,4,1,0,0,0,0,0,0,0,24,0,0
470879,5,1,0,0,0,0,0,0,0,0,0,0
470880,1,1,0,0,0,0,0,0,0,0,0,0
470880,2,1,0,0,0,0,0,0,0,0,0,0
470881,1,1,0,0,0,0,0,0,0,0,0,0
470881,2,1,0,0,0,0,0,0,0,0,0,0
470882,1,1,11,11,11,11,11,11,11,11,11,11
470883,1,1,0,0,0,0,0,0,0,16,0,24
470884,1,1,0,0,0,0,0,0,0,0,0,0
470884,2,1,0,0,0,0,0,0,0,0,0,0
470884,3,1,0,0,0,0,0,0,0,0,0,0
470884,4,1,0,0,0,0,0,0,0,0,0,0
470884,5,1,0,0,0,0,0,0,0,0,0,0
470884,6,1,0,0,0,0,0,0,0,0,38,0
470885,1,1,0,0,0,19,0,0,0,0,0,0
470886,1,1,0,0,0,0,0,0,0,0,0,0
470887,1,1,0,0,0,0,0,0,0,0,0,0
470887,2,1,0,0,0,0,0,0,0,0,0,0
470887,3,1,0,0,0,0,0,0,0,0,0,0
470887,4,1,0,0,0,0,0,0,10,0,0,0
470888,1,1,0,0,0,0,8,0,0,0,21,13
470888,2,1,0,20,0,16,24,0,0,25,0,9
470889,0,1,0,0,0,12,0,17,16,29,0,24
470889,0,2,0,0,12,0,0,0,0,0,0,10
470889,1,1,15,10,27,25,15,29,9,26,17,14
470889,2,1,0,8,0,0,0,0,0,0,6,0
480001,1,1,0,0,0,0,0,0,0,0,0,0
480001,2,1,0,0,0,0,0,0,0,0,19,0
480002,1,1,13,13,13,13,13,13,13,13,13,13
480002,2,1,0,0,0,0,0,0,0,0,0,0
480003,0,1,19,19,19,19,19,19,19,19,19,19
480003,1,1,0,14,11,9,0,20,0,0,10,0
480004,1,1,20,20,20,20,20,20,20,20,20,20
480005,0,1,11,11,11,11,11,11,11,11,11,11
480005,1,1,0,0,0,12,26,0,0,0,0,0
480005,2,1,2,22,0,0,0,7,0,0,17,0
480006,0,1,25,0,22,22,22,36,0,13,20,20
480006,1,1,14,13,16,0,17,0,0,13,16,0
480007,1,1,18,18,18,18,18,18,18,18,18,18
480007,2,1,0,0,0,10,0,0,0,3,0,14
480008,1,1,0,0,0,0,0,0,0,0,0,6
480009,1,1,0,0,0,0,0,0,0,0,0,0
480009,2,1,21,21,21,21,21,21,21,21,21,21
480009,3,1,0,0,0,0,0,0,0,0,0,0
480010,0,1,13,12,0,0,23,8,21,15,0,19
480010,1,1,0,0,0,0,0,0,0,0,0,0
480011,1,1,0,0,0,0,0,0,0,0,0,0
480011,2,1,24,24,24,24,24,24,24,24,24,24
480012,1,1,0,0,0,0,0,0,0,0,0,0
480013,1,1,16,0,0,0,0,0,0,19,0,5
480014,0,1,0,0,0,0,0,0,0,0,0,0
480014,1,1,0,14,0,0,0,0,0,26,19,14
480015,1,1,22,22,22,22,22,22,22,22,22,22
480016,1,1,0,0,0,5,0,0,0,0,0,0
480018,0,1,15,15,15,15,15,15,15,15,15,15
480018,1,1,0,0,0,0,0,0,0,0,0,0
480019,1,1,0,0,0,0,0,0,0,0,0,0
480019,2,1,0,0,0,0,0,0,14,0,0,0
480020,1,1,0,0,0,0,0,0,0,0,0,0
480020,2,1,0,0,0,0,0,0,0,0,0,0
480020,3,1,0,0,0,0,0,0,0,0,0,0
480021,1,1,0,0,0,0,0,0,0,0,0,0
480022,0,1,0,0,0,0,0,11,0,0,0,0
480022,1,1,0,0,0,18,0,15,0,0,19,0
480023,0,1,0,0,0,0,0,0,0,0,0,0
480023,1,1,0,21,0,0,0,0,0,0,33,0
480024,1,1,0,0,0,0,0,0,0,0,0,0
480024,2,1,0,0,0,0,0,0,0,0,0,0
480025,1,1,0,0,0,0,0,0,12,0,0,0
480025,2,1,14,0,0,0,0,16,0,0,0,0
480026,1,1,9,18,18,0,33,11,15,28,25,15
480027,1,1,12,0,28,14,15,13,10,13,14,19
480028,1,1,0,0,0,0,0,0,0,0,0,0
480029,1,1,0,0,0,0,0,0,22,28,0,0
480029,2,1,0,0,4,27,0,0,0,0,0,0
480029,3,1,0,0,0,18,0,0,0,0,0,0
480030,1,1,0,0,0,0,0,0,0,0,0,0
480030,2,1,11,11,11,11,11,11,11,11,11,11
480031,0,1,0,0,0,0,0,0,0,0,0,0
480031,1,1,0,0,0,0,0,0,0,0,0,0
480032,1,1,0,0,0,0,3,0,0,0,0,0
480032,2,1,0,0,0,0,0,0,0,0,0,0
480032,3,1,0,0,0,0,0,0,0,0,0,0
480033,1,1,0,0,0,0,0,0,0,0,0,0
480033,2,1,0,0,0,0,0,0,0,0,0,0
480034,0,1,0,0,0,0,0,0,0,0,0,0
480034,1,1,0,0,0,0,0,0,0,0,0,0
480035,1,1,23,23,23,23,23,23,23,23,23,23
480036,1,1,0,0,0,0,0,0,0,0,0,0
480037,1,1,0,0,0,0,0,0,0,0,0,0
480037,2,1,0,0,0,0,0,0,0,7,0,0
480038,0,1,0,0,0,0,0,0,10,0,0,19
480038,1,1,0,0,0,0,0,7,0,0,0,9
480039,0,1,20,20,20,20,20,20,20,20,20,20
480039,1,1,0,0,0,0,0,13,0,0,0,0
480040,1,1,0,0,28,0,0,0,0,0,0,0
480040,2,1,0,0,0,0,0,0,0,0,0,0
480041,1,1,0,0,0,0,0,15,4,0,0,0
480042,1,1,3,3,3,3,3,3,3,3,3,3
480042,2,1,0,0,0,0,0,0,0,0,10,0
480043,1,1,0,0,0,0,0,0,0,0,0,0
480043,2,1,0,4,0,0,0,0,9,0,9,0
480044,0,1,30,0,0,0,0,0,0,34,17,0
480044,1,1,0,0,0,0,0,0,0,0,0,0
480045,1,1,34,34,34,34,34,34,34,34,34,34
480045,2,1,0,32,0,0,0,15,0,0,0,0
480046,1,1,0,0,0,0,0,0,0,0,0,0
480046,2,1,0,0,0,0,0,0,0,0,0,0
480046,3,1,0,0,0,0,0,0,0,0,0,0
480047,1,1,0,0,0,8,4,0,0,0,0,10
480048,0,1,15,0,0,0,0,12,0,23,20,0
480048,1,1,22,0,0,0,13,0,0,0,0,0
480048,2,1,0,0,0,0,0,0,0,0,0,0
480049,1,1,0,24,0,0,0,0,0,0,0,0
480049,2,1,0,0,0,0,0,0,0,0,0,0
480050,1,1,0,0,0,0,0,0,0,0,0,0
480050,2,1,0,0,0,0,0,0,0,0,0,0
480051,1,1,14,26,0,0,12,19,0,15,0,0
480051,2,1,31,31,31,31,31,31,31,31,31,31
480052,1,1,30,30,30,30,30,30,30,30,30,30
480053,1,1,0,15,0,0,0,0,0,0,0,0
480055,1,1,19,15,0,0,14,0,0,0,0,0
480056,1,1,12,12,12,12,12,12,12,12,12,12
480057,0,1,0,0,0,0,0,0,0,0,0,0
480057,1,1,0,0,0,4,0,0,13,0,0,6
480058,1,1,19,0,0,20,0,0,0,0,0,0
480058,2,1,0,0,0,0,0,0,0,0,0,0
480059,0,1,0,12,0,20,0,0,0,0,0,0
480059,1,1,0,0,0,0,0,0,0,0,0,0
480060,1,1,0,0,0,0,0,0,0,0,0,0
480061,1,1,20,20,20,20,20,20,20,20,20,20
480062,1,1,0,0,0,0,0,0,0,0,0,0
480063,1,1,13,13,13,13,13,13,13,13,13,13
480064,1,1,0,0,0,0,0,0,0,0,0,0
480065,1,1,27,27,27,27,27,27,27,27,27,27
480066,0,1,0,0,0,0,0,0,0,0,0,0
480066,1,1,0,0,0,11,0,0,0,0,0,0
480067,1,1,6,6,6,6,6,6,6,6,6,6
480068,1,1,9,9,9,9,9,9,9,9,9,9
480069,1,1,29,29,29,29,29,29,29,29,29,29
480069,2,1,0,0,0,0,0,0,0,0,0,0
480069,3,1,0,0,0,15,0,0,18,0,6,0
480069,4,1,20,0,0,0,0,38,15,32,0,4
480070,1,1,0,0,0,0,0,15,0,0,0,0
480070,2,1,0,0,0,0,0,0,0,0,0,13
480071,1,1,0,0,0,0,23,0,0,0,0,0
480071,2,1,0,0,5,0,0,0,0,0,0,0
480072,0,1,9,9,9,9,9,9,9,9,9,9
480072,1,1,18,18,18,18,18,18,18,18,18,18
480073,0,1,14,30,23,13,5,0,5,26,0,9
480073,1,1,0,0,0,0,0,0,0,0,0,0
480074,1,1,10,0,14,21,28,0,12,17,21,23
480075,1,1,0,14,0,37,17,0,0,0,8,8
480075,2,1,0,0,0,0,0,0,0,0,0,0
480076,1,1,26,26,26,26,26,26,26,26,26,26
480077,0,1,18,18,18,18,18,18,18,18,18,18
480077,1,1,18,18,18,18,18,18,18,18,18,18
480078,0,1,0,0,0,0,0,0,0,0,0,0
480078,1,1,8,0,0,0,20,0,0,3,19,0
480079,1,1,0,0,0,0,0,0,0,0,0,0
480079,2,1,0,0,0,0,0,0,0,0,0,0
480080,1,1,0,0,0,0,0,0,0,0,0,0
480080,2,1,20,20,20,20,20,20,20,20,20,20
480081,0,1,35,24,0,36,0,0,34,0,45,36
480081,1,1,0,0,0,0,0,0,0,0,27,0
480082,1,1,0,0,0,0,0,0,0,0,0,0
480082,2,1,0,0,0,0,0,0,0,0,0,0
480083,1,1,0,0,0,0,0,0,0,0,0,0
480083,2,1,9,9,9,9,9,9,9,9,9,9
480084,1,1,0,0,0,0,0,0,0,0,0,0
480084,2,1,0,0,0,0,0,0,0,0,0,0
480084,3,1,0,0,0,0,0,0,0,0,0,0
480085,1,1,0,0,0,0,0,0,0,0,0,0
480085,2,1,0,0,0,0,0,0,0,0,0,0
480086,1,1,0,0,0,0,0,0,0,0,0,0
480086,2,1,0,0,0,0,0,0,0,0,0,0
480087,1,1,29,29,29,29,29,29,29,29,29,29
480088,1,1,0,0,0,0,0,0,0,0,0,0
480088,2,1,0,0,0,0,0,0,0,0,0,0
480088,3,1,0,0,0,0,0,0,0,0,0,0
480089,1,1,9,9,9,9,9,9,9,9,9,9
480089,2,1,20,20,20,20,20,20,20,20,20,20
480090,0,1,0,0,0,0,0,0,0,0,0,0
480090,1,1,0,0,0,36,0,15,0,0,0,0
480091,0,1,2,2,2,2,2,2,2,2,2,2
480091,1,1,0,0,0,0,0,0,0,0,0,0
480092,1,1,0,4,0,0,0,25,0,19,7,29
480092,2,1,0,0,0,0,0,0,34,8,0,0
480092,3,1,0,15,0,25,0,0,0,0,0,0
480093,1,1,9,9,9,9,9,9,9,9,9,9
480093,2,1,0,0,0,24,7,23,24,8,14,0
480094,1,1,23,23,23,23,23,23,23,23,23,23
480094,2,1,18,7,0,9,0,2,8,4,8,0
480094,3,1,12,0,0,0,0,0,0,0,0,0
480095,1,1,17,17,17,17,17,17,17,17,17,17
480095,2,1,0,0,0,0,0,0,0,0,0,0
480095,3,1,0,0,11,0,0,0,0,4,0,0
480096,1,1,0,19,0,0,14,0,0,0,0,0
480096,2,1,0,0,0,0,0,0,0,0,0,0
480097,1,1,12,12,12,12,12,12,12,12,12,12
480098,0,1,7,0,0,19,15,0,0,28,15,0
480098,1,1,0,0,0,10,0,0,0,9,7,10
480099,1,1,0,0,0,0,0,0,0,0,0,0
480099,2,1,0,0,0,10,0,0,0,0,0,0
480100,1,1,8,8,8,8,8,8,8,8,8,8
480101,1,1,0,0,0,0,0,0,0,0,0,0
480102,1,1,0,12,0,0,0,0,0,13,0,0
480102,2,1,0,0,0,0,0,0,0,0,0,0
480103,1,1,0,0,0,0,0,0,0,0,0,0
480104,1,1,0,17,0,0,24,0,0,0,0,14
480105,1,1,14,14,14,14,14,14,14,14,14,14
480106,1,1,21,21,21,21,21,21,21,21,21,21
480107,1,1,19,0,7,12,0,16,6,14,9,14
480108,1,1,0,0,0,0,13,0,0,0,0,0
480108,2,1,0,0,0,0,0,0,0,0,0,0
480109,1,1,0,0,6,0,0,0,0,3,0,6
480110,0,1,0,0,11,0,0,0,0,30,0,0
480110,1,1,14,0,0,0,0,0,0,4,0,0
480111,0,1,24,24,24,24,24,24,24,24,24,24
480111,1,1,0,0,13,8,0,0,0,0,9,0
480112,0,1,0,0,0,0,0,0,0,0,0,0
480112,1,1,0,0,0,0,0,0,0,0,0,0
480113,1,1,0,0,0,0,0,0,0,0,0,0
480114,1,1,11,8,13,27,13,19,19,9,15,7
480115,0,1,0,0,0,0,0,0,0,0,0,0
480115,1,1,0,14,0,0,0,0,0,0,0,0
480116,0,1,0,0,0,0,0,0,0,0,0,0
480116,1,1,0,0,0,0,0,0,0,0,0,0
480117,0,1,19,19,19,19,19,19,19,19,19,19
480117,1,1,23,0,0,36,9,10,0,0,24,0
480118,1,1,0,0,0,0,0,0,0,0,0,0
480118,2,1,0,0,0,0,0,0,0,0,0,0
480119,1,1,3,3,3,3,3,3,3,3,3,3
480119,2,1,0,0,0,0,0,0,7,0,0,18
480120,0,1,25,13,24,26,44,34,16,19,25,0
480120,1,1,0,0,0,0,15,0,0,0,0,0
480122,1,1,0,0,0,0,0,0,0,18,33,0
480122,2,1,0,19,0,0,0,0,0,0,0,0
480123,1,1,22,22,22,22,22,22,22,22,22,22
480124,1,1,0,0,0,0,0,0,0,0,0,0
480124,2,1,0,0,0,0,0,16,0,0,0,0
480125,1,1,0,0,0,0,0,0,0,0,0,0
480125,2,1,0,0,0,0,0,0,0,0,0,0
480126,1,1,0,0,0,0,0,0,0,0,0,0
480126,2,1,0,0,7,13,0,8,0,0,0,0
480126,3,1,0,0,0,0,0,0,0,0,0,0
480127,1,1,0,0,0,0,0,0,0,0,0,0
480127,2,1,0,0,0,0,0,0,0,0,0,0
480128,1,1,12,12,12,12,12,12,12,12,12,12
480129,1,1,0,0,12,0,0,22,0,0,0,0
480130,0,1,0,0,0,0,0,0,0,0,0,0
480130,1,1,0,0,0,0,0,0,0,0,0,0
480131,1,1,29,5,15,16,12,23,15,18,20,18
480132,1,1,0,18,0,0,17,0,0,30,0,0
480132,2,1,0,0,0,0,0,0,0,0,7,0
480133,1,1,0,0,0,0,0,0,0,0,0,0
480133,2,1,0,0,0,0,0,0,0,0,0,0
480134,1,1,0,0,0,0,0,0,0,0,0,0
480134,2,1,0,0,0,0,0,0,0,0,0,0
480135,0,1,0,0,0,0,0,0,0,0,0,0
480135,1,1,0,0,0,0,0,0,0,0,0,8
480136,0,1,0,0,0,0,0,0,0,0,0,0
480136,1,1,0,0,0,0,0,0,0,0,0,12
480137,1,1,0,0,0,0,0,0,0,0,0,0
480137,2,1,0,0,0,0,0,49,0,0,0,0
480138,1,1,0,14,0,0,0,0,0,0,20,0
480139,1,1,19,19,19,19,19,19,19,19,19,19
480140,1,1,28,0,0,0,0,0,0,0,0,0
480140,2,1,0,0,0,0,0,0,0,0,0,0
480141,1,1,0,0,0,0,0,0,0,0,0,0
480141,2,1,0,0,0,0,0,0,0,0,0,0
480142,1,1,18,18,18,18,18,18,18,18,18,18
480142,2,1,0,0,0,0,0,0,0,0,0,0
480143,0,1,34,34,34,34,34,34,34,34,34,34
480143,1,1,0,0,0,0,0,0,26,0,0,0
480144,1,1,27,27,27,27,27,27,27,27,27,27
480145,1,1,0,0,0,0,0,0,0,0,0,0
480145,2,1,0,0,0,0,0,0,0,0,0,0
480145,3,1,0,0,0,0,0,0,0,0,0,0
480146,1,1,0,33,0,0,0,0,0,17,0,0
480147,1,1,0,0,0,0,0,0,0,0,0,0
480148,1,1,0,0,0,0,0,0,0,0,0,0
480148,2,1,0,0,0,0,14,0,0,0,3,21
480149,1,1,22,15,15,15,10,6,0,0,0,0
480150,1,1,0,0,16,0,0,9,0,21,0,15
480151,1,1,0,0,0,0,0,0,0,0,0,0
480151,2,1,0,0,10,0,0,0,0,0,0,0
480151,3,1,0,0,0,0,0,0,0,0,0,0
480152,1,1,8,8,8,8,8,8,8,8,8,8
480152,2,1,0,24,17,0,21,24,0,9,0,29
480153,1,1,0,0,0,0,0,0,0,0,0,0
480154,1,1,0,0,0,0,0,21,0,0,0,0
480155,1,1,10,10,10,10,10,10,10,10,10,10
480155,2,1,12,21,9,13,20,0,6,43,18,0
480156,1,1,21,21,21,21,21,21,21,21,21,21
480157,1,1,0,0,0,0,0,0,0,0,17,0
480157,2,1,0,0,0,0,0,0,0,0,0,0
480158,1,1,0,0,0,0,0,0,0,0,0,0
480158,2,1,0,0,15,0,0,0,10,24,0,0
480159,1,1,17,17,17,17,17,17,17,17,17,17
480159,2,1,0,0,0,0,0,0,0,0,0,0
480160,1,1,0,0,0,12,11,0,0,0,0,0
480160,2,1,0,0,0,0,0,0,0,0,0,0
480161,1,1,22,22,22,22,22,22,22,22,22,22
480161,2,1,0,7,0,0,0,23,0,22,0,0
480162,1,1,24,24,24,24,24,24,24,24,24,24
480163,1,1,20,20,20,20,20,20,20,20,20,20
480164,0,1,27,27,27,27,27,27,27,27,27,27
480164,1,1,17,17,17,17,17,17,17,17,17,17
480165,1,1,18,18,18,18,18,18,18,18,18,18
480166,1,1,25,0,13,12,0,24,11,28,20,9
480167,0,1,24,24,24,24,24,24,24,24,24,24
480167,1,1,13,0,0,0,0,8,16,0,0,0
480168,1,1,22,22,22,22,22,22,22,22,22,22
480169,1,1,0,0,0,0,0,0,0,14,29,0
480169,2,1,0,0,0,0,0,0,0,0,0,0
480170,1,1,15,0,0,0,0,0,0,0,0,0
480172,0,1,0,19,37,0,0,0,0,19,0,0
480172,1,1,0,0,0,0,0,0,0,0,0,0
480173,1,1,0,0,0,0,0,0,0,0,0,0
480174,1,1,11,19,14,0,23,0,7,28,0,14
480175,1,1,0,0,0,0,0,0,0,0,0,0
480175,2,1,0,0,0,0,0,0,0,0,0,0
480176,1,1,0,0,0,0,0,0,0,0,0,0
480176,2,1,0,0,0,0,0,0,0,0,0,0
480177,1,1,0,0,0,0,0,0,0,0,0,0
480177,2,1,7,0,0,0,0,0,0,0,0,0
480178,1,1,0,0,0,0,0,18,12,0,18,0
480179,1,1,0,0,0,0,0,0,0,0,0,0
480180,1,1,0,0,0,0,0,0,0,0,0,0
480180,2,1,0,0,0,0,18,0,0,0,0,0
480180,3,1,0,0,0,0,0,0,0,0,0,0
480181,1,1,0,0,0,0,0,0,0,0,0,0
480182,1,1,13,14,13,21,11,18,17,0,12,16
480183,0,1,0,13,0,0,4,20,0,19,0,0
480183,1,1,0,0,9,0,0,0,0,28,0,13
480184,0,1,0,0,0,0,17,0,0,0,0,0
480184,0,2,20,18,39,29,0,0,0,0,0,25
480184,1,1,0,0,0,0,0,0,0,0,0,0
480184,2,1,0,0,0,0,0,0,0,0,0,0
480185,0,1,0,0,0,0,0,26,17,40,0,0
480185,1,1,0,0,0,0,0,0,0,0,0,0
480186,1,1,0,0,0,0,0,0,0,0,0,0
480186,2,1,0,0,0,0,0,10,0,0,0,0
480187,1,1,24,24,24,24,24,24,24,24,24,24
480188,1,1,0,0,0,0,0,0,0,0,0,0
480188,2,1,0,0,0,0,0,0,0,0,0,0
480189,1,1,14,14,14,14,14,14,14,14,14,14
480190,1,1,20,20,20,20,20,20,20,20,20,20
480191,1,1,0,0,0,0,0,0,0,0,0,0
480192,1,1,0,0,0,0,0,0,0,0,0,0
480192,2,1,17,17,17,17,17,17,17,17,17,17
480193,1,1,27,27,27,27,27,27,27,27,27,27
480194,0,1,0,0,0,0,0,0,0,0,0,0
480194,1,1,0,0,0,0,0,0,10,2,23,0
480194,2,1,0,0,0,0,0,0,0,0,0,0
480195,0,1,0,0,0,0,8,0,18,0,0,28
480195,1,1,0,0,0,0,0,0,0,0,0,0
480196,1,1,16,16,16,16,16,16,16,16,16,16
480197,1,1,0,0,0,0,0,0,0,0,0,0
480197,2,1,0,0,0,0,0,0,0,0,0,0
480198,1,1,0,0,0,0,0,0,0,0,0,0
480198,2,1,19,19,19,19,19,19,19,19,19,19
480199,1,1,18,18,18,18,18,18,18,18,18,18
480200,1,1,0,0,0,0,0,0,0,0,0,0
480201,0,1,15,15,15,15,15,15,15,15,15,15
480201,1,1,0,0,22,5,12,0,13,5,0,0
480201,2,1,0,0,0,4,0,0,19,0,3,0
480202,1,1,35,35,35,35,35,35,35,35,35,35
480202,2,1,0,0,13,9,0,0,21,0,21,10
480203,1,1,11,11,11,11,11,11,11,11,11,11
480204,1,1,20,28,10,12,23,31,23,0,17,20
480205,1,1,0,0,0,0,0,0,0,20,0,0
480206,1,1,13,13,13,13,13,13,13,13,13,13
480206,2,1,14,14,14,14,14,14,14,14,14,14
480207,0,1,0,0,0,0,0,0,0,0,0,0
480207,0,2,13,0,0,0,0,0,10,0,14,19
480207,1,1,26,9,4,0,12,23,8,22,7,19
480208,1,1,27,27,27,27,27,27,27,27,27,27
480208,2,1,6,6,6,6,6,6,6,6,6,6
480209,1,1,24,24,24,24,24,24,24,24,24,24
480209,2,1,0,3,0,0,0,0,0,3,0,19
480210,1,1,2,2,2,2,2,2,2,2,2,2
480212,1,1,22,22,22,22,22,22,22,22,22,22
480213,0,1,9,0,0,15,0,33,0,32,22,16
480213,1,1,0,25,17,8,0,0,24,0,16,0
480214,1,1,23,0,0,0,0,0,0,0,0,0
480214,2,1,0,0,0,0,0,0,0,0,0,0
480214,3,1,0,0,0,0,4,0,0,0,0,0
480215,1,1,23,17,0,0,16,10,17,6,11,0
480216,1,1,0,0,0,0,0,0,0,0,0,0
480217,1,1,0,0,0,0,0,0,0,0,0,0
480218,1,1,16,16,16,16,16,16,16,16,16,16
480219,1,1,0,0,0,0,0,0,11,0,9,0
480219,2,1,24,24,24,24,24,24,24,24,24,24
480220,1,1,24,0,0,0,0,0,0,3,0,0
480221,0,1,0,0,0,0,0,0,0,0,0,0
480221,1,1,0,0,0,0,0,0,0,0,0,0
480222,1,1,0,0,0,0,19,0,0,0,0,19
480222,2,1,0,0,0,0,0,0,0,0,0,0
480223,0,1,0,0,0,0,0,0,0,0,0,0
480223,1,1,0,0,0,0,0,0,14,20,0,0
480225,1,1,0,0,0,0,0,0,0,0,0,0
480225,2,1,0,0,0,0,0,0,0,0,0,0
480226,1,1,0,0,0,0,0,0,0,0,0,0
480226,2,1,0,0,0,0,0,0,0,0,0,0
480226,3,1,25,0,0,0,0,0,0,33,0,0
480227,1,1,0,0,0,30,0,0,0,0,0,0
480227,2,1,0,0,0,0,0,0,0,0,0,0
480228,1,1,0,0,0,0,0,0,0,17,0,0