ST_CASE,VEH_NO,PER_NO,P1,P2,P3,P4,P5,P6,P7,P8,P9,P10
482679,1,1,0,0,0,0,0,0,0,0,0,0
482679,2,1,0,0,0,0,10,0,0,5,0,0
482680,1,1,17,19,0,19,14,13,14,16,15,0
482681,1,1,18,0,0,0,0,0,0,0,0,0
482681,2,1,0,0,0,0,0,0,0,0,0,0
482682,0,1,21,9,23,0,16,0,35,7,0,6
482682,1,1,0,0,0,0,0,0,0,0,0,0
482683,1,1,0,0,0,0,0,0,0,0,0,0
482683,2,1,0,0,0,0,5,0,0,0,0,0
482684,0,1,0,0,0,0,0,0,0,0,0,0
482684,1,1,7,0,0,0,0,26,5,0,0,0
482685,1,1,0,0,0,0,0,0,0,0,0,3
482685,2,1,14,14,14,14,14,14,14,14,14,14
482686,1,1,0,0,18,8,0,0,0,0,0,0
482686,2,1,0,0,0,0,0,0,0,0,0,0
482687,1,1,0,0,0,0,0,0,0,0,0,0
482688,1,1,0,0,0,0,0,0,0,0,5,0
482689,1,1,0,0,0,0,0,0,0,0,0,0
482689,2,1,0,0,0,0,0,0,0,0,0,0
482690,1,1,14,14,14,14,14,14,14,14,14,14
482691,1,1,0,0,0,0,0,0,0,0,0,0
482692,0,1,0,0,8,12,0,0,0,0,12,0
482692,1,1,0,0,0,0,0,0,0,0,0,19
482693,1,1,23,0,18,4,0,0,0,0,0,18
482694,1,1,26,26,26,26,26,26,26,26,26,26
482694,2,1,0,0,0,0,0,0,0,0,0,0
482695,1,1,24,24,24,24,24,24,24,24,24,24
482696,1,1,0,17,6,0,0,0,7,0,0,8
482697,1,1,27,27,27,27,27,27,27,27,27,27
482698,0,1,13,0,12,17,0,0,0,30,0,0
482698,1,1,0,0,0,0,8,41,0,0,0,0
482699,0,1,0,0,7,0,0,0,0,0,0,0
482699,1,1,24,19,11,0,0,0,0,16,0,0
482700,0,1,0,0,0,0,0,0,0,0,0,0
482700,0,2,0,36,35,30,17,0,0,0,0,0
482700,1,1,0,0,0,0,0,0,0,0,0,0
482701,1,1,0,0,0,0,24,0,36,7,18,0
482702,1,1,0,0,0,0,0,0,0,0,0,0
482702,2,1,0,0,0,0,0,0,0,0,0,0
482703,1,1,22,22,22,22,22,22,22,22,22,22
482704,1,1,13,13,13,13,13,13,13,13,13,13
482705,1,1,19,19,19,19,19,19,19,19,19,19
482706,0,1,17,40,23,48,12,24,15,47,0,33
482706,1,1,0,0,0,0,0,0,0,0,0,0
482707,1,1,0,0,0,0,0,0,0,0,0,0
482708,1,1,0,0,0,0,0,0,0,0,0,0
482709,1,1,17,0,0,0,0,0,0,0,0,0
482710,1,1,0,0,0,0,25,0,15,0,29,12
482710,2,1,0,0,0,0,0,0,0,0,0,0
482711,1,1,23,23,23,23,23,23,23,23,23,23
482712,0,1,2,2,2,2,2,2,2,2,2,2
482712,1,1,0,0,0,0,0,0,0,0,0,0
482713,1,1,0,0,0,0,0,0,0,0,0,0
482714,1,1,18,0,0,0,0,0,0,15,0,0
482714,2,1,0,0,0,0,14,0,0,0,9,0
482714,3,1,0,0,0,0,0,0,0,0,0,0
482715,1,1,15,15,15,15,15,15,15,15,15,15
482716,1,1,16,28,13,30,14,0,10,21,26,36
482717,0,1,0,0,0,0,0,0,0,0,0,0
482717,1,1,0,0,0,0,0,0,0,37,0,0
482718,1,1,0,0,0,0,0,0,0,0,14,0
482718,2,1,0,0,0,0,0,0,0,4,0,0
482719,1,1,0,0,0,0,0,0,0,0,0,0
482721,1,2,0,0,12,0,12,18,0,12,0,0
482722,1,1,16,16,16,16,16,16,16,16,16,16
482722,2,1,0,0,0,0,0,0,0,0,0,0
482722,3,1,9,4,0,0,0,0,16,0,8,0
482724,1,1,0,0,8,0,0,0,0,0,0,0
482725,1,1,0,0,0,0,0,0,0,0,0,0
482726,0,1,35,35,35,35,35,35,35,35,35,35
482726,1,1,0,14,0,0,0,0,0,17,0,0
482727,0,1,22,19,0,9,21,21,28,26,0,0
482727,1,1,0,17,0,0,0,0,0,0,0,0
482728,0,1,0,8,0,0,0,7,0,0,0,0
482728,0,2,0,13,0,26,0,0,6,0,0,30
482728,2,1,0,0,0,0,0,0,0,0,0,0
482729,1,1,0,0,0,14,0,0,9,0,0,13
482729,2,1,0,0,0,0,0,0,0,0,0,0
482730,1,1,0,0,11,0,25,0,0,0,0,0
482731,0,1,0,0,0,0,0,0,0,0,0,0
482731,0,2,0,0,0,0,0,0,0,0,0,0
482731,1,1,0,0,0,0,0,0,0,0,0,0
482732,1,1,0,0,0,0,0,0,0,0,0,0
482732,2,1,0,0,0,0,0,0,0,0,14,0
482732,3,1,0,0,0,0,23,0,0,0,0,0
482732,4,1,0,0,0,0,0,0,0,0,0,0
482732,5,1,0,0,0,0,0,0,0,0,0,0
482733,1,1,9,9,9,9,9,9,9,9,9,9
482734,1,1,0,0,6,0,0,18,0,0,0,24
482735,1,1,21,21,21,21,21,21,21,21,21,21
482736,1,1,2,0,12,29,4,11,0,7,6,0
482737,1,1,0,0,0,0,0,0,0,0,0,0
482737,2,1,0,0,0,0,0,0,0,0,0,0
482738,1,1,8,3,30,6,14,8,16,25,9,7
482738,2,1,11,0,7,0,0,0,10,0,0,22
482739,0,1,0,0,0,0,22,10,0,0,0,0
482739,1,1,0,0,28,2,0,9,0,0,0,0
482740,1,1,36,36,36,36,36,36,36,36,36,36
482741,1,1,0,0,0,0,0,0,0,0,0,0
482741,2,1,0,0,0,0,0,0,0,0,0,0
482742,1,1,0,0,8,3,0,0,20,9,0,0
482743,1,1,15,10,18,37,7,24,19,20,11,5
482744,1,1,27,27,27,27,27,27,27,27,27,27
482745,1,1,0,0,0,0,0,4,0,0,0,14
482745,2,1,0,0,0,0,0,0,0,0,0,0
482746,1,1,0,0,0,0,0,18,0,0,0,0
482746,2,1,0,0,0,0,0,0,0,0,0,0
482747,0,1,26,26,26,26,26,26,26,26,26,26
482747,1,1,0,0,0,23,35,0,0,0,28,0
482748,1,1,0,0,0,0,15,0,0,0,0,0
482748,2,1,0,0,0,0,0,0,0,0,0,0
482749,1,1,0,0,0,0,0,0,0,0,0,0
482749,2,1,0,0,0,0,0,0,0,0,0,0
482749,3,1,0,0,0,0,0,0,13,0,0,28
482750,1,1,0,0,0,0,0,0,0,0,0,0
482750,2,1,2,0,0,0,0,0,0,0,0,0
482751,1,1,1,1,1,1,1,1,1,1,1,1
482751,2,1,0,0,0,0,14,0,0,0,0,0
482752,1,1,0,0,0,0,0,0,0,0,0,0
482752,2,1,0,0,0,0,0,0,0,0,0,0
482753,1,1,16,0,0,0,0,9,0,0,0,21
482753,2,1,0,0,0,0,0,0,1,0,0,0
482754,1,1,0,0,0,0,0,0,0,0,0,0
482754,2,1,0,0,0,0,0,0,0,0,0,0
482755,0,1,18,0,17,0,13,0,0,0,13,0
482755,1,1,0,0,0,0,0,0,0,0,0,0
482756,1,1,0,0,0,0,0,0,0,0,0,0
482758,0,1,0,14,0,0,0,0,0,0,0,0
482758,1,1,0,18,0,0,0,0,0,0,0,0
482759,1,1,0,0,0,24,0,0,14,0,0,24
482759,2,1,0,0,0,0,0,0,8,0,0,0
482760,0,1,27,0,0,0,20,0,0,0,0,0
482760,1,1,12,12,12,12,12,12,12,12,12,12
482761,1,1,0,0,0,0,0,0,0,0,0,0
482761,2,1,0,0,0,8,0,0,0,0,3,0
482762,1,1,0,0,0,0,0,0,0,0,0,0
482762,2,1,0,0,0,0,0,0,0,0,0,0
482763,1,1,0,0,0,0,0,0,0,0,0,0
482763,2,1,0,0,0,0,0,0,0,0,0,0
482764,1,1,18,24,2,21,12,16,10,11,21,9
482764,2,1,0,0,10,0,12,14,0,0,0,0
482765,0,1,20,23,20,34,26,17,17,0,24,15
482765,1,1,0,0,0,0,7,0,16,0,0,0
482766,1,1,12,17,0,20,0,0,0,0,0,10
482767,1,1,0,22,29,0,0,0,11,0,0,19
482768,0,1,21,21,21,21,21,21,21,21,21,21
482768,1,1,0,0,0,0,0,8,0,0,24,0
482769,1,1,0,0,0,13,0,0,0,18,0,8
482770,1,1,5,5,5,5,5,5,5,5,5,5
482771,0,1,0,0,11,0,0,0,21,18,0,33
482771,1,1,23,0,0,0,0,0,0,0,0,0
482772,1,1,0,0,0,0,0,0,0,0,0,0
482772,2,1,0,0,0,0,0,0,0,0,0,0
482772,3,1,0,0,12,0,0,0,0,0,0,0
482773,1,1,0,0,0,0,0,0,0,22,10,0
482774,1,1,6,23,0,0,21,9,19,10,21,17
482775,1,1,0,11,0,0,0,12,0,0,0,0
482775,2,1,0,0,0,0,0,0,0,0,0,0
482776,0,1,0,16,0,0,0,0,0,0,0,0
482776,1,1,15,11,25,0,16,0,11,30,31,16
482777,1,1,0,0,0,0,0,0,0,0,29,23
482777,2,1,0,0,0,0,0,0,0,0,0,0
482778,1,1,0,0,0,0,0,0,0,0,0,0
482778,2,1,0,0,0,0,0,0,0,0,0,0
482778,3,1,0,0,0,0,0,0,0,3,0,0
482778,4,1,13,0,0,0,0,0,0,0,0,0
482778,5,1,0,0,0,0,0,0,0,0,0,0
482779,1,1,8,22,6,19,0,24,12,29,15,0
482780,1,1,6,6,6,6,6,6,6,6,6,6
482781,0,1,12,0,17,0,0,8,0,0,0,18
482781,2,1,16,4,4,24,0,0,0,13,0,0
482782,0,1,1,1,1,1,1,1,1,1,1,1
482782,1,1,0,0,0,0,0,0,0,0,0,0
482783,1,1,33,33,33,33,33,33,33,33,33,33
482783,2,1,0,0,33,0,46,28,0,17,0,24
482784,1,1,0,0,0,0,0,0,0,0,0,0
482785,1,1,0,0,0,20,0,26,6,9,0,0
482786,1,1,0,0,0,0,0,0,0,0,0,0
482787,1,1,0,0,0,0,0,0,0,0,0,0
482787,2,1,0,0,0,0,0,0,0,0,0,0
482788,0,1,0,0,0,0,0,0,0,0,0,0
482788,1,1,0,0,0,0,0,0,0,0,0,0
482789,1,1,8,8,8,8,8,8,8,8,8,8
482789,2,1,0,0,0,0,0,0,0,0,0,0
482790,1,1,22,22,22,22,22,22,22,22,22,22
482790,2,1,0,0,0,0,0,0,0,0,0,0
482791,1,1,7,20,0,0,0,25,0,14,26,24
482792,0,1,0,0,0,0,0,0,0,0,0,0
482792,1,1,0,0,0,0,0,0,0,0,0,0
482793,1,1,0,27,0,13,0,0,0,18,23,0
482795,1,1,0,0,0,0,0,0,0,0,0,0
482796,1,1,19,19,19,19,19,19,19,19,19,19
482796,2,1,0,0,0,0,0,0,0,0,0,0
482797,1,1,0,0,0,0,0,0,0,0,0,0
482798,1,1,12,12,12,12,12,12,12,12,12,12
482799,1,1,0,0,0,0,0,0,0,0,0,0
482800,1,1,17,0,20,13,18,0,0,16,0,22
482801,1,1,0,0,0,0,0,9,30,19,0,0
482802,1,1,0,0,0,0,0,0,0,0,0,0
482802,2,1,0,0,0,0,0,0,0,0,20,0
482802,3,1,0,0,0,0,0,0,0,0,0,0
482803,1,1,12,12,12,12,12,12,12,12,12,12
482804,0,1,20,0,0,0,0,0,0,17,0,16
482804,0,2,13,3,0,0,0,0,0,0,0,12
482804,1,1,0,0,0,22,0,0,0,0,0,0
482805,1,1,0,0,0,0,0,0,6,0,0,0
482805,2,1,0,0,0,0,0,4,0,0,0,20
482806,1,1,15,15,15,15,15,15,15,15,15,15
482806,2,1,0,0,0,0,0,0,0,0,0,0
482807,1,1,17,17,17,17,17,17,17,17,17,17
482807,2,1,28,0,0,0,0,0,0,0,0,0
482808,1,1,12,12,12,12,12,12,12,12,12,12
482809,1,1,0,0,0,6,0,0,0,11,0,0
482810,1,1,0,0,0,0,0,0,0,0,0,0
482811,1,1,0,0,0,0,0,0,0,0,0,0
482811,2,1,0,0,0,0,0,0,0,0,0,0
482811,3,1,0,0,0,0,0,0,0,0,0,0
482811,4,1,0,0,0,0,0,0,0,0,0,0
482812,0,1,32,19,26,20,10,12,0,0,16,17
482812,1,1,17,0,0,0,0,0,0,0,0,0
482813,1,1,0,0,0,0,0,27,0,0,0,0
482813,2,1,0,0,0,0,0,0,0,0,6,0
482814,0,1,0,0,0,0,0,0,0,0,0,0
482814,1,1,0,0,0,0,0,0,0,0,0,0
482815,1,1,26,27,0,16,0,0,0,0,0,0
482815,2,1,0,0,0,0,3,0,0,0,0,0
482816,1,1,12,10,18,7,38,19,17,3,14,3
482817,1,1,18,21,25,22,18,33,6,13,21,19
482817,2,1,0,14,0,0,0,0,0,0,0,9
482818,1,1,16,16,16,16,16,16,16,16,16,16
482818,2,1,0,0,0,0,20,0,15,30,0,0
482818,3,1,10,16,15,0,0,0,0,0,0,0
482820,1,1,25,25,25,25,25,25,25,25,25,25
482821,1,1,0,0,0,0,0,0,0,0,0,0
482822,0,1,0,0,0,0,0,0,0,0,0,0
482822,1,1,0,0,0,0,27,0,0,4,0,0
482823,1,1,0,0,0,0,0,0,0,0,0,0
482823,2,1,0,20,0,11,0,0,0,0,0,0
482824,1,1,0,0,0,0,0,0,0,0,22,0
482825,0,1,0,0,0,0,0,26,0,0,0,8
482825,1,1,0,0,0,0,0,0,0,18,0,0
482826,1,1,37,0,0,0,0,0,16,0,0,0
482827,1,1,0,7,0,0,0,0,0,0,0,0
482828,1,1,32,32,32,32,32,32,32,32,32,32
482829,1,1,12,0,11,20,0,0,0,0,0,0
482830,1,1,30,0,0,0,20,0,9,22,0,0
482830,2,1,0,30,0,0,0,0,0,0,12,16
482831,1,1,19,27,27,13,0,13,0,39,7,0
482832,1,1,0,0,0,0,15,0,0,0,0,0
482832,2,1,0,0,0,0,0,6,0,0,0,13
482832,3,1,0,0,0,0,0,0,0,0,0,0
482832,4,1,0,0,0,0,0,0,0,0,0,0
482833,0,1,11,0,0,0,0,0,0,0,30,22
482833,0,2,0,0,0,0,0,0,0,0,0,0
482833,1,1,0,0,0,0,0,0,0,0,0,0
482834,1,1,0,0,0,0,0,0,0,0,0,0
482834,2,1,0,0,0,0,0,0,0,0,0,0
482835,0,1,18,0,0,29,0,0,14,0,0,30
482835,0,2,0,0,0,0,0,0,0,0,0,0
482835,1,1,0,0,0,0,0,0,0,0,0,0
482836,1,1,0,0,0,0,0,0,0,0,0,0
482836,2,1,0,0,0,0,0,0,0,0,0,0
482837,1,1,18,18,18,18,18,18,18,18,18,18
482837,2,1,0,0,0,0,0,0,0,0,0,0
482838,0,1,0,0,0,0,0,0,0,0,0,0
482838,1,1,0,0,0,0,0,0,0,0,0,0
482839,0,1,0,0,33,23,0,0,26,0,0,0
482839,1,1,0,0,28,0,26,0,0,0,0,0
482840,1,1,0,0,0,0,0,0,12,0,0,0
482840,2,1,15,30,22,9,31,10,8,29,11,11
482840,3,1,22,12,22,18,18,19,13,35,12,3
482841,0,1,0,0,0,0,0,0,0,0,0,0
482841,0,2,0,0,0,0,0,0,0,5,0,0
482841,1,1,0,0,0,0,0,12,0,0,0,0
482842,1,1,7,7,7,7,7,7,7,7,7,7
482842,2,1,0,0,0,0,0,0,0,0,0,0
482843,1,1,19,19,19,19,19,19,19,19,19,19
482844,1,1,22,0,30,8,18,42,19,4,16,9
482845,1,1,0,0,0,0,0,0,0,0,0,0
482845,2,1,0,0,0,7,0,0,0,0,0,0
482846,1,1,0,19,0,0,10,19,20,9,15,31
482847,1,1,0,40,17,11,24,14,14,0,25,5
482848,0,1,0,0,0,0,0,22,0,0,0,0
482848,1,1,0,0,0,0,0,0,0,0,0,0
482849,1,1,0,30,0,0,20,19,36,0,20,0
482849,2,1,0,0,8,0,0,0,0,0,16,0
482850,1,1,0,0,15,0,15,12,17,22,14,14
482851,1,1,9,0,19,31,20,16,18,0,0,0
482852,0,1,0,0,24,0,0,0,21,0,13,0
482852,1,1,17,14,10,13,0,0,12,21,0,0
482853,1,1,11,11,11,11,11,11,11,11,11,11
482854,1,1,0,0,0,0,0,0,0,0,0,0
482855,0,1,14,14,14,14,14,14,14,14,14,14
482855,1,1,0,11,22,0,23,0,13,0,31,0
482856,1,1,0,0,0,13,21,14,0,4,11,11
482856,2,1,0,0,0,0,0,0,0,0,0,0
482857,1,1,26,0,0,12,11,21,0,0,22,0
482857,2,1,0,0,0,0,0,0,0,0,0,0
482858,1,1,0,0,0,0,0,0,0,3,8,17
482859,1,1,17,25,5,6,0,0,13,12,0,21
482860,1,1,0,0,0,0,14,0,0,0,0,0
482860,2,1,0,0,0,0,0,0,12,0,0,0
482861,1,1,0,0,0,0,9,0,14,0,0,0
482861,2,1,0,0,0,12,0,8,0,0,6,0
482862,1,1,3,3,3,3,3,3,3,3,3,3
482862,2,1,0,0,0,0,0,0,0,0,24,0
482862,3,1,0,0,3,0,0,0,0,0,0,0
482863,1,1,0,0,13,0,0,0,0,0,0,0
482864,1,1,0,0,0,13,17,5,24,13,24,10
482865,1,1,18,0,0,0,0,0,0,0,0,0
482866,1,1,13,0,0,0,13,0,0,0,0,0
482866,2,1,13,2,0,0,15,5,0,0,0,0
482867,1,1,27,27,27,27,27,27,27,27,27,27
482868,1,1,0,0,0,15,0,0,0,0,0,0
482868,2,1,0,0,6,0,0,0,0,0,0,0
482868,3,1,0,0,0,0,0,0,0,0,0,0
482869,1,1,0,7,0,0,0,21,0,23,7,0
482870,1,1,12,12,12,12,12,12,12,12,12,12
482871,1,1,0,0,0,0,0,0,0,0,0,0
490001,1,1,0,0,0,0,0,0,0,0,0,0
490001,2,1,0,0,0,0,0,0,0,0,0,0
490002,1,1,16,0,0,0,18,0,0,12,0,0
490003,1,1,0,0,0,0,0,0,0,0,0,0
490003,2,1,0,0,0,0,0,0,0,0,0,0
490004,1,1,0,0,0,0,0,0,0,0,0,0
490004,2,1,0,0,0,0,0,0,0,0,0,0
490005,1,1,0,0,0,0,0,0,0,0,0,0
490005,2,1,0,0,0,0,0,0,0,0,0,0
490006,1,1,0,0,0,20,0,7,0,0,8,0
490007,1,1,0,0,0,0,0,0,0,0,0,0
490008,1,1,25,25,25,25,25,25,25,25,25,25
490009,1,1,6,6,6,6,6,6,6,6,6,6
490010,0,1,0,0,0,26,8,21,19,0,0,0
490010,1,1,0,0,0,0,0,0,0,0,0,0
490011,1,1,27,0,18,28,11,9,12,38,3,2
490012,1,1,0,0,0,0,0,0,0,0,0,0
490012,2,1,0,0,0,0,0,0,0,0,0,0
490013,0,1,0,0,0,0,0,0,0,0,0,0
490013,1,1,0,0,0,0,0,0,0,0,0,0
490014,1,1,8,0,0,0,0,0,0,0,0,0
490015,0,1,0,0,0,0,0,0,0,0,12,0
490015,1,1,0,0,0,0,0,0,0,0,0,0
490016,1,1,0,0,0,0,0,0,0,0,0,0
490017,1,1,0,0,0,0,0,0,0,0,0,0
490017,2,1,0,0,0,0,20,0,0,0,0,0
490018,1,1,0,0,0,0,0,0,0,0,0,0
490018,2,1,0,0,0,0,0,0,0,0,0,0
490019,1,1,0,0,0,0,0,0,0,0,0,0
490020,1,1,0,0,0,0,0,0,0,0,0,0
490021,1,1,0,0,0,0,0,0,0,0,0,0
490021,2,1,0,0,25,0,0,0,0,0,0,0
490022,1,1,0,0,0,0,0,0,0,0,0,0
490023,1,1,18,18,18,18,18,18,18,18,18,18
490023,2,1,0,0,0,0,0,0,0,0,0,0
490023,3,1,0,0,0,0,0,0,0,0,0,0
490024,1,1,0,0,0,0,0,0,0,0,0,0
490025,1,1,0,0,0,0,0,0,0,0,0,0
490025,2,1,0,0,0,0,0,0,0,0,0,0
490025,3,1,0,0,0,0,0,0,0,0,0,0
490025,4,1,0,0,0,0,0,0,0,0,0,0
490026,1,1,0,0,0,0,0,0,0,0,0,0
490027,1,1,0,0,0,0,0,0,0,0,0,0
490028,1,1,0,0,0,0,0,0,0,0,9,0
490028,2,1,0,0,0,0,0,0,0,0,0,0
490029,1,1,13,13,13,13,13,13,13,13,13,13
490030,0,1,0,18,0,0,19,4,0,0,0,0
490030,1,1,0,0,0,0,0,0,0,0,0,0
490031,1,1,0,0,0,0,0,0,0,0,0,0
490032,1,1,11,11,11,11,11,11,11,11,11,11
490033,1,1,11,11,11,11,11,11,11,11,11,11
490034,1,1,0,0,0,0,0,0,0,0,0,0
490035,1,1,0,0,0,0,0,0,0,0,0,0
490036,1,1,18,18,18,18,18,18,18,18,18,18
490037,1,1,23,23,23,23,23,23,23,23,23,23
490038,1,1,0,0,0,0,0,0,0,0,0,0
490039,1,1,0,0,0,0,0,0,0,0,0,0
490040,1,1,0,0,0,0,0,0,0,0,0,0
490041,1,1,14,0,8,26,28,12,13,18,7,4
490042,0,1,0,0,0,0,0,0,0,0,0,0
490042,1,1,0,0,0,0,0,0,0,0,0,0
490043,1,1,0,0,0,0,0,0,0,0,0,0
490043,2,1,0,0,0,0,0,0,0,0,0,0
490044,1,1,0,0,0,0,0,0,0,0,0,19
490044,2,1,0,0,0,0,0,0,0,0,0,0
490045,1,1,0,0,0,0,0,0,0,0,0,0
490045,2,1,0,0,0,0,0,0,0,0,0,0
490046,1,1,0,0,0,0,0,0,0,0,0,0
490047,1,1,0,0,0,0,0,0,0,0,0,0
490048,1,1,0,0,0,0,0,0,0,0,0,0
490049,1,1,0,0,0,0,0,0,0,0,0,0
490049,2,1,0,0,0,0,0,0,0,0,0,24
490050,1,1,13,13,13,13,13,13,13,13,13,13
490050,2,1,0,0,0,0,0,0,0,0,0,0
490051,1,1,2,2,2,2,2,2,2,2,2,2
490051,2,1,0,0,0,0,0,0,0,0,0,0
490052,1,1,0,0,0,0,0,0,0,0,0,0
490052,2,1,0,0,0,0,0,0,0,0,0,0
490053,1,1,0,0,0,0,0,0,0,0,0,0
490053,2,1,0,0,0,0,0,0,0,0,0,0
490054,1,1,0,0,0,0,0,0,0,0,0,0
490055,1,1,0,0,0,0,0,0,0,0,0,0
490056,1,1,11,11,11,11,11,11,11,11,11,11
490057,0,1,0,0,0,0,0,0,0,0,0,22
490057,0,2,0,0,0,0,0,0,0,0,0,0
490057,1,1,0,0,0,0,0,0,0,0,14,0
490058,1,1,0,0,0,0,0,0,0,0,0,0
490058,2,1,0,0,0,0,0,0,0,0,0,0
490059,0,1,0,0,0,0,0,0,0,0,0,0
490059,1,1,0,0,0,0,0,0,0,0,0,0
490060,1,1,0,0,12,10,0,5,6,0,0,14
490061,1,1,0,0,0,0,0,13,0,0,0,0
490062,1,1,0,0,0,0,0,0,0,0,0,0
490063,1,1,16,0,0,0,11,0,0,0,17,0
490064,1,1,11,11,11,11,11,11,11,11,11,11
490065,1,1,0,0,0,0,0,0,0,0,0,22
490065,2,1,0,0,0,0,0,0,0,0,0,0
490065,3,1,0,0,0,0,0,0,0,0,0,0
490066,1,1,0,0,0,0,0,0,0,0,0,0
490066,2,1,20,0,0,0,0,0,18,0,0,0
490067,1,1,0,0,0,0,0,0,0,0,0,0
490067,2,1,0,0,0,0,0,0,0,0,0,0
490068,0,1,0,0,0,0,0,0,0,0,0,0
490068,1,1,0,0,0,0,0,0,0,0,0,0
490069,1,1,0,0,0,0,0,0,0,0,0,0
490070,1,1,0,0,0,0,2,0,0,0,0,0
490071,1,1,0,0,0,0,0,0,0,0,0,0
490072,1,1,0,0,0,0,0,0,0,0,0,6
490073,1,1,11,11,11,11,11,11,11,11,11,11
490074,1,1,26,26,26,26,26,26,26,26,26,26
490075,1,1,16,32,42,31,23,3,0,0,0,35
490076,1,1,0,0,0,0,0,0,0,0,0,0
490076,2,1,0,0,0,0,0,0,0,0,23,11
490077,1,1,0,0,0,0,0,0,0,0,0,0
490078,1,1,0,0,0,0,0,0,0,0,0,0
490078,2,1,0,0,0,0,0,0,0,0,0,0
490078,3,1,0,0,0,0,0,0,0,0,0,0
490079,1,1,0,0,0,0,0,0,0,0,0,0
490080,0,1,0,0,0,0,0,0,0,0,0,0
490080,1,1,0,0,0,0,0,0,0,0,0,0
490081,1,1,12,12,12,12,12,12,12,12,12,12
490081,2,1,0,0,0,0,15,0,0,0,0,0
490082,1,1,0,0,0,0,0,0,0,0,0,0
490082,2,1,0,0,0,0,0,0,0,0,0,0
490083,1,1,0,0,0,0,0,0,0,0,0,0
490083,2,1,0,0,0,0,0,0,0,0,0,0
490084,1,1,0,0,0,0,0,0,0,0,0,0
490084,2,1,0,0,0,0,0,0,0,0,0,0
490085,1,1,0,0,0,0,0,0,0,0,0,0
490085,2,1,0,0,0,0,0,0,0,0,0,0
490086,1,1,0,0,0,0,0,0,0,0,0,0
490087,1,1,0,0,0,0,0,0,0,0,0,0
490088,1,1,16,16,16,16,16,16,16,16,16,16
490089,1,1,0,29,22,9,23,0,5,19,10,10
490090,1,1,0,0,0,0,0,0,0,0,0,0
490091,1,1,26,0,0,29,0,0,0,0,0,23
490092,1,1,0,0,6,0,0,0,0,0,0,0
490093,1,1,0,0,0,0,0,0,0,0,0,0
490094,1,1,0,0,0,0,0,0,0,0,0,0
490095,1,1,0,40,0,12,0,12,7,14,0,0
490096,1,1,7,7,7,7,7,7,7,7,7,7
490097,1,1,0,0,0,0,9,0,0,0,0,0
490098,1,1,0,0,0,0,0,0,0,0,0,0
490099,1,1,0,15,16,6,0,0,0,19,0,18
490100,1,1,0,0,0,0,0,0,0,0,0,0
490100,2,1,0,0,0,0,0,0,0,0,0,0
490100,3,1,0,0,0,0,0,0,0,0,0,0
490100,4,1,0,0,0,0,0,0,0,0,0,0
490100,5,1,0,0,0,0,0,0,0,0,0,0
490101,1,1,0,0,0,0,0,0,0,0,0,0
490101,2,1,0,0,0,0,0,0,0,0,0,0
490101,3,1,0,11,0,0,0,0,0,0,0,0
490102,1,1,11,11,11,11,11,11,11,11,11,11
490102,2,1,0,0,0,0,0,0,0,0,0,0
490102,3,1,0,0,0,0,9,0,0,0,0,0
490102,4,1,0,0,0,0,0,0,0,0,0,0
490102,5,1,0,0,0,0,0,0,0,0,0,0
490103,1,1,29,29,29,29,29,29,29,29,29,29
490103,2,1,0,0,0,0,0,0,0,0,0,0
490103,3,1,0,0,0,0,0,0,0,0,0,0
490103,4,1,0,0,0,0,0,0,0,0,0,0
490103,5,1,0,0,0,23,0,0,0,0,0,0
490104,1,1,14,15,12,7,17,22,6,25,8,17
490105,1,1,0,0,0,0,0,0,0,0,0,0
490105,2,1,0,0,0,0,3,0,0,0,0,0
490105,3,1,0,0,0,0,5,0,0,0,0,0
490106,1,1,0,0,0,11,0,0,0,0,0,0
490106,2,1,0,0,0,0,0,0,0,0,0,0
490106,3,1,0,0,0,0,0,0,0,0,0,0
490106,4,1,0,0,0,0,0,0,0,0,0,0
490107,1,1,21,21,21,21,21,21,21,21,21,21
490108,1,1,0,0,0,0,0,0,0,0,0,0
490109,1,1,0,0,0,0,0,0,0,0,0,0
490110,1,1,0,0,0,0,0,0,0,0,0,0
490111,1,1,0,0,0,0,0,0,0,0,0,0
490112,0,1,0,0,0,0,0,0,0,0,0,0
490112,1,1,1,1,1,1,1,1,1,1,1,1
490113,1,1,17,17,17,17,17,17,17,17,17,17
490114,1,1,0,0,0,0,0,0,0,0,0,0
490115,1,1,0,0,0,0,0,0,0,0,0,0
490116,1,1,13,13,13,13,13,13,13,13,13,13
490117,1,1,24,0,0,0,0,0,0,0,0,0
490118,1,1,0,0,0,0,0,0,0,0,0,0
490119,1,1,0,0,0,0,8,0,19,0,0,0
490120,1,1,0,0,0,0,0,0,0,15,0,11
490121,1,1,22,22,22,22,22,22,22,22,22,22
490122,1,1,0,0,0,0,0,0,0,0,0,0
490122,2,1,26,0,0,0,0,0,0,0,0,0
490123,1,1,0,0,0,0,0,0,0,0,0,0
490123,2,1,0,0,0,0,0,0,0,0,16,0
490124,1,1,0,0,0,0,0,0,0,0,0,0