ST_CASE,VEH_NO,PER_NO,P1,P2,P3,P4,P5,P6,P7,P8,P9,P10
490124,2,1,0,0,0,0,22,0,0,0,0,0
490125,0,1,0,0,0,0,0,0,0,0,0,0
490125,1,1,0,0,0,0,0,0,0,0,0,0
490126,1,1,19,19,19,19,19,19,19,19,19,19
490127,1,1,0,0,0,0,0,0,0,0,0,0
490127,2,1,0,0,0,0,0,0,0,0,0,0
490128,0,1,7,0,0,0,0,22,5,0,0,10
490128,1,1,13,13,13,13,13,13,13,13,13,13
490129,0,1,0,0,0,0,0,0,0,0,0,0
490129,1,1,0,0,0,0,0,0,0,0,0,0
490130,1,1,11,0,8,18,10,0,15,0,0,0
490131,1,1,0,0,0,0,0,0,0,0,0,0
490132,1,1,17,17,17,17,17,17,17,17,17,17
490133,1,1,0,0,0,0,0,0,0,0,0,0
490134,1,1,21,39,30,11,35,13,0,0,20,0
490135,0,1,16,16,16,16,16,16,16,16,16,16
490135,1,1,0,0,0,26,0,0,13,0,0,0
490136,0,1,0,23,0,0,7,20,0,0,25,17
490136,1,1,8,0,0,0,0,19,0,0,17,0
490137,1,1,0,0,0,0,0,0,0,0,0,0
490138,1,1,0,0,0,0,0,0,0,0,0,0
490138,2,1,0,0,0,0,0,0,0,0,0,0
490139,1,1,0,0,0,0,0,0,0,0,0,0
490139,2,1,0,0,0,0,0,0,0,0,0,0
490140,1,1,0,0,24,0,15,0,0,0,0,16
490140,2,1,0,0,0,0,0,0,0,0,0,0
490141,1,1,0,0,0,0,0,0,0,0,0,0
490142,0,1,31,8,0,0,19,0,0,0,5,0
490142,0,2,23,48,0,12,0,0,0,0,0,0
490142,1,1,0,0,0,0,0,0,0,0,0,0
490143,1,1,0,0,0,0,0,0,0,0,0,0
490143,2,1,0,0,0,0,0,0,0,8,0,0
490144,1,1,0,0,0,0,0,0,0,0,0,0
490144,2,1,0,0,0,0,0,0,0,0,0,0
490145,1,1,0,0,5,0,0,0,0,0,0,0
490145,2,1,0,0,0,0,0,0,0,0,0,0
490146,1,1,0,0,0,0,0,0,0,0,0,0
490146,2,1,0,0,0,0,0,0,0,0,0,0
490147,1,1,0,0,0,0,0,0,0,0,0,0
490147,2,1,0,0,0,0,0,0,0,0,0,0
490147,3,1,0,0,0,0,0,0,0,0,0,0
490148,1,1,0,0,0,0,0,0,0,0,0,0
490148,2,1,0,0,0,0,0,0,0,0,0,0
490148,3,1,0,0,0,0,0,0,0,0,0,0
490148,4,1,0,0,0,0,0,0,0,0,0,0
490149,1,1,0,0,0,0,0,0,0,0,0,0
490149,2,1,0,0,0,0,0,0,0,0,0,0
490149,3,1,0,0,0,0,0,0,0,0,0,0
490150,1,1,17,17,17,17,17,17,17,17,17,17
490151,1,1,0,0,0,0,0,0,0,0,0,0
490152,0,1,0,0,0,0,0,0,0,0,0,0
490152,1,1,0,0,0,0,0,0,0,0,0,0
490153,1,1,24,24,24,24,24,24,24,24,24,24
490153,2,1,0,0,0,0,0,0,0,0,0,0
490154,0,1,0,0,0,23,0,25,0,3,0,0
490154,0,2,0,0,0,0,0,0,0,8,0,19
490154,1,1,0,0,0,0,0,0,0,0,0,0
490155,1,1,0,29,0,0,0,0,0,0,0,0
490155,2,1,0,0,0,0,0,0,0,0,0,0
490155,3,1,0,0,0,0,0,0,0,0,0,0
490156,1,1,0,0,0,0,0,0,0,0,0,0
490156,2,1,0,0,0,0,25,0,11,0,5,0
490157,1,1,0,0,0,0,0,0,0,0,0,0
490157,2,1,0,0,0,0,0,0,0,0,0,0
490157,3,1,0,0,0,0,0,0,0,0,0,0
490158,1,1,0,0,0,0,0,0,0,0,0,0
490158,2,1,0,0,0,0,0,0,0,0,0,0
490159,1,1,21,21,21,21,21,21,21,21,21,21
490160,1,1,0,0,0,0,0,0,0,0,0,0
490160,2,1,0,10,0,0,0,0,0,0,0,0
490161,1,1,0,0,0,0,0,0,0,0,0,0
490161,2,1,0,0,0,23,0,0,0,0,0,0
490162,1,1,0,0,0,0,0,0,0,0,0,0
490163,1,1,0,0,0,0,0,0,0,0,0,0
490163,2,1,0,0,0,0,0,0,0,0,0,0
490164,1,1,0,0,0,0,0,0,0,0,0,0
490164,2,1,0,0,0,0,0,0,0,0,0,0
490164,3,1,0,0,0,0,0,0,0,0,0,0
490165,1,1,0,0,0,0,0,0,0,0,0,0
490165,2,1,0,0,0,0,0,0,0,0,0,0
490166,0,1,15,15,15,15,15,15,15,15,15,15
490166,1,1,0,0,0,0,0,0,0,0,0,0
490167,1,1,17,0,0,0,39,20,0,15,19,10
490168,1,1,0,0,0,0,0,0,0,0,0,0
490168,2,1,0,0,0,0,0,0,0,0,0,0
490168,3,1,0,0,0,0,0,0,0,0,0,0
490169,1,1,0,0,0,0,0,0,0,0,0,0
490170,1,1,0,0,0,0,0,0,0,0,0,0
490170,2,1,0,0,0,0,0,0,0,0,0,0
490170,3,1,0,0,0,0,8,0,0,32,0,0
490170,4,1,0,0,0,0,0,2,0,0,0,0
490171,0,1,0,0,0,0,0,0,0,0,0,0
490171,1,1,0,0,0,0,0,0,0,0,0,0
490172,0,1,0,0,0,0,0,0,0,0,22,0
490172,1,1,7,0,0,0,0,0,0,0,0,0
490173,1,1,0,0,0,0,0,0,0,0,0,0
490174,1,1,0,0,0,0,0,0,0,0,0,0
490174,2,1,0,0,0,0,0,0,0,0,0,0
490175,0,1,0,0,0,0,0,0,0,0,0,0
490175,1,1,0,0,0,0,0,0,0,0,0,0
490176,1,1,14,14,14,14,14,14,14,14,14,14
490177,1,1,18,18,18,18,18,18,18,18,18,18
490177,2,1,0,0,0,0,0,0,0,0,0,0
490177,3,1,0,0,0,0,0,0,0,0,0,0
490178,0,1,0,0,0,11,0,15,0,0,10,0
490178,1,1,0,0,0,0,0,0,0,0,0,0
490179,1,1,27,27,27,27,27,27,27,27,27,27
490180,0,1,0,0,0,0,0,0,0,0,0,0
490180,1,1,0,0,0,0,0,0,0,0,0,0
490181,0,1,19,0,25,0,0,18,0,0,0,0
490181,1,1,0,0,0,0,0,0,0,0,0,0
490182,0,1,0,0,26,0,0,0,0,28,8,0
490182,0,2,0,0,0,0,0,0,0,0,0,0
490182,1,1,0,0,0,0,0,0,0,0,0,0
490183,0,1,0,0,0,0,0,0,21,0,0,0
490183,1,1,0,0,0,0,0,0,0,0,0,0
490184,1,1,0,0,0,0,0,0,0,0,0,0
490185,0,1,3,30,15,36,21,0,0,7,24,0
490185,1,1,0,0,0,0,20,0,0,0,0,0
490186,1,1,0,0,0,0,0,0,5,0,0,0
490187,1,1,0,0,0,0,0,0,0,0,0,0
490188,1,1,0,0,0,0,0,0,0,0,0,0
490189,1,1,4,11,20,26,22,31,14,8,30,42
490190,1,1,0,0,0,0,0,0,0,0,0,0
490190,2,1,0,0,0,0,0,0,0,0,0,0
490191,1,1,0,0,0,0,0,0,0,0,0,0
490191,2,1,0,0,0,0,0,0,0,0,0,0
490192,1,1,0,0,0,0,0,0,0,0,0,0
490192,2,1,0,0,0,0,0,0,0,0,0,0
490193,1,1,0,0,0,0,0,0,0,0,0,0
490193,2,1,0,0,0,0,0,0,0,0,0,0
490194,1,1,14,0,0,0,0,20,0,0,0,0
490195,0,1,0,0,11,0,0,0,0,0,0,14
490195,1,1,0,0,0,0,0,0,0,0,0,0
490195,2,1,0,0,0,0,0,0,0,0,0,0
490196,1,1,0,0,0,0,0,0,0,0,0,0
490197,1,1,0,0,0,0,18,0,17,0,0,0
490198,1,1,0,0,0,0,0,0,0,0,0,0
490199,1,1,0,0,0,0,0,0,0,0,0,0
490200,0,1,0,0,0,0,0,0,0,0,0,0
490200,1,1,0,0,0,0,0,0,0,0,0,0
490200,2,1,0,0,0,0,0,0,0,0,0,0
490200,3,1,0,0,0,0,0,0,0,0,0,0
490200,4,1,0,0,0,0,0,0,0,0,0,0
490201,0,1,0,0,0,0,0,9,22,0,23,0
490201,1,1,0,0,0,0,0,0,0,0,0,0
490202,1,1,7,7,7,7,7,7,7,7,7,7
490203,0,1,35,17,13,36,29,0,0,0,0,0
490203,1,1,0,0,0,0,0,0,0,0,0,0
490203,2,1,0,0,0,0,0,0,0,0,0,0
490204,0,1,22,12,0,0,23,20,0,0,16,20
490204,1,1,0,0,0,0,17,0,9,5,0,10
490205,0,1,0,0,0,0,0,0,0,0,0,0
490205,1,1,0,0,0,0,0,0,0,0,0,0
490206,1,1,0,0,0,0,0,0,0,0,0,0
490207,1,1,0,0,0,0,0,0,0,0,0,0
490208,1,1,0,0,0,0,0,0,0,0,0,0
490209,0,1,0,0,0,0,20,0,0,0,0,0
490209,1,1,0,0,0,0,0,0,0,0,0,0
490209,2,1,0,0,0,0,0,0,0,0,0,0
490210,1,1,23,23,23,23,23,23,23,23,23,23
490210,2,1,0,0,0,0,0,0,0,6,0,0
490210,3,1,0,0,0,0,0,0,14,0,0,0
490210,4,1,0,0,12,0,0,0,0,0,19,0
490211,1,1,0,0,0,0,0,0,0,0,0,0
490211,2,1,0,0,0,0,0,0,0,0,0,0
490211,3,1,0,0,0,0,0,0,0,0,0,0
490211,4,1,0,0,0,0,0,0,0,0,0,0
490212,1,1,0,0,0,0,0,0,0,0,0,0
490212,2,1,0,0,0,0,0,0,0,0,0,0
490212,3,1,0,0,0,0,0,0,5,0,1,0
490213,0,1,0,0,0,0,0,0,0,0,0,0
490213,1,1,0,0,0,0,0,0,0,0,0,0
490214,0,1,0,0,0,0,0,0,0,0,0,0
490214,1,1,0,0,0,0,0,0,0,0,0,0
490215,1,1,0,26,0,0,0,22,23,0,0,0
490216,1,1,16,16,16,16,16,16,16,16,16,16
490217,1,1,0,0,0,0,0,0,0,0,0,0
490217,2,1,0,0,0,0,0,0,0,0,0,0
490218,1,1,8,8,8,8,8,8,8,8,8,8
490218,2,1,7,7,7,7,7,7,7,7,7,7
490218,3,1,0,0,0,0,0,0,0,0,0,0
490219,1,1,0,0,0,0,0,0,0,0,0,0
490219,2,1,0,0,0,0,0,0,0,0,0,0
490220,1,1,0,0,0,0,0,0,0,0,0,0
490221,1,1,21,0,16,0,0,12,15,18,0,33
490222,1,1,19,19,19,19,19,19,19,19,19,19
490223,1,1,0,0,0,0,0,0,0,0,0,0
490224,1,1,0,0,0,0,0,0,0,0,0,0
490224,2,1,0,0,0,0,0,0,0,0,0,0
500001,1,1,11,11,11,11,11,11,11,11,11,11
500001,2,1,0,0,0,0,0,0,0,0,0,0
500001,3,1,0,0,0,0,0,12,0,0,0,0
500001,4,1,0,0,0,2,0,0,0,0,0,0
500002,1,1,0,0,0,0,0,0,0,0,0,0
500002,2,1,0,0,0,0,0,0,0,0,0,0
500003,1,1,0,0,0,0,0,0,0,0,0,0
500003,2,1,0,0,0,0,0,0,0,0,0,0
500004,1,1,0,0,0,0,0,0,0,0,0,0
500005,1,1,27,27,27,27,27,27,27,27,27,27
500005,2,1,0,0,0,0,0,0,0,0,0,0
500006,1,1,0,0,0,0,0,0,0,0,0,0
500006,2,1,0,0,0,0,0,0,0,0,0,0
500007,1,1,0,0,0,0,0,0,0,0,0,0
500008,1,1,0,0,0,0,0,0,0,0,21,0
500008,2,1,0,0,0,0,0,0,0,0,0,0
500009,1,1,19,19,19,19,19,19,19,19,19,19
500010,1,1,0,0,0,0,0,0,0,0,0,0
500011,1,1,0,0,0,0,0,0,0,0,0,0
500011,2,1,0,0,0,0,0,0,0,0,0,0
500012,1,1,0,0,0,0,0,0,0,0,0,0
500013,1,1,20,20,20,20,20,20,20,20,20,20
500014,1,1,11,11,11,11,11,11,11,11,11,11
500015,1,1,0,0,0,0,0,0,0,0,0,0
500016,1,1,0,0,0,0,0,0,0,0,0,0
500016,2,1,0,0,0,0,0,0,0,0,0,0
500017,1,1,5,5,5,5,5,5,5,5,5,5
500018,1,1,12,12,12,12,12,12,12,12,12,12
500019,1,1,0,0,0,0,0,0,0,0,0,0
500019,2,1,0,0,0,0,0,0,0,0,0,0
500020,0,1,0,0,0,0,0,0,11,0,0,0
500020,1,1,0,0,0,0,0,0,0,0,0,0
500021,1,1,11,11,11,11,11,11,11,11,11,11
500021,2,1,0,0,0,0,0,0,0,0,0,0
500022,0,1,0,0,0,0,0,0,0,0,0,0
500023,1,1,0,0,0,0,0,0,0,0,0,0
500024,1,1,6,6,6,6,6,6,6,6,6,6
500025,1,1,17,17,17,17,17,17,17,17,17,17
500026,1,1,0,0,0,0,0,0,0,0,0,0
500026,2,1,0,0,0,0,0,0,0,0,0,0
500027,1,1,14,14,14,14,14,14,14,14,14,14
500028,1,1,0,0,0,0,0,0,0,0,0,0
500029,1,1,0,0,0,0,0,0,0,0,0,0
500030,0,1,0,0,0,0,0,0,0,0,0,0
500030,1,1,0,0,0,0,0,0,0,0,0,0
500031,1,1,16,16,16,16,16,16,16,16,16,16
500032,1,1,11,11,11,11,11,11,11,11,11,11
500033,1,1,19,19,19,19,19,19,19,19,19,19
500033,2,1,0,0,0,0,0,0,0,0,0,0
500035,1,1,16,16,16,16,16,16,16,16,16,16
500036,0,1,0,0,0,0,0,0,0,0,0,0
500036,1,1,0,0,0,0,0,0,0,0,0,0
500037,1,1,17,17,17,17,17,17,17,17,17,17
500038,1,1,19,19,19,19,19,19,19,19,19,19
500039,1,1,15,15,15,15,15,15,15,15,15,15
500039,2,1,0,0,0,0,0,0,0,0,0,0
500040,1,1,0,0,0,0,0,0,0,0,0,0
500041,1,1,23,23,23,23,23,23,23,23,23,23
500042,1,1,0,0,0,0,0,0,0,0,0,0
500042,2,1,0,0,0,0,0,0,0,0,0,0
500043,1,1,0,0,0,0,0,0,0,0,0,0
500044,1,1,16,16,16,16,16,16,16,16,16,16
500045,1,1,0,0,0,0,0,0,0,0,0,0
500046,1,1,0,0,0,0,0,0,0,0,0,0
500046,2,1,0,0,0,0,0,0,0,0,0,0
500047,1,1,0,0,0,0,0,0,0,0,0,0
500047,2,1,0,0,0,0,0,0,0,0,0,0
500048,1,1,1,1,1,1,1,1,1,1,1,1
500049,1,1,0,0,0,0,0,0,0,0,0,0
500049,2,1,0,0,0,0,0,0,0,0,0,0
510001,1,1,11,11,11,11,11,11,11,11,11,11
510002,0,1,0,0,0,0,0,0,0,0,0,0
510002,1,1,0,0,0,0,0,0,0,0,0,0
510003,1,1,28,28,28,28,28,28,28,28,28,28
510004,1,1,0,0,0,0,0,0,0,0,0,0
510005,0,1,17,17,17,17,17,17,17,17,17,17
510005,1,1,0,0,0,0,0,0,0,0,0,0
510006,1,1,23,23,23,23,23,23,23,23,23,23
510007,1,1,22,22,22,22,22,22,22,22,22,22
510008,1,1,7,12,26,20,15,18,7,12,5,16
510009,1,1,0,0,0,0,0,0,0,0,0,0
510010,1,1,16,16,16,16,16,16,16,16,16,16
510011,1,1,0,0,0,0,0,0,25,0,0,0
510012,1,1,0,0,0,0,0,0,0,0,0,0
510012,2,1,0,0,0,0,0,0,0,0,0,0
510013,1,1,0,0,10,0,0,0,0,0,0,0
510014,1,1,19,19,19,19,19,19,19,19,19,19
510015,1,1,45,45,45,45,45,45,45,45,45,45
510016,0,1,0,0,0,0,0,0,0,0,0,0
510016,1,1,0,0,0,0,0,0,0,0,0,0
510017,1,1,0,0,0,0,0,0,0,0,0,0
510017,2,1,0,0,0,0,0,0,0,0,0,0
510018,1,1,1,1,1,1,1,1,1,1,1,1
510019,1,1,7,7,7,7,7,7,7,7,7,7
510020,0,1,22,22,22,22,22,22,22,22,22,22
510020,1,1,0,0,12,0,0,0,0,0,0,0
510021,1,1,4,4,4,4,4,4,4,4,4,4
510022,1,1,0,0,0,0,0,0,0,0,0,0
510022,2,1,0,0,0,0,0,0,0,0,0,0
510022,3,1,0,0,0,0,0,0,0,0,0,0
510023,1,1,0,0,0,0,0,0,0,0,0,0
510024,1,1,0,0,0,0,0,0,0,0,0,0
510025,1,1,0,0,0,0,0,0,0,0,0,0
510025,2,1,0,0,0,0,0,0,0,0,0,0
510026,0,1,0,0,0,0,0,0,0,0,0,0
510026,1,1,0,0,0,0,0,0,0,0,0,0
510027,1,1,6,6,6,6,6,6,6,6,6,6
510028,1,1,0,0,0,0,0,0,0,0,0,0
510028,2,1,0,0,0,0,0,0,0,0,0,0
510029,1,1,22,0,0,0,0,0,0,0,0,0
510029,2,1,0,0,0,0,0,0,0,0,0,0
510030,1,1,14,16,18,12,14,13,19,25,12,24
510031,1,1,0,0,0,0,0,0,0,0,0,0
510031,2,1,0,0,0,0,0,0,0,0,0,0
510032,1,1,0,0,0,0,0,0,0,0,0,0
510033,1,1,22,22,22,22,22,22,22,22,22,22
510033,2,1,24,0,14,13,24,15,9,28,14,11
510034,1,1,21,21,21,21,21,21,21,21,21,21
510035,0,1,0,0,0,0,0,0,0,0,0,0
510035,2,1,0,0,0,0,0,0,0,0,0,0
510036,1,1,0,0,0,0,0,0,0,0,0,0
510036,2,1,0,0,0,0,0,0,0,0,0,0
510037,1,1,0,0,0,0,0,0,0,0,0,0
510039,1,1,13,13,13,13,13,13,13,13,13,13
510040,0,1,17,17,17,17,17,17,17,17,17,17
510040,1,1,0,0,0,0,0,0,0,0,0,0
510041,1,1,22,22,22,22,22,22,22,22,22,22
510042,1,1,14,14,14,7,23,17,12,14,17,12
510043,1,1,0,0,0,0,0,0,0,0,0,0
510044,1,1,4,23,24,22,9,19,12,10,16,9
510045,1,1,0,0,0,0,0,0,0,0,0,0
510045,2,1,0,0,0,0,0,0,0,0,0,0
510046,1,1,0,0,0,0,0,0,0,0,0,0
510047,1,1,0,0,0,0,0,0,0,0,0,0
510047,2,1,0,0,0,0,0,0,0,0,0,0
510048,1,1,0,0,0,0,0,0,0,0,0,0
510048,2,1,0,0,0,0,0,0,0,0,0,0
510049,1,1,20,20,20,20,20,20,20,20,20,20
510049,2,1,0,0,0,0,0,0,0,0,0,0
510050,1,1,0,0,0,0,0,0,0,0,0,0
510050,2,1,0,0,0,17,0,0,0,0,0,0
510051,1,1,25,25,25,25,25,25,25,25,25,25
510052,1,1,0,0,0,0,11,0,27,13,0,0
510053,1,1,0,0,0,0,0,0,0,0,0,0
510054,1,1,27,27,27,27,27,27,27,27,27,27
510055,1,1,0,0,0,0,0,0,0,0,0,0
510055,2,1,0,0,0,0,0,0,0,0,0,0
510055,3,1,0,0,0,0,0,0,0,0,0,0
510056,1,1,0,0,0,0,0,0,0,0,0,0
510057,1,1,13,14,12,20,15,23,0,21,20,23
510058,1,1,0,0,0,0,0,0,0,0,0,0
510058,2,1,0,30,0,0,0,0,32,19,36,0
510058,3,1,0,0,0,0,0,16,0,0,0,0
510059,1,1,20,20,20,20,20,20,20,20,20,20
510060,1,1,0,0,0,0,0,0,0,0,0,0
510060,2,1,0,0,0,0,0,0,0,0,0,0
510060,3,1,0,0,0,0,0,0,0,0,0,0
510061,0,1,1,1,1,1,1,1,1,1,1,1
510061,1,1,0,0,14,0,0,9,0,22,0,0
510061,2,1,0,0,2,17,0,0,0,0,0,0
510061,3,1,0,0,0,7,0,0,0,0,0,5
510062,1,1,0,0,0,0,0,0,0,0,0,0
510063,1,1,19,19,19,19,19,19,19,19,19,19
510064,1,1,7,7,7,7,7,7,7,7,7,7
510065,1,1,0,0,0,0,0,0,0,0,0,0
510066,1,1,29,10,12,17,14,27,14,0,22,14
510066,2,1,0,0,0,0,0,0,0,0,0,0
510067,1,1,14,14,14,14,14,14,14,14,14,14
510068,1,1,0,0,0,9,0,0,0,0,29,0
510069,1,1,0,0,8,0,0,0,0,0,0,0
510070,1,1,5,0,0,0,7,0,0,0,0,0
510070,2,1,0,0,0,0,0,0,0,0,0,0
510071,0,1,17,17,17,17,17,17,17,17,17,17
510071,1,1,0,0,0,0,0,0,0,0,0,0
510072,1,1,0,0,0,0,0,0,0,0,0,0
510073,1,1,19,19,19,19,19,19,19,19,19,19
510074,0,1,32,32,32,32,32,32,32,32,32,32
510074,1,1,0,0,0,0,0,0,8,0,0,0
510075,1,1,5,15,20,6,3,12,18,5,16,9
510076,1,1,21,21,21,21,21,21,21,21,21,21
510077,0,1,0,0,0,0,0,0,0,0,0,0
510077,1,1,0,0,0,0,0,0,0,0,0,0
510078,1,1,15,15,15,15,15,15,15,15,15,15
510079,1,1,0,0,0,0,0,0,0,0,0,0
510079,2,1,0,0,0,0,0,0,0,0,0,0
510080,1,1,0,0,0,0,0,0,0,0,0,0
510080,2,1,0,0,0,0,0,0,0,0,0,0
510081,1,1,0,0,0,0,0,0,0,0,0,0
510081,2,1,0,0,0,0,0,0,0,0,0,0
510082,1,1,0,19,0,7,21,0,0,0,0,0
510083,0,1,22,22,22,22,22,22,22,22,22,22
510083,1,1,0,0,0,0,0,0,0,0,0,0
510085,1,1,0,0,0,0,0,0,0,0,0,0
510085,2,1,0,0,0,0,0,0,0,0,0,0
510086,1,1,0,0,0,0,0,0,0,0,0,0
510086,2,1,0,0,0,0,0,0,0,0,0,0
510087,1,1,12,12,12,12,12,12,12,12,12,12
510088,1,1,0,0,0,0,0,0,0,0,0,0
510088,2,1,0,0,0,0,0,0,0,0,0,0
510088,3,1,0,0,0,9,0,7,0,0,0,0
510088,4,1,0,0,0,0,0,0,0,0,0,0
510089,1,1,21,21,21,21,21,21,21,21,21,21
510090,1,1,0,0,0,0,0,0,0,0,0,0
510091,1,1,0,0,0,0,0,0,0,0,0,0
510092,1,1,0,0,0,0,0,0,0,0,0,0
510092,2,1,11,0,0,0,0,0,0,0,0,0
510092,3,1,0,0,0,0,0,0,0,0,0,0
510093,1,1,11,11,11,11,11,11,11,11,11,11
510094,0,1,28,28,28,28,28,28,28,28,28,28
510094,1,1,0,0,0,0,0,0,0,0,0,0
510094,2,1,0,19,0,0,0,0,0,0,0,0
510095,1,1,16,16,16,16,16,16,16,16,16,16
510096,1,1,0,0,0,0,0,0,0,0,0,0
510097,0,1,0,0,0,0,0,0,0,0,0,0
510097,1,1,0,0,0,0,0,0,0,0,0,0
510098,1,1,0,0,0,0,0,0,0,0,0,0
510099,1,1,0,0,0,0,0,0,0,0,0,0
510100,1,1,0,0,0,0,0,0,0,0,0,0
510101,1,1,19,19,19,19,19,19,19,19,19,19
510102,1,1,0,0,0,0,0,0,0,0,0,0
510103,1,1,14,22,22,10,26,7,21,21,13,0
510104,1,1,0,0,0,0,0,0,0,0,0,0
510105,1,1,17,17,17,17,17,17,17,17,17,17
510106,0,1,0,0,0,0,0,0,0,0,0,0
510106,1,1,0,0,0,0,0,0,0,0,0,0
510107,1,1,26,26,26,26,26,26,26,26,26,26
510108,0,1,0,0,0,0,0,0,0,0,0,0
510108,1,1,0,0,0,0,0,0,0,0,0,0
510109,1,1,0,0,0,0,0,0,0,0,0,0
510110,1,1,6,0,0,0,0,20,0,0,0,0
510110,2,1,0,0,0,0,0,0,0,0,0,0
510111,1,1,20,20,20,20,20,20,20,20,20,20
510111,2,1,0,0,0,0,0,0,0,0,0,0
510111,3,1,0,0,0,0,0,0,20,0,0,0
510112,1,1,0,0,0,0,0,0,0,0,0,0
510113,1,1,0,0,0,0,0,0,0,0,0,0
510114,1,1,0,0,0,0,0,0,0,0,0,0
510114,2,1,0,0,0,0,0,0,0,0,0,0
510115,1,1,15,15,15,15,15,15,15,15,15,15
510116,1,1,0,0,0,0,0,0,0,0,0,0
510116,2,1,0,0,0,0,0,0,0,0,0,0
510117,1,1,24,18,14,6,19,18,17,24,22,22
510118,1,1,14,14,14,14,14,14,14,14,14,14
510118,2,1,13,13,13,13,13,13,13,13,13,13
510119,1,1,14,11,8,7,15,25,0,10,8,10
510120,1,1,10,26,10,17,13,25,16,30,9,10
510121,1,1,8,8,8,8,8,8,8,8,8,8
510121,2,1,0,0,0,0,0,0,0,0,0,0
510121,3,1,0,0,0,0,0,0,0,0,0,12
510122,1,1,0,0,0,0,0,0,0,0,0,0
510122,2,1,0,0,0,0,0,0,0,0,0,0
510123,1,1,13,13,13,13,13,13,13,13,13,13
510124,1,1,0,0,0,0,0,0,0,0,0,0
510124,2,1,0,0,0,0,0,0,0,0,0,0
510125,1,1,12,12,12,12,12,12,12,12,12,12
510126,1,1,15,15,15,15,15,15,15,15,15,15
510127,1,1,0,0,0,0,0,0,0,0,0,0
510128,1,1,0,0,0,0,0,0,0,0,0,0
510128,2,1,0,0,0,0,0,0,0,0,0,0
510129,1,1,0,0,0,19,0,0,0,0,0,0
510129,2,1,22,18,12,38,32,9,19,12,21,35
510129,3,1,0,0,0,0,0,0,0,0,0,0
510130,1,1,0,0,0,0,0,0,0,0,0,0
510130,2,1,0,0,0,0,0,0,0,0,0,0
510131,1,1,19,19,19,19,19,19,19,19,19,19
510132,1,1,22,0,0,0,0,20,0,0,0,0
510132,2,1,0,0,0,0,0,0,0,0,0,0
510133,1,1,4,0,0,0,0,0,2,0,0,0
510134,1,1,0,0,0,0,0,0,0,0,0,0
510134,2,1,0,0,0,0,0,26,0,0,0,0
510135,1,1,0,0,0,0,0,0,0,0,0,0
510136,1,1,0,0,0,0,0,0,0,0,0,0
510136,2,1,0,0,0,0,0,0,0,0,0,0
510137,1,1,14,14,14,14,14,14,14,14,14,14
510138,1,1,0,0,0,0,0,0,0,0,0,0
510138,2,1,0,0,0,0,0,0,0,0,0,0
510139,1,1,0,0,0,0,0,0,0,0,0,0
510139,2,1,0,0,0,0,0,0,0,0,0,0
510140,1,1,3,3,3,3,3,3,3,3,3,3
510141,1,1,0,39,16,0,14,0,23,28,17,3
510142,1,1,0,0,0,0,0,0,0,0,0,0
510143,1,1,16,16,16,16,16,16,16,16,16,16
510144,1,1,0,0,0,0,0,0,0,0,0,0
510144,2,1,0,0,0,0,0,0,0,0,0,0
510145,0,1,6,6,6,6,6,6,6,6,6,6
510145,1,1,0,0,0,0,0,0,0,0,0,0
510146,1,1,17,17,17,17,17,17,17,17,17,17
510147,1,1,9,9,9,9,9,9,9,9,9,9
510148,1,1,12,12,12,12,12,12,12,12,12,12
510149,1,1,0,0,0,0,0,0,0,0,0,0
510150,1,1,23,0,0,0,0,0,0,0,0,0
510150,2,1,0,0,0,0,0,0,0,0,0,0
510151,1,1,0,0,0,0,0,0,0,0,0,0
510151,2,1,0,0,0,12,17,0,0,0,0,22
510152,1,1,0,0,0,0,0,0,0,0,0,0
510152,2,1,0,0,0,0,0,0,0,0,0,0
510152,3,1,0,0,0,0,0,0,0,0,0,0
510153,1,1,19,19,19,19,19,19,19,19,19,19
510154,1,1,18,18,18,18,18,18,18,18,18,18
510154,2,1,0,0,0,0,0,0,0,0,0,23
510155,1,1,0,0,0,0,0,0,0,0,0,24
510156,1,1,18,18,18,18,18,18,18,18,18,18
510157,1,1,0,0,0,0,0,0,0,0,0,0
510157,2,1,0,0,0,0,0,0,0,0,0,0
510158,1,1,0,0,0,0,0,0,0,0,0,0
510159,1,1,12,12,12,12,12,12,12,12,12,12
510159,2,1,0,0,0,0,0,0,0,0,0,0
510160,1,1,0,0,0,0,0,0,0,0,0,0
510160,2,1,0,0,0,0,0,0,0,0,0,0
510161,1,1,0,0,0,0,0,0,0,0,0,0
510161,2,1,0,0,0,0,0,0,0,0,0,0
510161,3,1,0,0,0,0,0,0,0,0,0,0
510162,1,1,22,22,22,22,22,22,22,22,22,22
510162,2,1,0,0,0,0,21,0,0,20,0,0
510163,0,1,21,21,21,21,21,21,21,21,21,21
510163,1,1,0,0,0,0,0,0,0,0,0,14
510164,1,1,32,17,3,24,14,11,11,17,37,10
510165,0,1,0,0,0,0,0,0,0,0,0,0