ST_CASE,VEH_NO,PER_NO,P1,P2,P3,P4,P5,P6,P7,P8,P9,P10
510165,1,1,0,0,0,0,0,0,0,0,0,0
510166,0,1,0,0,0,0,0,0,0,0,0,0
510166,1,1,0,0,0,0,0,9,0,0,0,0
510167,0,1,0,0,0,0,0,0,0,0,0,0
510167,1,1,0,0,0,0,0,0,0,0,0,0
510168,1,1,0,0,0,0,0,0,0,0,0,0
510168,2,1,21,21,21,21,21,21,21,21,21,21
510169,1,1,6,6,6,6,6,6,6,6,6,6
510170,1,1,0,0,0,0,0,0,0,0,0,0
510170,2,1,0,0,0,0,0,0,0,0,0,0
510171,1,1,21,16,3,19,31,9,17,11,16,10
510172,1,1,8,8,8,8,8,8,8,8,8,8
510173,1,1,0,0,0,0,0,0,0,0,0,0
510174,1,1,21,21,21,21,21,21,21,21,21,21
510174,2,1,0,0,0,0,0,0,0,0,0,0
510175,1,1,34,34,34,34,34,34,34,34,34,34
510175,2,1,0,0,0,0,0,0,0,0,0,0
510175,3,1,0,0,9,0,0,6,6,0,0,0
510176,1,1,0,16,0,0,0,0,0,0,0,0
510177,1,1,0,0,0,14,0,0,0,13,0,0
510178,1,1,0,0,0,0,0,0,0,0,0,0
510178,2,1,0,0,0,0,0,0,0,0,0,0
510179,1,1,20,33,13,23,0,25,17,4,14,15
510180,1,1,21,21,21,21,21,21,21,21,21,21
510181,1,1,0,0,0,0,0,0,42,0,0,0
510181,2,1,0,0,0,0,0,0,0,0,0,0
510181,3,1,0,0,0,0,0,0,0,0,0,0
510181,4,1,0,0,0,0,0,0,0,0,0,0
510181,5,1,0,0,0,0,0,0,14,0,0,0
510182,1,1,0,0,0,0,0,0,0,0,0,0
510183,0,1,0,0,0,0,0,0,0,0,0,0
510183,1,1,0,15,30,0,0,6,13,24,25,15
510184,1,1,0,0,0,0,0,0,0,0,0,0
510185,1,1,0,0,0,0,0,0,0,0,0,0
510186,1,1,0,0,0,0,0,0,0,0,0,0
510187,1,1,0,0,0,0,0,0,0,0,0,0
510187,2,1,0,0,0,0,0,0,0,0,0,0
510188,1,1,0,0,0,0,0,0,0,0,0,0
510189,1,1,25,25,25,25,25,25,25,25,25,25
510190,1,1,0,0,0,0,0,0,0,0,0,0
510191,1,1,0,0,0,0,0,0,0,0,0,0
510191,2,1,0,0,0,0,0,0,0,0,0,0
510192,1,1,0,0,0,0,0,0,0,0,0,0
510193,1,1,18,18,18,18,18,18,18,18,18,18
510194,1,1,0,0,0,0,0,0,0,0,0,0
510194,2,1,0,0,0,0,0,0,0,0,0,0
510195,1,1,18,18,18,18,18,18,18,18,18,18
510195,2,1,0,0,0,0,0,0,0,0,0,0
510196,1,1,0,0,0,0,0,0,0,0,0,0
510196,2,1,0,0,0,0,0,0,0,0,0,0
510196,3,1,0,0,0,0,0,0,0,0,0,0
510197,1,1,23,23,23,23,23,23,23,23,23,23
510197,2,1,0,0,0,0,0,0,0,0,0,0
510198,1,1,14,14,14,14,14,14,14,14,14,14
510199,0,1,0,0,0,26,0,0,0,0,0,23
510199,0,2,0,0,0,0,0,0,0,0,0,0
510199,1,1,0,0,0,0,0,0,0,0,0,0
510200,1,1,0,0,0,0,0,0,0,0,0,0
510200,2,1,0,0,0,0,0,0,0,0,0,0
510201,1,1,0,0,0,0,0,0,0,0,0,0
510202,1,1,0,0,0,0,0,0,0,0,0,0
510202,2,1,0,0,0,0,0,0,0,0,0,0
510203,1,1,0,0,0,0,0,0,0,0,0,0
510203,2,1,0,0,0,0,0,0,0,0,3,0
510204,1,1,4,4,4,4,4,4,4,4,4,4
510205,1,1,10,10,10,10,10,10,10,10,10,10
510206,1,1,19,19,19,19,19,19,19,19,19,19
510207,1,1,8,8,8,8,8,8,8,8,8,8
510207,2,1,0,0,0,0,0,0,0,0,0,4
510208,1,1,0,0,0,0,0,0,0,0,0,0
510209,0,1,0,0,0,0,0,0,0,0,0,0
510209,0,2,8,46,16,16,16,8,16,14,18,26
510209,1,1,0,0,0,16,0,0,0,0,0,0
510209,2,1,0,0,0,0,0,0,0,0,0,0
510210,1,1,0,0,0,0,0,0,0,0,0,0
510210,2,1,0,0,0,0,0,0,0,0,0,0
510211,1,1,21,21,21,21,21,21,21,21,21,21
510212,1,1,0,0,0,0,0,0,0,0,0,0
510212,2,1,0,0,0,0,0,0,0,0,0,0
510213,1,1,0,0,0,0,0,0,0,0,0,0
510213,2,1,0,0,0,0,0,0,0,0,0,0
510214,1,1,3,3,3,3,3,3,3,3,3,3
510215,1,1,0,0,0,0,0,0,0,0,0,0
510215,2,1,0,0,0,0,0,0,0,0,0,0
510216,1,1,0,0,0,0,0,0,0,0,0,0
510217,1,1,16,16,16,16,16,16,16,16,16,16
510218,1,1,14,14,14,14,14,14,14,14,14,14
510219,1,1,0,0,0,0,0,0,0,0,0,0
510220,1,1,0,0,0,0,0,0,0,0,0,0
510221,1,1,0,0,0,0,0,0,0,0,0,0
510221,2,1,0,0,0,0,0,0,0,0,0,0
510222,1,1,0,0,0,0,0,0,0,0,0,0
510222,2,1,0,0,0,0,0,0,12,0,0,0
510223,1,1,0,0,0,0,0,0,0,0,0,0
510223,2,1,0,0,0,0,0,0,0,0,0,0
510224,1,1,0,0,0,0,0,0,0,0,0,0
510224,2,1,0,0,0,0,0,0,0,0,0,0
510225,1,1,0,0,0,0,0,0,0,0,0,0
510225,2,1,12,0,0,0,0,0,0,0,0,0
510226,1,1,0,0,0,33,0,0,0,0,0,0
510226,2,1,0,0,0,0,0,0,0,0,0,0
510227,1,1,0,0,0,0,0,0,0,0,0,0
510228,1,1,0,0,0,0,0,13,34,0,0,0
510229,1,1,0,0,0,0,0,0,0,0,0,0
510230,1,1,0,0,0,0,0,0,0,0,0,0
510231,1,1,10,10,10,10,10,10,10,10,10,10
510232,1,1,0,0,0,0,0,0,0,0,0,0
510233,1,1,0,0,0,0,0,0,0,0,0,0
510233,2,1,22,0,0,0,0,0,0,0,0,0
510234,1,1,0,0,0,0,0,0,0,0,0,0
510234,2,1,0,0,0,0,0,0,0,0,0,0
510235,1,1,0,20,0,15,0,14,0,0,25,0
510236,1,1,15,5,20,19,13,11,21,21,13,12
510237,1,1,0,0,0,0,0,0,0,0,0,0
510237,2,1,0,0,0,0,3,0,0,0,21,0
510238,1,1,20,15,19,25,29,21,19,13,24,11
510239,1,1,0,0,0,0,0,0,0,0,0,0
510240,1,1,0,0,0,0,0,0,0,0,0,0
510240,2,1,0,0,0,0,0,0,0,0,0,0
510241,1,1,0,0,0,0,0,0,0,0,0,0
510243,1,1,0,0,0,0,0,0,0,0,0,0
510245,1,1,0,0,0,0,5,0,0,0,0,0
510245,2,1,0,0,0,0,0,0,0,0,0,0
510246,1,1,0,0,0,0,0,0,0,0,0,0
510246,2,1,0,0,0,0,0,0,0,0,0,0
510246,3,1,0,0,0,0,0,0,0,0,0,0
510246,4,1,0,0,0,19,0,0,0,0,0,0
510247,1,1,16,16,16,16,16,16,16,16,16,16
510248,1,1,21,21,21,21,21,21,21,21,21,21
510249,0,1,23,0,7,5,0,0,21,0,0,0
510249,1,1,0,0,0,0,20,0,0,0,0,0
510250,1,1,0,0,19,0,0,0,0,0,0,0
510250,2,1,0,0,0,0,0,12,0,0,0,0
510251,1,1,28,28,28,28,28,28,28,28,28,28
510252,0,1,0,0,0,0,0,0,0,0,0,0
510252,1,1,9,9,9,9,9,9,9,9,9,9
510253,1,1,0,0,0,0,0,0,0,0,0,0
510253,2,1,0,0,0,0,0,0,0,0,0,0
510253,3,1,0,0,0,0,0,0,0,0,0,0
510254,1,1,23,23,23,23,23,23,23,23,23,23
510254,2,1,0,11,9,4,15,4,13,9,13,0
510255,1,1,0,0,0,0,0,0,0,0,0,0
510255,2,1,0,0,0,0,0,0,0,0,0,0
510256,1,1,18,18,18,18,18,18,18,18,18,18
510257,1,1,24,24,24,24,24,24,24,24,24,24
510258,1,1,0,0,0,0,0,0,0,0,0,0
510258,2,1,0,0,0,0,0,0,0,0,0,0
510259,1,1,0,0,0,0,0,0,0,0,0,0
510260,1,1,0,0,0,0,0,0,0,0,0,0
510260,2,1,0,0,0,0,0,0,0,0,0,0
510261,1,1,15,15,15,15,15,15,15,15,15,15
510261,2,1,0,0,0,0,0,0,7,0,0,0
510262,1,1,0,0,0,0,0,0,0,0,0,0
510262,2,1,0,0,0,0,0,0,0,0,0,0
510263,1,1,0,0,0,0,0,0,0,0,0,0
510263,2,1,0,0,0,0,0,0,0,0,0,0
510264,1,1,0,0,0,0,0,0,0,0,0,0
510264,2,1,0,0,0,0,0,0,0,0,0,0
510265,1,1,0,0,0,0,0,0,0,0,0,0
510266,0,1,0,0,0,0,0,0,0,0,0,0
510266,1,1,0,0,0,0,0,0,11,0,0,0
510267,1,1,0,0,0,0,0,0,0,0,0,0
510267,2,1,0,0,0,0,0,0,0,0,0,0
510268,1,1,16,16,16,16,16,16,16,16,16,16
510269,1,1,0,0,0,0,0,0,0,0,0,0
510269,2,1,0,0,0,0,0,0,0,0,0,0
510269,3,1,0,0,0,0,0,0,0,0,0,0
510269,4,1,0,0,0,0,0,0,0,0,0,17
510270,1,1,0,0,0,0,0,0,0,0,0,0
510270,2,1,0,0,0,0,0,0,0,0,0,0
510271,0,1,0,0,0,0,0,0,0,0,0,0
510271,1,1,0,0,0,0,0,0,0,0,0,0
510272,1,1,0,0,0,0,0,0,0,0,0,0
510273,1,1,0,0,0,0,0,0,0,0,0,0
510274,1,1,24,24,24,24,24,24,24,24,24,24
510275,1,1,17,17,17,17,17,17,17,17,17,17
510275,2,1,0,0,0,0,0,0,0,0,0,0
510276,1,1,24,24,24,24,24,24,24,24,24,24
510277,0,1,0,0,0,0,0,0,0,0,0,0
510277,1,1,0,0,0,0,0,0,0,0,0,0
510278,1,1,0,0,0,0,0,0,0,0,0,0
510278,2,1,0,0,0,0,0,0,0,0,0,0
510278,3,1,0,0,0,0,0,0,0,0,0,0
510278,4,1,0,0,0,0,0,0,0,0,0,0
510278,5,1,0,0,0,0,0,0,0,0,0,0
510279,1,1,0,0,0,0,0,0,0,0,0,0
510280,1,1,0,0,0,0,0,0,0,0,0,0
510281,1,1,0,0,0,0,0,0,0,0,0,0
510282,1,1,0,0,0,0,0,0,0,0,0,0
510282,2,1,0,0,0,0,0,0,0,0,0,0
510283,1,1,12,12,12,12,12,12,12,12,12,12
510283,2,1,0,0,16,12,0,27,0,0,0,0
510284,1,1,13,33,13,23,6,11,0,25,19,7
510285,1,1,0,0,0,0,0,0,0,0,0,0
510285,2,1,0,0,0,0,0,0,0,0,1,0
510286,1,1,0,0,0,0,0,0,0,0,0,0
510286,2,1,0,0,0,0,0,0,0,0,0,0
510287,1,1,0,0,0,0,0,0,0,0,0,0
510288,1,1,1,1,1,1,1,1,1,1,1,1
510289,1,1,27,27,27,27,27,27,27,27,27,27
510289,2,1,1,1,1,1,1,1,1,1,1,1
510290,1,1,0,0,0,0,0,0,0,0,0,0
510291,1,1,0,0,0,0,0,0,0,0,0,0
510291,2,1,0,0,0,0,0,0,0,0,0,0
510292,1,1,0,0,0,5,12,2,0,22,0,0
510293,1,1,1,1,1,1,1,1,1,1,1,1
510293,2,1,0,0,0,0,0,0,0,0,0,0
510293,3,1,0,0,0,0,0,0,0,0,0,0
510293,4,1,7,0,0,0,0,0,0,0,0,0
510294,1,1,0,0,0,0,0,0,0,0,0,0
510294,2,1,0,0,0,0,0,0,0,0,0,0
510295,1,1,0,0,6,0,0,0,0,0,9,0
510295,2,1,0,0,0,0,0,0,0,0,0,0
510295,3,1,13,13,13,13,13,13,13,13,13,13
510295,4,1,0,0,0,14,0,0,0,0,0,0
510295,5,1,0,0,0,0,0,0,0,0,0,0
510296,1,1,0,0,0,0,0,0,0,0,0,0
510296,2,1,26,0,0,0,27,0,0,0,0,0
510297,1,1,0,0,0,0,0,0,0,0,12,0
510297,2,1,0,0,0,0,0,0,0,0,0,0
510297,3,1,0,0,0,0,0,0,0,0,0,0
510297,4,1,0,0,0,0,0,0,0,0,0,0
510298,1,1,15,15,15,15,15,15,15,15,15,15
510299,1,1,0,0,0,0,0,0,0,0,0,0
510299,2,1,0,0,0,0,0,0,0,0,0,0
510300,1,1,0,0,0,0,0,0,0,0,0,0
510300,2,1,0,0,0,0,0,0,0,0,0,0
510301,0,1,27,27,27,27,27,27,27,27,27,27
510301,1,1,0,0,0,0,0,0,0,0,0,0
510302,1,1,21,21,21,21,21,21,21,21,21,21
510303,1,1,0,0,0,0,0,0,0,0,0,0
510303,2,1,0,0,0,0,0,0,0,0,0,0
510304,1,1,0,0,0,0,0,0,0,0,0,0
510304,2,1,0,0,0,0,0,0,0,0,0,0
510305,1,1,1,1,1,1,1,1,1,1,1,1
510306,1,1,4,4,4,4,4,4,4,4,4,4
510307,1,1,9,9,9,9,9,9,9,9,9,9
510308,1,1,0,0,0,0,0,0,0,0,0,0
510309,1,1,0,0,0,0,0,0,0,0,0,0
510309,2,1,0,0,0,0,0,0,0,0,0,0
510310,1,1,29,29,29,29,29,29,29,29,29,29
510311,1,1,17,21,7,17,10,9,26,7,8,8
510311,2,1,11,11,11,11,11,11,11,11,11,11
510312,1,1,0,0,0,0,0,0,0,0,0,0
510312,2,1,0,0,0,0,0,0,0,0,0,0
510313,1,1,0,15,0,0,20,0,0,0,0,0
510314,1,1,0,0,0,0,0,0,0,0,0,0
510314,2,1,0,0,0,0,0,0,0,0,0,0
510315,1,1,15,15,15,15,15,15,15,15,15,15
510316,1,1,28,28,28,28,28,28,28,28,28,28
510317,0,1,0,0,0,0,0,0,0,0,0,0
510317,1,1,15,15,12,8,32,19,20,22,22,34
510318,1,1,0,0,0,0,0,0,0,0,0,0
510318,2,1,0,0,0,0,0,0,0,0,0,0
510319,1,1,10,10,10,10,10,10,10,10,10,10
510320,0,1,0,0,0,0,0,0,0,0,0,0
510320,1,1,0,0,0,0,0,0,0,0,0,0
510321,1,1,26,26,26,26,26,26,26,26,26,26
510322,1,1,1,1,1,1,1,1,1,1,1,1
510323,1,1,0,0,0,0,0,0,0,0,0,0
510324,1,1,0,0,0,0,0,0,0,0,0,0
510324,2,1,0,0,0,0,0,0,0,0,0,0
510325,1,1,0,0,0,0,0,0,0,0,0,0
510325,2,1,0,0,0,0,0,0,0,0,0,0
510326,1,1,0,0,0,0,0,0,0,0,0,0
510326,2,1,0,0,0,0,0,0,0,0,0,0
510327,1,1,33,33,33,33,33,33,33,33,33,33
510328,1,1,0,0,0,0,0,0,0,0,0,0
510329,1,1,0,0,0,0,0,0,0,0,0,0
510329,2,1,0,28,0,0,0,0,0,0,0,0
510330,1,1,0,0,0,0,0,0,0,0,0,0
510331,1,1,0,0,0,0,0,0,0,0,0,0
510332,1,1,0,0,0,0,0,0,0,0,0,0
510333,1,1,12,12,12,12,12,12,12,12,12,12
510334,1,1,25,25,25,25,25,25,25,25,25,25
510336,1,1,24,24,24,24,24,24,24,24,24,24
510337,1,1,0,0,0,0,0,0,0,0,0,0
510338,1,1,0,0,0,0,0,0,0,0,0,0
510338,2,1,0,0,0,0,0,0,0,0,0,0
510339,1,1,0,0,0,0,0,0,0,0,0,0
510339,2,1,19,19,19,19,19,19,19,19,19,19
510339,3,1,17,9,25,16,9,6,5,0,8,15
510340,1,1,0,0,0,0,0,0,0,0,0,0
510340,2,1,0,0,0,0,0,0,0,0,0,0
510340,3,1,0,0,0,0,0,0,0,0,0,0
510340,4,1,0,0,0,0,0,0,0,0,0,0
510340,5,1,0,0,0,0,0,16,0,0,0,0
510340,6,1,0,0,0,0,0,0,0,3,0,0
510341,1,1,0,0,0,0,0,0,0,0,0,0
510342,1,1,6,25,0,33,0,13,11,0,0,7
510343,1,1,7,7,7,7,7,7,7,7,7,7
510344,1,1,24,24,24,24,24,24,24,24,24,24
510345,0,1,0,0,0,0,0,0,0,0,0,0
510345,1,1,0,1,0,0,0,0,0,26,0,0
510346,1,1,0,0,0,0,0,0,0,0,0,24
510346,2,1,0,0,0,0,0,0,0,0,0,0
510347,1,1,1,1,1,1,1,1,1,1,1,1
510347,2,1,0,0,0,0,0,0,0,0,0,0
510348,0,1,0,0,0,0,0,0,0,0,0,0
510348,1,1,0,0,0,0,0,0,0,0,0,0
510349,1,1,0,0,0,0,0,0,0,0,0,0
510350,1,1,2,2,2,2,2,2,2,2,2,2
510350,2,1,0,0,0,0,0,0,0,0,0,0
510351,1,1,21,21,21,21,21,21,21,21,21,21
510352,1,1,5,5,5,5,5,5,5,5,5,5
510353,1,1,0,0,0,0,0,0,0,0,0,0
510353,2,1,0,0,0,0,0,0,0,19,0,0
510354,1,1,24,24,24,24,24,24,24,24,24,24
510355,1,1,17,17,17,17,17,17,17,17,17,17
510356,1,1,0,0,0,7,8,0,0,12,0,0
510357,1,1,0,0,0,0,0,0,0,0,0,0
510357,2,1,0,5,0,0,0,0,0,0,0,0
510358,1,1,14,14,14,14,14,14,14,14,14,14
510358,2,1,0,0,0,0,0,0,0,0,0,0
510359,1,1,8,8,8,8,8,8,8,8,8,8
510359,2,1,0,0,0,0,0,0,0,0,0,0
510360,1,1,0,0,0,18,0,1,0,0,8,0
510361,1,1,0,22,14,25,6,0,0,0,0,7
510362,1,1,0,0,0,0,0,0,0,0,0,0
510362,2,1,0,0,0,0,0,0,0,0,0,0
510363,0,1,2,2,2,2,2,2,2,2,2,2
510363,1,1,0,0,0,0,0,0,0,0,0,0
510364,1,1,0,0,0,0,0,0,0,0,0,0
510364,2,1,0,0,0,0,0,0,0,0,0,0
510365,1,1,0,0,0,0,0,0,0,0,0,0
510366,1,1,29,29,29,29,29,29,29,29,29,29
510367,1,1,0,0,0,0,0,0,0,0,0,0
510368,1,1,15,21,17,13,15,8,27,15,3,13
510369,1,1,0,0,0,0,0,0,0,0,0,0
510370,1,1,0,0,0,0,0,0,0,0,0,0
510370,2,1,0,0,0,0,0,0,0,0,0,0
510371,1,1,0,0,0,0,0,0,0,0,0,0
510372,1,1,2,2,2,2,2,2,2,2,2,2
510373,1,1,0,0,0,0,0,0,0,0,0,0
510374,1,1,13,14,24,21,22,16,0,0,30,20
510375,1,1,0,0,0,0,0,0,0,0,0,0
510376,1,1,16,16,16,16,16,16,16,16,16,16
510378,1,1,9,9,9,9,9,9,9,9,9,9
510379,0,1,16,16,16,16,16,16,16,16,16,16
510379,1,1,0,0,0,0,0,0,0,0,0,0
510380,1,1,0,0,0,0,0,0,0,0,0,0
510380,2,1,0,0,0,0,0,0,0,0,0,0
510381,1,1,0,0,0,0,0,0,17,0,0,0
510382,1,1,19,19,19,19,19,19,19,19,19,19
510383,1,1,12,14,19,25,25,19,25,21,28,10
510383,2,1,0,0,0,0,0,0,0,0,0,0
510384,0,1,0,0,0,0,0,0,0,0,0,0
510384,1,1,0,0,0,0,0,0,0,0,0,0
510384,2,1,0,0,0,12,0,0,0,0,0,0
510385,1,1,0,0,0,0,0,0,0,0,0,0
510385,2,1,0,0,0,0,0,0,0,0,0,0
510386,1,1,21,21,21,21,21,21,21,21,21,21
510387,1,1,23,23,23,23,23,23,23,23,23,23
510388,1,1,0,0,0,0,0,0,0,0,0,0
510389,1,1,0,0,0,0,0,0,0,0,0,0
510390,1,1,15,15,15,15,15,15,15,15,15,15
510391,0,1,0,0,0,0,0,0,0,0,0,0
510391,1,1,0,0,0,0,0,0,0,0,0,0
510392,1,1,11,11,11,11,11,11,11,11,11,11
510393,1,1,0,0,0,0,0,0,0,0,0,0
510394,1,1,0,0,0,0,0,0,0,0,0,0
510395,0,1,28,28,28,28,28,28,28,28,28,28
510395,1,1,0,0,0,0,0,0,0,0,0,0
510396,1,1,0,0,0,0,0,0,0,0,0,0
510397,1,1,0,0,0,0,0,0,0,0,0,0
510397,2,1,0,0,0,12,0,0,0,0,0,0
510398,1,1,0,0,0,0,0,0,0,0,0,0
510398,2,1,4,4,4,4,4,4,4,4,4,4
510399,1,1,0,0,0,0,0,0,0,0,0,0
510399,2,1,0,0,0,0,0,0,0,0,0,0
510400,1,1,0,0,0,0,0,0,0,0,0,0
510400,2,1,0,0,0,0,0,0,0,0,0,0
510401,1,1,0,10,0,0,0,0,0,0,0,0
510401,2,1,0,0,0,0,0,0,0,0,0,0
510402,1,1,16,16,16,16,16,16,16,16,16,16
510403,1,1,0,0,0,0,0,0,0,0,0,0
510403,2,1,0,0,0,0,0,0,0,0,0,0
510404,1,1,36,36,36,36,36,36,36,36,36,36
510405,1,1,0,0,0,0,0,0,0,0,0,0
510405,2,1,0,0,0,0,0,0,0,0,0,0
510406,0,1,0,0,0,0,0,0,0,0,0,0
510406,1,1,0,0,0,0,0,0,0,0,0,0
510407,1,1,0,0,0,0,0,0,0,0,0,0
510407,2,1,0,0,0,0,0,0,0,0,0,0
510408,1,1,0,0,0,0,0,0,0,0,0,0
510409,1,1,26,26,26,26,26,26,26,26,26,26
510410,1,1,0,0,0,30,13,0,0,0,0,0
510411,1,1,0,0,30,0,29,0,0,0,0,0
510412,1,1,0,0,0,0,0,0,0,0,0,0
510412,2,1,11,11,11,11,11,11,11,11,11,11
510413,1,1,0,0,0,0,0,0,0,0,0,0
510413,2,1,0,0,0,9,0,0,0,0,0,0
510414,1,1,8,8,8,8,8,8,8,8,8,8
510415,1,1,0,0,0,0,0,0,0,0,0,0
510416,1,1,26,0,0,20,0,0,22,0,0,0
510417,1,1,0,0,0,0,0,0,0,0,23,0
510417,2,1,0,0,0,0,0,0,0,0,0,0
510417,3,1,0,0,0,0,0,0,0,0,0,0
510418,1,1,0,0,0,0,0,0,0,0,0,0
510418,2,1,0,0,0,0,0,0,0,0,0,0
510418,3,1,0,0,0,0,0,0,0,0,0,0
510419,1,1,0,0,0,0,0,0,0,0,0,0
510420,1,1,0,0,0,0,0,0,0,0,0,0
510420,2,1,1,1,1,1,1,1,1,1,1,1
510421,1,1,0,0,0,0,0,0,0,0,0,0
510421,2,1,0,0,0,0,0,0,0,0,0,0
510422,1,1,0,0,0,0,0,0,0,0,0,0
510423,1,1,0,0,0,0,0,0,0,0,0,0
510423,2,1,0,0,0,0,0,0,0,0,0,0
510424,1,1,4,4,4,4,4,4,4,4,4,4
510424,2,1,0,0,0,0,0,0,27,0,0,0
510425,1,1,0,0,0,0,0,0,0,0,0,0
510426,1,1,21,20,11,23,13,32,0,15,16,17
510427,1,1,0,0,0,0,0,0,0,0,0,0
510427,2,1,0,0,0,0,0,0,0,0,0,0
510428,1,1,23,23,23,23,23,23,23,23,23,23
510429,1,1,26,26,26,26,26,26,26,26,26,26
510430,1,1,0,0,0,0,0,0,0,0,0,0
510431,1,1,13,13,13,13,13,13,13,13,13,13
510432,1,1,3,3,3,3,3,3,3,3,3,3
510433,1,1,0,0,0,0,0,0,0,0,0,0
510434,1,1,0,0,0,0,0,0,0,0,0,0
510435,0,1,0,0,25,0,0,0,0,0,24,0
510435,1,1,0,0,0,0,0,0,0,0,0,0
510436,1,1,0,0,0,0,0,0,0,0,0,0
510436,2,1,0,0,0,0,0,0,0,0,0,0
510437,1,1,8,8,8,8,8,8,8,8,8,8
510438,1,1,0,0,0,0,0,0,0,0,0,0
510438,2,1,0,0,0,0,0,0,0,0,0,0
510439,1,1,0,0,0,0,0,0,0,0,0,0
510439,2,1,0,0,0,0,0,0,0,0,0,0
510440,1,1,0,0,0,0,0,0,0,0,0,0
510441,1,1,0,0,0,23,0,0,0,0,0,0
510442,1,1,0,0,0,0,0,0,0,0,0,0
510442,2,1,0,0,0,0,0,0,0,0,0,0
510443,1,1,0,0,0,0,0,0,0,0,0,0
510444,1,1,2,2,2,2,2,2,2,2,2,2
510445,1,1,0,0,0,0,0,0,0,0,0,0
510446,0,1,0,0,0,0,0,0,0,0,0,0
510446,1,1,1,0,0,0,0,0,0,0,0,0
510447,1,1,0,0,0,0,0,0,0,0,0,0
510448,1,1,0,0,0,0,0,0,0,0,0,0
510449,1,1,0,0,0,0,0,0,0,0,0,0
510450,1,1,0,0,0,0,0,0,0,0,0,0
510450,2,1,0,0,0,0,0,0,0,0,0,0
510451,1,1,0,0,0,0,0,0,0,0,0,0
510452,1,1,0,0,0,0,0,0,0,0,0,0
510453,1,1,0,0,0,0,0,18,0,0,0,5
510454,1,1,12,28,13,22,24,18,30,4,2,13
510454,2,1,6,6,6,6,6,6,6,6,6,6
510455,0,1,0,0,0,0,0,0,0,0,0,0
510455,1,1,0,0,0,0,0,0,0,0,0,0
510456,1,1,13,13,13,13,13,13,13,13,13,13
510457,1,1,0,0,0,0,0,0,0,0,0,0
510458,0,1,0,0,0,0,0,0,0,0,0,0
510458,1,1,0,0,0,0,0,0,0,0,0,0
510459,1,1,0,0,0,0,0,0,0,0,0,0
510459,2,1,0,0,18,0,0,0,0,0,0,0
510460,1,1,0,0,0,0,0,0,0,0,0,0
510460,2,1,0,0,0,0,0,0,0,0,0,0
510460,3,1,0,0,0,0,0,0,0,0,0,0
510461,1,1,0,0,0,0,0,0,0,0,0,0
510461,2,1,0,0,0,0,0,0,0,0,0,0
510462,1,1,0,0,0,0,0,0,0,0,0,0
510462,2,1,0,0,0,0,0,0,0,0,0,0
510463,1,1,0,0,0,0,0,0,0,0,0,0
510463,2,1,0,0,0,0,0,0,0,0,0,0
510464,1,1,0,0,0,11,15,8,0,0,0,10
510465,0,1,27,27,27,27,27,27,27,27,27,27
510465,1,1,0,19,0,0,0,0,0,0,0,0
510466,1,1,0,0,0,0,0,0,0,0,0,0
510467,1,1,0,0,0,0,0,0,0,0,0,0
510468,0,1,0,0,0,0,0,0,0,0,0,0
510468,2,1,0,0,0,0,0,0,0,0,0,0
510468,3,1,0,0,0,0,0,0,0,0,18,0
510469,1,1,0,0,0,0,0,0,0,0,0,20
510470,0,1,0,0,0,0,0,0,0,0,0,0
510470,1,1,0,0,0,0,0,0,0,0,0,0
510471,1,1,0,7,0,0,0,0,0,0,0,0
510471,2,1,0,0,0,0,0,0,0,0,0,0
510472,1,1,19,19,19,19,19,19,19,19,19,19
510473,1,1,0,0,0,0,0,0,0,0,0,0
510474,1,1,0,0,0,0,0,0,0,0,0,0
510475,1,1,0,0,0,0,0,0,0,0,0,0
510475,2,1,0,0,0,0,0,0,0,0,0,0
510476,1,1,1,1,1,1,1,1,1,1,1,1
510477,1,1,0,0,0,0,0,0,0,0,0,0
510478,1,1,0,0,0,0,0,0,0,0,0,0
510479,1,1,24,24,24,24,24,24,24,24,24,24
510480,1,1,0,0,0,0,0,0,0,0,0,0
510481,1,1,0,0,0,0,0,0,0,0,0,0
510482,1,1,0,0,0,0,0,0,0,0,0,0
510483,1,1,0,0,0,0,0,0,0,0,0,0
510483,2,1,0,0,0,0,0,0,0,0,0,0
510484,1,1,19,19,19,19,19,19,19,19,19,19
510485,1,1,0,0,0,0,0,0,0,0,0,0
510486,1,1,0,0,0,0,0,0,0,0,0,0
510486,2,1,0,0,0,0,0,0,0,0,0,0
510487,1,1,0,0,0,0,0,0,0,0,0,0
510487,2,1,0,0,0,0,0,0,0,0,0,0
510488,1,1,0,0,0,0,0,0,0,0,0,0
510489,1,1,0,0,0,0,0,0,0,0,0,0
510490,1,1,0,0,0,0,0,0,0,0,0,0
510491,1,1,7,7,7,7,7,7,7,7,7,7
510492,1,1,0,0,0,0,0,0,0,0,0,0
510493,1,1,0,0,0,0,0,0,0,0,0,0
510493,2,1,0,0,0,0,0,0,0,0,0,0
510494,1,1,0,0,0,0,0,0,0,0,0,0
510495,1,1,0,0,0,0,0,0,0,0,0,0
510496,1,1,16,16,16,16,16,16,16,16,16,16
510497,1,1,0,0,0,0,0,0,0,0,0,0
510498,1,1,0,0,0,0,0,0,0,0,0,0
510498,2,1,0,13,24,0,0,0,13,15,0,0
510499,1,1,0,0,0,0,0,0,0,0,0,0
510499,2,1,0,0,0,0,0,0,0,0,0,0