ST_CASE,VEH_NO,PER_NO,P1,P2,P3,P4,P5,P6,P7,P8,P9,P10
510500,1,1,0,0,0,0,0,0,0,0,0,0
510500,2,1,0,0,0,0,0,0,0,0,0,0
510501,1,1,0,0,0,0,0,0,0,0,0,0
510502,1,1,13,0,0,31,9,0,0,0,22,13
510503,1,1,20,0,14,0,0,0,18,10,0,5
510504,1,1,23,23,23,23,23,23,23,23,23,23
510505,1,1,24,24,24,24,24,24,24,24,24,24
510506,1,1,0,0,0,0,0,0,0,0,0,13
510507,1,1,0,0,0,0,0,7,0,0,0,6
510508,1,1,0,0,0,0,0,0,0,0,0,0
510508,2,1,4,0,0,0,0,0,0,0,0,0
510509,1,1,0,0,0,0,0,0,0,0,0,0
510509,2,1,0,0,0,0,0,0,0,0,0,0
510510,1,1,0,0,0,0,0,0,0,0,0,0
510511,0,1,8,25,4,21,9,0,6,21,41,6
510511,1,1,0,8,0,0,0,0,0,0,0,0
510512,1,1,0,0,0,0,0,0,0,0,0,0
510512,2,1,0,0,0,0,0,0,0,0,0,0
510513,1,1,0,13,0,0,0,0,0,0,0,0
510513,2,1,0,0,0,0,0,0,0,0,0,0
510514,1,1,0,0,17,0,0,0,0,0,12,0
510515,0,1,32,32,32,32,32,32,32,32,32,32
510515,1,1,0,0,0,0,0,0,0,0,0,0
510516,1,1,23,19,28,29,22,21,7,18,14,17
510517,1,1,0,0,0,0,0,0,0,0,0,0
510518,1,1,0,0,0,0,0,0,0,0,0,0
510518,2,1,0,0,0,0,0,0,0,0,0,0
510519,1,1,0,0,0,0,0,0,0,0,0,0
510519,2,1,0,0,0,0,0,0,0,0,0,0
510520,1,1,0,0,0,0,0,0,0,0,0,0
510520,2,1,0,0,0,0,0,0,0,0,0,0
510521,1,1,0,0,0,0,0,0,0,0,0,0
510521,2,1,0,0,0,0,0,0,0,0,0,0
510521,3,1,0,0,0,0,0,0,0,0,0,0
510522,1,1,0,0,0,0,0,0,0,0,0,0
510523,1,1,0,0,0,0,0,0,0,0,0,0
510523,2,1,0,0,0,0,0,0,0,0,0,6
510524,1,1,0,0,0,0,0,0,20,0,16,15
510525,1,1,0,0,0,0,0,0,0,0,0,0
510525,2,1,0,0,0,0,0,0,0,0,0,0
510526,0,1,0,0,0,0,0,0,0,0,0,0
510526,1,1,0,0,0,0,0,0,0,0,0,0
510527,1,1,15,15,15,15,15,15,15,15,15,15
510527,2,1,0,18,0,0,0,0,0,0,0,0
510528,1,1,0,0,0,0,0,0,6,0,0,0
510528,2,1,0,0,0,0,0,0,0,0,0,0
510529,1,1,0,0,0,0,0,0,0,0,0,0
510529,2,1,0,0,0,7,0,0,0,0,0,0
510530,1,1,12,12,12,12,12,12,12,12,12,12
510531,1,1,0,0,0,0,0,0,0,0,0,0
510532,1,1,0,0,0,0,0,0,0,0,0,0
510532,2,1,13,13,13,13,13,13,13,13,13,13
510533,1,1,0,0,0,0,0,0,0,0,0,0
510533,2,1,0,0,0,0,0,0,0,0,0,0
510533,3,1,0,0,0,0,0,0,0,0,0,0
510534,0,1,33,33,33,33,33,33,33,33,33,33
510534,1,1,0,0,0,0,0,0,0,0,0,0
510535,1,1,17,12,12,20,7,13,3,14,22,11
510536,1,1,8,8,8,8,8,8,8,8,8,8
510537,1,1,23,0,0,0,10,18,0,0,0,0
510538,1,1,1,1,1,1,1,1,1,1,1,1
510539,1,1,0,0,0,0,0,0,0,0,0,0
510539,2,1,0,0,0,0,0,0,0,0,0,0
510540,1,1,0,0,0,0,0,0,0,0,0,0
510541,1,1,18,18,16,0,0,19,35,0,15,11
510542,0,1,0,0,0,0,0,0,0,0,0,0
510542,1,1,0,0,0,0,0,0,0,0,0,0
510543,1,1,0,0,0,0,0,0,15,0,0,0
510543,2,1,0,0,0,0,0,0,0,0,0,0
510544,1,1,0,0,0,0,0,0,0,0,0,0
510544,2,1,0,0,0,0,0,0,0,0,0,0
510545,1,1,0,0,0,0,0,0,0,0,0,0
510545,2,1,0,0,0,0,0,0,0,0,0,0
510546,1,1,21,21,21,21,21,21,21,21,21,21
510546,2,1,0,0,0,0,0,7,0,0,0,0
510547,0,1,0,0,0,0,0,0,0,0,0,0
510547,1,1,0,0,0,0,0,0,0,0,0,0
510548,1,1,17,17,17,17,17,17,17,17,17,17
510549,1,1,22,22,22,22,22,22,22,22,22,22
510550,1,1,0,0,0,0,0,0,0,0,0,0
510550,2,1,0,0,0,0,0,0,0,0,0,0
510550,3,1,0,0,0,0,0,0,0,0,0,0
510551,1,1,0,0,0,0,0,0,0,0,0,0
510552,1,1,0,0,0,0,0,0,0,0,0,0
510552,2,1,30,0,0,0,0,0,31,0,0,0
510553,0,1,0,0,0,0,0,0,0,0,0,0
510553,1,1,0,0,6,0,14,0,51,20,15,0
510554,1,1,1,1,1,1,1,1,1,1,1,1
510554,2,1,0,0,0,0,0,0,0,0,0,0
510555,1,1,12,12,12,12,12,12,12,12,12,12
510556,0,1,16,16,16,16,16,16,16,16,16,16
510556,1,1,0,0,0,0,0,0,17,12,0,30
510557,1,1,0,0,0,0,0,0,0,0,0,0
510558,1,1,0,5,0,11,4,5,0,6,2,17
510558,2,1,0,0,0,0,0,0,0,0,0,0
510558,3,1,0,0,0,0,0,0,0,0,0,0
510559,1,1,0,0,0,0,0,0,0,0,0,0
510559,2,1,0,0,0,0,0,0,0,0,0,0
510560,1,1,13,13,13,13,13,13,13,13,13,13
510561,1,1,0,0,0,0,0,0,0,0,0,0
510562,1,1,0,0,0,0,0,0,0,7,0,0
510562,2,1,0,6,0,0,0,0,0,0,0,0
510563,1,1,0,0,0,0,0,0,0,0,0,0
510564,0,1,32,32,32,32,32,32,32,32,32,32
510564,1,1,0,0,0,0,0,18,0,0,0,0
510565,1,1,0,0,0,0,0,0,0,0,0,0
510565,2,1,0,0,0,0,0,0,0,0,0,0
510566,1,1,2,2,2,2,2,2,2,2,2,2
510567,1,1,0,0,0,0,0,0,0,0,0,0
510567,2,1,0,0,0,0,0,0,0,0,0,0
510568,0,1,41,41,41,41,41,41,41,41,41,41
510568,1,1,0,0,0,0,0,0,0,0,0,0
510569,1,1,18,18,18,18,18,18,18,18,18,18
510570,1,1,16,0,0,0,0,0,0,0,0,0
510571,1,1,28,28,28,28,28,28,28,28,28,28
510572,1,1,0,0,0,0,0,0,0,0,0,0
510573,1,1,0,0,0,0,0,0,0,0,0,0
510573,2,1,0,0,0,0,0,0,0,0,0,0
510574,1,1,0,0,0,0,0,0,0,0,0,0
510575,0,1,0,0,0,0,0,0,0,0,0,0
510575,1,1,0,0,0,0,0,0,0,0,0,0
510576,0,1,0,23,32,25,0,19,32,15,8,0
510576,1,1,0,0,9,0,0,0,0,0,0,0
510577,0,1,17,17,17,17,17,17,17,17,17,17
510577,1,1,0,0,0,0,0,0,13,0,10,0
510578,1,1,0,19,30,0,0,0,18,17,0,0
510578,2,1,0,0,0,0,15,0,0,0,0,0
510579,1,1,29,29,29,29,29,29,29,29,29,29
510580,1,1,0,0,0,0,0,0,0,0,0,0
510580,2,1,0,0,0,0,0,0,0,0,0,0
510581,1,1,4,4,4,4,4,4,4,4,4,4
510582,0,1,20,0,0,0,0,0,0,0,0,0
510582,1,1,0,0,0,0,0,0,0,0,0,16
510583,0,1,28,28,28,28,28,28,28,28,28,28
510583,1,1,0,0,0,35,0,8,11,11,0,7
510584,1,1,0,0,0,0,24,30,0,0,21,0
510585,1,1,0,0,0,0,0,0,0,0,0,0
510585,2,1,0,0,0,0,0,0,0,0,0,0
510586,1,1,18,0,0,0,0,0,0,0,0,0
510587,1,1,15,15,15,15,15,15,15,15,15,15
510588,0,1,0,0,0,0,0,0,0,0,0,0
510588,1,1,0,0,0,0,0,0,0,0,0,0
510589,1,1,0,0,0,0,0,0,0,0,0,0
510590,1,1,2,2,2,2,2,2,2,2,2,2
510590,2,1,0,0,0,0,0,0,0,0,0,0
510591,1,1,11,0,21,0,24,0,26,0,0,0
510592,0,1,0,0,16,0,0,0,0,0,0,0
510592,0,2,0,0,0,0,0,0,0,0,0,0
510592,1,1,0,0,0,0,0,0,0,0,0,0
510593,1,1,0,0,0,0,0,0,0,0,0,0
510593,2,1,0,0,0,0,0,0,0,0,0,0
510593,3,1,0,0,0,0,0,0,0,0,0,5
510594,1,1,0,0,0,0,0,0,0,0,0,0
510594,2,1,0,0,0,0,0,0,0,0,0,0
510595,1,1,0,0,0,0,0,0,0,0,0,0
510596,1,1,0,0,0,0,0,0,0,0,0,0
510596,2,1,0,0,0,0,0,0,0,0,0,0
510597,1,1,1,1,1,1,1,1,1,1,1,1
510597,2,1,0,0,0,0,0,0,0,0,0,0
510598,1,1,15,15,15,15,15,15,15,15,15,15
510598,2,1,0,0,0,0,0,0,0,0,0,0
510599,1,1,26,26,26,26,26,26,26,26,26,26
510600,1,1,0,0,0,0,0,0,0,0,0,0
510600,2,1,0,0,0,0,0,0,0,0,0,0
510601,1,1,16,16,16,16,16,16,16,16,16,16
510602,0,1,0,0,0,0,0,0,0,0,0,0
510602,1,1,0,0,0,0,0,0,0,0,0,0
510603,1,1,0,0,0,0,0,0,0,0,0,0
510604,1,1,0,0,0,0,0,0,0,0,0,0
510605,1,1,0,0,0,0,0,0,0,0,0,0
510606,1,1,3,3,3,3,3,3,3,3,3,3
510607,0,1,4,4,4,4,4,4,4,4,4,4
510607,1,1,0,0,0,0,0,0,0,0,0,0
510607,2,1,0,0,18,0,0,0,14,34,0,0
510607,3,1,0,0,0,0,0,0,0,0,0,0
510607,4,1,0,0,25,31,18,0,0,0,9,31
510608,1,1,0,0,0,0,0,0,0,0,0,0
510608,2,1,0,0,0,0,0,0,0,0,0,0
510609,1,1,17,17,17,17,17,17,17,17,17,17
510610,1,1,0,0,0,0,0,0,0,0,0,0
510610,2,1,0,0,0,0,0,0,0,0,0,0
510611,1,1,11,11,11,11,11,11,11,11,11,11
510612,1,1,34,34,34,34,34,34,34,34,34,34
510613,1,1,1,1,1,1,1,1,1,1,1,1
510614,1,1,0,0,0,0,0,0,0,0,0,0
510614,2,1,0,0,0,0,0,0,0,0,0,12
510614,3,1,0,0,0,0,0,0,0,0,0,0
510615,1,1,0,0,0,0,0,0,0,0,0,0
510615,2,1,0,0,0,0,0,0,0,0,0,0
510615,3,1,0,0,0,0,0,0,0,0,0,0
510616,1,1,0,0,0,0,0,0,0,0,0,0
510617,1,1,0,0,0,0,0,0,0,0,0,0
510617,2,1,0,0,0,0,0,0,0,0,0,0
510618,1,1,0,0,0,0,0,0,0,0,0,0
510618,2,1,0,0,0,0,0,0,0,0,0,0
510618,3,1,0,0,0,0,0,0,0,0,0,0
510619,1,1,0,0,0,0,0,0,0,0,0,0
510620,1,1,0,0,0,0,0,0,0,0,0,0
510621,1,1,24,22,25,0,5,0,31,13,13,4
510622,1,1,17,17,17,17,17,17,17,17,17,17
510622,2,1,0,0,0,6,0,0,0,0,0,0
510623,1,1,11,11,11,11,11,11,11,11,11,11
510624,1,1,0,0,15,8,29,11,0,0,0,2
510625,1,1,0,0,0,0,0,0,0,0,0,0
510625,2,1,0,0,0,0,0,0,0,0,0,0
510626,1,1,0,0,0,0,0,0,0,0,0,0
510627,1,1,0,0,0,0,0,0,0,0,0,0
510628,1,1,8,17,12,6,15,11,20,0,11,10
510629,0,1,24,24,24,24,24,24,24,24,24,24
510629,1,1,0,0,0,0,0,0,0,0,0,0
510630,1,1,33,33,33,33,33,33,33,33,33,33
510631,1,1,15,15,15,15,15,15,15,15,15,15
510632,1,1,12,0,21,13,0,0,0,0,12,0
510632,2,1,0,13,0,9,9,0,0,0,0,0
510633,1,1,0,0,0,0,0,0,0,0,0,0
510634,1,1,0,0,0,0,0,0,0,0,0,0
510635,1,1,0,0,0,0,0,39,0,0,0,0
510635,2,1,0,0,0,0,0,0,0,0,0,0
510636,1,1,0,0,0,0,0,0,0,0,0,0
510636,2,1,0,0,0,0,0,0,0,0,0,0
510637,1,1,0,0,0,0,0,0,0,0,0,0
510638,0,1,8,0,0,0,0,0,0,0,0,0
510638,1,1,0,0,0,0,0,0,0,0,0,0
510639,1,1,34,34,34,34,34,34,34,34,34,34
510639,2,1,0,0,0,0,0,0,0,0,0,0
510639,3,1,0,0,0,0,0,0,0,0,0,0
510640,0,1,5,5,5,5,5,5,5,5,5,5
510640,1,1,0,0,0,0,0,0,0,0,0,5
510641,0,1,0,0,0,0,0,0,0,0,0,0
510641,1,1,0,0,0,0,0,0,0,0,0,0
510642,1,1,0,0,0,0,0,0,0,0,0,0
510643,1,1,0,0,0,0,0,0,0,0,0,0
510643,2,1,0,0,0,0,0,0,0,0,0,0
510644,1,1,21,21,21,21,21,21,21,21,21,21
510645,0,1,0,0,0,0,0,0,0,0,0,0
510645,1,1,0,0,28,0,0,0,0,29,14,0
510646,1,1,0,0,0,0,0,0,0,0,0,0
510646,2,1,0,0,0,0,0,0,0,0,0,0
510647,1,1,16,16,16,16,16,16,16,16,16,16
510647,2,1,0,0,0,0,0,0,0,0,0,0
510648,1,1,0,0,0,0,0,0,0,0,0,0
510649,1,1,0,0,0,0,0,0,0,0,0,0
510650,1,3,0,13,21,17,7,10,35,14,15,10
510651,1,1,28,9,12,7,0,13,14,18,14,4
510651,2,1,12,3,13,18,27,20,11,12,20,10
510652,1,1,0,0,0,0,0,0,0,0,0,0
510652,2,1,0,0,0,0,0,0,0,0,0,0
510653,1,1,0,0,0,0,0,0,0,0,0,0
510654,1,1,33,33,33,33,33,33,33,33,33,33
510655,1,1,12,12,12,12,12,12,12,12,12,12
510655,2,1,0,0,0,0,0,0,0,0,0,0
510656,1,1,0,0,0,0,0,0,0,0,7,0
510657,1,1,0,0,0,0,0,0,0,0,0,0
510658,0,1,29,27,17,25,33,27,23,21,23,0
510658,1,1,0,7,0,0,0,0,0,0,0,0
510659,0,1,25,25,25,25,25,25,25,25,25,25
510659,1,1,0,14,0,0,0,0,0,0,0,0
510660,0,1,14,14,14,14,14,14,14,14,14,14
510660,1,1,0,0,0,0,0,0,0,0,0,0
510661,1,1,0,0,12,0,25,18,29,28,9,13
510662,1,1,0,0,0,0,0,0,0,0,0,0
510663,1,1,0,0,0,0,0,0,0,0,0,0
510664,1,1,0,0,0,21,0,0,14,0,0,0
510665,1,1,0,0,0,0,0,0,0,0,0,0
510666,1,1,0,0,0,0,0,0,0,0,0,0
510666,2,1,0,0,0,0,0,0,0,0,0,0
510666,3,1,0,0,10,0,0,0,0,0,0,0
510667,1,1,0,0,0,0,0,0,0,0,0,0
510667,2,1,0,0,0,0,0,0,0,0,0,0
510667,3,1,0,0,5,0,0,0,0,0,0,0
510668,1,1,0,0,0,0,0,0,0,0,0,0
510668,2,1,0,0,0,0,0,0,0,0,0,0
510668,3,1,0,0,0,0,0,0,0,0,0,0
510669,1,1,5,5,5,5,5,5,5,5,5,5
510670,1,1,0,0,0,0,0,0,0,0,0,0
510670,2,1,0,0,0,0,0,0,0,0,0,0
510670,3,1,0,19,7,17,0,0,0,0,0,0
510671,1,1,0,0,0,0,0,0,0,0,0,0
510672,1,1,22,22,22,22,22,22,22,22,22,22
510673,1,1,0,0,0,0,0,0,0,0,0,0
510674,1,1,2,32,0,0,0,0,0,0,0,12
510675,0,1,0,0,0,0,0,0,0,0,0,0
510675,1,1,1,1,1,1,1,1,1,1,1,1
510676,1,1,0,2,0,0,0,0,0,0,0,0
510677,0,1,0,0,0,0,0,0,0,0,0,0
510677,1,1,0,0,0,0,0,0,0,0,0,0
510677,2,1,0,0,0,0,0,0,0,0,0,0
510679,0,1,0,0,0,0,0,0,0,0,0,0
510679,1,1,0,0,0,0,0,0,0,0,0,0
510680,1,1,0,0,0,0,0,0,0,0,0,0
510680,2,1,0,0,12,0,0,0,0,0,0,0
510681,1,1,0,0,0,0,0,0,0,0,0,0
510681,2,1,0,0,0,0,0,0,0,0,0,0
510682,1,1,0,0,0,0,0,0,0,0,0,0
510682,2,1,0,0,0,0,0,0,0,0,0,0
510683,1,1,0,0,0,0,0,0,0,0,0,0
510683,2,1,0,0,0,0,0,0,0,0,0,0
510684,1,1,0,0,5,0,0,0,0,0,0,0
510684,2,1,0,0,0,0,0,0,0,0,0,0
510685,0,1,23,23,23,23,23,23,23,23,23,23
510685,1,1,26,0,0,0,0,0,0,0,0,0
510686,1,1,0,0,0,0,0,0,0,0,0,0
510687,1,1,0,0,0,0,0,0,0,0,0,0
510688,1,1,16,16,16,16,16,16,16,16,16,16
510689,1,1,0,0,0,0,0,35,0,0,0,0
510690,0,1,39,39,39,39,39,39,39,39,39,39
510690,1,1,0,20,2,0,0,0,0,0,12,0
510691,1,1,0,0,0,0,0,0,0,0,0,0
510692,1,1,6,6,6,6,6,6,6,6,6,6
510693,0,1,17,17,17,17,17,17,17,17,17,17
510693,1,1,15,15,15,15,15,15,15,15,15,15
510694,1,1,29,29,29,29,29,29,29,29,29,29
510695,1,1,0,0,0,0,0,0,0,0,0,0
510696,1,1,36,36,36,36,36,36,36,36,36,36
510697,1,1,0,0,0,0,0,0,0,0,0,0
510697,2,1,0,0,0,0,0,0,0,0,0,0
510698,0,1,0,0,0,0,0,0,0,0,0,0
510698,1,1,0,0,0,0,0,0,0,0,0,0
510699,1,1,26,26,26,26,26,26,26,26,26,26
510700,1,1,0,0,0,0,0,0,0,0,0,0
510701,1,1,0,11,0,17,0,0,0,0,17,17
510702,1,1,0,0,0,0,0,0,0,0,0,0
510702,2,1,0,0,0,0,0,0,0,0,0,0
510703,1,1,0,0,0,0,0,0,0,0,0,0
510704,1,1,0,0,0,0,0,0,0,0,0,0
510704,2,1,0,0,0,0,0,0,0,0,0,0
510705,0,1,0,0,0,0,0,0,0,0,0,0
510705,1,1,0,0,0,0,0,0,0,0,0,0
510706,1,1,0,0,0,0,0,0,0,0,0,0
510707,1,1,17,24,8,9,12,16,14,12,6,13
530001,1,1,15,15,15,15,15,15,15,15,15,15
530002,1,1,0,0,0,0,0,0,0,0,0,0
530003,1,1,0,0,0,0,0,0,0,0,0,0
530003,2,1,22,22,22,22,22,22,22,22,22,22
530004,1,1,0,0,0,0,0,0,0,0,0,5
530005,0,1,28,28,28,28,28,28,28,28,28,28
530005,1,1,0,0,0,0,0,0,0,0,0,0
530006,1,1,0,0,0,0,0,0,0,0,0,0
530007,0,1,0,0,0,0,0,0,0,0,0,0
530007,1,1,0,0,0,0,0,0,0,0,0,0
530008,1,1,0,0,0,0,0,0,0,0,0,0
530009,1,1,0,0,0,0,0,0,0,0,0,0
530010,1,1,7,7,7,7,7,7,7,7,7,7
530010,2,1,11,11,11,11,11,11,11,11,11,11
530011,1,1,0,0,0,0,0,0,0,0,0,0
530011,2,1,0,0,0,0,0,0,0,0,0,0
530012,1,1,0,0,0,0,0,0,0,0,0,0
530012,2,1,0,0,0,0,0,0,0,0,0,0
530013,1,1,13,13,13,13,13,13,13,13,13,13
530014,1,1,0,0,0,0,0,0,0,0,0,0
530015,0,1,30,30,30,30,30,30,30,30,30,30
530015,1,1,0,0,0,0,0,0,0,0,0,0
530016,1,1,0,0,0,0,0,0,0,0,0,0
530016,2,1,0,0,0,0,0,0,0,0,0,0
530016,3,1,0,0,0,0,0,0,0,21,0,0
530017,1,1,8,8,8,8,8,8,8,8,8,8
530018,1,1,0,0,0,0,0,0,0,0,0,0
530018,2,1,0,0,0,0,0,0,0,0,0,0
530019,0,1,0,0,0,0,0,0,0,0,0,0
530019,1,1,0,0,0,0,0,0,0,0,0,0
530020,0,1,14,14,14,14,14,14,14,14,14,14
530020,1,1,0,0,15,0,0,0,0,0,0,0
530021,1,1,0,0,0,0,0,0,0,0,0,0
530022,1,1,20,20,20,20,20,20,20,20,20,20
530023,1,1,17,17,17,17,17,17,17,17,17,17
530024,1,1,0,0,0,0,0,0,0,0,0,0
530024,2,1,0,0,0,0,0,0,0,0,0,0
530025,1,1,0,0,0,0,0,0,0,0,0,0
530025,2,1,0,0,0,0,0,0,0,0,0,0
530026,1,1,23,8,0,9,17,4,6,0,0,17
530026,2,1,0,0,0,0,0,0,0,0,0,0
530027,1,1,14,14,14,14,14,14,14,14,14,14
530027,2,1,0,0,0,0,0,0,0,0,0,0
530028,1,1,0,0,0,0,0,0,0,0,0,0
530028,2,1,0,0,0,0,0,0,0,0,0,0
530028,3,1,0,8,0,0,0,8,9,0,0,0
530029,0,1,0,0,0,0,0,0,0,0,0,0
530029,1,1,0,0,0,0,0,0,0,0,0,0
530030,0,1,0,0,0,0,0,0,0,0,0,0
530030,1,1,0,0,0,0,0,0,0,0,0,0
530031,1,1,0,0,0,0,0,0,0,0,0,0
530031,2,1,0,0,0,0,0,0,0,0,0,0
530031,3,1,0,0,0,0,0,0,0,0,0,0
530032,1,1,23,23,23,23,23,23,23,23,23,23
530032,2,1,0,0,0,0,0,0,0,0,0,0
530033,1,1,0,0,0,0,0,0,0,0,0,0
530034,1,1,4,4,4,4,4,4,4,4,4,4
530035,0,1,0,0,0,0,0,0,0,0,0,0
530035,1,1,0,0,0,0,0,0,0,0,0,0
530036,1,1,0,0,0,0,0,0,0,0,0,0
530036,2,1,0,0,0,0,0,0,0,0,0,0
530037,1,1,0,0,0,0,0,0,0,0,0,0
530037,2,1,0,0,0,0,0,0,0,0,0,0
530038,1,1,0,0,0,0,0,0,0,0,0,0
530039,1,1,27,27,27,27,27,27,27,27,27,27
530040,0,1,26,26,26,26,26,26,26,26,26,26
530040,1,1,0,0,0,0,0,0,0,0,0,0
530041,1,1,23,23,23,23,23,23,23,23,23,23
530041,2,1,0,0,0,0,0,0,0,0,0,0
530042,1,1,0,0,0,0,0,0,0,0,0,0
530043,1,1,0,0,0,0,0,0,0,0,0,0
530044,1,1,0,0,0,0,0,0,0,0,0,0
530044,2,1,0,0,0,0,0,0,0,0,0,0
530044,3,1,0,0,0,0,0,0,0,0,0,0
530045,1,1,24,24,24,24,24,24,24,24,24,24
530046,1,1,23,23,23,23,23,23,23,23,23,23
530047,1,1,7,7,7,7,7,7,7,7,7,7
530048,1,1,0,0,0,0,0,0,0,0,0,0
530049,1,1,24,24,24,24,24,24,24,24,24,24
530050,1,1,8,34,18,28,21,31,46,15,16,31
530050,2,1,0,0,0,0,0,0,0,0,0,0
530051,0,1,0,0,0,0,0,0,0,0,0,0
530051,1,1,0,0,0,0,0,0,0,0,0,0
530051,2,1,0,0,0,0,0,0,0,0,0,0
530052,0,1,14,14,14,14,14,14,14,14,14,14
530052,1,1,0,0,0,0,0,0,0,0,0,0
530053,1,1,12,12,12,12,12,12,12,12,12,12
530054,1,1,17,17,17,17,17,17,17,17,17,17
530055,1,1,0,0,0,0,0,0,0,0,0,0
530056,1,1,0,0,0,0,0,0,0,0,0,0
530057,1,1,0,0,0,0,0,0,0,6,0,0
530058,1,1,0,0,0,0,0,0,0,0,0,0
530058,2,1,0,0,0,0,0,0,0,0,0,0
530059,0,1,20,20,20,20,20,20,20,20,20,20
530059,1,1,0,0,0,0,0,0,0,0,0,0
530060,0,1,0,0,0,0,0,0,0,0,0,0
530060,0,2,0,11,0,0,13,0,16,0,0,0
530060,1,1,12,0,0,0,0,0,0,0,9,0
530061,1,1,16,16,16,16,16,16,16,16,16,16
530062,1,1,0,0,0,0,0,0,0,0,0,0
530062,2,1,0,0,0,0,0,0,0,0,0,0
530063,1,1,13,13,13,13,13,13,13,13,13,13
530064,1,1,6,6,6,6,6,6,6,6,6,6
530064,2,1,0,0,0,0,0,0,0,0,0,0
530065,1,1,0,0,0,0,0,0,0,0,0,0
530065,2,1,0,0,0,0,0,0,0,0,0,0
530066,1,1,9,9,9,9,9,9,9,9,9,9
530067,1,1,0,0,0,0,0,0,0,0,0,0
530067,2,1,0,0,0,0,0,0,0,0,0,0
530068,1,1,31,31,31,31,31,31,31,31,31,31
530069,1,1,16,16,16,16,16,16,16,16,16,16
530070,0,1,15,15,15,15,15,15,15,15,15,15
530070,1,1,0,0,0,0,0,0,0,0,0,0
530071,0,1,23,23,23,23,23,23,23,23,23,23
530071,1,1,0,0,0,0,0,0,0,0,0,0
530072,1,1,0,0,0,0,0,0,0,0,0,0
530075,0,1,0,0,0,0,0,0,0,0,0,0
530075,1,1,4,4,4,4,4,4,4,4,4,4
530076,1,1,0,0,0,0,0,0,0,0,0,0
530076,2,1,0,0,0,0,0,0,0,0,0,0
530077,1,1,0,0,0,0,0,0,0,0,0,0
530077,2,1,0,0,0,0,0,0,0,0,0,0
530078,1,1,20,20,20,20,20,20,20,20,20,20
530079,1,1,0,0,0,0,0,0,0,0,0,0
530079,2,1,13,13,13,13,13,13,13,13,13,13
530079,3,1,0,26,17,0,0,0,0,0,0,0
530080,1,1,18,18,18,18,18,18,18,18,18,18
530081,0,1,0,0,14,10,0,0,13,0,0,0
530081,1,1,0,0,13,0,0,21,0,0,0,0
530082,1,1,10,0,21,0,0,0,0,0,0,0
530082,2,1,0,0,0,0,0,0,0,0,0,0
530083,0,1,13,13,13,13,13,13,13,13,13,13
530083,1,1,8,8,8,8,8,8,8,8,8,8
530084,1,1,0,0,0,0,0,0,0,0,0,0
530084,2,1,0,0,0,0,0,0,0,0,0,0
530085,1,1,10,10,10,10,10,10,10,10,10,10
530086,1,1,0,0,0,0,0,0,14,0,0,0
530087,1,1,0,0,0,0,0,0,0,0,0,0
530087,2,1,0,0,0,0,0,0,0,0,0,0
530088,0,1,33,33,33,33,33,33,33,33,33,33
530088,1,1,0,0,0,0,0,0,0,0,0,0
530089,1,1,22,22,22,22,22,22,22,22,22,22
530090,1,1,0,0,0,0,0,0,0,0,0,0
530090,2,1,0,0,0,0,0,0,0,0,0,0
530091,1,1,0,0,0,0,0,0,0,0,0,0
530091,2,1,0,0,0,0,0,0,0,0,0,0
530092,1,1,0,0,0,0,0,0,0,0,0,0
530092,2,1,0,0,0,0,0,0,0,0,0,0
530092,3,1,0,0,0,0,0,0,0,0,0,0
530093,1,1,6,6,6,6,6,6,6,6,6,6
530094,1,1,20,20,20,20,20,20,20,20,20,20
530095,1,1,9,9,9,9,9,9,9,9,9,9
530095,2,1,0,13,0,12,19,0,0,0,17,0
530096,1,1,26,26,26,26,26,26,26,26,26,26
530098,1,1,12,12,12,12,12,12,12,12,12,12
530099,1,1,0,0,0,0,3,15,0,0,0,0
530099,2,1,23,0,0,0,0,0,0,0,0,0
530100,1,1,0,0,0,0,0,0,0,0,0,0
530101,1,1,10,10,10,10,10,10,10,10,10,10
530102,1,1,0,0,0,0,0,0,0,0,0,0
530103,1,1,42,42,42,42,42,42,42,42,42,42
530104,1,1,0,0,0,0,0,0,0,0,0,0
530105,1,1,0,0,0,0,0,0,0,0,0,0
530105,2,1,10,0,0,0,0,0,0,0,0,0
530105,3,1,0,20,0,19,23,0,0,0,0,0
530106,1,1,0,0,0,0,0,0,0,6,0,0
530106,2,1,0,0,0,0,0,0,0,0,0,0
530107,1,1,8,8,8,8,8,8,8,8,8,8
530108,0,1,0,0,0,0,0,0,0,0,0,0
530108,1,1,0,0,0,0,0,0,0,0,0,0
530108,2,1,0,0,0,0,0,0,0,0,27,0
530108,3,1,0,0,0,0,0,0,0,0,0,0
530109,1,1,0,4,0,0,0,0,0,0,0,0
530109,2,1,0,0,0,0,0,0,0,0,0,0
530110,1,1,0,0,0,0,0,0,0,0,0,0
530110,2,1,0,0,0,0,0,0,0,0,0,0
530110,3,1,0,0,0,0,0,0,0,0,0,0
530112,1,1,30,30,30,30,30,30,30,30,30,30