ST_CASE,VEH_NO,PER_NO,P1,P2,P3,P4,P5,P6,P7,P8,P9,P10
530112,2,1,0,0,0,0,0,0,0,0,0,0
530113,1,1,30,30,30,30,30,30,30,30,30,30
530114,1,1,0,0,0,0,0,0,0,0,0,0
530114,2,1,0,0,0,0,0,0,0,0,0,0
530115,0,1,0,0,0,0,0,0,0,0,0,0
530115,1,1,0,0,0,0,0,0,0,5,0,0
530118,1,1,0,0,0,0,0,0,0,0,0,0
530119,1,1,16,16,16,16,16,16,16,16,16,16
530119,2,1,0,0,0,0,0,0,0,0,0,0
530120,0,1,0,0,0,0,0,0,0,0,0,0
530120,1,1,18,18,18,18,18,18,18,18,18,18
530121,0,1,0,0,0,0,0,0,0,0,0,0
530121,1,1,0,0,0,0,0,0,0,0,0,0
530122,1,1,16,16,16,16,16,16,16,16,16,16
530123,1,1,0,0,0,0,0,0,0,0,0,0
530123,2,1,0,0,0,0,0,0,0,0,0,0
530124,1,1,0,0,0,0,0,0,0,0,0,0
530125,1,1,0,0,0,0,0,0,0,0,0,0
530126,1,1,0,0,0,0,0,0,0,0,0,0
530127,1,1,0,0,0,0,0,0,0,0,0,0
530128,1,1,13,5,27,10,22,22,12,5,7,12
530129,0,1,0,0,0,0,0,0,0,0,0,0
530129,1,1,0,0,0,0,0,0,0,0,0,0
530130,1,1,0,0,0,0,0,0,0,0,0,0
530130,2,1,0,0,0,0,0,0,0,0,0,0
530131,1,1,0,0,22,0,0,0,0,0,0,0
530131,2,1,0,0,0,0,0,0,0,0,0,0
530132,1,1,15,15,15,15,15,15,15,15,15,15
530133,1,1,13,13,13,13,13,13,13,13,13,13
530134,0,1,0,0,0,0,0,0,0,0,0,0
530134,1,1,0,0,0,0,0,0,0,0,0,0
530135,1,1,0,0,0,0,0,0,0,0,0,0
530136,1,1,17,17,17,17,17,17,17,17,17,17
530137,1,1,13,13,13,13,13,13,13,13,13,13
530138,1,1,19,19,19,19,19,19,19,19,19,19
530138,2,1,0,0,0,0,0,0,0,0,0,0
530139,1,1,0,0,0,0,0,0,0,0,0,0
530139,2,1,0,0,0,0,0,0,0,0,0,0
530140,1,1,15,7,13,11,4,10,6,16,0,14
530141,0,1,0,0,0,0,0,0,0,0,0,0
530141,1,1,0,0,0,0,0,0,0,0,0,0
530142,1,1,0,0,0,0,0,0,0,0,0,0
530143,1,1,6,20,9,14,13,22,31,20,33,10
530144,1,1,0,0,0,0,0,0,0,0,0,0
530144,2,1,15,0,4,0,26,0,17,0,14,0
530145,1,1,0,0,0,0,0,0,0,0,0,0
530146,1,1,0,0,0,0,0,0,0,0,0,0
530146,2,1,0,0,0,0,0,0,0,0,0,0
530147,1,1,28,28,28,28,28,28,28,28,28,28
530149,1,1,0,0,0,0,0,0,0,0,0,0
530150,1,1,0,0,0,0,0,0,0,14,0,0
530150,2,1,0,0,0,0,0,0,0,0,0,0
530151,1,1,0,0,0,0,0,0,0,0,0,0
530151,2,1,0,0,0,0,0,0,0,0,0,0
530152,1,1,0,0,0,0,0,0,0,0,0,0
530153,1,1,0,0,0,0,0,0,0,0,0,0
530153,2,1,0,0,0,0,0,0,0,0,0,0
530154,1,1,0,0,0,0,0,0,0,0,0,0
530154,2,1,0,0,0,0,0,0,0,0,0,0
530155,1,1,0,0,0,0,0,0,0,0,0,0
530155,2,1,0,0,0,0,0,0,0,0,0,0
530156,1,1,22,22,22,22,22,22,22,22,22,22
530157,1,1,18,18,18,18,18,18,18,18,18,18
530157,2,1,0,0,9,0,0,0,0,0,0,0
530158,1,1,7,7,7,7,7,7,7,7,7,7
530159,0,1,12,12,12,12,12,12,12,12,12,12
530159,1,1,0,0,0,0,0,0,0,0,0,0
530160,1,1,0,0,0,0,0,0,0,0,0,0
530160,2,1,0,0,0,0,0,0,0,0,0,0
530161,1,1,15,15,15,15,15,15,15,15,15,15
530161,2,1,0,0,0,0,0,0,0,0,0,0
530162,1,1,38,0,0,0,0,0,0,0,30,0
530162,2,1,0,0,0,0,0,0,0,0,0,0
530163,0,1,0,0,0,0,0,0,0,0,0,0
530163,1,1,0,0,0,0,0,0,0,0,0,0
530164,1,1,0,0,0,0,0,0,0,0,0,0
530164,2,1,0,0,0,0,0,0,0,0,0,0
530166,1,1,0,0,0,0,0,0,0,0,0,0
530166,2,1,0,0,0,0,0,0,0,0,0,0
530167,1,1,0,0,0,0,0,0,0,0,0,0
530168,1,1,0,0,0,0,0,0,0,0,0,0
530168,2,1,0,0,0,0,0,0,0,0,0,0
530169,1,1,16,16,16,16,16,16,16,16,16,16
530170,1,1,0,0,0,0,0,0,0,0,0,0
530170,2,1,0,0,0,0,0,0,0,0,0,0
530171,1,1,0,0,0,0,0,0,0,0,0,0
530172,1,1,0,3,0,0,0,0,0,0,0,0
530173,0,1,0,0,0,0,0,0,0,0,0,0
530173,1,1,0,0,0,0,0,0,0,0,0,0
530174,1,1,0,0,0,0,0,0,0,0,0,0
530174,2,1,0,0,0,0,0,0,0,0,0,0
530175,1,1,15,15,15,15,15,15,15,15,15,15
530176,1,1,0,0,0,0,0,0,0,0,0,0
530176,2,1,0,0,12,0,0,0,0,0,0,0
530177,0,1,0,0,0,0,0,0,0,0,0,0
530177,1,1,0,0,0,0,0,0,0,0,0,0
530178,1,1,0,0,0,0,0,0,0,0,0,0
530178,2,1,0,0,0,0,0,0,0,0,0,0
530178,3,1,0,0,0,0,0,0,0,0,0,0
530179,0,1,0,0,0,0,0,0,0,9,0,0
530179,1,1,0,0,0,0,0,0,0,0,0,0
530180,1,1,0,0,0,0,0,0,0,0,0,0
530180,2,1,0,0,0,0,0,0,0,0,0,0
530181,0,1,0,0,0,0,0,0,9,26,0,0
530181,1,1,0,0,0,0,0,0,0,0,0,0
530181,2,1,0,35,22,0,0,0,0,0,0,0
530182,0,1,12,12,12,12,12,12,12,12,12,12
530182,1,1,0,0,0,0,0,0,0,0,0,0
530183,1,1,0,0,0,0,0,0,0,0,0,0
530183,2,1,0,0,0,0,0,0,0,0,0,0
530184,1,1,0,0,0,0,0,0,0,0,0,0
530184,2,1,0,0,0,0,0,0,0,0,0,0
530184,3,1,0,0,0,0,0,0,0,0,0,0
530185,1,1,0,0,0,0,0,0,0,0,0,0
530186,0,1,21,21,21,21,21,21,21,21,21,21
530186,1,1,0,0,0,0,0,0,0,0,0,0
530187,1,1,0,0,0,0,0,0,0,0,0,0
530187,2,1,0,0,0,0,0,0,0,0,0,0
530188,1,1,36,36,36,36,36,36,36,36,36,36
530189,1,1,22,22,22,22,22,22,22,22,22,22
530190,1,1,0,0,0,0,0,0,0,0,0,0
530191,1,1,20,14,19,22,17,22,29,20,3,15
530192,1,1,0,0,3,0,0,0,0,0,0,0
530192,2,1,0,0,0,0,0,0,0,0,0,0
530192,3,1,0,0,0,0,0,0,0,0,0,0
530193,0,1,32,32,32,32,32,32,32,32,32,32
530193,1,1,0,0,0,0,0,0,0,0,0,0
530194,0,1,0,0,0,0,0,0,0,0,0,0
530194,1,1,0,0,0,0,0,0,0,0,0,0
530195,0,1,10,10,10,10,10,10,10,10,10,10
530195,1,1,0,0,0,0,0,0,0,0,0,0
530196,1,1,13,13,13,13,13,13,13,13,13,13
530197,1,1,18,18,18,18,18,18,18,18,18,18
530197,2,1,0,0,0,0,0,0,0,0,0,0
530198,1,1,0,0,0,0,0,0,0,0,0,0
530198,2,1,0,0,0,0,0,0,0,0,0,0
530199,1,1,23,23,23,23,23,23,23,23,23,23
530200,1,1,0,0,0,0,0,0,0,0,0,0
530200,2,1,0,0,0,0,0,0,0,0,0,0
530201,1,1,24,24,24,24,24,24,24,24,24,24
530202,1,1,8,0,0,0,0,0,0,0,0,9
530202,2,1,0,0,0,0,0,0,0,0,0,0
530203,1,1,0,0,0,0,0,0,0,0,0,0
530203,2,1,0,0,0,0,0,0,0,0,0,0
530204,1,1,0,0,0,0,0,0,0,0,0,0
530204,2,1,0,0,0,0,0,0,0,0,0,0
530205,1,1,27,27,27,27,27,27,27,27,27,27
530206,1,1,11,24,0,19,10,25,15,28,4,13
530207,1,1,6,6,6,6,6,6,6,6,6,6
530207,2,1,0,0,0,0,0,0,25,0,0,0
530208,1,1,0,0,0,0,0,0,0,0,0,0
530208,2,1,0,0,0,0,0,0,0,0,0,0
530209,1,1,20,20,20,20,20,20,20,20,20,20
530210,1,1,0,0,0,0,0,0,0,0,0,0
530211,1,1,0,0,0,0,0,0,0,0,0,0
530212,0,1,0,0,0,0,0,0,0,0,0,0
530212,1,1,0,0,0,0,0,0,0,0,0,0
530213,1,1,0,0,0,0,0,0,0,0,0,0
530213,2,1,0,0,0,0,0,0,0,0,0,0
530213,3,1,0,0,0,0,0,0,0,0,0,0
530213,4,1,0,0,0,0,0,0,0,0,0,0
530214,1,1,17,17,17,17,17,17,17,17,17,17
530215,1,1,0,0,0,0,0,0,0,0,0,0
530216,1,1,0,0,0,10,0,5,12,9,0,0
530216,2,1,0,0,0,0,0,0,0,0,0,0
530217,1,1,0,0,0,0,0,0,0,0,0,0
530218,1,1,35,19,0,24,5,0,0,0,8,0
530219,1,1,5,0,5,10,13,0,0,0,13,6
530220,1,1,18,18,18,18,18,18,18,18,18,18
530221,1,1,29,29,29,29,29,29,29,29,29,29
530221,2,1,0,0,0,0,0,0,0,0,0,0
530222,0,1,0,0,0,0,0,0,0,0,0,0
530222,1,1,0,0,0,0,0,0,0,0,0,0
530223,1,1,0,0,0,0,0,0,0,0,0,0
530224,1,1,26,26,26,26,26,26,26,26,26,26
530225,1,1,0,0,0,0,0,0,0,0,0,0
530226,0,1,0,0,0,0,0,0,0,0,0,0
530226,1,1,0,0,0,0,0,0,0,0,0,0
530227,0,1,23,23,23,23,23,23,23,23,23,23
530227,1,1,0,0,0,0,0,0,0,0,0,0
530228,1,1,34,34,34,34,34,34,34,34,34,34
530229,1,1,8,8,8,8,8,8,8,8,8,8
530230,1,1,17,17,17,17,17,17,17,17,17,17
530231,1,1,0,0,0,0,0,0,0,0,0,0
530232,1,1,21,21,21,21,21,21,21,21,21,21
530233,1,1,26,26,26,26,26,26,26,26,26,26
530234,1,1,0,0,0,0,0,0,0,0,0,0
530235,1,1,4,4,4,4,4,4,4,4,4,4
530237,1,1,0,0,0,0,0,0,0,0,0,0
530237,2,1,0,0,0,0,0,0,0,0,0,0
530238,1,1,7,41,21,10,11,13,3,14,22,17
530239,1,1,0,0,0,0,0,0,0,0,0,0
530240,1,1,24,24,24,24,24,24,24,24,24,24
530240,2,1,0,0,0,0,0,0,0,0,0,0
530241,1,1,20,20,20,20,20,20,20,20,20,20
530242,1,1,20,20,20,20,20,20,20,20,20,20
530243,1,1,0,0,0,0,0,0,0,0,0,0
530244,1,1,18,18,18,18,18,18,18,18,18,18
530245,1,1,0,0,0,0,9,0,0,6,0,0
530246,1,1,0,0,0,0,0,0,0,0,0,0
530247,1,1,0,0,0,0,0,0,0,0,0,7
530248,1,1,18,0,0,10,0,0,0,24,0,0
530249,1,1,0,0,0,0,47,0,0,0,0,25
530250,0,1,0,0,20,0,22,25,0,20,37,32
530250,1,1,0,0,0,0,0,0,0,0,0,0
530251,1,1,12,12,12,12,12,12,12,12,12,12
530252,1,1,16,16,16,16,16,16,16,16,16,16
530253,1,1,0,0,0,0,0,0,0,0,0,0
530253,2,1,0,0,0,0,0,0,0,0,0,0
530254,0,1,14,14,14,14,14,14,14,14,14,14
530254,1,1,0,0,0,0,0,0,0,0,0,0
530256,1,1,19,19,19,19,19,19,19,19,19,19
530257,1,1,27,27,27,27,27,27,27,27,27,27
530258,1,1,5,5,5,5,5,5,5,5,5,5
530259,1,1,0,0,0,0,0,0,0,0,0,0
530259,2,1,0,0,0,0,0,0,0,0,0,0
530260,1,1,0,0,0,0,0,0,0,0,0,0
530260,2,1,0,0,0,0,0,0,0,0,0,0
530261,1,1,24,9,22,18,6,17,0,24,38,12
530261,2,1,0,0,0,0,0,0,0,0,0,0
530261,3,1,0,0,0,0,0,0,0,0,0,0
530262,1,1,0,0,0,0,0,0,0,0,0,0
530262,2,1,0,0,0,0,0,0,0,0,0,0
530263,1,1,18,18,18,18,18,18,18,18,18,18
530264,1,1,12,12,12,12,12,12,12,12,12,12
530265,1,1,0,0,12,0,0,0,0,0,0,0
530266,1,1,7,7,7,7,7,7,7,7,7,7
530266,2,1,0,0,0,0,0,0,0,0,0,0
530267,1,1,5,5,5,5,5,5,5,5,5,5
530268,1,1,18,18,18,18,18,18,18,18,18,18
530268,2,1,11,11,11,11,11,11,11,11,11,11
530269,1,1,18,18,18,18,18,18,18,18,18,18
530269,2,1,0,0,0,0,0,0,0,0,0,0
530270,1,1,22,22,22,22,22,22,22,22,22,22
530271,0,1,0,0,0,0,13,0,0,0,0,0
530271,1,1,0,0,0,0,0,0,0,0,0,0
530272,1,1,24,24,24,24,24,24,24,24,24,24
530272,2,1,0,0,0,0,0,0,0,0,0,0
530273,0,1,0,0,0,0,0,0,0,0,0,0
530273,1,1,0,0,0,0,0,0,0,0,0,0
530274,1,1,0,0,0,0,8,0,0,12,0,0
530275,1,1,0,0,0,0,0,0,0,0,0,0
530275,2,1,0,0,0,0,0,0,0,0,0,12
530276,0,1,29,29,29,29,29,29,29,29,29,29
530276,1,1,0,0,0,0,0,0,0,0,0,0
530277,0,1,0,0,0,0,0,0,0,0,0,0
530277,1,1,0,0,0,0,0,0,0,0,0,0
530278,0,1,0,0,0,0,0,0,0,0,0,0
530278,1,1,0,0,0,0,0,0,0,0,0,0
530279,1,1,0,0,0,0,0,0,0,0,0,0
530279,2,1,0,0,0,0,0,0,0,0,0,0
530279,3,1,0,0,0,0,0,0,0,0,0,0
530280,1,1,0,0,0,0,0,0,0,0,0,12
530280,2,1,0,0,0,0,0,0,0,0,0,0
530281,1,1,23,23,23,23,23,23,23,23,23,23
530282,1,1,16,16,16,16,16,16,16,16,16,16
530283,1,1,0,0,0,0,0,0,0,0,0,0
530284,1,1,0,0,0,0,0,0,0,0,0,0
530284,2,1,0,0,0,0,0,0,0,0,0,0
530285,0,1,0,0,0,0,0,0,0,0,0,0
530285,1,1,0,0,0,0,0,0,0,0,0,0
530286,1,1,21,21,21,21,21,21,21,21,21,21
530287,1,1,17,17,17,17,17,17,17,17,17,17
530288,1,1,0,0,0,0,0,0,0,0,0,0
530288,2,1,0,0,0,0,0,0,0,0,0,0
530288,3,1,0,0,0,0,0,0,0,0,0,0
530289,1,1,0,0,0,0,0,0,7,18,0,25
530289,2,1,0,0,0,0,0,0,0,0,0,0
530290,1,1,0,0,0,0,0,0,0,0,0,32
530290,2,1,0,0,0,0,0,0,0,0,0,0
530291,1,1,0,0,23,0,0,0,0,0,0,0
530291,2,1,0,0,0,0,0,0,0,0,0,0
530292,1,1,17,17,17,17,17,17,17,17,17,17
530292,2,1,0,0,0,0,0,0,0,0,0,0
530293,0,1,28,28,28,28,28,28,28,28,28,28
530293,1,1,0,0,0,0,0,0,0,0,0,0
530294,1,1,0,0,0,0,0,0,0,0,0,0
530295,1,1,0,0,0,0,0,0,0,0,0,0
530295,2,1,11,11,11,11,11,11,11,11,11,11
530295,3,1,0,0,0,0,0,0,0,0,0,0
530296,1,1,0,25,24,7,0,0,0,12,0,0
530297,1,1,16,16,16,16,16,16,16,16,16,16
530298,1,1,0,0,0,0,0,0,0,0,0,0
530299,1,1,0,0,0,0,0,0,0,0,0,0
530299,2,1,0,0,0,0,0,0,0,0,0,0
530299,3,1,0,0,0,0,0,0,0,0,0,0
530300,1,1,0,0,0,0,0,0,0,0,0,0
530300,2,1,0,0,0,0,0,0,0,0,0,0
530300,3,1,0,0,0,0,0,0,0,0,0,0
530301,1,1,24,24,24,24,24,24,24,24,24,24
530301,2,1,0,0,0,0,0,0,0,0,0,0
530302,1,1,8,8,8,8,8,8,8,8,8,8
530303,0,1,25,25,25,25,25,25,25,25,25,25
530303,1,1,0,0,0,9,0,0,0,0,10,9
530304,1,1,0,0,0,0,5,0,0,0,0,0
530304,2,1,0,0,0,0,0,0,0,0,0,0
530305,1,1,0,0,0,0,0,0,0,0,0,0
530306,1,1,18,18,18,18,18,18,18,18,18,18
530307,1,1,0,0,0,0,0,0,0,0,0,0
530307,2,1,0,0,0,0,0,0,0,0,0,0
530308,0,1,0,0,0,0,0,0,0,0,0,0
530308,1,1,0,0,0,0,0,0,0,0,0,0
530309,1,1,0,0,0,0,0,0,0,0,0,0
530310,1,1,15,15,15,15,15,15,15,15,15,15
530311,1,1,0,0,0,0,0,0,0,0,0,0
530311,2,1,0,0,0,0,0,0,0,0,0,0
530312,1,1,8,8,8,8,8,8,8,8,8,8
530313,0,1,0,0,0,0,0,0,0,0,0,0
530313,1,1,0,0,0,0,0,0,0,0,0,0
530314,1,1,10,10,10,10,10,10,10,10,10,10
530315,1,1,16,16,16,16,16,16,16,16,16,16
530315,2,1,0,0,0,0,0,0,0,0,0,0
530316,1,1,0,0,0,0,13,15,0,0,0,28
530317,1,1,0,0,0,0,0,0,0,0,0,0
530317,2,1,0,0,0,0,0,0,0,0,0,0
530318,1,1,0,0,0,0,0,0,0,0,0,0
530319,1,1,10,0,0,4,19,6,0,0,0,0
530320,1,1,11,11,11,11,11,11,11,11,11,11
530321,1,1,13,13,13,13,13,13,13,13,13,13
530322,1,1,0,0,0,0,0,0,0,0,0,0
530322,2,1,0,0,0,0,0,0,0,0,0,0
530323,1,1,9,0,26,6,16,32,8,14,10,10
530324,1,1,13,13,13,13,13,13,13,13,13,13
530325,1,1,0,0,0,0,0,0,0,0,0,0
530326,1,1,17,24,32,20,20,0,29,9,10,23
530327,1,1,6,6,6,6,6,6,6,6,6,6
530328,1,1,3,3,3,3,3,3,3,3,3,3
530329,1,1,7,7,7,7,7,7,7,7,7,7
530330,1,1,0,0,0,0,0,0,0,0,0,0
530331,1,1,18,18,18,18,18,18,18,18,18,18
530332,1,1,0,0,0,0,0,0,0,0,0,0
530332,2,1,0,0,0,0,0,0,0,0,0,0
530333,1,1,0,0,0,0,0,0,0,0,0,0
530333,2,1,0,13,5,0,9,0,0,0,0,0
530334,1,1,17,17,17,17,17,17,17,17,17,17
530335,1,1,0,0,16,0,0,0,9,0,0,0
530335,2,1,0,0,0,0,0,0,0,0,0,0
530336,1,1,0,0,0,0,0,0,0,0,0,0
530337,1,1,0,0,26,0,0,0,0,0,0,0
530338,1,1,26,26,26,26,26,26,26,26,26,26
530339,1,1,0,0,0,0,0,0,0,0,9,0
530339,2,1,0,0,0,0,0,0,0,0,0,0
530340,0,1,0,0,0,0,0,0,0,0,0,0
530340,1,1,0,0,0,0,0,0,0,0,0,0
530340,2,1,0,0,0,0,0,0,0,0,0,0
530341,1,1,0,0,0,0,0,0,0,0,0,0
530342,1,1,24,24,24,24,24,24,24,24,24,24
530342,2,1,0,0,0,0,0,0,0,0,0,0
530343,1,1,0,0,0,0,0,0,0,0,0,0
530344,1,1,0,0,0,0,0,0,0,0,0,0
530345,1,1,30,30,30,30,30,30,30,30,30,30
530346,1,1,24,24,24,24,24,24,24,24,24,24
530347,1,1,0,0,0,0,0,0,0,0,0,0
530348,1,1,6,6,6,6,6,6,6,6,6,6
530349,1,1,0,0,0,0,0,0,0,0,0,0
530349,2,1,0,0,0,0,0,0,0,0,0,0
530350,0,1,4,4,4,4,4,4,4,4,4,4
530350,1,1,0,0,0,0,0,8,0,0,0,0
530351,0,1,33,33,33,33,33,33,33,33,33,33
530351,1,1,0,0,0,35,0,0,6,0,0,0
530352,1,1,0,0,0,0,0,0,0,0,0,0
530353,1,1,0,0,0,0,0,0,0,0,0,0
530354,1,1,9,9,9,9,9,9,9,9,9,9
530356,1,1,0,0,0,0,0,0,0,0,0,0
530356,2,1,0,0,0,0,0,0,0,0,0,0
530356,3,1,0,0,0,0,0,0,0,0,0,0
530356,4,1,0,0,0,0,0,0,0,0,0,0
530356,5,1,0,0,10,0,0,0,0,0,0,0
530357,1,1,0,0,0,0,0,0,0,0,0,0
530357,2,1,0,0,0,0,0,0,0,0,0,0
530357,3,1,0,0,0,0,0,0,0,0,0,0
530358,0,1,0,0,0,0,0,0,0,0,0,0
530358,1,1,0,0,0,0,8,0,0,0,0,0
530359,1,1,10,10,10,10,10,10,10,10,10,10
530360,1,1,0,0,0,0,0,0,0,0,0,0
530360,2,1,0,0,0,0,0,0,0,0,0,0
530361,1,1,0,0,0,0,0,0,0,0,0,0
530362,1,1,19,37,0,14,30,25,7,18,12,34
530363,1,1,8,8,8,8,8,8,8,8,8,8
530364,1,1,18,15,7,23,15,7,22,18,12,0
530365,1,1,0,0,0,0,0,0,0,0,0,0
530365,2,1,0,0,0,0,0,0,0,0,0,0
530366,0,1,0,0,0,0,0,0,0,0,0,0
530366,1,1,0,0,0,0,0,0,0,0,0,0
530366,2,1,0,0,0,0,0,0,0,0,0,0
530367,1,1,0,0,0,0,0,0,0,0,0,0
530367,2,1,0,0,0,0,0,0,0,0,0,0
530368,1,1,10,10,10,10,10,10,10,10,10,10
530369,1,1,0,0,0,0,0,0,0,0,0,0
530370,0,1,0,0,0,0,0,0,0,0,0,0
530370,1,1,0,0,0,0,0,0,0,0,0,0
530371,1,1,0,0,0,0,0,0,0,0,0,0
530371,2,1,0,0,0,0,0,0,0,0,0,0
530372,0,1,26,26,26,26,26,26,26,26,26,26
530372,1,1,0,0,0,0,0,0,0,0,0,0
530374,1,1,0,0,0,0,0,0,0,0,0,0
530375,0,1,0,0,0,0,0,0,0,0,0,0
530375,1,1,0,0,0,0,0,0,0,0,0,0
530376,0,1,0,0,0,0,0,0,0,0,0,0
530376,1,1,4,4,4,4,4,4,4,4,4,4
530377,1,1,0,0,0,0,0,0,0,0,0,0
530378,0,1,0,0,0,0,0,0,0,0,0,0
530378,1,1,0,0,0,0,0,0,0,0,0,0
530379,1,1,21,21,21,21,21,21,21,21,21,21
530379,2,1,0,0,0,0,0,0,0,0,0,23
530380,1,1,0,0,0,0,0,0,0,0,0,0
530380,2,1,0,0,0,0,0,0,0,0,0,0
530381,0,1,0,0,0,0,0,0,0,0,0,0
530381,1,1,0,0,0,0,0,0,0,0,0,0
530382,1,1,25,25,25,25,25,25,25,25,25,25
530383,1,1,0,0,0,0,0,0,0,0,0,0
530384,0,1,0,0,0,0,0,0,0,0,0,0
530384,1,1,0,20,0,0,0,0,0,0,0,0
530385,0,1,21,21,21,21,21,21,21,21,21,21
530385,1,1,0,0,0,0,0,0,0,0,0,0
530385,2,1,0,0,0,0,0,0,0,0,0,0
530386,1,1,0,0,0,0,0,0,0,0,0,0
530387,0,1,0,0,0,0,0,0,0,0,0,0
530387,1,1,8,8,8,8,8,8,8,8,8,8
530388,1,1,3,3,3,3,3,3,3,3,3,3
530388,2,1,0,0,0,0,0,0,0,0,0,0
530389,1,1,15,15,15,15,15,15,15,15,15,15
530389,2,1,0,0,0,0,0,0,0,0,0,0
530390,1,1,0,0,0,0,19,0,0,0,0,0
530390,2,1,0,0,0,0,0,0,0,0,0,0
530391,0,1,12,12,12,12,12,12,12,12,12,12
530391,1,1,0,0,0,0,0,0,0,0,0,0
530392,1,1,0,0,0,0,0,0,0,0,0,0
530392,2,1,0,0,0,0,0,0,0,0,0,0
530393,1,1,22,22,22,22,22,22,22,22,22,22
530394,0,1,0,0,0,0,0,0,0,0,0,0
530394,1,1,0,0,15,0,0,0,0,0,0,0
530395,1,1,0,0,0,0,0,0,0,0,0,0
530396,1,1,0,0,0,0,0,0,0,0,0,0
530396,2,1,0,0,0,0,0,0,0,0,0,0
530397,1,1,17,17,17,17,17,17,17,17,17,17
530398,0,1,0,0,0,0,0,0,0,0,0,0
530398,1,1,0,0,0,0,0,0,0,0,0,0
530399,1,1,22,22,22,22,22,22,22,22,22,22
530400,1,1,0,0,0,0,0,0,0,0,0,0
530400,2,1,0,0,0,0,0,0,0,0,0,0
530401,0,1,0,0,0,0,0,0,0,0,0,0
530401,1,1,0,0,0,0,0,0,0,0,0,0
530402,1,1,0,0,20,0,0,0,0,0,14,0
530403,1,1,0,0,0,0,0,0,0,0,0,0
530403,2,1,0,0,0,0,0,0,0,0,0,0
530404,1,1,0,0,0,0,0,0,0,0,0,0
530404,2,1,0,0,0,0,0,0,0,0,0,0
530405,1,1,25,8,24,20,3,5,14,15,22,10
530406,1,1,0,0,0,0,0,0,0,0,0,0
530406,2,1,0,0,0,0,0,0,0,0,0,0
530406,3,1,0,0,0,0,0,0,0,0,0,0
530406,4,1,0,0,0,0,0,0,0,0,0,0
530406,5,1,0,0,0,0,0,0,0,0,0,0
530406,6,1,0,0,0,0,0,0,0,0,0,0
530406,7,1,0,0,0,0,0,0,0,0,0,0
530406,8,1,0,0,0,0,0,0,0,0,0,0
530406,9,1,0,0,0,0,0,0,0,0,0,0
530406,10,1,0,0,0,0,0,0,0,0,0,0
530406,11,1,0,0,0,0,0,0,0,0,0,0
530406,12,1,0,0,0,0,0,0,0,0,0,0
530406,13,1,0,0,0,23,0,0,0,0,0,0
530406,14,1,0,0,0,0,0,0,0,0,0,0
530406,15,1,0,0,0,0,0,4,0,0,0,0
530406,16,1,0,0,0,0,0,0,0,0,0,0
530407,1,1,0,0,0,0,0,0,0,0,0,0
530407,2,1,0,0,0,0,0,0,0,0,12,0
530408,0,1,0,0,0,0,0,0,0,0,0,0
530408,1,1,0,0,24,0,0,0,0,0,0,0
530409,1,1,0,0,0,0,0,0,0,0,0,0
530410,1,1,25,8,12,0,0,0,0,0,0,10
530411,1,1,0,0,13,0,0,0,24,0,0,0
530411,2,1,0,0,0,0,0,0,0,0,0,0
530413,1,1,0,0,0,0,0,0,0,0,0,0
530414,1,1,0,0,0,0,0,0,0,0,0,0
530414,2,1,0,0,0,0,0,0,0,0,0,20
530415,1,1,9,9,9,9,9,9,9,9,9,9
530416,0,1,0,0,0,0,0,0,0,0,0,0
530416,1,1,0,0,0,0,0,0,0,0,0,0
530417,0,1,15,15,15,15,15,15,15,15,15,15
530417,1,1,0,0,0,0,0,0,0,0,0,0
530418,1,1,20,20,20,20,20,20,20,20,20,20
530419,1,1,0,2,11,0,0,0,0,12,0,0
530419,2,1,0,0,0,5,0,0,0,0,0,0
530420,0,1,0,0,0,0,0,0,0,0,0,0
530420,1,1,0,0,0,0,0,0,0,0,0,0
530421,1,1,0,0,0,0,0,0,0,0,0,0
530421,2,1,0,0,0,2,0,0,0,0,0,0
530422,0,1,0,0,0,0,0,0,0,6,0,0
530422,1,1,0,0,0,0,0,0,0,0,0,0
530423,1,1,0,0,0,0,0,0,0,0,0,0
530424,1,1,12,12,12,12,12,12,12,12,12,12
530425,1,1,21,21,21,21,21,21,21,21,21,21
530425,2,1,0,0,0,0,0,0,0,0,0,0
530426,0,1,0,0,0,0,0,0,0,0,0,0
530426,1,1,33,24,15,18,13,27,33,10,9,17
530427,0,1,0,0,0,0,0,0,0,0,0,0
530427,1,1,0,0,0,0,0,0,0,0,0,0
530428,1,1,0,0,0,0,0,0,0,0,0,0
530428,2,1,0,0,0,0,0,0,0,0,0,0
530429,1,1,31,31,31,31,31,31,31,31,31,31
530430,0,1,0,0,0,0,0,0,0,0,0,0
530430,1,1,0,0,0,0,0,0,0,0,0,0
530431,1,1,0,0,0,0,0,0,0,0,0,0
530432,1,1,19,19,19,19,19,19,19,19,19,19
530433,1,1,0,0,0,0,0,0,0,0,0,0
530433,2,1,0,0,0,0,0,0,0,0,0,0