ST_CASE,VEH_NO,PER_NO,P1,P2,P3,P4,P5,P6,P7,P8,P9,P10
530434,0,1,0,0,0,0,0,0,0,0,0,0
530434,1,1,0,0,0,0,0,0,0,0,0,0
540001,1,1,0,0,0,0,0,0,0,0,0,0
540002,1,1,0,0,0,0,0,0,0,0,0,0
540003,1,1,0,0,0,0,0,0,0,0,0,0
540004,1,1,0,0,0,0,0,0,0,0,0,0
540004,2,1,0,0,0,0,0,22,0,0,0,0
540005,1,1,22,22,22,22,22,22,22,22,22,22
540006,1,1,0,0,0,0,0,0,0,0,0,0
540006,2,1,0,0,0,0,0,0,0,0,0,0
540007,1,1,0,0,0,0,0,0,0,0,0,0
540008,1,1,0,0,0,0,0,0,0,0,0,0
540009,1,1,0,0,0,0,0,0,0,0,0,0
540009,2,1,0,0,0,0,0,0,0,0,0,0
540010,1,1,0,0,0,0,0,0,0,0,0,0
540011,1,1,0,0,0,0,0,0,0,0,0,0
540012,1,1,0,0,0,0,0,0,0,0,0,0
540013,1,1,0,0,0,0,0,0,0,0,0,0
540013,2,1,0,0,0,0,0,0,0,0,0,0
540014,1,1,0,0,0,0,0,0,0,0,0,0
540014,2,1,0,0,0,0,0,0,0,0,0,0
540015,1,1,19,8,13,24,6,0,7,12,1,0
540016,1,1,13,13,13,13,13,13,13,13,13,13
540017,1,1,0,0,0,0,0,0,0,0,0,0
540017,2,1,0,0,0,0,0,0,0,0,0,0
540018,1,1,0,0,0,0,0,0,0,0,0,0
540019,1,1,8,0,0,9,18,12,13,0,17,24
540021,1,1,0,0,0,0,0,0,0,0,0,0
540022,0,1,0,0,0,0,0,0,0,0,0,0
540022,1,1,14,14,14,14,14,14,14,14,14,14
540023,1,1,0,0,0,0,0,0,0,0,0,0
540023,2,1,0,0,0,0,0,0,0,0,0,0
540024,1,1,1,1,1,1,1,1,1,1,1,1
540025,1,1,0,0,0,0,0,0,0,0,14,0
540026,1,1,20,20,20,20,20,20,20,20,20,20
540027,1,1,0,0,0,0,0,0,0,0,0,0
540027,2,1,0,0,0,0,0,0,0,0,0,0
540028,1,1,21,0,26,0,0,0,0,0,32,0
540028,2,1,0,0,0,0,0,0,0,0,0,0
540029,1,1,36,36,36,36,36,36,36,36,36,36
540030,1,1,23,23,23,23,23,23,23,23,23,23
540031,1,1,15,15,19,12,18,13,6,29,4,15
540032,1,1,26,26,26,26,26,26,26,26,26,26
540033,0,1,0,0,0,0,0,0,0,0,0,0
540033,1,1,0,0,0,0,0,0,0,0,0,0
540034,1,1,0,0,0,0,0,0,0,0,0,0
540035,1,1,0,0,0,0,0,0,0,0,0,0
540035,2,1,0,0,0,0,0,0,0,0,0,0
540036,1,1,0,0,0,0,0,0,0,0,0,0
540036,2,1,0,0,0,0,0,0,0,0,0,0
540038,1,1,14,14,14,14,14,14,14,14,14,14
540039,1,1,0,0,0,0,0,0,0,0,0,0
540040,1,1,0,0,0,0,0,0,0,0,0,0
540041,1,1,0,0,0,0,0,0,0,12,0,0
540042,1,1,20,20,20,20,20,20,20,20,20,20
540043,1,1,0,0,0,0,0,0,0,0,0,0
540043,2,1,0,0,0,0,0,0,0,0,0,0
540044,1,1,0,0,0,0,0,0,0,0,0,0
540044,2,1,0,0,0,0,0,0,0,0,0,0
540045,1,1,0,0,0,0,0,0,0,0,0,0
540045,2,1,0,0,0,0,0,0,0,0,0,0
540046,1,1,0,0,0,0,0,0,0,0,0,0
540047,1,1,10,10,10,10,10,10,10,10,10,10
540048,1,1,18,0,9,12,2,15,28,5,7,14
540048,2,1,0,0,0,0,0,0,0,0,0,0
540049,0,1,0,0,0,0,0,0,0,0,0,0
540049,1,1,0,0,0,14,0,0,0,0,0,0
540050,1,1,0,0,0,0,0,0,0,0,0,0
540051,1,1,0,0,0,0,0,0,0,0,0,0
540052,1,1,19,19,19,19,19,19,19,19,19,19
540053,1,1,0,0,0,0,0,0,0,0,0,29
540053,2,1,0,0,0,0,0,0,0,0,0,0
540054,1,1,0,0,0,0,0,0,0,0,0,0
540055,1,1,0,0,0,0,0,9,0,0,0,0
540055,2,1,0,0,0,11,0,0,0,0,0,0
540056,1,1,0,0,0,0,0,0,0,0,0,0
540056,2,1,0,0,0,0,0,0,0,0,0,0
540057,1,1,0,0,0,0,0,0,0,0,0,0
540057,2,1,19,19,19,19,19,19,19,19,19,19
540058,1,1,0,0,0,0,0,0,16,3,0,0
540059,1,1,0,0,0,0,0,0,0,0,0,0
540060,1,1,0,0,0,0,0,0,0,0,0,0
540060,2,1,0,0,0,0,0,0,0,0,0,0
540061,1,1,0,0,0,0,0,0,0,0,0,0
540062,1,1,0,0,0,0,0,0,0,0,0,0
540062,2,1,0,0,0,0,0,0,0,0,0,0
540063,1,1,0,0,0,0,0,0,0,0,0,0
540063,2,1,0,0,0,0,0,0,0,0,0,0
540064,1,1,0,0,0,0,0,0,0,0,0,0
540064,2,1,0,0,0,0,0,0,0,0,0,0
540065,1,1,0,0,0,0,0,0,0,0,0,0
540065,2,1,0,0,0,0,0,0,0,0,0,0
540066,1,1,0,0,0,0,0,0,0,0,0,0
540067,1,1,0,0,0,0,0,0,0,0,0,0
540067,2,1,0,0,0,0,0,0,0,0,0,0
540068,1,1,13,13,13,13,13,13,13,13,13,13
540069,1,1,0,0,0,0,0,0,0,0,0,0
540069,2,1,0,0,0,0,0,0,0,0,0,0
540070,1,1,0,0,0,0,0,0,3,0,0,0
540070,2,1,0,0,0,0,0,0,0,0,0,0
540070,3,1,0,0,0,0,0,0,0,0,0,0
540071,1,1,0,0,0,0,0,0,0,0,0,0
540071,2,1,0,0,0,0,0,0,0,0,0,0
540072,1,1,0,0,0,0,0,0,8,0,0,0
540073,1,1,0,0,0,0,0,0,0,0,0,0
540074,1,1,0,0,0,0,0,0,0,0,0,0
540075,1,1,12,12,12,12,12,12,12,12,12,12
540076,1,1,0,0,0,0,0,0,0,0,0,0
540077,0,1,12,12,12,12,12,12,12,12,12,12
540077,1,1,0,0,17,31,0,0,0,0,0,0
540078,1,1,0,0,0,0,0,0,0,0,0,0
540079,1,1,13,13,13,13,13,13,13,13,13,13
540080,1,1,18,20,27,16,22,22,0,21,25,32
540081,1,1,0,0,0,0,0,0,0,0,0,0
540081,2,1,0,0,0,0,0,0,0,0,0,0
540082,1,1,0,0,0,0,0,0,0,0,0,0
540082,2,1,0,0,0,0,0,0,0,0,0,0
540082,3,1,0,0,0,0,0,0,0,0,0,0
540083,0,1,10,10,10,10,10,10,10,10,10,10
540083,1,1,0,0,0,0,0,0,0,0,0,0
540084,1,1,0,0,0,0,0,0,0,0,0,0
540085,1,1,13,13,13,13,13,13,13,13,13,13
540086,1,1,0,0,0,0,0,0,0,0,0,0
540086,2,1,0,0,0,0,0,9,0,0,0,0
540087,1,1,34,34,34,34,34,34,34,34,34,34
540088,1,1,13,13,13,13,13,13,13,13,13,13
540089,1,1,0,0,0,0,0,0,0,0,0,0
540090,0,1,0,0,0,0,0,0,0,0,0,0
540090,1,1,0,0,0,0,0,0,0,0,0,0
540090,2,1,0,0,0,0,0,0,0,0,0,0
540091,1,1,0,0,0,0,0,0,0,0,0,0
540091,2,1,0,0,0,0,0,0,0,0,0,0
540092,1,1,0,0,0,0,0,0,0,0,0,0
540092,2,1,0,0,0,0,0,0,0,0,0,0
540093,1,1,0,0,0,0,10,7,0,0,0,0
540093,2,1,0,0,0,0,13,0,0,21,0,0
540094,1,1,0,0,0,0,0,0,0,0,0,0
540095,1,1,0,0,0,0,0,0,0,0,0,0
540095,2,1,0,0,0,0,0,0,0,0,0,0
540096,1,1,0,0,0,0,0,0,0,0,0,0
540096,2,1,0,0,0,0,0,0,0,0,0,0
540097,1,1,0,0,0,0,0,0,0,13,0,0
540098,1,1,0,0,0,0,0,0,0,0,0,0
540099,1,1,0,0,0,0,0,0,0,0,0,0
540100,1,1,0,0,0,0,0,0,0,0,0,0
540101,1,1,17,17,17,17,17,17,17,17,17,17
540102,1,1,15,15,15,15,15,15,15,15,15,15
540103,1,1,0,0,0,0,0,0,0,0,0,0
540104,1,1,0,0,0,0,0,0,0,0,0,0
540105,1,1,0,0,0,0,0,0,0,0,0,0
540105,2,1,0,0,0,0,0,0,0,0,0,0
540106,1,1,0,0,0,0,0,0,0,0,0,0
540106,2,1,0,0,0,0,0,0,0,0,0,0
540107,1,1,0,0,0,0,0,0,0,0,0,0
540107,2,1,0,0,0,0,0,0,0,0,0,0
540108,1,1,0,0,0,0,0,0,0,0,0,0
540108,2,1,0,0,0,0,0,0,0,0,0,0
540108,3,1,0,0,0,0,0,0,0,0,0,0
540108,4,1,0,0,15,0,0,0,0,0,0,11
540109,1,1,0,0,0,0,0,0,0,0,0,0
540109,2,1,0,0,0,0,0,0,0,0,0,0
540109,3,1,0,0,0,0,0,0,0,0,0,0
540109,4,1,0,0,0,0,0,0,0,0,0,0
540109,5,1,0,0,0,0,0,0,14,0,0,0
540110,1,1,0,0,0,0,0,0,0,0,0,0
540110,2,1,0,0,0,0,10,0,0,0,0,0
540111,1,1,0,0,0,0,0,0,0,0,0,0
540111,2,1,0,0,0,10,0,0,0,0,0,0
540112,1,1,0,0,0,0,0,0,0,0,0,18
540112,2,1,17,11,8,12,28,25,11,8,21,8
540113,1,1,5,5,5,5,5,5,5,5,5,5
540113,2,1,0,0,10,0,0,0,0,0,0,9
540114,1,1,0,0,0,0,0,0,0,0,0,0
540114,2,1,0,0,0,0,0,0,0,0,0,0
540114,3,1,0,0,0,0,0,0,0,0,0,0
540115,1,1,0,0,0,0,0,0,0,0,0,0
540115,2,1,0,0,0,0,0,0,0,0,0,0
540116,1,1,0,0,0,0,0,0,0,0,0,0
540117,1,1,11,16,0,0,24,17,14,0,12,18
540117,2,1,0,0,0,0,0,0,0,0,0,0
540118,1,1,0,0,0,0,0,0,0,0,0,0
540119,1,1,0,0,0,0,0,0,0,0,0,0
540120,1,1,0,0,0,0,0,0,0,0,0,0
540121,1,1,0,0,0,0,0,0,0,0,0,0
540122,1,1,0,0,0,0,0,0,0,0,0,0
540122,2,1,20,20,20,20,20,20,20,20,20,20
540123,1,1,23,23,23,23,23,23,23,23,23,23
540124,1,1,37,37,37,37,37,37,37,37,37,37
540125,1,1,0,0,0,20,0,0,0,0,0,0
540125,2,1,0,0,0,0,0,0,8,0,0,0
540126,1,1,0,0,0,0,0,0,0,0,0,0
540127,1,1,12,12,12,12,12,12,12,12,12,12
540127,2,1,0,0,0,0,0,0,0,0,0,0
540128,0,1,0,0,0,0,0,0,0,0,0,0
540128,1,1,0,0,0,0,0,0,0,0,0,0
540129,0,1,0,0,0,0,0,0,0,0,0,0
540129,1,1,0,0,0,0,7,0,0,42,9,0
540130,1,1,0,0,0,0,0,0,0,0,0,0
540130,2,1,0,0,0,0,0,0,0,0,0,0
540131,1,1,0,0,0,0,0,0,0,0,0,0
540131,2,1,0,0,0,0,0,0,0,0,0,0
540132,1,1,8,8,8,8,8,8,8,8,8,8
540133,1,1,27,27,27,27,27,27,27,27,27,27
540134,1,1,14,14,14,14,14,14,14,14,14,14
540135,1,1,0,0,0,0,0,0,0,0,0,0
540136,1,1,0,0,0,0,0,0,0,0,0,0
540137,1,1,0,0,0,0,0,0,0,0,0,0
540137,2,1,0,0,0,0,0,0,0,0,0,0
540138,1,1,14,0,0,0,0,15,14,0,0,0
540138,2,1,0,0,0,0,0,0,0,0,0,0
540138,3,1,0,0,0,0,0,0,0,0,0,0
540139,1,1,0,0,0,0,0,0,0,0,0,0
540139,2,1,0,0,0,0,0,0,0,0,0,0
540140,0,1,17,17,17,17,17,17,17,17,17,17
540140,1,1,0,0,0,19,0,0,0,0,10,0
540141,1,1,13,0,0,0,0,0,15,0,0,0
540142,1,1,0,0,0,0,0,0,0,0,0,0
540142,2,1,0,0,0,0,0,0,0,0,0,0
540143,1,1,0,0,0,0,0,0,0,0,0,0
540143,2,1,0,0,0,0,0,0,0,0,0,0
540144,1,1,0,0,0,0,0,0,0,0,0,0
540144,2,1,0,0,0,0,0,0,0,0,0,0
540145,1,1,0,0,0,0,0,0,0,0,0,0
540146,1,1,0,0,0,0,0,0,0,0,0,0
540147,1,1,0,0,0,0,0,0,0,0,0,0
540148,1,1,12,12,12,12,12,12,12,12,12,12
540149,1,1,0,10,0,10,0,0,19,0,0,0
540149,2,1,14,0,31,21,7,27,5,16,21,14
540150,1,1,0,0,0,0,0,0,0,0,0,0
540150,2,1,15,15,15,15,15,15,15,15,15,15
540151,1,1,0,0,0,0,0,26,0,0,0,0
540152,1,1,0,0,0,0,0,0,0,0,0,0
540153,1,1,0,36,0,0,0,0,0,0,16,0
540153,2,1,0,0,0,0,0,0,0,0,0,0
540153,3,1,0,0,0,0,0,0,0,0,0,0
540154,1,1,0,0,0,0,0,0,0,0,0,0
540155,1,1,0,0,0,10,0,0,0,0,0,0
540155,2,1,0,0,0,0,0,0,0,0,0,0
540156,1,1,0,0,0,0,0,0,0,0,0,0
540156,2,1,0,0,0,0,0,0,0,0,0,0
540157,1,1,33,23,11,22,19,22,10,13,19,0
540158,1,1,18,18,18,18,18,18,18,18,18,18
540159,1,1,0,0,0,0,0,0,0,0,0,0
540159,2,1,0,0,0,0,0,0,0,0,0,0
540160,1,1,0,0,0,0,0,0,0,0,0,0
540160,2,1,7,7,7,7,7,7,7,7,7,7
540161,1,1,0,29,0,19,6,0,33,11,11,13
540162,1,1,22,22,22,22,22,22,22,22,22,22
540163,1,1,13,13,13,13,13,13,13,13,13,13
540164,1,1,0,0,0,0,0,0,0,0,0,0
540165,1,1,0,0,0,0,0,0,0,0,0,0
540166,1,2,0,0,0,0,0,0,0,0,0,0
540167,1,1,5,5,5,5,5,5,5,5,5,5
540168,1,1,30,13,10,14,12,10,6,14,9,18
540169,1,1,0,0,0,0,0,0,0,0,0,0
540170,1,1,19,19,19,19,19,19,19,19,19,19
540171,1,1,23,23,23,23,23,23,23,23,23,23
540172,1,1,0,0,0,0,0,0,0,0,0,0
540173,1,1,0,0,0,0,0,0,0,0,0,0
540174,0,1,22,22,22,22,22,22,22,22,22,22
540174,1,1,0,0,0,0,0,0,13,0,0,0
540175,1,1,0,0,0,0,0,0,0,0,0,0
540176,1,1,0,0,0,0,9,0,0,0,0,0
540177,0,1,0,0,0,0,0,0,0,0,0,0
540177,0,2,0,0,0,0,11,0,0,0,0,0
540177,0,3,0,0,0,0,0,0,0,0,0,0
540177,1,1,18,13,16,0,8,0,19,18,14,13
540178,1,1,0,13,0,0,0,0,0,0,8,0
540179,1,1,0,0,0,0,0,0,0,0,0,0
540179,2,1,0,0,0,0,0,0,0,0,0,0
540180,1,1,0,0,0,0,0,0,0,0,0,0
540180,2,1,0,0,0,0,0,0,0,0,0,0
540181,1,1,0,0,0,0,0,0,0,0,0,0
540181,2,1,0,0,0,0,0,0,0,0,0,0
540182,1,1,0,0,0,0,0,0,0,0,0,0
540182,2,1,0,0,0,0,0,0,0,0,0,0
540182,3,1,0,0,0,0,0,0,0,0,0,0
540183,0,1,0,0,0,0,0,0,0,0,0,0
540183,1,1,6,10,13,0,9,0,0,14,13,22
540184,0,1,6,0,0,0,0,0,0,0,0,0
540184,1,1,0,0,0,0,0,0,0,0,15,0
540184,4,1,0,0,0,0,0,0,0,0,0,0
540185,1,1,18,12,16,19,27,25,8,9,25,11
540186,1,1,0,0,0,0,0,0,0,0,0,0
540186,2,1,0,0,0,0,0,0,0,0,0,0
540186,3,1,0,0,0,0,0,0,0,0,0,0
540187,1,1,0,0,0,0,0,0,0,0,0,0
540187,2,1,0,0,0,0,0,0,0,0,0,0
540188,1,1,31,24,28,23,16,12,31,20,6,24
540189,1,1,0,0,0,0,0,0,0,0,0,0
540190,1,1,15,15,15,15,15,15,15,15,15,15
540191,1,1,0,0,18,0,0,9,0,0,0,0
540192,1,1,4,4,4,4,4,4,4,4,4,4
540193,1,1,6,6,6,6,6,6,6,6,6,6
540194,1,1,0,0,0,0,0,0,0,0,0,0
540195,0,1,0,14,15,27,26,16,24,9,35,0
540195,1,1,0,0,0,0,0,0,17,0,0,0
540196,1,1,30,30,30,30,30,30,30,30,30,30
540196,2,1,0,0,11,0,0,0,0,0,7,0
540197,1,1,0,0,0,0,0,0,0,0,0,0
540197,2,1,0,0,0,0,0,13,0,0,0,0
540198,1,1,0,0,0,0,0,0,0,0,0,0
540198,2,1,0,0,0,0,0,0,0,0,0,0
540199,1,1,0,0,0,0,0,0,0,0,0,0
540200,1,1,11,0,0,2,0,0,0,0,0,0
540201,1,1,0,0,0,0,0,0,0,0,0,0
540202,1,1,23,23,23,23,23,23,23,23,23,23
540203,1,1,16,16,16,16,16,16,16,16,16,16
540203,2,1,0,13,0,0,0,0,0,0,0,9
540203,3,1,0,0,0,0,0,0,0,0,0,0
540203,4,1,0,0,0,7,0,0,0,0,0,0
540204,1,1,0,0,0,0,0,0,0,0,0,0
540204,2,1,0,0,0,0,0,0,0,0,0,0
540205,1,3,8,0,0,0,0,0,0,0,0,0
540206,1,1,20,20,20,20,20,20,20,20,20,20
540207,1,1,0,0,0,0,0,0,0,0,0,0
540208,1,1,0,0,0,0,0,0,0,0,0,0
540209,1,1,0,0,0,0,0,0,0,0,0,0
540209,2,1,0,0,0,0,0,0,0,0,0,0
540210,1,1,0,0,0,0,0,0,0,0,0,0
540210,2,1,0,0,0,0,0,0,0,0,0,0
540211,1,1,8,0,13,0,9,11,9,0,13,11
540212,1,1,23,23,23,23,23,23,23,23,23,23
540213,1,1,0,0,0,0,0,0,0,0,0,0
540213,2,1,0,0,0,0,0,0,0,0,0,0
540214,1,1,12,12,12,12,12,12,12,12,12,12
540215,1,1,0,0,0,0,0,0,0,14,0,0
540215,2,1,0,0,0,0,0,0,0,0,0,7
540216,1,1,0,0,0,0,0,0,0,0,0,0
540216,2,1,0,0,0,0,0,0,0,0,0,0
540217,1,1,14,14,14,14,14,14,14,14,14,14
540218,1,1,17,17,17,17,17,17,17,17,17,17
540219,1,1,0,0,0,0,0,0,0,0,0,0
540219,2,1,0,0,0,0,0,0,0,0,0,0
540220,1,1,0,0,0,0,0,0,0,0,0,0
540220,2,1,0,0,0,0,0,0,0,0,0,0
540222,1,1,20,23,6,0,23,10,18,0,6,10
540223,1,1,28,28,28,28,28,28,28,28,28,28
540224,1,1,0,0,0,0,0,0,0,0,0,0
540225,1,1,26,26,26,26,26,26,26,26,26,26
540225,2,1,0,0,0,0,0,0,0,5,10,0
540226,1,1,0,0,0,0,0,0,0,0,0,0
540226,2,1,0,0,0,0,0,0,0,0,0,0
540227,1,1,7,7,7,7,7,7,7,7,7,7
540228,1,1,15,10,17,15,0,14,14,16,19,16
540229,1,1,0,0,0,0,0,0,0,0,0,0
540230,1,1,0,0,0,0,0,0,0,0,6,0
540230,2,1,0,0,0,0,0,0,0,0,0,0
540230,3,1,0,0,0,0,0,0,0,0,0,0
540231,1,1,0,0,0,0,0,0,0,0,0,0
540232,1,1,26,26,26,26,26,26,26,26,26,26
540233,1,1,0,0,0,0,0,0,0,0,0,0
540233,2,1,0,0,0,0,0,0,0,0,0,0
540233,3,1,0,0,0,0,0,0,0,14,0,0
540233,4,1,0,0,0,0,23,14,0,0,0,0
540234,1,1,0,0,0,0,0,0,0,0,0,0
540234,2,1,0,0,0,0,0,0,0,0,0,0
540235,1,1,0,0,0,0,0,0,0,0,0,0
540235,2,1,0,0,0,0,0,0,10,0,0,0
540236,1,1,0,0,0,0,0,0,0,0,0,0
540237,1,1,36,36,36,36,36,36,36,36,36,36
540238,1,1,26,26,26,26,26,26,26,26,26,26
540239,1,1,0,0,0,0,0,0,0,0,0,0
540239,2,1,0,0,7,0,0,0,0,0,0,0
540240,1,1,0,0,0,0,0,0,0,0,0,0
540240,2,1,0,0,0,0,0,0,0,0,0,0
540241,1,1,0,0,0,0,0,0,0,0,0,0
540241,2,1,0,0,0,0,0,0,0,0,0,0
540242,1,1,26,26,26,26,26,26,26,26,26,26
540243,1,1,18,18,18,18,18,18,18,18,18,18
540244,1,1,0,0,0,0,0,0,0,0,0,0
540244,2,1,0,0,0,0,0,0,0,0,0,0
540245,1,1,0,0,0,0,0,0,0,0,0,0
540245,2,1,0,0,0,0,0,0,0,0,0,0
540246,1,1,0,0,0,0,0,0,0,0,0,0
540247,1,1,0,0,0,0,0,0,0,0,0,0
540248,1,1,0,0,0,0,0,0,0,0,0,0
540249,1,1,17,17,17,17,17,17,17,17,17,17
540250,1,1,0,0,0,0,0,0,0,0,0,0
540250,2,1,0,0,0,0,0,0,0,0,0,0
540251,1,1,0,0,0,0,0,0,0,0,0,0
540251,2,1,0,0,0,0,0,0,0,0,0,0
540252,1,1,0,22,9,27,13,26,0,13,15,27
540252,2,1,0,0,0,0,0,0,0,0,0,0
540252,3,1,0,0,0,7,0,0,0,0,0,0
540253,1,1,0,0,0,0,0,0,0,0,0,0
540254,1,1,21,21,21,21,21,21,21,21,21,21
540255,1,1,0,0,0,0,0,0,0,0,0,0
540256,1,1,0,0,0,0,0,0,0,0,0,0
540257,1,1,0,0,0,0,0,0,0,0,0,0
540258,1,1,0,0,0,0,0,0,0,0,0,0
540259,1,1,0,0,4,0,0,0,0,0,13,0
540260,1,1,0,0,0,0,0,0,0,0,0,0
540260,2,1,0,0,0,0,0,0,0,0,0,0
540261,1,1,0,0,0,0,0,0,0,0,0,0
540262,0,1,10,10,10,10,10,10,10,10,10,10
540262,1,1,0,0,0,0,0,0,0,0,0,0
540263,1,1,15,15,15,15,15,15,15,15,15,15
540264,1,1,0,0,0,0,0,0,0,0,0,0
540264,2,1,0,0,0,0,0,0,0,0,0,0
540265,1,1,0,0,0,0,0,0,0,0,0,0
540265,2,1,0,0,0,0,0,0,0,0,0,0
540266,1,1,0,0,0,0,0,0,0,0,0,0
540266,2,1,0,0,0,0,0,0,0,0,0,0
540267,1,1,0,0,0,0,0,0,0,0,0,0
540268,1,1,15,15,15,15,15,15,15,15,15,15
540269,1,1,0,0,0,0,0,0,0,0,0,0
540270,1,1,0,0,0,0,0,0,0,0,0,0
540270,2,1,0,0,0,0,0,0,0,0,0,0
540271,1,1,17,18,13,14,23,32,41,10,20,19
540271,2,1,0,0,0,0,0,0,0,0,0,0
540272,1,1,0,0,0,0,0,0,0,0,0,0
540272,2,1,0,0,0,0,0,0,0,0,0,0
540273,1,1,25,25,25,25,25,25,25,25,25,25
540274,1,1,5,5,5,5,5,5,5,5,5,5
540275,1,1,2,2,2,2,2,2,2,2,2,2
540276,1,1,0,0,0,0,20,0,0,0,0,0
540277,0,1,20,20,20,20,20,20,20,20,20,20
540277,1,1,17,9,25,17,14,16,0,20,6,0
540278,1,1,0,0,23,0,0,0,0,0,0,0
540278,2,1,0,0,0,0,0,0,0,0,0,0
540279,1,1,0,0,0,0,0,0,0,0,0,0
540279,2,1,0,0,0,0,0,0,0,0,0,0
540280,0,1,0,0,0,0,0,0,0,0,0,0
540280,1,1,0,0,0,0,0,0,5,0,0,0
540281,1,1,0,0,0,0,0,0,0,0,0,0
540281,2,1,0,0,0,0,0,0,0,0,0,0
540281,3,1,0,0,0,0,0,0,0,0,0,0
540282,1,1,0,0,0,0,0,0,0,0,0,0
540283,1,1,0,0,0,0,0,0,0,0,16,0
540283,2,1,0,0,0,0,15,0,6,0,0,0
540284,1,1,0,0,0,0,0,13,0,0,8,0
540285,1,1,22,22,22,22,22,22,22,22,22,22
540286,1,1,0,15,0,0,0,0,10,0,0,0
540287,1,1,26,26,26,26,26,26,26,26,26,26
540287,2,1,0,0,0,0,0,0,0,0,0,0
540288,1,1,24,24,24,24,24,24,24,24,24,24
540289,1,1,0,0,0,0,16,0,0,0,0,0
540290,0,1,0,0,0,0,0,0,0,0,0,0
540290,1,1,0,0,0,0,0,0,0,0,0,0
540290,2,1,0,0,0,0,0,0,0,0,0,0
540291,1,1,4,4,4,4,4,4,4,4,4,4
540292,1,1,0,0,0,0,0,0,0,0,0,0
540293,1,1,0,0,0,0,0,0,0,0,0,0
540294,1,1,0,0,0,0,0,0,0,0,0,0
540294,2,1,0,0,0,0,0,0,0,0,0,0
540295,1,1,0,0,0,0,0,0,0,0,0,0
540295,2,1,0,0,0,0,0,0,0,0,0,0
540296,1,1,0,0,0,0,0,0,0,0,0,0
540297,1,1,1,1,1,1,1,1,1,1,1,1
540298,0,1,12,12,12,12,12,12,12,12,12,12
540298,1,1,0,9,0,0,0,0,0,0,0,0
540299,1,1,22,22,22,22,22,22,22,22,22,22
540300,1,1,0,0,0,0,0,0,0,0,0,0
540300,2,1,0,0,0,0,0,0,0,0,0,0
540301,1,1,0,0,0,0,0,0,0,0,0,0
540301,2,1,0,0,0,0,0,0,0,0,0,0
540302,1,1,30,30,30,30,30,30,30,30,30,30
540303,1,1,0,0,0,0,0,0,0,0,0,0
540303,2,1,0,0,0,0,0,0,0,0,0,0
540304,1,1,17,17,17,17,17,17,17,17,17,17
540305,1,1,0,0,0,0,0,0,0,0,0,0
540306,1,1,16,16,16,16,16,16,16,16,16,16
540307,1,1,0,0,0,0,0,0,0,0,0,0
540308,1,1,28,28,28,28,28,28,28,28,28,28
540309,1,1,0,0,0,0,0,0,0,0,0,0
540310,1,1,0,0,0,0,0,0,0,0,0,0
540311,1,1,0,0,0,0,0,0,0,0,0,0
540312,1,1,0,0,0,0,0,0,0,0,0,0
540312,2,1,0,0,0,0,0,0,0,0,0,0
540312,3,1,0,0,0,0,3,0,16,20,0,22
540312,4,1,0,0,0,0,0,0,0,0,0,0
540313,1,1,0,0,0,0,0,0,0,0,0,0
540313,2,1,0,0,0,0,0,0,0,0,0,0
540314,1,1,0,0,0,0,0,0,0,0,0,0
540315,0,1,0,0,0,0,0,0,0,0,0,0
540315,1,1,0,0,0,0,0,0,0,0,0,0
540316,1,1,0,0,0,0,0,0,0,0,0,0
540316,2,1,0,0,0,0,0,0,0,0,0,0
540317,0,1,4,4,4,4,4,4,4,4,4,4
540317,1,1,0,0,0,0,0,0,0,0,0,0
540317,2,1,0,0,0,0,0,0,0,0,0,0
540318,1,1,1,1,1,1,1,1,1,1,1,1
540319,1,1,0,0,0,0,0,0,0,0,0,0
540320,1,1,0,0,0,0,0,0,0,0,0,0
540320,2,1,0,0,0,0,0,0,0,0,0,0
540321,1,1,0,0,0,0,0,0,0,0,2,0
540321,2,1,0,0,0,0,0,0,0,0,0,0
540322,1,1,0,0,0,0,0,0,0,0,0,0
540322,2,1,0,0,0,0,0,0,0,0,0,0
540323,1,1,19,19,19,19,19,19,19,19,19,19
550001,1,1,14,18,15,0,12,26,0,0,18,17
550002,1,1,14,14,14,14,14,14,14,14,14,14
550002,2,1,21,21,21,21,21,21,21,21,21,21
550002,3,1,0,0,0,0,0,0,0,0,0,0
550003,0,1,18,18,18,18,18,18,18,18,18,18
550003,1,1,0,0,0,0,0,0,0,0,0,0
550004,0,1,0,0,0,0,0,0,0,0,0,0
550004,0,2,0,0,0,0,0,0,0,0,0,0
550004,1,1,0,0,0,0,0,0,0,0,0,0
550005,1,1,0,0,0,0,0,0,0,0,0,0
550005,2,1,0,0,0,0,0,0,0,0,0,0
550005,3,1,0,0,0,0,0,0,0,0,0,0
550006,1,1,16,16,16,16,16,16,16,16,16,16
550007,1,1,0,0,0,0,0,0,0,0,0,0
550007,2,1,0,0,0,0,0,0,0,0,0,0
550007,3,1,0,0,0,0,0,0,0,0,0,0
550008,1,1,0,0,0,0,0,0,0,0,0,0
550008,2,1,0,0,0,0,0,0,0,0,0,0
550009,1,1,8,8,8,8,8,8,8,8,8,8
550010,1,1,0,0,0,0,0,0,0,0,0,0
550010,2,1,0,0,0,0,0,0,0,0,0,0
550011,1,1,0,0,0,0,0,0,0,0,0,0