ST_CASE,VEH_NO,PER_NO,P1,P2,P3,P4,P5,P6,P7,P8,P9,P10
550011,2,1,0,0,0,0,0,0,0,0,0,0
550012,1,1,0,0,0,0,0,0,0,0,0,0
550013,1,1,0,0,0,0,0,0,0,0,0,0
550013,2,1,0,0,0,0,0,0,0,0,0,0
550014,0,1,0,0,0,0,0,0,0,0,0,0
550014,1,1,0,0,0,0,0,0,0,0,0,0
550015,1,1,0,0,0,0,0,0,0,0,0,0
550016,1,1,0,0,0,0,0,0,0,0,0,0
550017,1,1,0,0,0,0,0,0,0,0,0,0
550018,1,1,0,0,0,0,0,0,0,0,0,0
550018,2,1,0,0,0,0,0,0,0,0,0,0
550019,1,1,21,21,21,21,21,21,21,21,21,21
550020,1,1,0,0,0,0,0,0,0,0,0,0
550021,1,1,13,13,13,13,13,13,13,13,13,13
550022,1,1,0,0,0,0,0,0,0,0,0,0
550022,2,1,0,0,0,0,0,0,0,0,0,0
550023,1,1,24,24,24,24,24,24,24,24,24,24
550023,2,1,0,0,0,0,0,0,0,0,0,0
550024,1,1,25,25,25,25,25,25,25,25,25,25
550025,1,1,6,6,6,6,6,6,6,6,6,6
550026,1,1,0,0,0,0,0,0,0,0,0,0
550026,2,1,0,0,0,0,0,0,7,0,0,0
550026,3,1,0,0,0,0,0,0,0,0,0,0
550027,1,1,0,0,0,0,0,0,0,0,0,0
550027,2,1,0,0,0,0,0,0,0,0,0,0
550028,1,1,0,0,0,0,0,0,0,0,0,0
550028,2,1,0,0,0,0,0,0,0,0,0,0
550029,0,1,0,0,0,0,0,0,0,0,0,0
550029,1,1,0,0,0,0,0,0,0,0,22,0
550030,1,1,0,0,0,0,0,0,0,0,0,0
550030,2,1,21,21,21,21,21,21,21,21,21,21
550031,0,1,0,0,0,0,0,0,0,0,0,0
550031,1,1,8,6,0,0,7,0,12,0,14,0
550032,1,1,0,0,0,0,0,0,0,0,0,0
550032,2,1,0,0,0,0,0,0,0,0,0,0
550032,3,1,0,0,0,0,0,0,0,0,0,0
550033,1,1,0,0,0,0,0,0,0,0,0,0
550033,2,1,0,0,0,0,0,0,0,0,0,0
550034,0,1,0,0,0,0,0,0,0,0,0,0
550034,1,1,0,0,0,0,0,0,0,0,0,0
550035,1,1,0,0,0,0,0,0,0,0,0,0
550036,1,1,0,0,0,0,0,0,0,0,0,0
550036,2,1,0,0,0,0,0,0,0,0,0,0
550037,1,1,0,0,0,0,0,0,0,0,0,0
550037,2,1,0,0,0,0,0,0,0,0,0,0
550038,1,1,0,0,0,0,0,0,0,0,0,0
550038,2,1,0,0,0,0,0,0,0,0,0,0
550039,1,1,0,0,0,0,0,0,0,0,0,0
550039,2,1,0,0,0,0,0,0,0,0,0,0
550040,1,1,0,0,0,0,0,0,0,0,0,0
550040,2,1,0,0,0,0,0,0,0,0,0,0
550041,1,1,0,0,0,0,0,0,0,0,0,8
550041,2,1,11,11,11,11,11,11,11,11,11,11
550042,1,1,0,0,0,0,0,0,0,0,0,0
550043,1,1,0,0,0,0,0,0,0,0,0,0
550043,2,1,0,0,0,0,0,0,0,0,0,0
550044,1,1,0,0,0,0,0,0,0,0,0,0
550044,2,1,0,0,0,0,0,0,0,0,0,0
550045,1,1,0,0,0,0,0,0,0,0,0,0
550045,2,1,0,0,0,0,0,0,0,0,0,0
550046,0,1,26,26,26,26,26,26,26,26,26,26
550046,1,1,0,0,0,0,0,0,0,0,0,0
550047,1,1,0,0,0,0,0,0,0,0,0,0
550047,2,1,0,0,0,0,0,0,0,0,0,0
550048,1,1,0,0,0,0,0,0,0,0,0,0
550049,1,1,0,0,0,0,0,0,0,0,0,0
550050,0,1,0,0,0,0,0,0,0,0,0,0
550050,1,1,22,22,22,22,22,22,22,22,22,22
550051,1,1,0,0,0,0,0,0,0,0,0,0
550051,2,1,0,0,0,0,0,0,0,0,0,0
550052,1,1,0,0,0,0,0,0,0,0,0,0
550052,2,1,0,0,0,0,0,0,0,0,0,0
550053,1,1,0,0,0,0,0,0,0,0,0,0
550053,2,1,0,0,0,0,0,0,0,0,0,0
550054,1,1,0,0,0,0,0,0,0,0,0,0
550055,0,1,21,21,21,21,21,21,21,21,21,21
550055,1,1,0,0,0,0,0,0,0,0,0,0
550056,0,1,29,29,29,29,29,29,29,29,29,29
550056,1,1,10,17,0,0,0,21,16,0,6,6
550057,1,1,37,37,37,37,37,37,37,37,37,37
550058,1,1,0,0,16,0,0,0,0,0,0,0
550058,2,1,0,0,0,0,0,0,0,0,0,0
550059,0,1,37,37,37,37,37,37,37,37,37,37
550059,1,1,0,0,0,0,0,0,0,0,0,0
550060,1,1,0,0,0,0,0,0,0,0,0,0
550061,1,1,32,32,32,32,32,32,32,32,32,32
550061,2,1,0,0,0,0,0,0,0,0,0,0
550062,1,1,0,0,0,0,0,0,0,0,0,0
550062,2,1,0,0,0,0,0,0,0,0,0,0
550063,1,1,0,0,0,0,0,0,0,0,0,0
550063,2,1,0,0,0,0,0,0,0,0,0,0
550064,1,1,0,0,0,0,0,0,0,0,0,0
550064,2,1,0,0,0,0,0,0,0,0,0,0
550065,0,1,27,27,27,27,27,27,27,27,27,27
550065,1,1,15,15,15,15,15,15,15,15,15,15
550066,1,1,23,23,23,23,23,23,23,23,23,23
550067,1,1,25,25,25,25,25,25,25,25,25,25
550068,1,1,0,0,0,0,0,0,0,0,0,0
550068,2,1,19,19,19,19,19,19,19,19,19,19
550069,1,1,0,0,0,0,0,0,0,0,0,0
550070,1,1,0,0,0,0,0,0,0,0,0,0
550071,1,1,0,0,0,0,0,0,0,0,0,0
550071,2,1,0,0,0,0,0,0,0,0,0,0
550072,1,1,0,20,10,0,0,0,0,10,0,0
550073,1,1,0,0,0,0,0,0,0,0,0,0
550074,1,1,5,5,5,5,5,5,5,5,5,5
550075,1,1,17,17,17,17,17,17,17,17,17,17
550076,1,1,0,0,0,0,0,0,0,0,0,0
550077,0,1,0,0,0,6,0,0,0,0,0,0
550077,0,2,0,0,0,0,0,0,0,0,0,0
550077,1,1,0,0,10,0,0,0,0,0,0,0
550078,1,1,0,22,0,0,0,22,0,0,0,0
550078,2,1,0,0,0,0,0,0,0,0,0,0
550079,0,1,0,26,16,0,0,0,0,0,23,19
550079,0,2,12,10,0,19,0,0,0,6,0,0
550079,0,3,0,21,18,7,0,0,0,34,0,23
550079,1,1,8,8,8,8,8,8,8,8,8,8
550079,2,1,0,0,0,0,0,0,0,0,0,0
550080,1,1,0,0,0,0,0,0,0,0,0,0
550081,1,1,0,0,0,0,0,0,0,0,0,0
550082,1,1,0,0,0,0,0,0,0,0,0,0
550082,2,1,0,0,0,0,0,0,0,0,0,0
550083,0,1,0,0,0,0,0,0,0,0,0,0
550083,1,1,0,0,0,0,0,0,0,0,0,0
550084,1,1,0,0,0,0,0,0,0,0,0,0
550084,2,1,0,0,0,0,0,0,0,0,0,0
550085,1,1,0,0,0,0,0,0,0,0,0,0
550085,2,1,0,0,0,0,0,0,0,0,0,0
550086,1,1,0,0,0,0,0,0,0,0,0,0
550086,2,1,4,4,4,4,4,4,4,4,4,4
550087,1,1,0,0,0,0,0,0,0,0,0,0
550088,1,1,0,0,0,0,0,0,0,0,0,0
550088,2,1,0,0,0,0,0,0,0,0,0,0
550089,1,1,0,0,0,0,0,0,0,0,0,0
550090,1,1,31,31,31,31,31,31,31,31,31,31
550090,2,1,0,0,0,0,0,0,0,0,0,0
550091,1,1,18,18,18,18,18,18,18,18,18,18
550092,1,1,22,22,22,22,22,22,22,22,22,22
550093,1,1,0,0,0,0,0,0,0,0,0,0
550094,1,1,0,0,0,0,0,0,0,0,0,0
550095,1,1,3,3,3,3,3,3,3,3,3,3
550095,2,1,0,0,0,0,0,0,0,0,0,0
550096,1,1,0,0,0,0,0,0,0,0,0,0
550097,1,1,40,40,40,40,40,40,40,40,40,40
550098,1,1,26,26,26,26,26,26,26,26,26,26
550099,1,1,0,0,0,0,0,0,0,0,0,0
550099,2,1,0,0,0,0,0,0,0,26,0,0
550100,1,1,29,29,29,29,29,29,29,29,29,29
550101,1,1,0,0,0,0,0,0,0,0,0,0
550102,1,1,42,42,42,42,42,42,42,42,42,42
550103,1,1,16,16,16,16,16,16,16,16,16,16
550104,1,1,0,0,0,0,0,0,0,0,0,0
550104,2,1,0,0,0,0,0,0,0,0,0,0
550105,1,1,0,0,0,0,0,0,0,0,0,0
550105,2,1,0,0,0,0,0,0,0,0,0,0
550105,3,1,0,0,0,0,0,0,0,0,0,0
550106,1,1,0,0,0,0,0,0,0,0,0,0
550106,2,1,0,0,0,0,0,0,0,0,0,0
550107,1,1,8,8,8,8,8,8,8,8,8,8
550108,1,1,0,0,0,0,0,0,0,0,0,0
550109,0,1,0,0,0,0,0,0,0,0,0,0
550109,1,1,0,0,0,0,0,0,0,0,0,0
550109,4,1,0,0,0,0,0,0,0,0,0,0
550110,1,1,0,0,0,0,0,0,0,0,0,0
550110,2,1,0,0,0,0,0,0,0,0,0,0
550111,1,1,0,0,0,0,0,0,0,0,0,0
550111,2,1,0,0,0,0,0,0,0,0,0,0
550112,1,1,0,0,0,0,0,0,0,0,0,0
550112,2,1,17,16,33,8,7,0,11,22,20,10
550113,1,1,0,0,0,0,0,0,0,0,0,0
550113,2,1,0,0,0,0,0,0,0,0,0,0
550114,1,1,12,0,6,7,0,12,0,0,0,32
550114,2,1,23,23,23,23,23,23,23,23,23,23
550115,1,1,16,16,16,16,16,16,16,16,16,16
550116,1,1,0,0,0,0,0,0,0,0,0,0
550117,1,1,0,0,20,0,0,0,0,0,0,0
550117,2,1,0,0,0,0,0,0,0,0,0,0
550118,1,1,6,6,6,6,6,6,6,6,6,6
550118,2,1,15,0,0,0,0,0,0,0,0,0
550119,1,1,0,0,0,0,0,0,0,0,0,0
550119,2,1,0,0,0,0,0,0,0,0,0,0
550120,1,1,0,0,0,0,0,0,0,0,0,0
550120,2,1,14,14,14,14,14,14,14,14,14,14
550121,1,1,19,19,19,19,19,19,19,19,19,19
550121,2,1,0,0,0,0,0,0,0,0,0,0
550122,1,1,16,16,16,16,16,16,16,16,16,16
550122,2,1,0,0,0,0,0,0,0,0,0,0
550123,1,1,0,0,0,0,0,0,0,0,0,0
550123,2,1,0,0,0,0,0,0,0,0,0,0
550124,1,1,0,0,0,0,0,0,0,0,0,0
550125,0,1,0,0,0,0,0,0,0,0,0,0
550125,1,1,0,0,0,0,0,0,0,0,0,0
550126,1,1,0,0,0,0,0,0,0,0,0,0
550126,2,1,3,3,3,3,3,3,3,3,3,3
550127,1,1,26,0,7,21,0,0,0,0,19,0
550127,2,1,0,0,0,0,0,0,0,0,0,0
550128,1,1,0,0,0,0,0,0,0,0,0,0
550129,1,1,0,0,0,0,0,0,0,0,0,0
550129,2,1,0,0,0,0,0,0,0,0,0,0
550130,1,1,0,0,0,0,0,0,0,0,0,0
550130,2,1,17,17,17,17,17,17,17,17,17,17
550131,1,1,8,8,8,8,8,8,8,8,8,8
550132,1,1,22,22,22,22,22,22,22,22,22,22
550133,1,1,29,29,29,29,29,29,29,29,29,29
550134,0,1,0,0,0,0,0,0,0,0,0,0
550134,1,1,0,0,0,0,0,0,0,0,0,0
550135,1,1,0,0,0,0,0,0,0,0,0,0
550135,2,1,0,0,0,0,0,0,0,0,0,4
550136,1,1,18,18,18,18,18,18,18,18,18,18
550137,1,1,5,5,5,5,5,5,5,5,5,5
550138,1,1,0,0,0,0,0,0,0,21,0,0
550138,2,1,0,0,0,0,0,0,0,0,0,0
550139,1,1,0,0,0,0,0,0,0,0,0,0
550139,2,1,0,0,0,0,0,0,0,0,0,0
550140,1,1,15,15,15,15,15,15,15,15,15,15
550141,1,1,0,0,0,0,0,0,0,0,0,0
550141,2,1,0,0,0,0,0,0,0,0,0,0
550142,1,1,0,0,0,0,0,0,0,0,0,0
550143,0,1,0,0,0,0,0,0,0,0,0,0
550143,0,2,0,0,0,0,0,0,0,0,0,0
550143,0,3,0,0,0,0,0,0,0,0,0,0
550143,0,4,0,0,0,0,0,0,0,0,0,0
550144,1,1,0,0,0,0,0,0,0,0,0,0
550144,2,1,0,0,0,0,0,0,0,0,0,0
550145,1,1,15,15,15,15,15,15,15,15,15,15
550146,1,1,24,24,24,24,24,24,24,24,24,24
550147,1,1,0,0,0,0,0,0,0,0,0,0
550148,1,1,29,29,29,29,29,29,29,29,29,29
550149,1,1,0,21,0,0,0,0,0,0,0,0
550149,2,1,0,0,0,0,0,0,0,0,0,0
550150,1,1,0,0,0,0,0,0,0,0,0,0
550150,2,1,0,0,0,0,0,0,0,0,0,0
550151,1,1,16,16,16,16,16,16,16,16,16,16
550151,2,1,21,21,21,21,21,21,21,21,21,21
550152,1,1,0,0,0,0,0,0,0,0,0,0
550152,2,1,0,0,0,0,0,0,0,0,0,0
550153,1,1,0,0,0,0,0,0,0,0,0,0
550153,2,1,0,0,0,0,0,0,0,0,0,0
550154,1,1,18,18,18,18,18,18,18,18,18,18
550155,1,1,0,0,0,0,0,0,0,0,0,0
550155,2,1,0,0,0,0,0,0,0,0,0,0
550156,1,1,15,15,15,15,15,15,15,15,15,15
550157,1,1,27,27,27,27,27,27,27,27,27,27
550158,1,1,0,0,0,0,0,0,0,0,0,0
550158,2,1,0,0,0,0,0,0,0,0,0,0
550159,1,1,0,0,0,0,0,0,0,0,0,0
550159,2,1,0,0,0,0,0,0,0,0,0,0
550160,1,1,13,13,13,13,13,13,13,13,13,13
550161,2,1,0,0,17,0,0,0,0,0,0,0
550162,1,1,0,0,0,0,0,0,0,0,0,0
550162,2,1,0,0,0,0,0,0,0,0,0,0
550163,1,1,20,20,20,20,20,20,20,20,20,20
550164,1,1,0,0,0,0,0,0,0,0,0,0
550165,1,1,0,0,0,0,0,0,0,0,0,0
550166,1,1,18,18,18,18,18,18,18,18,18,18
550167,1,1,0,0,0,0,0,0,0,0,0,0
550167,2,1,0,0,0,0,0,0,0,0,0,0
550168,1,1,0,0,0,0,0,0,0,0,0,0
550168,2,1,0,0,0,0,0,0,0,0,0,0
550169,1,1,0,0,0,0,0,7,0,0,0,0
550169,2,1,0,0,0,0,0,0,0,0,0,0
550169,3,1,0,0,0,0,0,0,0,0,0,0
550170,1,1,0,0,0,0,0,0,0,0,0,0
550170,2,1,0,0,0,0,0,0,0,0,0,0
550170,3,1,0,0,0,0,0,0,0,0,0,0
550170,4,1,0,0,0,0,0,0,0,0,0,0
550171,1,1,26,26,26,26,26,26,26,26,26,26
550171,2,1,0,0,0,0,0,0,0,0,0,0
550172,1,1,0,0,0,0,0,0,0,0,0,0
550172,2,1,0,0,0,0,0,0,0,0,0,0
550173,1,1,8,8,8,8,8,8,8,8,8,8
550174,1,1,0,0,0,0,0,0,0,0,0,0
550175,1,1,23,23,23,23,23,23,23,23,23,23
550176,1,1,6,6,6,6,6,6,6,6,6,6
550177,1,1,0,0,0,0,0,0,0,0,0,0
550177,2,1,0,0,0,0,0,0,0,0,0,0
550177,3,1,0,0,0,0,0,0,0,0,0,0
550178,1,1,0,0,0,0,0,0,0,0,0,0
550178,2,1,0,0,0,0,0,0,0,0,0,0
550179,1,1,0,0,0,0,0,0,0,0,0,0
550180,1,1,0,18,11,0,16,0,0,6,10,0
550181,1,1,0,0,0,0,0,0,0,0,0,0
550181,2,1,0,0,0,0,0,0,0,0,0,0
550182,1,1,0,0,0,0,0,0,0,0,0,0
550182,2,1,24,0,0,0,0,10,15,19,30,0
550183,0,1,23,23,23,23,23,23,23,23,23,23
550183,1,1,0,0,0,0,0,0,0,0,0,0
550184,0,1,19,19,19,19,19,19,19,19,19,19
550184,1,1,0,0,0,0,0,0,0,0,0,0
550185,1,1,0,0,0,0,0,0,0,0,0,0
550185,2,1,0,0,0,0,0,0,0,0,0,0
550186,1,1,0,0,0,0,0,0,0,0,0,0
550187,1,1,0,0,0,0,0,0,0,0,0,0
550188,1,1,8,8,8,8,8,8,8,8,8,8
550188,2,1,0,0,0,0,0,0,0,0,0,0
550189,1,1,0,0,0,0,0,0,0,0,0,0
550190,1,1,0,0,6,0,0,0,17,0,0,0
550190,2,1,0,0,0,0,0,0,0,0,0,0
550191,1,1,24,24,24,24,24,24,24,24,24,24
550192,1,1,0,0,0,0,0,0,0,0,0,0
550192,2,1,3,3,3,3,3,3,3,3,3,3
550193,1,1,1,1,1,1,1,1,1,1,1,1
550194,1,1,19,19,19,19,19,19,19,19,19,19
550195,1,1,18,18,18,18,18,18,18,18,18,18
550196,1,1,0,0,0,0,0,0,0,0,0,0
550197,1,1,19,19,19,19,19,19,19,19,19,19
550198,1,1,15,15,15,15,15,15,15,15,15,15
550199,1,1,0,0,0,0,0,0,0,0,0,0
550199,2,1,0,0,0,0,0,0,0,0,0,0
550200,1,1,0,0,0,0,0,0,0,0,0,0
550200,2,1,0,25,0,12,0,0,0,34,0,0
550201,1,1,22,22,22,22,22,22,22,22,22,22
550202,0,1,0,0,0,0,0,0,0,0,0,0
550202,1,1,0,0,0,0,0,0,0,0,0,0
550203,1,1,0,0,0,0,0,0,0,0,0,0
550203,2,1,0,17,0,0,0,0,0,0,0,0
550204,1,1,0,0,0,0,0,0,0,0,0,0
550205,1,1,0,0,0,0,0,0,0,0,0,0
550206,1,1,0,0,0,0,0,0,0,0,0,0
550207,1,1,0,0,0,0,0,0,0,0,0,0
550207,2,1,21,21,21,21,21,21,21,21,21,21
550208,1,1,0,0,0,0,0,0,0,0,0,0
550208,2,1,0,0,0,0,0,0,0,0,0,0
550208,3,1,0,0,0,0,0,0,0,0,0,0
550209,0,1,0,0,0,0,0,0,0,0,0,0
550209,1,1,0,0,0,0,0,0,0,0,0,0
550210,0,1,0,0,0,0,0,0,0,0,0,0
550210,1,1,0,0,0,0,0,0,0,0,0,0
550211,0,1,38,38,38,38,38,38,38,38,38,38
550211,1,1,0,0,0,0,0,0,16,0,0,0
550212,1,1,15,15,15,15,15,15,15,15,15,15
550213,1,1,0,0,0,0,18,0,4,0,0,0
550214,1,1,0,0,0,0,0,0,0,0,0,0
550215,1,1,0,0,0,0,0,0,0,0,0,0
550215,2,1,0,0,0,0,0,0,0,0,0,0
550216,1,1,0,0,0,0,0,0,0,0,0,0
550216,2,1,0,0,0,0,0,0,0,0,0,0
550217,1,1,0,0,0,0,0,0,0,0,0,0
550218,1,1,24,24,24,24,24,24,24,24,24,24
550219,1,1,31,31,31,31,31,31,31,31,31,31
550220,1,1,14,14,14,14,14,14,14,14,14,14
550221,0,1,0,0,0,0,0,0,0,0,0,0
550221,1,1,0,0,0,0,0,0,0,0,0,0
550222,1,1,0,0,0,0,0,0,0,0,0,0
550222,2,1,0,0,0,0,0,0,0,0,0,0
550222,3,1,0,0,0,0,0,0,0,0,0,0
550222,4,1,0,0,0,0,0,0,0,0,0,0
550223,0,1,0,0,0,0,0,0,0,0,0,0
550223,1,1,0,0,0,0,0,0,0,0,0,0
550224,1,1,21,21,21,21,21,21,21,21,21,21
550225,1,1,13,13,13,13,13,13,13,13,13,13
550226,1,1,24,24,24,24,24,24,24,24,24,24
550227,1,1,0,0,0,0,0,0,0,0,0,0
550228,1,1,0,0,0,0,0,0,0,0,0,0
550229,1,1,0,0,0,0,0,0,0,0,0,0
550230,1,1,14,14,14,14,14,14,14,14,14,14
550231,1,1,0,0,20,13,10,0,0,12,23,0
550232,1,1,0,0,0,0,0,0,0,0,0,0
550232,2,1,0,0,0,0,0,0,0,0,0,0
550233,1,1,14,14,14,14,14,14,14,14,14,14
550233,2,1,0,0,0,0,0,0,0,0,0,0
550234,1,1,0,0,0,0,0,0,0,0,0,0
550234,2,1,0,0,0,0,0,0,0,0,0,0
550235,1,1,23,16,14,20,29,11,8,7,11,0
550235,2,1,0,7,0,0,0,0,0,0,0,0
550236,1,1,0,0,0,0,0,0,0,0,0,0
550236,2,1,0,0,0,0,0,0,0,0,0,0
550237,1,1,9,9,9,9,9,9,9,9,9,9
550238,0,1,0,0,0,0,0,0,0,0,0,13
550238,1,1,0,0,0,0,0,0,0,0,0,0
550239,1,1,18,18,18,18,18,18,18,18,18,18
550240,1,1,23,23,23,23,23,23,23,23,23,23
550241,1,1,0,0,0,0,0,0,0,0,0,0
550242,1,1,0,0,0,0,0,0,0,0,0,0
550243,1,1,0,0,0,0,0,0,0,0,0,0
550244,0,1,0,0,0,0,0,0,0,0,0,28
550244,1,1,0,0,0,0,0,0,0,11,0,0
550245,1,1,12,12,12,12,12,12,12,12,12,12
550246,1,1,41,41,41,41,41,41,41,41,41,41
550247,0,1,0,0,0,0,0,0,0,0,0,0
550247,1,1,0,0,0,0,0,0,0,0,0,0
550248,1,1,9,9,9,9,9,9,9,9,9,9
550249,1,1,24,24,24,24,24,24,24,24,24,24
550250,1,1,0,0,0,0,0,0,0,0,0,0
550250,2,1,0,0,0,0,0,0,0,0,0,0
550251,1,1,0,0,0,0,0,0,0,0,0,0
550251,2,1,0,0,0,0,0,0,0,0,0,0
550252,1,1,0,0,0,0,0,0,0,0,0,0
550252,2,1,0,31,0,19,10,0,0,0,0,31
550253,1,1,0,0,0,0,0,0,0,0,0,0
550254,1,1,30,30,30,30,30,30,30,30,30,30
550255,1,1,0,0,0,0,0,0,0,0,0,0
550256,1,1,0,0,0,0,0,0,0,0,0,0
550256,2,1,0,0,0,0,0,0,0,0,0,0
550257,1,1,0,0,0,0,0,0,0,0,0,0
550258,1,1,0,0,0,11,0,0,0,0,0,0
550259,1,1,21,21,21,21,21,21,21,21,21,21
550260,1,1,19,19,19,19,19,19,19,19,19,19
550261,0,1,0,0,0,0,0,0,0,0,0,0
550261,1,1,0,0,0,0,0,0,0,0,0,0
550262,0,1,0,0,0,0,0,0,0,0,17,0
550262,1,1,0,0,0,0,0,0,0,0,0,0
550263,1,1,0,0,0,0,0,0,0,0,0,0
550263,2,1,0,0,0,0,0,0,0,0,0,0
550264,1,1,19,19,19,19,19,19,19,19,19,19
550264,2,1,0,0,0,0,0,0,0,0,0,0
550265,1,1,28,28,28,28,28,28,28,28,28,28
550265,2,1,0,0,8,0,0,0,0,0,0,0
550265,3,1,0,0,0,0,0,0,0,0,0,0
550265,4,1,0,0,0,0,0,0,0,0,0,0
550266,1,1,0,0,0,0,0,0,0,0,0,0
550266,2,1,0,0,0,0,0,0,0,0,0,0
550266,3,1,0,0,0,0,0,7,0,0,0,0
550267,0,1,0,0,0,0,0,0,0,0,0,0
550267,1,1,0,0,0,0,0,0,0,0,0,0
550268,1,1,22,22,22,22,22,22,22,22,22,22
550269,1,1,0,0,0,0,0,0,0,0,0,0
550270,1,1,23,23,23,23,23,23,23,23,23,23
550270,2,1,0,0,0,0,0,0,0,0,0,0
550271,0,1,0,0,0,0,0,0,0,0,0,0
550271,1,1,0,0,0,0,0,0,0,0,0,0
550272,1,1,3,3,3,3,3,3,3,3,3,3
550273,1,1,6,6,6,6,6,6,6,6,6,6
550275,1,1,14,14,14,14,14,14,14,14,14,14
550276,1,1,0,0,0,0,0,0,0,0,0,0
550277,1,1,0,0,0,0,0,0,0,0,0,0
550278,1,1,0,0,0,0,0,0,0,0,22,0
550279,1,1,6,6,6,6,6,6,6,6,6,6
550280,1,1,11,11,11,11,11,11,11,11,11,11
550281,1,1,16,16,16,16,16,16,16,16,16,16
550282,1,1,0,0,0,0,0,0,0,0,0,0
550283,1,1,7,7,7,7,7,7,7,7,7,7
550284,1,1,0,0,0,0,0,0,0,0,0,0
550285,1,1,20,20,20,20,20,20,20,20,20,20
550286,1,1,0,0,0,0,0,0,0,0,0,0
550287,1,1,20,20,20,20,20,20,20,20,20,20
550288,1,1,0,0,0,0,0,0,0,0,0,0
550289,1,1,12,0,0,19,19,25,0,22,13,3
550290,1,1,0,0,0,0,0,0,0,0,0,0
550290,2,1,0,0,0,0,0,0,0,0,0,0
550290,3,1,0,0,0,0,0,0,0,0,0,0
550291,1,1,0,0,0,0,0,19,0,0,0,0
550291,2,1,0,0,0,0,0,0,0,0,0,0
550291,3,1,0,0,0,0,0,0,0,0,0,0
550292,0,1,0,0,25,0,0,0,24,0,0,0
550292,0,2,0,0,0,16,0,0,20,0,26,9
550292,0,3,0,0,0,0,0,0,0,0,0,0
550292,1,1,12,12,12,12,12,12,12,12,12,12
550293,1,1,24,24,24,24,24,24,24,24,24,24
550293,2,1,0,0,0,0,0,0,0,0,0,0
550293,3,1,0,0,0,0,0,0,0,0,0,0
550293,4,1,0,14,0,0,0,10,0,0,0,0
550293,5,1,0,0,0,0,0,0,0,0,0,0
550294,1,1,0,0,0,0,0,0,0,0,0,0
550294,2,1,0,0,0,0,0,0,0,0,0,0
550295,1,1,1,1,1,1,1,1,1,1,1,1
550295,2,1,2,2,2,2,2,2,2,2,2,2
550296,1,1,0,0,0,0,0,0,0,0,0,0
550296,2,1,0,0,0,0,0,0,0,0,0,0
550297,1,1,0,0,0,0,0,0,0,0,0,0
550297,2,1,0,0,0,0,0,0,0,0,17,0
550298,0,1,0,0,0,22,23,0,0,27,0,0
550298,0,2,0,0,0,0,0,0,0,0,0,0
550298,1,1,0,0,0,0,0,0,0,0,0,0
550299,0,1,9,9,9,9,9,9,9,9,9,9
550299,1,1,0,0,0,0,0,0,0,0,0,0
550300,0,1,11,11,11,11,11,11,11,11,11,11
550300,1,1,0,0,0,0,0,0,0,0,0,0
550301,1,1,0,0,0,0,0,0,0,0,0,0
550301,2,1,0,0,0,0,0,0,0,0,0,0
550301,3,1,0,0,0,0,0,0,0,0,0,0
550302,0,1,0,0,0,0,0,0,0,0,0,0
550302,1,1,12,12,12,12,12,12,12,12,12,12
550303,1,1,0,0,0,0,0,0,0,0,0,0
550303,2,1,0,0,0,0,0,0,0,0,0,0
550304,0,1,0,0,0,0,0,0,0,0,0,0
550304,1,1,0,0,0,0,0,0,0,0,0,0
550305,1,1,0,0,0,0,0,0,0,0,0,0
550305,2,1,0,0,0,0,0,0,0,0,0,0
550306,1,1,0,0,0,0,0,0,0,13,0,0
550306,2,1,0,0,0,0,0,0,0,0,0,0
550307,1,1,0,0,0,0,0,0,0,0,0,0
550308,1,1,0,0,0,0,0,0,0,0,0,0
550309,1,1,11,11,11,11,11,11,11,11,11,11
550310,0,1,9,9,9,9,9,9,9,9,9,9
550310,1,1,0,0,0,0,0,0,0,0,0,0
550311,1,1,14,14,14,14,14,14,14,14,14,14
550312,1,1,16,16,16,16,16,16,16,16,16,16
550313,1,1,7,7,7,7,7,7,7,7,7,7
550313,2,1,0,0,0,0,0,0,0,0,0,0
550314,0,1,0,0,0,0,0,0,0,0,0,0
550314,1,1,0,0,0,0,0,0,0,0,0,0
550315,1,1,0,0,0,0,0,0,0,0,0,0
550316,1,1,5,5,5,5,5,5,5,5,5,5
550316,2,1,0,0,28,0,0,0,0,0,0,0
550317,1,1,24,24,24,24,24,24,24,24,24,24
550318,1,1,1,1,1,1,1,1,1,1,1,1
550318,2,1,0,0,0,0,0,0,0,0,0,0
550319,1,1,0,0,0,0,0,0,0,0,0,0
550319,2,1,0,0,0,0,0,0,0,0,0,0
550320,1,1,0,0,0,0,0,0,0,0,0,0
550320,2,1,0,0,0,0,0,0,0,20,0,0
550321,1,1,17,17,17,17,17,17,17,17,17,17
550321,2,1,0,0,0,0,0,0,0,0,0,0
550322,0,1,21,21,21,21,21,21,21,21,21,21
550322,1,1,0,0,0,0,0,0,0,0,0,0
550324,1,1,0,0,0,0,0,0,0,0,0,0
550324,2,1,0,0,0,0,0,0,0,0,0,0
550324,3,1,12,0,0,0,0,0,0,0,0,0