ST_CASE,VEH_NO,PER_NO,P1,P2,P3,P4,P5,P6,P7,P8,P9,P10
550325,1,1,0,0,0,0,0,0,0,0,0,0
550325,2,1,2,2,2,2,2,2,2,2,2,2
550326,1,1,3,3,3,3,3,3,3,3,3,3
550327,1,1,0,0,0,0,0,0,0,0,0,0
550328,1,1,0,0,0,0,0,0,0,0,0,0
550329,1,1,0,0,0,0,0,0,0,0,0,0
550329,2,1,0,0,0,0,0,0,0,0,0,0
550330,1,1,0,0,0,0,0,0,0,0,0,0
550330,2,1,0,0,0,0,0,0,0,0,0,0
550331,1,1,0,0,0,0,0,0,0,0,0,0
550331,2,1,0,0,0,0,0,0,0,0,0,0
550332,1,1,0,0,0,0,0,0,0,0,0,0
550332,2,1,0,0,0,0,0,0,0,0,0,0
550333,1,1,0,0,0,0,0,0,0,0,0,0
550334,1,1,0,0,0,0,0,0,0,0,0,0
550335,1,1,0,0,0,0,0,0,0,0,0,0
550336,1,1,0,0,0,0,0,0,0,0,0,0
550336,2,1,0,0,0,0,0,0,0,0,0,0
550337,1,1,0,0,0,0,0,0,0,6,0,0
550337,2,1,0,0,0,0,0,0,0,0,0,0
550338,1,1,0,0,0,0,0,0,0,0,0,0
550338,2,1,0,0,0,0,0,0,0,0,0,0
550339,1,1,29,29,29,29,29,29,29,29,29,29
550340,1,1,0,0,0,0,0,0,0,0,0,0
550341,1,1,0,0,0,0,0,0,0,0,0,0
550342,1,1,20,20,20,20,20,20,20,20,20,20
550343,1,1,0,0,0,0,0,0,0,0,0,0
550344,1,1,0,0,0,0,0,0,0,0,0,0
550344,2,1,0,0,0,0,0,0,0,0,0,0
550345,1,1,0,0,0,0,0,0,0,0,0,0
550346,1,1,16,16,16,16,16,16,16,16,16,16
550347,1,1,0,0,0,0,0,0,0,0,0,0
550348,1,1,6,6,6,6,6,6,6,6,6,6
550348,2,1,0,0,0,0,0,0,0,0,0,0
550349,1,1,0,0,0,0,0,0,0,0,0,0
550349,2,1,19,19,19,19,19,19,19,19,19,19
550350,1,1,0,0,0,0,0,0,0,0,0,0
550350,2,1,0,0,0,0,0,0,0,0,0,0
550351,1,1,0,0,0,0,0,0,0,0,0,0
550352,1,1,0,0,0,0,0,0,0,0,0,0
550352,2,1,19,19,19,19,19,19,19,19,19,19
550353,1,1,34,34,34,34,34,34,34,34,34,34
550353,2,1,0,0,0,0,0,0,0,0,0,0
550354,1,1,0,0,0,0,0,0,0,0,0,0
550354,2,1,0,0,0,0,0,0,0,0,0,0
550355,1,1,9,9,9,9,9,9,9,9,9,9
550356,1,1,26,26,26,26,26,26,26,26,26,26
550357,1,1,13,13,13,13,13,13,13,13,13,13
550358,1,1,21,21,21,21,21,21,21,21,21,21
550359,1,1,0,0,0,0,0,0,0,0,0,0
550360,1,1,0,0,0,0,0,0,0,0,0,0
550361,1,1,11,11,11,11,11,11,11,11,11,11
550361,2,1,0,0,0,0,0,0,0,0,0,0
550362,1,1,24,24,24,24,24,24,24,24,24,24
550363,1,1,20,20,20,20,20,20,20,20,20,20
550364,1,1,10,10,10,10,10,10,10,10,10,10
550365,1,1,7,0,11,0,0,0,0,5,0,0
550366,1,1,0,0,0,0,0,0,0,0,0,0
550367,1,1,0,0,10,11,3,9,11,0,0,11
550368,1,1,9,9,9,9,9,9,9,9,9,9
550369,0,1,0,0,0,0,0,0,0,0,0,0
550369,1,1,0,0,0,0,0,0,0,0,0,0
550370,1,1,0,0,0,0,0,0,0,0,0,0
550370,2,1,0,0,0,0,0,0,0,0,0,0
550371,1,1,0,0,0,0,0,0,0,0,0,0
550371,2,1,0,0,0,0,0,0,0,0,0,0
550371,3,1,0,0,0,0,0,0,0,0,0,0
550372,0,1,0,0,0,0,0,0,0,0,0,0
550372,1,1,0,0,0,0,0,0,0,0,0,0
550373,1,1,0,0,0,0,0,0,0,0,0,0
550373,2,1,0,0,0,0,0,0,0,0,0,0
550374,1,1,0,0,0,0,0,0,0,0,0,0
550375,1,1,0,0,0,0,0,0,0,0,0,0
550375,2,1,0,0,0,0,0,0,0,0,0,0
550376,1,1,10,10,10,10,10,10,10,10,10,10
550376,2,1,0,0,0,0,0,0,0,0,0,0
550377,1,1,0,0,0,0,0,0,0,0,0,0
550377,2,1,0,0,0,0,0,0,0,0,0,0
550378,1,1,0,0,0,0,0,0,0,0,0,0
550378,2,1,0,0,0,0,0,0,0,0,0,0
550379,0,1,0,0,0,0,0,0,0,0,0,0
550379,1,1,0,0,12,0,0,0,0,0,0,0
550380,1,1,1,1,1,1,1,1,1,1,1,1
550381,1,1,0,0,0,0,0,0,0,0,0,0
550381,2,1,0,0,0,0,0,0,0,0,0,0
550382,1,1,0,0,0,0,0,0,0,0,0,0
550382,2,1,0,0,0,0,0,0,0,0,0,0
550383,1,1,0,0,0,0,0,0,0,0,0,0
550383,2,1,0,0,0,0,0,0,0,0,0,0
550384,1,1,0,0,0,0,0,0,0,0,0,0
550384,2,1,0,0,0,0,0,0,0,0,0,0
550385,0,1,0,0,0,0,0,0,0,0,0,0
550385,1,1,8,8,8,8,8,8,8,8,8,8
550386,1,1,0,0,0,0,0,0,0,0,0,0
550386,2,1,0,0,0,0,0,0,0,0,0,0
550387,1,1,0,0,0,0,0,0,0,0,0,0
550387,2,1,0,0,0,0,0,0,0,0,0,0
550388,1,1,0,0,0,0,0,0,0,0,0,0
550388,2,1,0,0,0,0,0,0,0,0,0,0
550389,0,1,0,0,0,0,0,0,0,0,0,0
550389,1,1,0,0,0,0,8,0,0,0,0,0
550390,1,1,0,0,0,0,0,0,0,0,0,0
550391,1,1,0,0,0,0,0,0,0,0,0,0
550391,2,1,0,0,0,0,0,0,0,0,0,0
550392,1,1,0,0,0,0,0,0,0,0,0,0
550392,2,1,0,0,0,0,0,0,19,0,30,0
550393,1,1,0,0,0,0,0,0,0,0,0,0
550393,4,1,0,0,13,19,0,0,9,0,9,29
550394,0,1,0,0,0,0,0,0,0,0,0,0
550394,1,1,0,0,0,0,0,0,0,0,0,0
550395,1,1,0,0,0,0,0,0,0,0,0,0
550395,2,1,18,18,18,18,18,18,18,18,18,18
550396,1,1,0,0,0,0,0,0,0,0,0,0
550396,2,1,4,4,4,4,4,4,4,4,4,4
550397,1,1,0,0,0,0,0,0,0,0,0,0
550397,2,1,0,0,0,0,0,0,0,0,0,0
550398,1,1,20,20,20,20,20,20,20,20,20,20
550399,0,1,0,0,0,0,0,0,0,0,0,0
550399,1,1,0,0,0,0,0,0,0,0,0,0
550400,0,1,0,0,0,0,0,0,0,0,0,0
550400,1,1,2,2,2,2,2,2,2,2,2,2
550401,1,1,21,21,21,21,21,21,21,21,21,21
550402,1,1,19,19,19,19,19,19,19,19,19,19
550403,1,1,0,0,0,0,0,0,0,0,0,0
550403,2,1,0,0,0,0,0,0,0,0,0,0
550404,1,1,26,26,26,26,26,26,26,26,26,26
550405,0,1,0,0,0,0,0,0,0,0,0,0
550405,1,1,0,0,0,0,0,0,0,0,0,0
550406,1,1,14,14,14,14,14,14,14,14,14,14
550407,1,1,0,0,0,0,0,0,0,0,0,0
550407,2,1,0,0,0,0,0,0,0,0,0,0
550408,1,1,0,0,0,0,0,0,0,0,0,0
550409,1,1,19,19,19,19,19,19,19,19,19,19
550409,2,1,15,15,15,15,15,15,15,15,15,15
550410,1,1,0,0,0,0,0,0,0,0,0,0
550411,1,1,0,0,0,0,0,0,0,0,0,0
550411,2,1,0,0,0,0,0,0,0,0,0,0
550412,1,1,10,10,10,10,10,10,10,10,10,10
550413,1,1,0,0,0,0,0,0,0,0,0,0
550414,1,1,26,26,26,26,26,26,26,26,26,26
550415,1,1,9,9,9,9,9,9,9,9,9,9
550416,1,1,0,0,0,10,0,0,0,0,0,0
550417,1,1,26,26,26,26,26,26,26,26,26,26
550418,1,1,18,18,18,18,18,18,18,18,18,18
550419,1,1,28,28,28,28,28,28,28,28,28,28
550420,1,1,26,26,26,26,26,26,26,26,26,26
550421,1,1,19,19,19,19,19,19,19,19,19,19
550422,0,1,18,18,18,18,18,18,18,18,18,18
550422,0,2,0,0,0,0,0,0,0,0,0,0
550422,0,3,0,0,0,0,0,0,0,0,0,0
550422,1,1,20,20,20,20,20,20,20,20,20,20
550423,0,1,28,28,28,28,28,28,28,28,28,28
550423,1,1,0,0,0,0,0,0,0,0,0,0
550424,0,1,0,0,0,0,0,0,0,0,0,0
550424,1,1,0,0,0,0,0,0,0,0,0,0
550425,1,1,0,0,0,0,0,0,0,0,0,0
550425,2,1,0,0,0,0,0,0,0,0,0,0
550426,1,1,0,0,0,0,0,0,0,0,0,0
550426,2,1,0,0,0,0,0,0,0,0,0,0
550427,1,1,0,0,0,0,0,0,0,0,0,0
550427,2,1,0,0,0,0,0,0,0,0,0,0
550428,0,1,0,0,0,11,0,0,0,0,30,0
550428,1,1,0,0,0,0,0,0,0,0,0,0
550429,1,1,0,0,0,0,0,0,0,0,0,0
550430,1,1,0,0,0,0,0,0,0,0,0,0
550430,2,1,0,0,0,0,0,0,0,0,0,0
550431,1,1,0,0,0,0,0,0,0,0,0,0
550431,2,1,0,0,0,0,0,0,0,0,0,0
550432,0,1,0,0,0,0,0,0,0,0,0,0
550432,1,1,0,0,0,0,0,0,0,0,0,0
550433,1,1,0,0,0,0,0,0,0,0,0,0
550433,2,1,0,0,0,0,0,0,0,0,0,0
550434,0,1,0,0,0,0,0,0,0,0,0,0
550434,1,1,0,0,0,0,0,0,0,0,0,0
550435,1,1,0,0,0,0,0,0,0,0,0,0
550435,2,1,0,0,0,11,0,0,0,0,0,0
550436,0,1,22,22,22,22,22,22,22,22,22,22
550436,1,1,0,0,0,0,0,0,0,0,0,0
550437,1,1,10,10,10,10,10,10,10,10,10,10
550437,2,1,0,0,0,0,0,0,0,0,0,0
550438,1,1,0,0,0,0,0,0,0,0,0,0
550438,2,1,0,25,25,0,0,0,0,0,18,0
550438,3,1,0,16,0,0,12,0,0,0,0,8
550439,1,1,0,0,0,0,0,0,0,0,0,0
550439,2,1,0,0,0,0,0,0,0,0,0,0
550440,1,1,0,0,0,0,0,0,0,0,0,0
550440,2,1,0,0,0,0,0,0,0,0,0,0
550441,1,1,0,0,0,0,0,0,0,0,0,0
550441,2,1,0,0,0,0,0,0,0,0,0,0
550441,3,1,1,1,1,1,1,1,1,1,1,1
550441,4,1,0,0,0,0,0,0,0,0,0,0
550442,1,1,34,34,34,34,34,34,34,34,34,34
550442,2,1,0,0,0,0,0,0,0,0,0,0
550443,1,1,0,0,0,0,0,0,0,0,0,0
550443,2,1,0,0,0,0,0,0,0,0,0,0
550443,3,1,0,0,0,0,0,0,0,0,0,0
550444,1,1,0,0,0,0,0,0,0,0,0,0
550445,1,1,0,0,0,0,0,0,0,0,0,0
550445,2,1,0,0,0,0,0,0,0,0,0,0
550446,1,1,35,35,35,35,35,35,35,35,35,35
550446,2,1,0,0,0,0,0,0,0,0,0,0
550447,1,1,39,39,39,39,39,39,39,39,39,39
550448,1,1,15,15,15,15,15,15,15,15,15,15
550449,1,1,25,25,25,25,25,25,25,25,25,25
550450,0,1,0,0,0,0,0,0,0,0,0,0
550450,1,1,0,0,0,0,0,0,0,0,0,0
550451,1,1,21,21,21,21,21,21,21,21,21,21
550452,0,1,0,0,0,0,0,0,0,0,0,0
550452,0,2,0,0,0,0,0,0,0,10,0,0
550452,1,1,20,20,20,20,20,20,20,20,20,20
550453,1,1,0,0,0,0,0,0,0,0,0,0
550454,1,1,21,21,21,21,21,21,21,21,21,21
550455,1,1,27,27,27,27,27,27,27,27,27,27
550456,1,1,0,0,0,0,0,0,0,0,0,0
550456,2,1,0,0,0,0,0,0,0,0,0,0
550457,1,1,0,0,0,0,0,0,0,0,0,0
550457,2,1,0,0,0,8,0,0,0,0,0,0
550458,0,1,0,0,0,0,0,0,0,0,0,0
550458,1,1,0,0,0,0,0,0,0,0,0,0
550459,1,1,0,0,0,0,0,0,0,0,0,0
550460,1,1,13,13,13,13,13,13,13,13,13,13
550461,1,1,16,16,16,16,16,16,16,16,16,16
550462,1,1,13,13,13,13,13,13,13,13,13,13
550462,2,1,0,0,0,0,0,0,0,0,0,0
550463,1,1,0,0,0,0,0,0,0,0,0,0
550463,2,1,0,0,0,0,0,0,0,0,0,0
550464,1,1,0,0,0,0,0,0,0,0,0,0
550465,1,1,0,0,0,0,0,0,0,0,0,0
550465,2,1,0,0,0,0,0,0,0,0,0,0
550466,1,1,15,15,15,15,15,15,15,15,15,15
550467,0,1,0,0,0,0,0,0,0,0,0,0
550467,1,1,0,0,0,0,0,0,0,0,0,0
550468,1,1,0,0,0,0,0,0,0,0,0,0
550468,2,1,0,0,0,0,0,0,0,0,0,0
550469,1,1,19,16,18,0,6,10,7,0,19,8
550470,1,1,0,0,0,0,0,0,0,0,0,0
550470,2,1,0,0,0,0,0,0,0,0,0,0
550471,0,1,0,0,0,0,0,0,0,0,0,0
550471,1,1,0,0,0,0,0,0,0,0,0,0
550472,1,1,29,29,29,29,29,29,29,29,29,29
550473,1,1,0,0,0,0,0,0,0,0,0,0
550473,2,1,0,0,0,0,0,0,0,0,0,0
550474,1,1,18,18,18,18,18,18,18,18,18,18
550475,1,1,0,0,0,0,0,0,0,0,0,0
550475,2,1,19,19,19,19,19,19,19,19,19,19
550476,1,1,0,0,0,0,0,0,0,0,0,0
550477,1,1,20,20,20,20,20,20,20,20,20,20
550478,1,1,19,19,19,19,19,19,19,19,19,19
550479,0,1,14,0,0,0,0,0,0,47,17,0
550479,1,1,4,4,4,4,4,4,4,4,4,4
550480,1,1,15,15,15,15,15,15,15,15,15,15
550481,1,1,0,0,0,0,0,0,0,0,0,0
550481,2,1,0,0,0,0,0,0,0,0,0,0
550482,1,1,0,0,0,0,0,0,0,0,0,0
550483,1,1,0,0,0,0,0,0,0,0,0,0
550484,1,1,0,0,0,0,0,0,0,0,0,0
550484,2,1,0,0,0,0,0,0,0,0,0,0
550484,3,1,0,0,0,0,0,0,0,0,0,0
550484,4,1,0,0,0,0,0,0,0,0,0,0
550484,5,1,0,0,0,0,0,0,0,0,0,0
550484,6,1,0,0,0,0,0,0,0,0,0,0
550484,7,1,0,0,0,0,0,0,0,0,0,0
550484,8,1,0,0,0,0,0,0,0,0,0,0
550484,9,1,0,4,0,0,0,0,0,0,0,0
550485,1,1,0,0,0,0,0,0,0,0,0,0
550485,2,1,0,0,0,0,0,0,0,0,0,0
550486,1,1,0,0,0,0,0,0,0,0,0,0
550486,2,1,0,0,0,0,0,0,0,0,0,0
550487,1,1,28,28,28,28,28,28,28,28,28,28
550488,0,1,0,0,0,0,0,0,0,0,0,0
550488,1,1,0,0,0,0,0,0,0,0,0,0
550489,1,1,0,0,0,0,0,0,0,0,0,0
550489,2,1,0,0,0,0,0,0,0,0,0,0
550490,1,1,10,10,10,10,10,10,10,10,10,10
550490,2,1,9,9,9,9,9,9,9,9,9,9
550491,1,1,0,0,0,0,0,0,0,0,0,0
550491,2,1,0,0,0,0,0,0,0,0,0,0
550492,1,1,28,28,28,28,28,28,28,28,28,28
550493,0,1,16,16,16,16,16,16,16,16,16,16
550493,1,1,0,0,0,0,0,0,0,0,0,0
550494,1,1,0,0,0,0,0,0,0,0,0,0
550495,1,1,0,0,0,0,0,0,0,0,0,0
550495,2,1,0,0,0,0,0,0,0,0,0,0
550496,1,1,24,24,24,24,24,24,24,24,24,24
550497,1,1,0,0,0,0,0,0,0,0,0,0
550497,2,1,0,0,0,14,0,0,0,0,0,0
550498,1,1,14,14,14,14,14,14,14,14,14,14
550499,1,1,22,22,22,22,22,22,22,22,22,22
550499,2,1,0,0,0,0,0,0,0,0,0,0
550500,1,1,22,22,22,22,22,22,22,22,22,22
550501,1,1,11,11,11,11,11,11,11,11,11,11
550502,1,1,0,0,0,0,0,0,0,0,0,0
550502,2,1,0,0,0,0,0,0,0,0,0,0
550503,1,1,0,0,0,0,0,0,0,0,0,0
550503,2,1,0,0,0,0,0,0,0,0,0,0
550504,1,1,0,0,0,0,0,0,0,0,0,0
550504,2,1,0,0,0,0,0,0,0,0,0,0
550505,1,1,0,0,0,0,0,0,0,0,0,0
550505,2,1,0,0,0,0,0,0,4,0,0,0
550506,1,1,0,0,0,0,0,0,0,0,0,0
550507,0,1,0,0,0,0,0,0,0,0,0,0
550507,0,2,0,0,0,0,0,0,0,0,0,0
550507,1,1,0,0,0,0,0,0,0,0,0,0
550508,1,1,0,0,0,0,0,0,0,0,0,0
550509,1,1,0,0,0,0,0,0,0,0,0,0
550510,1,1,0,0,0,0,0,0,0,0,0,0
550511,1,1,0,0,0,0,0,0,0,0,0,0
550511,2,1,0,0,0,0,0,0,0,0,0,0
550512,1,1,23,23,23,23,23,23,23,23,23,23
550513,1,1,13,13,13,13,13,13,13,13,13,13
550514,1,1,25,25,25,25,25,25,25,25,25,25
550515,1,1,11,11,11,11,11,11,11,11,11,11
550516,1,1,6,6,6,6,6,6,6,6,6,6
550517,1,1,33,33,33,33,33,33,33,33,33,33
550518,1,1,10,10,10,10,10,10,10,10,10,10
550519,1,1,0,0,0,0,0,0,0,0,0,0
550520,1,1,0,0,0,0,0,0,0,0,0,0
550520,2,1,0,0,0,0,0,0,0,0,0,0
550521,0,1,0,0,0,21,0,0,0,16,13,0
550521,1,1,0,0,0,0,0,0,0,0,0,0
550522,1,1,0,0,0,0,0,0,0,0,0,0
550523,1,1,0,0,0,0,0,0,0,0,0,0
550524,1,1,0,0,0,0,0,0,0,0,0,0
550525,1,1,0,0,0,0,0,0,0,0,0,0
550525,2,1,21,0,0,0,0,0,0,0,0,0
550526,0,1,0,0,0,0,0,0,0,0,0,0
550526,1,1,0,0,0,0,0,0,0,0,0,0
550527,1,1,19,19,19,19,19,19,19,19,19,19
550528,1,1,0,0,0,0,0,0,0,0,0,0
550528,2,1,0,0,0,0,0,0,0,0,0,0
550529,1,1,0,0,0,0,0,0,0,0,0,0
550529,2,1,0,0,0,0,0,0,0,0,0,0
550530,1,1,0,0,0,0,0,0,0,0,0,0
550531,1,1,0,0,0,0,0,0,0,0,0,0
550531,2,1,2,2,2,2,2,2,2,2,2,2
550532,1,1,0,0,0,0,0,0,0,0,0,0
550533,1,1,12,12,12,12,12,12,12,12,12,12
550535,1,1,0,0,0,0,22,0,0,0,0,0
560001,1,1,0,0,0,0,0,0,0,0,0,0
560002,1,1,0,10,0,0,0,0,0,0,0,0
560003,0,1,24,24,24,24,24,24,24,24,24,24
560003,1,1,0,0,0,0,0,0,0,0,0,0
560004,1,1,34,34,34,34,34,34,34,34,34,34
560005,1,1,0,0,0,0,0,0,0,0,0,0
560006,1,1,0,0,0,0,0,0,0,0,0,0
560007,1,1,14,14,14,14,14,14,14,14,14,14
560008,1,1,20,20,20,20,20,20,20,20,20,20
560009,1,1,9,9,9,9,9,9,9,9,9,9
560009,2,1,0,0,0,0,0,0,0,0,0,0
560010,1,1,0,0,0,0,0,0,0,0,0,0
560010,2,1,0,0,0,0,0,0,0,0,0,0
560011,1,1,0,0,0,0,0,0,0,0,0,0
560011,2,1,0,0,0,0,0,0,0,0,0,0
560012,1,1,0,0,0,0,0,0,0,0,0,0
560013,1,1,18,18,18,18,18,18,18,18,18,18
560014,1,1,20,20,20,20,20,20,20,20,20,20
560015,1,1,0,0,0,0,0,0,0,0,0,0
560016,1,1,0,0,0,0,0,0,0,0,0,0
560016,2,1,0,0,0,0,0,0,0,0,0,0
560016,3,1,0,0,0,0,0,0,0,0,0,0
560017,1,1,0,0,0,0,0,0,0,0,0,0
560018,1,1,0,0,0,0,0,0,0,0,0,0
560018,2,1,0,0,0,0,0,0,0,0,0,0
560019,1,1,0,0,0,0,0,0,0,0,0,0
560020,1,1,0,0,0,0,0,0,0,0,0,0
560020,2,1,0,0,0,0,0,0,0,0,0,0
560021,1,1,0,0,0,0,0,0,0,0,0,0
560021,2,1,0,0,0,0,0,0,0,0,0,0
560022,1,1,0,0,0,0,0,0,0,0,0,0
560023,1,1,0,0,0,0,0,0,0,0,0,0
560024,1,1,0,0,0,0,0,0,0,0,26,0
560025,1,1,0,14,0,0,0,0,0,0,0,4
560026,0,1,0,0,0,0,0,0,0,0,0,0
560026,1,1,0,0,0,0,0,0,0,0,0,0
560026,5,1,0,28,26,0,16,0,0,0,0,0
560027,1,1,0,0,0,0,0,0,0,0,0,0
560028,1,1,0,0,12,0,0,0,11,0,0,0
560029,1,1,14,14,14,14,14,14,14,14,14,14
560030,1,1,0,0,0,0,0,0,0,0,0,0
560031,1,1,0,0,0,0,0,0,0,0,0,0
560031,2,1,0,0,0,0,0,0,0,0,0,0
560032,1,1,0,0,0,0,25,0,0,0,0,0
560032,2,1,0,0,0,0,0,0,0,0,0,0
560033,1,1,0,0,0,0,0,0,0,0,0,0
560033,2,1,0,0,0,0,0,0,0,0,0,0
560034,1,1,23,23,23,23,23,23,23,23,23,23
560035,1,1,13,13,13,13,13,13,13,13,13,13
560035,2,1,0,0,0,0,0,0,0,0,0,0
560036,1,1,15,15,15,15,15,15,15,15,15,15
560037,1,1,0,0,0,0,0,0,0,0,0,0
560037,2,1,0,0,0,0,0,0,0,0,0,0
560038,1,1,10,10,10,10,10,10,10,10,10,10
560039,1,1,25,25,25,25,25,25,25,25,25,25
560040,1,1,0,0,0,0,0,0,0,0,0,0
560041,1,1,23,0,0,0,15,0,11,0,0,5
560041,2,1,0,0,0,0,0,0,0,0,0,0
560042,1,1,0,0,0,0,0,0,0,0,0,0
560042,2,1,0,0,0,0,0,0,0,0,0,0
560043,1,1,0,0,0,0,0,0,0,0,0,0
560043,2,1,0,0,0,0,0,0,0,0,0,0
560044,1,1,17,17,17,17,17,17,17,17,17,17
560045,1,1,0,0,0,0,0,0,0,0,0,0
560046,1,1,0,9,0,14,0,0,0,0,0,0
560046,2,1,0,0,0,0,7,0,0,0,0,0
560047,1,1,0,0,0,0,0,0,0,0,0,0
560047,2,1,0,0,0,0,0,0,0,0,0,0
560048,1,1,0,0,0,0,0,0,0,0,0,0
560048,2,1,0,0,0,0,0,0,0,0,0,0
560048,3,1,0,0,0,0,0,21,0,0,0,30
560049,1,1,0,0,0,0,0,0,0,0,0,0
560050,1,1,0,0,0,0,0,0,0,0,0,0
560051,1,1,0,0,0,0,0,0,0,0,0,0
560051,2,1,0,0,0,0,0,0,0,0,0,0
560052,1,1,0,0,0,0,0,0,0,0,0,0
560052,2,1,0,0,0,0,0,0,0,0,0,0
560053,1,1,25,25,25,25,25,25,25,25,25,25
560054,1,1,0,0,0,0,0,0,0,0,0,0
560055,1,1,0,0,0,0,0,0,0,0,0,0
560056,1,1,0,0,0,0,0,0,0,0,0,0
560057,1,1,27,27,27,27,27,27,27,27,27,27
560057,2,1,0,0,0,0,0,0,0,0,0,0
560058,1,1,24,22,28,10,25,23,15,27,30,23
560059,1,1,0,19,10,0,0,0,0,0,0,0
560060,1,1,0,0,0,0,0,0,0,0,0,0
560061,1,1,0,0,0,0,0,0,0,0,0,0
560061,2,1,0,0,0,0,0,0,0,0,0,0
560062,1,1,0,10,0,0,14,0,0,0,0,0
560062,2,1,20,20,20,20,20,20,20,20,20,20
560063,1,1,0,0,0,0,0,0,0,0,0,0
560064,0,1,21,21,21,21,21,21,21,21,21,21
560064,1,1,0,0,0,0,0,0,0,0,0,0
560065,1,1,19,19,19,19,19,19,19,19,19,19
560066,1,1,12,12,12,12,12,12,12,12,12,12
560067,1,1,0,0,0,0,0,0,0,0,0,0
560067,2,1,0,0,0,0,0,0,0,0,0,0
560068,1,1,0,0,0,0,0,0,0,0,0,0
560069,1,1,0,0,0,0,0,0,0,0,0,0
560069,2,1,0,0,0,0,0,0,0,0,0,0
560070,1,1,0,0,0,0,0,0,0,0,0,0
560071,1,1,0,0,0,0,0,0,0,0,0,0
560072,1,1,0,0,0,17,0,29,11,0,24,30
560073,1,1,0,0,0,0,0,0,0,0,0,0
560074,0,1,23,23,23,23,23,23,23,23,23,23
560074,1,1,0,0,0,0,0,0,0,0,0,0
560075,1,1,16,0,34,11,21,16,14,3,23,10
560076,1,1,0,0,0,0,0,0,0,0,0,0
560076,2,1,0,0,0,0,0,0,0,0,0,0
560077,1,1,20,15,15,14,5,23,11,39,23,25
560078,1,1,21,21,21,21,21,21,21,21,21,21
560079,1,1,19,19,19,19,19,19,19,19,19,19
560080,1,1,0,0,0,0,0,0,0,0,0,0
560080,2,1,0,0,0,0,0,0,0,0,0,0
560081,1,1,0,0,0,0,0,0,0,0,0,0
560081,2,1,0,0,0,0,0,0,0,0,0,0
560082,1,1,20,20,20,20,20,20,20,20,20,20
560083,1,1,24,0,0,0,0,16,0,0,0,0
560083,2,1,0,0,0,0,0,0,0,0,0,0
560084,1,1,0,0,0,0,0,0,0,0,0,0
560085,1,1,0,0,0,0,0,0,0,0,0,0
560086,1,1,8,28,0,0,0,0,0,0,0,24
560086,2,1,0,0,0,0,0,0,0,0,0,0
560087,1,1,9,9,9,9,9,9,9,9,9,9
560088,0,1,26,26,26,26,26,26,26,26,26,26
560088,1,1,0,0,0,35,0,0,0,0,0,0
560089,1,1,30,30,30,30,30,30,30,30,30,30
560090,1,1,0,0,0,0,0,0,0,0,0,0
560091,1,1,0,0,0,0,0,0,0,8,0,0
560092,1,1,0,0,0,0,0,0,0,0,0,0
560093,1,1,6,6,6,6,6,6,6,6,6,6
560094,1,1,17,0,0,0,0,0,20,0,0,38
560095,1,1,0,0,0,0,0,0,0,0,0,0
560095,2,1,0,0,0,0,0,0,0,0,0,0
560096,1,1,31,31,31,31,31,31,31,31,31,31
560097,1,1,12,12,12,12,12,12,12,12,12,12
560097,2,1,0,0,0,0,0,0,14,0,0,0
560098,1,1,0,0,0,0,0,0,0,0,0,0
560098,2,1,0,0,0,0,0,0,0,0,0,0
560099,1,1,0,0,0,0,0,0,0,0,0,0
560099,2,1,0,0,0,0,0,0,0,0,0,0
560100,1,1,0,0,0,0,0,0,0,0,0,0
560100,2,1,0,0,0,0,0,0,0,0,0,0
560101,1,1,0,0,0,0,0,0,0,0,0,0
560102,1,1,0,0,0,0,0,0,0,0,0,0
560103,1,1,22,0,0,31,0,11,0,27,26,35
560104,1,1,0,0,0,0,0,0,0,0,0,0
560105,1,1,0,0,0,0,0,0,0,0,0,0
560105,2,1,0,0,0,0,0,0,0,0,0,0
560106,1,1,0,0,0,0,27,19,0,0,0,0
560107,1,1,0,12,0,0,0,0,0,0,0,0
560109,1,1,20,20,20,20,20,20,20,20,20,20
560110,1,1,0,0,0,0,0,0,0,0,0,0
560111,1,1,9,0,0,0,0,0,0,6,0,23
560112,1,1,0,0,0,0,0,0,0,0,0,0
560113,1,1,0,0,0,0,0,0,0,0,0,0
560113,2,1,1,1,1,1,1,1,1,1,1,1
560114,1,1,0,0,0,0,0,0,0,0,0,0
560114,2,1,0,0,0,0,0,0,0,0,0,0
560115,1,1,0,0,0,0,0,0,0,0,0,0
560116,0,1,0,0,0,0,0,0,0,0,0,0
560116,1,1,0,0,0,16,0,0,0,0,0,0
560117,1,1,0,0,0,4,0,0,0,0,0,0
560118,1,1,0,0,0,0,32,0,19,0,0,16
560119,0,1,19,0,11,0,0,0,0,0,0,0
560119,1,1,0,0,0,0,0,0,0,0,0,22
560120,1,1,0,0,0,0,0,0,0,0,0,0
560120,2,1,0,0,0,0,0,0,0,0,0,0
560121,1,1,2,17,0,0,37,0,0,26,0,0
560121,2,1,17,3,21,16,12,22,23,16,14,10