ST_CASE,VEH_NO,PER_NO,P1,P2,P3,P4,P5,P6,P7,P8,P9,P10
60001,1,1,0,0,0,0,0,0,0,0,0,0
60002,1,1,21,21,21,21,21,21,21,21,21,21
60003,0,1,0,0,0,0,0,0,0,0,0,0
60003,1,1,0,0,18,0,0,0,0,0,0,0
60004,0,1,0,0,0,0,0,0,0,0,0,0
60004,1,1,0,0,0,0,0,0,0,0,0,0
60005,0,1,0,0,0,0,0,0,0,0,0,0
60005,1,1,0,17,0,0,14,21,0,0,0,18
60006,1,1,3,3,3,3,3,3,3,3,3,3
60006,2,1,0,0,15,0,0,0,0,0,0,0
60007,0,1,25,25,25,25,25,25,25,25,25,25
60007,1,1,15,15,15,15,15,15,15,15,15,15
60008,1,1,26,26,26,26,26,26,26,26,26,26
60009,0,1,0,0,0,0,0,0,0,12,14,0
60009,1,1,18,11,0,0,2,18,0,26,0,0
60010,1,1,0,0,0,0,0,0,0,0,0,0
60011,1,1,0,0,8,0,0,0,0,0,0,0
60011,2,1,0,0,0,0,0,0,0,0,0,0
60011,3,1,0,18,0,0,0,0,0,0,0,0
60012,1,1,16,16,16,16,16,16,16,16,16,16
60013,1,1,25,25,25,25,25,25,25,25,25,25
60014,0,1,11,11,11,11,11,11,11,11,11,11
60014,1,1,0,0,0,0,13,17,9,0,0,0
60014,2,1,0,0,0,0,0,0,0,0,0,0
60014,3,1,0,0,0,0,0,0,9,0,10,4
60015,1,1,0,0,0,0,16,0,0,0,0,0
60015,2,1,1,1,1,1,1,1,1,1,1,1
60015,3,1,11,11,11,11,11,11,11,11,11,11
60016,1,1,27,27,27,27,27,27,27,27,27,27
60017,1,1,5,0,0,0,0,0,0,0,0,15
60018,1,1,40,40,40,40,40,40,40,40,40,40
60019,1,1,19,19,19,19,19,19,19,19,19,19
60020,1,1,0,0,0,0,0,0,0,0,0,0
60020,2,1,0,0,0,0,0,0,0,0,0,0
60021,1,1,24,24,24,24,24,24,24,24,24,24
60021,2,1,0,0,0,0,0,0,0,0,0,0
60021,3,1,0,0,0,0,0,0,0,0,0,0
60022,1,1,16,16,16,16,16,16,16,16,16,16
60023,0,1,28,28,28,28,28,28,28,28,28,28
60023,1,1,0,0,0,0,0,0,0,0,0,0
60024,1,1,12,12,12,12,12,12,12,12,12,12
60024,2,1,0,0,0,14,0,0,10,0,0,5
60025,1,1,0,0,0,0,0,0,0,0,0,0
60025,2,1,0,0,4,0,0,0,0,0,0,0
60026,0,1,0,0,0,0,0,0,0,0,0,0
60026,1,1,0,0,0,0,0,0,0,0,0,0
60027,1,1,0,0,0,0,0,0,0,0,0,0
60028,1,1,0,0,0,0,0,0,0,0,0,0
60028,2,1,0,0,0,0,0,0,0,0,0,0
60029,1,1,0,0,0,0,0,0,0,0,0,0
60029,2,1,0,0,0,0,0,0,0,0,0,0
60030,1,1,0,0,0,0,0,0,0,0,0,0
60030,2,1,0,0,0,0,0,0,0,0,0,0
60031,1,1,0,0,0,0,0,0,0,0,0,0
60031,2,1,0,0,0,0,0,0,0,0,0,0
60032,0,1,0,0,0,0,0,0,0,0,0,0
60032,1,1,0,0,0,0,0,0,0,0,0,0
60032,2,1,0,0,0,0,0,0,0,0,0,0
60033,1,1,0,0,0,0,0,0,0,0,0,0
60033,2,1,0,0,0,0,0,0,0,0,0,0
60034,1,1,0,0,0,0,0,0,0,0,0,0
60035,1,1,0,0,0,0,0,0,0,0,0,0
60035,2,1,0,0,0,0,0,0,0,0,0,0
60036,1,1,0,0,13,0,0,0,0,18,0,0
60036,2,1,0,0,0,0,0,0,0,0,0,0
60036,3,1,0,0,0,0,0,0,0,0,0,0
60037,0,1,0,0,0,0,0,0,0,0,0,0
60037,1,1,0,0,0,0,0,0,0,0,0,0
60038,1,1,22,22,22,22,22,22,22,22,22,22
60039,0,1,14,14,14,14,14,14,14,14,14,14
60039,1,1,0,31,0,0,0,0,0,0,0,0
60040,1,1,17,17,17,17,17,17,17,17,17,17
60040,2,1,0,23,0,0,0,0,9,0,0,0
60041,0,1,0,0,0,0,0,0,0,0,0,0
60041,1,1,0,0,0,0,0,0,0,0,0,0
60042,1,1,19,19,19,19,19,19,19,19,19,19
60043,1,1,21,21,21,21,21,21,21,21,21,21
60044,1,1,20,20,20,20,20,20,20,20,20,20
60045,1,1,15,15,15,15,15,15,15,15,15,15
60046,1,1,22,22,22,22,22,22,22,22,22,22
60047,0,1,0,0,0,0,0,0,0,0,0,0
60047,1,1,0,0,0,0,0,0,0,0,0,0
60048,0,1,31,31,31,31,31,31,31,31,31,31
60048,1,1,7,7,7,7,7,7,7,7,7,7
60049,0,1,0,0,0,0,0,0,0,0,0,0
60049,1,1,0,0,0,0,0,0,0,0,0,0
60050,1,1,0,0,0,0,0,0,0,0,0,0
60050,2,1,0,0,0,0,0,0,0,0,0,0
60051,1,1,44,44,44,44,44,44,44,44,44,44
60052,0,1,0,0,0,0,0,0,0,0,0,0
60052,1,1,0,0,0,21,0,0,0,0,0,7
60053,0,1,0,0,0,0,0,0,0,0,0,0
60053,1,1,0,0,0,0,0,20,0,0,0,0
60054,1,1,14,14,14,14,14,14,14,14,14,14
60054,2,1,0,0,0,0,0,0,15,0,0,0
60054,3,1,0,0,0,0,0,0,0,0,0,0
60054,4,1,0,0,0,0,0,0,0,0,0,0
60055,0,1,0,0,0,0,0,0,0,0,0,0
60055,1,1,0,0,0,0,0,0,0,15,0,0
60055,2,1,0,0,0,0,0,0,0,0,0,0
60056,1,1,18,18,18,18,18,18,18,18,18,18
60057,1,1,9,9,9,9,9,9,9,9,9,9
60058,1,1,0,0,0,0,0,0,0,0,0,0
60059,1,1,0,0,0,0,0,0,0,0,0,0
60060,0,1,0,0,0,0,0,0,0,0,0,0
60060,1,1,0,0,0,0,0,0,0,0,0,0
60061,1,1,0,0,0,0,0,0,0,0,0,0
60061,2,1,0,0,0,0,0,0,0,0,0,0
60062,1,1,18,18,18,18,18,18,18,18,18,18
60062,2,1,0,0,0,0,0,0,0,0,0,0
60063,1,1,0,0,0,0,0,0,0,0,0,0
60063,2,1,0,0,0,0,0,0,0,0,0,0
60064,0,1,31,0,0,11,0,0,0,15,0,0
60064,1,1,0,0,0,0,0,0,0,0,0,0
60065,1,1,0,0,0,0,0,0,0,0,0,0
60065,2,1,0,0,0,0,0,0,0,0,0,0
60066,0,1,29,29,29,29,29,29,29,29,29,29
60066,1,1,0,0,0,0,0,0,0,0,0,10
60067,1,1,15,15,15,15,15,15,15,15,15,15
60068,0,1,0,0,0,0,0,0,0,0,0,0
60068,1,1,0,0,0,0,0,0,0,0,0,0
60069,1,1,0,0,0,0,0,0,0,0,0,0
60069,2,1,0,0,0,0,0,0,0,0,0,0
60070,1,1,0,0,0,0,0,0,0,0,0,0
60071,1,1,0,0,0,0,0,0,0,0,0,0
60071,2,1,0,0,0,0,0,0,0,0,0,0
60072,1,1,20,20,20,20,20,20,20,20,20,20
60073,0,1,0,0,0,0,0,0,0,0,0,0
60073,1,1,0,0,0,0,0,0,0,0,0,0
60074,1,1,32,32,32,32,32,32,32,32,32,32
60074,2,1,0,0,0,0,0,0,0,0,0,0
60075,0,1,14,14,14,14,14,14,14,14,14,14
60075,1,1,0,0,0,0,0,0,0,0,0,0
60076,1,1,0,0,0,0,0,0,0,0,0,0
60076,2,1,0,0,0,0,0,0,0,0,0,0
60077,1,1,0,0,0,0,0,0,0,0,0,0
60077,2,1,0,0,0,0,0,0,0,0,0,0
60077,3,1,0,0,0,0,0,20,0,0,0,0
60078,1,1,0,0,0,0,0,0,0,0,0,0
60078,2,1,0,0,0,0,0,0,0,0,0,0
60079,1,1,0,0,0,0,0,0,0,0,0,0
60079,2,1,16,16,16,16,16,16,16,16,16,16
60080,1,1,0,0,0,0,0,0,0,0,0,0
60080,2,1,9,9,9,9,9,9,9,9,9,9
60081,1,1,0,0,0,0,0,0,0,0,0,0
60082,1,1,15,15,15,15,15,15,15,15,15,15
60083,1,1,0,0,0,0,0,0,0,0,0,0
60083,2,1,0,0,0,0,0,0,0,0,0,0
60084,1,1,0,0,0,0,0,0,0,0,0,0
60084,2,1,0,0,0,0,0,0,0,0,0,0
60084,3,1,0,0,0,0,0,0,0,0,0,0
60085,0,1,0,0,0,0,0,0,0,0,0,0
60085,1,1,0,0,0,0,0,0,0,0,0,0
60086,1,1,0,0,0,0,0,0,0,0,0,0
60086,2,1,0,0,0,0,0,0,0,0,0,0
60087,1,1,0,0,0,0,0,0,0,0,0,0
60087,2,1,0,0,0,0,0,0,0,0,0,0
60088,0,1,0,0,0,0,0,0,0,0,0,0
60088,1,1,0,0,0,0,0,0,0,0,0,0
60088,2,1,0,0,0,0,0,0,0,0,0,0
60089,0,1,0,0,0,0,0,0,0,0,0,0
60089,1,1,0,0,0,0,0,0,0,0,0,0
60090,0,1,0,0,0,0,0,0,0,0,0,0
60090,1,1,0,0,0,0,0,0,0,0,0,0
60091,1,1,0,0,0,0,0,0,0,0,0,0
60091,2,1,0,0,0,0,0,0,0,0,0,0
60092,1,1,15,15,15,15,15,15,15,15,15,15
60093,1,1,0,10,0,0,0,16,0,14,0,0
60093,2,1,0,0,0,0,0,0,0,0,0,0
60094,1,1,16,16,16,16,16,16,16,16,16,16
60094,2,1,0,0,0,0,0,0,0,0,0,0
60094,3,1,0,0,0,0,0,0,0,0,0,0
60095,1,1,0,0,0,0,0,0,0,0,0,0
60095,2,1,0,0,0,0,0,0,0,0,0,0
60096,1,1,14,14,14,14,14,14,14,14,14,14
60096,2,1,0,0,0,0,0,0,0,0,0,0
60097,1,1,0,0,0,0,0,0,0,0,0,0
60097,2,1,0,0,0,0,0,0,0,0,0,0
60097,3,1,0,0,0,0,0,0,0,0,0,0
60097,4,1,0,0,0,0,0,0,0,0,0,0
60097,5,1,0,0,0,0,0,0,0,0,0,0
60097,6,1,0,0,0,0,0,0,0,0,0,0
60097,7,1,0,0,0,0,0,0,0,0,0,0
60097,8,1,0,0,0,0,0,0,0,0,0,0
60097,9,1,0,0,0,0,0,0,0,0,0,0
60097,10,1,0,0,0,0,0,0,0,0,0,0
60098,1,1,25,25,25,25,25,25,25,25,25,25
60098,2,1,0,0,0,0,0,0,0,0,0,0
60099,1,1,17,17,17,17,17,17,17,17,17,17
60100,1,1,0,0,0,0,0,0,0,0,0,0
60100,2,1,0,0,0,0,0,0,0,0,0,0
60101,0,1,34,34,34,34,34,34,34,34,34,34
60101,1,1,0,0,0,0,0,0,0,0,0,0
60102,1,1,0,0,0,0,0,0,0,0,0,0
60102,2,1,0,0,0,0,0,0,0,0,0,0
60103,1,1,2,2,2,2,2,2,2,2,2,2
60104,0,1,22,22,22,22,22,22,22,22,22,22
60104,1,1,0,0,0,0,0,0,0,0,0,0
60105,1,1,27,27,27,27,27,27,27,27,27,27
60105,2,1,0,0,0,0,0,0,0,21,0,0
60106,1,1,19,19,19,19,19,19,19,19,19,19
60107,0,1,0,0,0,0,0,0,0,0,0,0
60107,1,1,0,0,0,0,0,0,0,0,0,0
60108,0,1,8,8,8,8,8,8,8,8,8,8
60108,1,1,0,0,0,0,0,0,0,0,0,0
60109,1,1,0,0,0,0,0,0,0,0,0,0
60110,1,1,11,11,11,11,11,11,11,11,11,11
60111,0,1,11,0,0,0,0,0,0,0,0,0
60111,1,1,0,0,0,0,0,0,0,0,0,0
60112,1,1,0,0,0,0,0,0,0,0,0,0
60112,2,1,0,0,0,0,0,0,9,19,17,0
60113,1,1,0,0,0,0,0,0,0,0,0,0
60113,2,1,0,0,0,0,0,0,0,0,0,0
60113,3,1,0,0,0,0,0,0,0,0,0,0
60114,0,1,0,0,0,0,0,0,0,0,0,0
60114,1,1,0,0,0,0,0,0,0,0,0,0
60115,0,1,0,0,0,0,0,0,0,0,0,0
60115,1,1,0,0,0,0,0,0,0,0,0,0
60116,1,1,20,20,20,20,20,20,20,20,20,20
60117,1,1,0,0,0,0,0,0,0,0,0,0
60117,2,1,0,0,0,0,0,0,0,0,0,0
60118,1,1,21,21,21,21,21,21,21,21,21,21
60119,0,1,0,0,0,0,0,0,0,0,0,0
60119,1,1,0,0,0,0,0,0,0,0,0,0
60120,1,1,0,0,0,0,0,0,0,0,0,0
60120,2,1,0,0,0,0,0,0,0,0,0,0
60121,1,1,0,0,0,0,0,0,0,0,0,0
60122,1,1,0,0,0,0,0,0,0,0,0,0
60123,0,1,18,22,17,17,22,23,27,0,24,15
60123,1,1,0,0,0,0,0,0,0,0,0,0
60124,1,1,0,0,0,0,0,0,0,0,0,0
60124,2,1,0,0,0,0,0,0,0,0,0,0
60125,1,1,0,0,0,0,0,0,0,0,0,0
60126,0,1,0,0,0,0,0,0,0,0,0,0
60126,1,1,0,0,0,0,0,0,0,0,0,0
60127,0,1,0,0,0,0,0,0,0,0,0,0
60128,1,1,37,37,37,37,37,37,37,37,37,37
60129,1,1,0,0,0,0,0,0,0,0,0,0
60130,1,1,30,30,30,30,30,30,30,30,30,30
60131,0,1,0,0,0,0,0,0,0,0,0,0
60131,1,1,0,0,0,0,0,0,18,0,0,0
60132,1,1,13,13,13,13,13,13,13,13,13,13
60133,1,1,0,0,0,0,0,0,0,0,0,0
60134,1,1,8,8,8,8,8,8,8,8,8,8
60135,1,1,0,0,0,0,0,21,0,0,0,0
60135,2,1,0,0,0,0,0,0,0,0,0,0
60136,0,1,0,0,0,0,0,0,0,0,0,0
60136,1,1,0,0,0,0,0,0,0,0,0,0
60137,1,1,17,17,17,17,17,17,17,17,17,17
60138,1,1,30,30,30,30,30,30,30,30,30,30
60138,2,1,0,0,0,0,0,0,0,0,0,0
60139,1,1,18,18,18,18,18,18,18,18,18,18
60140,1,1,0,0,0,0,0,0,0,0,0,0
60141,1,1,8,8,8,8,8,8,8,8,8,8
60142,1,1,20,20,20,20,20,20,20,20,20,20
60143,1,1,14,14,14,14,14,14,14,14,14,14
60144,0,1,0,0,0,0,0,0,0,0,0,0
60144,1,1,0,0,0,0,0,0,0,0,0,0
60145,1,1,0,0,0,0,0,0,0,0,0,0
60145,2,1,0,0,0,0,0,0,0,0,0,0
60146,1,1,0,0,0,0,0,0,0,0,0,0
60146,2,1,0,0,0,0,0,0,0,0,0,0
60147,1,1,27,27,27,27,27,27,27,27,27,27
60148,1,1,0,0,0,0,0,0,0,0,0,0
60148,2,1,0,0,0,0,0,0,0,0,0,0
60149,0,1,0,0,0,0,0,0,0,17,0,0
60149,1,1,0,0,0,16,0,0,4,0,0,0
60150,1,1,0,0,0,0,0,0,0,0,0,0
60150,2,1,0,0,0,0,0,0,0,0,0,0
60151,1,1,17,0,0,18,0,15,0,0,26,0
60152,1,1,0,0,0,0,0,0,0,0,0,0
60152,2,1,0,0,0,0,0,0,0,0,0,0
60153,1,1,0,0,0,0,0,0,0,0,0,0
60153,2,1,0,0,0,0,0,0,0,0,0,0
60154,1,1,0,0,0,0,0,0,0,0,0,0
60155,1,1,0,0,0,0,0,0,0,0,0,0
60155,2,1,0,0,0,0,0,0,6,0,0,0
60156,1,1,7,7,7,7,7,7,7,7,7,7
60157,1,1,4,4,4,4,4,4,4,4,4,4
60158,1,1,0,0,21,15,0,0,18,16,19,15
60159,1,1,1,1,1,1,1,1,1,1,1,1
60160,1,1,19,19,19,19,19,19,19,19,19,19
60160,2,1,0,0,0,0,0,0,0,0,0,0
60161,1,1,0,0,0,0,0,0,0,0,0,0
60162,1,1,0,0,0,0,0,0,0,0,0,0
60163,1,1,13,13,13,13,13,13,13,13,13,13
60163,2,1,0,0,4,0,0,0,0,0,0,0
60164,1,1,18,18,18,18,18,18,18,18,18,18
60164,2,1,0,0,0,0,0,25,0,0,0,18
60165,1,1,0,0,0,0,0,0,0,0,0,0
60165,2,1,0,0,0,0,0,11,0,0,0,0
60166,1,1,0,0,0,0,0,0,0,0,0,0
60167,0,1,0,0,0,0,0,0,0,0,0,0
60167,1,1,0,0,0,0,0,0,0,0,0,0
60168,0,1,7,7,7,7,7,7,7,7,7,7
60168,1,1,0,0,0,0,0,0,0,0,0,0
60168,2,1,0,0,0,0,0,0,0,0,0,0
60169,1,1,0,0,0,0,0,0,0,0,0,0
60169,2,1,0,0,0,0,0,0,0,0,0,0
60170,1,1,0,0,0,0,0,0,0,0,0,0
60170,2,1,0,0,0,0,0,0,0,0,0,0
60171,1,1,0,0,0,0,0,0,0,0,0,0
60171,2,1,0,0,0,0,0,0,0,0,0,0
60172,0,1,0,0,0,0,0,0,0,0,0,0
60172,1,1,0,0,0,0,0,0,0,0,0,0
60173,0,1,0,0,0,0,0,0,0,0,0,0
60173,1,1,0,0,0,0,0,0,0,0,0,0
60174,0,1,0,0,0,19,0,0,0,0,0,0
60174,1,1,0,0,0,0,0,0,0,0,0,0
60175,1,1,0,0,0,0,0,0,0,0,0,0
60175,2,1,0,0,0,0,0,0,0,0,0,0
60176,1,1,18,18,18,18,18,18,18,18,18,18
60176,2,1,0,0,0,0,0,0,0,0,0,0
60177,1,1,0,0,0,0,0,0,0,0,0,0
60177,2,1,0,21,0,0,0,0,0,0,0,6
60178,1,1,0,0,0,10,8,23,0,0,27,6
60179,1,1,0,0,0,0,0,0,0,0,0,0
60179,2,1,0,0,0,0,0,0,0,0,0,0
60180,0,1,0,0,0,0,0,0,0,0,0,0
60180,1,1,0,0,0,0,0,0,0,0,0,0
60181,1,1,0,0,0,0,0,0,0,0,0,0
60181,2,1,0,0,0,0,0,0,0,0,0,0
60182,1,1,2,2,2,2,2,2,2,2,2,2
60182,2,1,0,0,0,0,0,0,0,0,0,0
60183,1,1,0,0,0,0,0,0,0,0,0,0
60184,1,1,0,0,0,0,0,0,0,0,0,0
60185,1,1,0,0,0,0,0,0,0,0,0,0
60185,2,1,0,7,0,0,3,0,0,0,0,0
60186,1,1,19,19,19,19,19,19,19,19,19,19
60186,2,1,0,0,0,0,13,0,0,0,0,0
60187,1,1,0,0,0,0,0,0,0,0,0,0
60188,1,1,0,0,0,0,0,0,0,0,0,8
60189,0,1,15,15,15,15,15,15,15,15,15,15
60189,1,1,0,0,0,0,0,0,0,0,0,0
60190,1,1,0,0,0,0,0,0,0,0,0,0
60191,1,1,0,0,0,0,0,0,0,0,0,0
60192,0,1,60,60,60,60,60,60,60,60,60,60
60192,1,1,0,0,0,0,0,0,12,0,21,0
60193,1,1,0,0,0,0,0,0,0,0,0,0
60194,1,1,35,35,35,35,35,35,35,35,35,35
60195,1,1,16,16,16,16,16,16,16,16,16,16
60196,1,1,25,29,0,15,28,24,19,14,21,19
60197,1,1,0,0,0,0,0,0,0,0,0,0
60197,2,1,0,0,0,0,0,0,0,0,0,0
60198,0,1,0,0,0,0,0,0,0,0,0,0
60198,1,1,0,0,0,0,0,0,0,0,0,0
60199,1,1,0,0,0,0,0,0,0,0,0,0
60199,2,1,2,2,2,2,2,2,2,2,2,2
60200,1,1,0,0,0,0,0,0,0,0,0,0
60201,0,1,0,0,0,0,0,0,0,0,0,0
60201,1,1,0,0,0,0,0,0,0,0,0,0
60202,1,1,0,0,0,0,0,0,0,0,0,0
60203,1,1,8,8,8,8,8,8,8,8,8,8
60203,2,1,0,0,0,0,0,0,0,0,0,0
60204,0,1,0,0,0,0,0,0,0,0,0,0
60204,1,1,0,0,0,0,0,0,0,0,0,0
60204,2,1,0,0,0,0,0,16,0,0,0,0
60205,1,1,30,30,30,30,30,30,30,30,30,30
60206,0,1,0,0,0,0,0,0,0,0,0,0
60206,1,1,0,0,0,0,0,0,0,0,0,0
60207,0,1,0,0,0,0,0,0,0,0,0,0
60207,1,1,0,0,0,0,0,0,0,0,0,0
60208,1,1,0,0,0,0,0,0,0,0,0,0
60209,1,1,7,7,7,7,7,7,7,7,7,7
60210,1,1,0,0,0,0,0,0,0,0,0,0
60211,0,1,0,34,0,0,12,0,33,0,0,0
60211,1,1,0,0,0,0,0,0,0,0,0,0
60212,1,1,13,13,13,13,13,13,13,13,13,13
60213,1,1,3,3,3,3,3,3,3,3,3,3
60214,1,1,0,0,0,0,0,0,0,0,10,0
60215,0,1,0,0,0,0,0,0,0,0,0,0
60215,0,2,0,0,0,0,0,0,0,0,0,0
60215,0,3,0,0,0,0,0,0,0,0,0,0
60215,0,4,0,0,0,0,0,0,0,0,0,0
60215,1,1,0,7,0,3,0,0,1,0,0,0
60216,1,1,0,0,0,0,0,0,0,0,0,0
60217,1,1,0,0,0,0,0,17,0,19,0,0
60218,1,1,0,0,0,0,0,0,0,0,0,0
60218,2,1,0,0,0,0,0,0,0,0,0,0
60219,1,1,22,22,22,22,22,22,22,22,22,22
60220,0,1,0,0,0,0,0,0,0,0,0,0
60220,1,1,0,0,0,0,0,0,0,31,0,0
60221,1,1,0,0,0,0,0,0,0,0,0,0
60222,0,1,7,7,7,7,7,7,7,7,7,7
60222,1,1,0,0,0,0,30,0,0,0,0,0
60223,1,1,16,16,16,16,16,16,16,16,16,16
60224,0,1,22,22,22,22,22,22,22,22,22,22
60224,1,1,14,8,23,4,13,5,23,11,18,0
60225,1,1,0,0,0,0,0,0,0,0,0,0
60225,2,1,0,0,0,0,0,0,0,0,0,0
60226,1,1,0,0,0,0,0,0,0,0,0,0
60227,0,1,0,0,0,0,0,0,0,0,0,0
60227,1,1,0,0,0,0,0,0,0,0,0,0
60228,1,1,0,0,0,0,0,0,0,0,0,0
60229,1,1,16,16,16,16,16,16,16,16,16,16
60230,0,1,33,33,33,33,33,33,33,33,33,33
60230,1,1,0,0,0,0,0,0,0,0,0,0
60231,1,1,0,14,7,32,0,0,10,21,0,0
60232,1,1,0,0,0,0,0,0,0,0,0,0
60232,2,1,0,0,0,0,0,0,0,0,0,0
60233,0,1,0,21,12,0,0,0,0,0,0,17
60233,1,1,0,0,0,0,0,0,0,0,0,0
60234,0,1,21,21,21,21,21,21,21,21,21,21
60234,1,1,0,0,0,0,0,0,0,0,0,0
60235,1,1,0,0,0,0,0,0,0,0,0,0
60235,2,1,0,0,0,0,0,0,0,0,0,0
60236,0,1,0,0,0,0,0,0,0,0,0,0
60236,1,1,0,0,0,0,0,0,0,0,0,0
60237,1,1,0,0,0,0,0,0,0,0,0,0
60237,2,1,0,0,0,0,0,0,0,0,0,0
60238,1,1,0,0,0,0,0,0,0,0,0,0
60239,1,1,11,11,11,11,11,11,11,11,11,11
60240,1,1,0,0,0,0,0,0,0,0,0,0
60241,0,1,0,0,0,0,0,0,0,0,0,0
60241,1,1,0,0,0,0,0,0,0,0,0,0
60241,2,1,0,0,0,0,0,0,0,0,0,0
60242,1,1,0,0,0,0,0,0,0,0,0,0
60243,1,1,0,0,0,0,0,0,0,0,0,0
60243,2,1,0,0,0,0,0,0,0,0,0,0
60244,1,1,7,7,7,7,7,7,7,7,7,7
60245,1,1,0,0,0,0,0,0,0,0,0,0
60246,1,1,0,0,0,0,0,0,0,0,0,0
60247,1,1,21,21,21,21,21,21,21,21,21,21
60248,1,1,0,0,0,0,0,0,0,0,0,0
60248,2,1,0,0,0,0,0,0,0,0,0,0
60249,1,1,0,0,0,0,0,0,0,0,0,0
60249,2,1,0,0,0,0,0,0,0,0,0,0
60250,1,1,33,33,33,33,33,33,33,33,33,33
60251,1,1,0,0,0,0,0,3,0,0,0,0
60251,2,1,0,0,0,0,0,0,0,0,0,0
60252,1,1,0,0,0,0,0,0,0,0,0,0
60252,2,1,0,0,0,0,0,0,0,0,0,0
60253,0,1,0,0,0,0,0,0,0,0,0,0
60253,1,1,0,0,0,0,0,0,0,0,0,0
60254,0,1,0,0,0,0,0,0,0,0,0,0
60254,1,1,0,0,0,0,0,0,0,0,0,0
60255,1,1,21,21,21,21,21,21,21,21,21,21
60256,1,1,0,0,8,0,0,0,9,0,0,0
60257,0,1,0,0,0,0,0,6,18,0,0,0
60257,1,1,0,0,0,0,0,0,0,0,0,0
60258,1,1,0,0,0,0,0,0,0,0,0,0
60259,1,1,0,0,0,0,0,0,0,0,0,0
60259,2,1,0,0,0,0,0,0,0,0,0,0
60259,3,1,0,0,0,0,0,0,0,0,0,0
60260,0,1,0,0,0,0,0,0,0,0,0,0
60260,1,1,1,0,0,0,0,0,0,0,0,0
60261,0,1,41,41,41,41,41,41,41,41,41,41
60261,1,1,0,0,0,0,0,0,0,0,0,8
60261,2,1,14,0,19,0,0,0,0,19,0,0
60262,0,1,0,0,0,0,0,0,0,0,0,0
60262,1,1,0,0,0,0,0,0,0,0,0,0
60263,1,1,0,0,0,0,0,0,0,0,0,0
60263,2,1,0,0,0,0,0,0,0,0,0,0
60264,0,1,22,22,22,22,22,22,22,22,22,22
60264,1,1,0,0,0,0,0,0,0,0,0,0
60265,1,1,30,30,30,30,30,30,30,30,30,30
60266,1,1,0,0,0,0,0,0,0,0,0,0
60266,2,1,0,0,0,0,0,0,0,0,0,0
60267,0,1,0,0,0,0,0,0,0,0,0,0
60267,1,1,0,0,0,0,0,0,0,0,0,0
60267,2,1,0,0,0,0,0,0,0,0,0,0
60268,0,1,2,2,2,2,2,2,2,2,2,2
60268,1,1,0,0,0,0,0,0,0,0,0,0
60269,1,1,20,20,20,20,20,20,20,20,20,20
60270,1,1,23,23,23,23,23,23,23,23,23,23
60271,1,1,15,23,18,16,16,22,20,10,24,26
60271,2,1,0,0,0,0,0,0,0,0,0,0
60272,0,1,0,0,0,0,0,0,0,0,0,0
60272,1,1,0,0,0,0,0,0,0,0,0,0
60273,1,1,0,0,0,0,0,0,0,0,0,0
60273,2,1,0,0,0,0,0,0,0,0,0,0
60274,0,1,15,15,15,15,15,15,15,15,15,15
60274,1,1,0,0,0,0,0,0,0,0,0,0
60275,0,1,26,26,26,26,26,26,26,26,26,26
60275,1,1,0,0,0,0,0,0,0,0,0,0
60276,1,1,11,0,0,0,11,0,4,0,0,0
60277,1,1,0,0,0,0,0,0,0,0,0,0
60277,2,1,0,0,0,0,0,0,2,0,0,0
60278,1,1,0,0,0,0,0,0,0,0,0,0
60278,2,1,0,0,0,0,0,0,0,0,0,0
60279,0,1,0,0,0,0,0,0,0,0,0,0
60279,0,2,0,0,0,0,0,0,0,0,0,0
60279,1,1,0,0,0,0,0,0,0,0,0,0
60280,1,1,0,0,0,0,0,0,0,0,0,0
60280,2,1,0,0,0,0,0,0,0,0,0,0
60281,1,1,0,0,0,0,0,0,0,0,0,0
60281,2,1,0,3,0,0,0,0,0,0,0,10
60281,3,1,0,0,0,0,0,0,0,0,0,0
60282,0,1,0,0,0,0,0,0,0,0,0,0
60282,1,1,0,0,0,0,0,0,0,0,0,0
60283,1,1,0,0,0,0,0,0,0,0,0,0
60283,2,1,0,0,0,0,0,0,0,0,0,0
60284,0,1,19,19,19,19,19,19,19,19,19,19
60284,1,1,0,0,0,0,0,19,0,0,0,27
60285,1,1,24,24,24,24,24,24,24,24,24,24
60286,0,1,0,0,0,0,0,0,0,0,0,0
60286,1,1,0,0,0,16,0,0,0,0,0,0
60287,1,1,18,18,18,18,18,18,18,18,18,18
60288,1,1,0,0,0,0,0,0,0,0,0,0
60288,2,1,0,0,0,0,0,0,0,0,0,0
60288,3,1,0,0,0,0,0,0,0,0,0,0
60289,1,1,0,0,0,0,0,0,0,0,0,0
60289,2,1,0,0,0,0,0,0,0,0,0,0
60290,1,1,0,0,0,0,0,0,0,0,0,0
60290,2,1,0,0,0,0,0,0,0,0,0,0
60290,3,1,19,0,0,0,0,9,0,0,0,0
60290,4,1,0,8,0,0,0,0,0,0,0,0
60291,1,1,0,0,0,0,0,0,0,0,0,0
60291,2,1,0,0,0,0,0,0,0,0,0,0
60292,0,1,17,17,17,17,17,17,17,17,17,17
60292,0,2,0,0,21,22,15,0,8,0,0,0
60292,1,1,0,0,0,0,0,0,0,0,0,0
60293,1,1,14,14,14,14,14,14,14,14,14,14