ST_CASE,VEH_NO,PER_NO,P1,P2,P3,P4,P5,P6,P7,P8,P9,P10
60294,1,1,17,17,17,17,17,17,17,17,17,17
60295,0,1,0,0,0,0,0,0,0,0,0,0
60295,0,2,0,18,0,0,0,0,0,0,0,0
60295,0,3,12,0,0,0,0,0,0,0,0,0
60295,1,1,0,0,0,37,0,0,0,0,0,0
60296,1,1,0,0,0,0,0,0,0,0,0,0
60297,0,1,23,23,23,23,23,23,23,23,23,23
60297,0,2,25,0,42,0,26,26,8,0,35,27
60297,1,1,0,0,0,0,0,0,0,0,0,0
60298,1,1,19,19,19,19,19,19,19,19,19,19
60299,1,1,26,26,26,26,26,26,26,26,26,26
60300,1,1,13,13,13,13,13,13,13,13,13,13
60301,1,1,0,0,0,0,0,0,0,0,0,0
60302,1,1,0,0,0,0,0,0,0,0,0,0
60303,1,1,21,21,21,21,21,21,21,21,21,21
60304,0,1,0,0,0,0,0,0,0,0,0,0
60304,1,1,0,0,0,0,0,0,0,0,0,0
60304,2,1,19,19,19,19,19,19,19,19,19,19
60305,1,1,0,0,0,0,0,0,0,0,0,0
60305,2,1,0,12,0,15,0,0,0,0,0,0
60306,1,1,0,0,0,0,0,0,0,0,0,0
60306,2,1,0,12,16,0,0,0,0,5,0,9
60307,1,1,0,0,0,0,0,0,0,0,0,0
60307,2,1,0,0,0,0,0,0,0,0,0,0
60308,0,1,0,0,0,0,0,0,0,0,0,0
60308,1,1,28,28,28,28,28,28,28,28,28,28
60309,0,1,21,13,7,14,23,0,0,9,21,0
60309,1,1,0,0,0,0,0,0,0,0,0,0
60310,1,1,0,0,0,0,0,0,0,0,0,0
60310,2,1,0,0,0,0,0,0,0,0,0,0
60311,1,1,11,0,0,0,0,0,0,0,0,0
60311,2,1,0,0,0,0,32,0,11,12,0,18
60311,3,1,0,0,15,0,0,18,0,0,0,0
60312,0,1,42,42,42,42,42,42,42,42,42,42
60312,1,1,0,0,0,0,0,0,0,0,0,0
60313,1,1,15,15,15,15,15,15,15,15,15,15
60313,2,1,15,15,18,8,9,15,18,18,18,22
60314,1,1,0,0,0,0,0,0,0,0,0,0
60314,2,1,0,0,0,0,0,0,0,0,0,0
60314,3,1,0,0,0,0,0,0,0,0,0,0
60315,0,1,0,0,0,0,0,0,0,0,0,0
60315,1,1,0,0,0,0,0,0,0,0,0,0
60316,1,1,0,0,0,0,18,0,0,0,0,37
60317,1,1,25,25,25,25,25,25,25,25,25,25
60318,1,1,0,0,0,0,0,0,0,0,0,0
60318,2,1,0,0,0,0,0,0,0,0,0,0
60319,1,1,13,13,13,13,13,13,13,13,13,13
60320,1,1,21,21,21,21,21,21,21,21,21,21
60321,0,1,19,20,20,27,16,0,0,0,0,20
60321,1,1,0,0,0,0,0,0,0,0,0,0
60322,1,1,0,0,0,0,0,0,0,0,0,0
60322,2,1,0,0,0,0,0,0,0,0,0,0
60322,3,1,0,0,0,0,0,0,0,0,0,0
60323,1,1,0,0,0,0,0,0,0,0,0,0
60324,1,1,25,25,25,25,25,25,25,25,25,25
60324,2,1,0,0,0,0,0,0,0,0,0,0
60325,1,1,0,0,0,0,0,0,0,0,0,0
60326,1,1,0,0,0,0,0,0,0,0,0,0
60326,2,1,0,0,0,0,0,0,0,0,0,0
60327,1,1,0,0,0,0,0,0,0,0,0,0
60328,0,1,27,27,27,27,27,27,27,27,27,27
60328,1,1,0,0,0,0,0,0,0,0,0,0
60329,1,1,17,17,17,17,17,17,17,17,17,17
60330,0,1,0,0,0,0,0,0,0,0,0,0
60330,1,1,0,0,0,0,0,0,0,0,0,0
60331,0,1,0,0,0,0,0,0,0,0,0,0
60331,1,1,0,0,0,0,0,0,0,0,0,0
60331,3,1,0,0,0,0,0,0,0,0,0,0
60332,1,1,22,22,22,22,22,22,22,22,22,22
60333,1,1,11,11,11,11,11,11,11,11,11,11
60334,1,1,25,25,25,25,25,25,25,25,25,25
60334,2,1,0,0,0,0,0,0,0,0,0,0
60335,1,1,0,0,0,0,0,0,0,0,0,0
60335,2,1,0,0,0,0,0,0,0,0,0,0
60336,1,1,0,0,0,0,0,0,0,0,0,0
60336,2,1,0,0,0,0,0,0,0,0,0,0
60337,1,1,0,0,0,0,0,0,0,0,0,0
60338,1,1,0,0,0,0,0,0,0,0,0,0
60339,1,1,0,18,0,16,13,14,0,21,33,19
60339,2,1,0,0,0,0,0,0,0,0,0,0
60340,1,1,14,14,14,14,14,14,14,14,14,14
60340,2,1,0,0,0,0,0,0,0,0,0,0
60341,0,1,0,0,0,0,0,0,0,0,0,0
60341,1,1,0,0,0,0,0,0,0,0,0,0
60342,0,1,0,0,0,0,0,0,0,0,0,0
60342,1,1,0,24,0,0,0,0,0,0,0,0
60343,1,1,0,0,0,0,0,0,0,0,0,0
60343,2,1,0,0,0,0,0,0,0,0,0,0
60344,0,1,23,23,23,23,23,23,23,23,23,23
60344,1,1,0,0,0,0,0,0,0,0,0,0
60345,0,1,0,0,0,0,0,0,0,0,0,0
60345,1,1,0,0,0,0,0,0,0,0,0,0
60346,1,1,0,0,0,0,0,0,0,0,0,0
60346,2,1,0,0,0,0,0,0,0,0,0,0
60347,1,1,0,0,0,0,0,0,0,0,0,0
60347,2,1,0,0,0,0,0,0,0,0,0,0
60348,1,1,50,50,50,50,50,50,50,50,50,50
60349,1,1,0,0,0,0,0,16,0,0,0,0
60349,2,1,0,0,0,0,0,0,0,0,0,0
60349,3,1,0,0,0,0,0,0,0,0,0,0
60350,1,1,0,16,0,0,0,0,0,0,0,0
60350,2,1,0,0,0,0,0,0,0,0,0,0
60351,1,1,0,0,0,0,0,0,0,0,0,0
60351,2,1,0,0,0,0,0,0,0,0,0,0
60351,3,1,4,0,0,0,0,0,0,0,0,0
60352,0,1,2,2,2,2,2,2,2,2,2,2
60352,1,1,0,0,0,7,0,0,0,0,0,0
60353,1,1,22,22,22,22,22,22,22,22,22,22
60354,1,1,0,0,0,0,0,0,0,0,0,0
60354,2,1,0,0,0,0,0,0,0,0,0,0
60354,3,1,0,0,0,0,0,0,0,0,0,0
60355,1,1,16,16,16,16,16,16,16,16,16,16
60356,1,1,0,0,0,0,0,0,0,0,0,0
60357,1,1,0,0,0,0,0,0,0,0,0,0
60358,0,1,30,30,30,30,30,30,30,30,30,30
60358,1,1,0,0,0,0,0,0,0,0,0,0
60359,0,1,20,20,20,20,20,20,20,20,20,20
60359,1,1,7,7,7,7,7,7,7,7,7,7
60360,0,1,38,38,38,38,38,38,38,38,38,38
60360,1,1,0,0,0,0,0,0,0,0,0,0
60360,2,1,0,0,0,0,0,0,0,0,0,0
60361,1,1,19,19,19,19,19,19,19,19,19,19
60361,2,1,0,17,0,0,0,0,0,0,18,0
60361,3,1,0,0,0,0,0,0,0,0,0,0
60361,4,1,0,0,0,0,0,0,0,0,0,0
60361,5,1,0,22,0,0,0,0,0,0,0,0
60362,0,1,0,0,0,0,0,0,0,0,0,0
60362,1,1,0,16,0,0,0,0,10,0,0,0
60363,1,1,23,23,23,23,23,23,23,23,23,23
60363,2,1,0,0,0,0,0,0,0,0,0,0
60364,1,1,0,0,0,0,0,0,0,0,0,0
60364,2,1,0,0,0,0,0,11,0,0,0,0
60365,1,1,17,17,17,17,17,17,17,17,17,17
60365,2,1,0,0,0,0,0,0,0,0,0,0
60365,3,1,0,0,0,0,0,0,0,0,0,0
60366,1,1,0,0,0,0,0,0,0,0,0,0
60366,2,1,0,0,0,0,0,0,0,15,0,0
60367,0,1,0,0,0,0,0,0,0,0,0,0
60367,1,1,0,0,0,0,0,0,0,0,0,0
60368,1,1,0,0,0,0,0,0,0,0,0,0
60368,2,1,0,0,0,0,0,0,0,0,0,0
60369,1,1,0,0,0,0,0,0,0,0,0,0
60369,2,1,0,0,0,0,0,0,0,0,0,0
60370,1,1,5,5,5,5,5,5,5,5,5,5
60371,1,1,0,0,0,0,0,0,0,0,0,0
60372,0,1,0,0,0,0,0,0,0,0,0,0
60372,1,1,0,0,0,0,0,3,0,0,0,0
60372,2,1,0,0,0,0,0,0,0,0,0,0
60373,1,1,17,17,17,17,17,17,17,17,17,17
60374,0,1,36,0,0,24,0,0,26,0,38,20
60374,1,1,0,17,11,0,0,0,0,0,0,0
60374,2,1,0,0,0,0,0,0,0,0,0,0
60375,1,1,18,18,18,18,18,18,18,18,18,18
60376,1,1,0,0,0,0,0,0,0,0,0,0
60377,1,1,0,0,0,0,0,0,0,0,0,0
60378,1,1,0,0,0,0,0,0,0,0,0,0
60379,1,1,21,21,21,21,21,21,21,21,21,21
60379,2,1,14,14,14,14,14,14,14,14,14,14
60380,1,1,21,21,21,21,21,21,21,21,21,21
60380,2,1,0,0,18,0,0,0,0,0,0,0
60381,1,1,16,27,9,0,22,33,9,6,0,26
60381,2,1,0,0,0,0,0,0,0,0,0,0
60382,1,1,0,0,0,0,0,0,0,0,0,0
60382,2,1,0,0,0,0,0,0,0,0,0,0
60383,1,1,15,15,15,15,15,15,15,15,15,15
60383,2,1,0,0,0,0,0,0,0,0,0,0
60384,0,1,0,0,13,0,0,0,6,0,0,0
60384,1,1,0,0,0,0,0,0,0,0,0,0
60385,1,1,0,0,0,0,0,0,0,0,0,0
60386,1,1,7,0,0,0,0,8,0,0,12,0
60386,2,1,0,0,0,0,0,0,0,0,0,0
60386,3,1,0,0,0,0,0,0,0,0,0,0
60387,1,1,0,0,0,0,0,0,0,0,0,0
60388,0,1,11,11,11,11,11,11,11,11,11,11
60388,1,1,0,0,0,15,0,0,0,0,0,2
60389,1,1,0,0,0,0,0,0,0,0,0,0
60390,1,1,6,6,6,6,6,6,6,6,6,6
60391,0,1,0,0,0,0,0,0,0,0,0,0
60391,1,1,0,7,0,0,0,0,0,10,0,0
60392,1,1,0,0,0,0,0,0,0,0,0,0
60393,0,1,0,0,0,0,0,0,0,0,0,0
60393,1,1,0,0,0,0,0,0,0,0,0,0
60394,1,1,0,0,0,0,0,0,0,0,0,0
60394,2,1,0,0,0,0,0,0,0,0,0,0
60395,1,1,0,0,0,0,0,0,0,0,0,0
60395,2,1,0,0,14,0,0,0,0,0,0,0
60396,0,1,0,0,0,0,0,0,0,0,0,13
60396,1,1,0,0,0,0,0,0,0,0,0,0
60397,1,1,0,0,0,0,0,0,0,0,0,0
60398,1,1,0,0,0,0,0,0,0,0,0,0
60398,2,1,0,0,0,0,0,0,0,0,0,0
60399,1,1,0,0,0,0,0,0,0,0,0,0
60399,2,1,0,0,0,0,0,0,0,0,0,0
60400,0,1,0,0,0,0,0,0,0,0,0,0
60400,1,1,0,0,0,0,0,0,0,0,0,0
60401,1,1,0,0,0,0,0,0,0,0,0,0
60401,2,1,0,0,0,0,0,0,0,0,0,0
60402,0,1,0,0,0,0,0,0,0,0,0,0
60402,0,2,0,0,0,20,0,0,10,0,0,0
60402,1,1,0,0,0,0,0,0,0,0,0,0
60403,1,1,0,0,0,0,0,0,0,0,0,0
60403,2,1,0,0,0,0,0,0,0,0,0,0
60404,0,1,0,0,0,0,0,0,7,0,0,0
60404,1,1,0,0,0,0,0,0,0,0,0,0
60405,0,1,0,0,0,0,0,0,0,0,0,0
60405,1,1,0,0,0,0,0,0,0,0,0,0
60406,0,1,0,0,0,0,0,0,0,0,0,0
60406,1,1,0,0,0,0,0,0,0,0,15,0
60407,0,1,0,0,0,0,0,0,0,0,0,0
60407,1,1,0,0,0,0,0,0,0,0,0,0
60408,1,1,0,0,0,0,16,0,27,0,0,12
60409,1,1,0,0,0,0,0,0,0,0,0,0
60410,1,1,0,0,0,0,0,0,0,9,0,0
60410,2,1,0,0,0,0,0,0,0,0,0,0
60411,1,1,0,0,0,0,0,0,0,0,0,0
60412,1,1,21,21,21,21,21,21,21,21,21,21
60412,2,1,0,0,0,0,0,0,0,0,0,0
60413,1,1,0,0,0,19,0,0,0,21,17,0
60413,2,1,0,0,0,0,0,17,0,0,0,0
60413,3,1,0,0,0,0,0,0,0,0,0,0
60414,0,1,0,0,0,0,0,0,0,0,0,0
60414,1,1,0,0,0,0,0,0,0,0,0,0
60415,1,1,0,0,0,0,0,0,0,0,0,0
60416,0,1,0,0,0,0,0,0,0,0,0,0
60416,1,1,0,0,0,0,0,0,0,0,0,0
60417,1,1,0,0,0,0,0,0,0,0,0,0
60417,2,1,0,0,0,0,0,0,0,0,0,0
60418,1,1,12,12,12,12,12,12,12,12,12,12
60419,1,1,17,17,17,17,17,17,17,17,17,17
60420,0,1,15,15,15,15,15,15,15,15,15,15
60420,1,1,0,0,0,0,0,0,0,0,0,0
60421,0,1,0,0,0,0,0,0,0,0,0,0
60421,1,1,0,0,0,0,0,0,0,0,0,0
60422,1,1,0,0,0,0,0,0,0,0,0,0
60423,0,1,0,0,0,0,0,0,0,0,0,0
60423,1,1,0,0,0,0,0,0,0,0,0,0
60424,1,1,0,0,0,0,0,0,0,0,0,0
60425,0,1,0,0,0,0,0,0,0,0,0,0
60425,1,1,0,0,0,0,0,0,0,0,0,0
60425,3,1,0,0,0,0,0,0,0,0,0,0
60425,4,1,0,0,0,0,0,0,0,0,0,0
60426,1,1,1,1,1,1,1,1,1,1,1,1
60427,0,1,22,22,22,22,22,22,22,22,22,22
60427,1,1,15,15,15,15,15,15,15,15,15,15
60428,1,1,0,0,0,0,0,0,0,0,0,0
60428,2,1,0,0,0,0,0,0,0,0,0,0
60428,3,1,0,0,0,0,0,0,0,0,0,0
60429,1,1,0,0,0,0,0,0,0,19,34,0
60429,2,1,0,0,0,0,0,0,0,0,0,0
60430,1,1,0,0,0,0,0,0,0,0,0,0
60431,1,1,14,14,14,14,14,14,14,14,14,14
60431,2,1,0,0,0,0,0,14,0,0,0,0
60432,0,1,0,0,0,0,0,0,0,0,0,0
60432,1,1,0,0,0,10,0,0,0,0,0,0
60433,0,1,18,18,18,18,18,18,18,18,18,18
60433,1,1,0,0,0,0,0,0,0,0,0,0
60434,0,1,19,19,19,19,19,19,19,19,19,19
60434,1,1,0,0,0,0,0,0,0,0,0,0
60435,1,1,25,25,25,25,25,25,25,25,25,25
60436,1,1,0,0,0,0,0,0,0,0,0,0
60436,2,1,0,0,0,0,0,0,0,0,0,0
60437,1,1,0,0,0,0,0,0,0,0,0,0
60437,2,1,0,0,0,0,0,0,0,0,0,0
60438,1,1,6,18,7,0,0,0,0,0,13,0
60439,1,1,0,0,0,0,0,0,0,0,0,0
60440,0,1,0,0,0,0,0,0,0,0,0,0
60440,1,1,0,0,0,0,0,0,0,0,0,0
60441,0,1,0,0,0,0,0,0,0,0,0,0
60441,1,1,4,4,4,4,4,4,4,4,4,4
60442,0,1,0,0,0,0,0,0,0,0,0,0
60442,1,1,0,0,0,0,0,0,0,0,0,0
60443,0,1,0,0,0,0,0,0,0,0,0,0
60443,1,1,0,0,0,0,0,0,0,0,0,0
60444,1,1,0,0,0,0,0,0,0,0,0,0
60445,1,1,8,8,8,8,8,8,8,8,8,8
60446,1,1,21,21,21,21,21,21,21,21,21,21
60447,0,1,0,0,12,0,0,0,0,5,0,0
60447,1,1,0,0,0,0,0,0,0,0,0,0
60448,1,1,0,0,0,0,0,0,0,0,0,0
60448,2,1,0,0,0,0,0,0,0,0,0,0
60449,1,1,28,28,28,28,28,28,28,28,28,28
60450,1,1,0,0,0,0,0,0,0,0,0,0
60450,2,1,12,22,0,0,0,0,0,0,0,0
60451,1,1,21,21,21,21,21,21,21,21,21,21
60452,0,1,0,0,0,0,0,0,0,0,0,0
60452,1,1,0,0,0,0,0,6,0,0,0,0
60453,1,1,0,0,0,0,0,7,0,0,0,0
60453,2,1,0,0,0,0,0,10,0,0,0,0
60454,0,1,0,0,0,0,0,0,0,0,0,0
60454,1,1,0,0,0,0,0,0,0,0,0,0
60455,0,1,28,28,28,28,28,28,28,28,28,28
60455,1,1,0,0,0,0,0,0,0,0,0,0
60456,1,1,23,23,23,23,23,23,23,23,23,23
60456,2,1,0,0,0,0,0,0,0,0,0,0
60457,1,1,9,9,9,9,9,9,9,9,9,9
60458,0,1,0,0,0,0,0,0,0,0,0,0
60458,1,1,0,0,0,0,0,0,0,0,0,0
60459,0,1,0,0,0,0,0,0,0,0,0,0
60459,1,1,0,0,0,0,0,0,0,0,0,0
60460,1,1,0,0,0,0,0,0,0,0,0,0
60460,2,1,0,0,0,0,0,0,0,0,0,0
60461,1,1,0,0,0,0,0,0,0,0,0,0
60461,2,1,0,0,0,0,0,0,0,0,0,0
60462,0,1,0,0,0,0,0,0,0,0,0,0
60462,1,1,0,0,19,0,0,0,0,0,8,0
60463,1,1,0,0,0,0,0,0,0,0,0,0
60463,2,1,14,0,0,0,0,0,0,0,0,0
60463,3,1,0,0,0,0,0,0,0,0,0,0
60464,1,1,0,0,0,0,0,0,0,0,0,0
60464,2,1,0,0,0,0,0,0,0,0,0,0
60465,1,1,0,0,0,0,0,0,0,0,0,0
60466,1,1,0,0,0,0,0,0,0,0,0,0
60466,2,1,0,0,0,0,0,0,0,0,0,0
60467,1,1,26,26,26,26,26,26,26,26,26,26
60468,1,1,23,23,23,23,23,23,23,23,23,23
60469,1,1,33,33,33,33,33,33,33,33,33,33
60470,0,1,0,0,0,0,0,0,0,0,0,0
60470,1,1,0,0,0,0,0,0,0,0,0,0
60471,0,1,0,0,0,0,0,0,0,0,0,0
60471,1,1,0,0,0,0,0,0,0,0,0,0
60472,1,1,0,0,0,0,0,0,0,0,0,0
60472,2,1,0,22,0,0,0,0,0,0,0,0
60473,1,1,0,0,0,13,0,0,0,20,0,0
60474,1,1,0,0,0,0,0,0,0,0,0,0
60474,2,1,0,0,0,0,0,0,0,0,0,0
60475,1,1,0,0,0,0,0,0,0,0,0,0
60476,1,1,0,0,0,0,0,0,0,0,0,0
60476,2,1,0,0,0,0,0,0,0,0,0,0
60477,1,1,0,0,0,0,0,0,0,0,0,0
60477,2,1,0,0,0,0,0,0,0,0,0,0
60478,1,1,0,0,0,0,0,0,0,0,0,0
60478,2,1,0,0,0,0,0,0,0,0,0,0
60479,1,1,0,0,0,0,0,0,0,0,0,0
60479,2,1,0,0,0,0,0,0,0,0,0,0
60480,0,1,7,7,7,7,7,7,7,7,7,7
60480,1,1,0,0,0,0,0,0,0,0,0,0
60481,0,1,15,15,15,15,15,15,15,15,15,15
60481,1,1,0,0,0,0,0,0,0,0,0,0
60482,0,1,15,15,15,15,15,15,15,15,15,15
60482,1,1,0,0,12,0,0,0,34,0,0,0
60483,1,1,0,0,0,0,0,0,0,0,0,0
60483,2,1,0,0,0,0,0,0,0,0,0,0
60484,1,1,0,0,0,0,0,0,0,0,0,0
60485,1,1,20,20,20,20,20,20,20,20,20,20
60486,1,1,0,0,0,0,0,0,0,0,0,0
60486,2,1,0,0,0,0,0,0,0,0,0,0
60487,1,1,0,0,0,0,0,0,0,0,0,0
60487,2,1,0,0,0,0,0,0,0,0,0,0
60488,1,1,0,0,0,0,0,0,0,0,0,0
60488,2,1,0,0,0,0,0,0,0,0,0,0
60489,0,1,23,23,23,23,23,23,23,23,23,23
60489,1,1,4,4,4,4,4,4,4,4,4,4
60489,2,1,0,0,0,9,0,0,0,30,0,0
60490,0,1,0,0,0,0,0,0,0,0,0,0
60490,1,1,12,12,12,12,12,12,12,12,12,12
60491,0,1,0,0,0,0,0,0,0,0,0,0
60491,1,1,10,10,10,10,10,10,10,10,10,10
60492,1,1,0,0,0,0,0,0,0,0,0,0
60493,1,1,17,0,8,9,0,0,0,0,0,0
60493,2,1,0,0,0,0,0,0,0,0,0,0
60494,1,1,0,0,0,0,0,0,0,0,0,0
60495,0,1,0,0,0,0,0,0,0,0,0,0
60495,1,1,8,0,11,0,0,0,0,0,0,0
60496,1,1,0,0,0,0,0,0,0,0,0,0
60496,2,1,0,0,0,12,0,0,0,0,0,0
60497,0,1,0,0,0,0,0,0,0,0,0,0
60497,1,1,0,0,11,0,0,0,0,0,0,0
60498,1,1,0,0,0,0,0,0,0,0,0,0
60498,2,1,0,0,0,0,0,0,0,0,0,0
60498,3,1,0,0,0,0,0,0,0,0,0,0
60498,4,1,0,0,0,0,0,0,0,0,0,0
60499,1,1,0,0,0,0,0,0,0,0,0,0
60499,2,1,0,0,0,0,0,0,0,0,0,0
60500,1,1,17,17,17,17,17,17,17,17,17,17
60500,2,1,0,0,0,0,0,0,0,0,0,0
60501,1,1,0,0,0,0,0,0,0,0,0,0
60501,2,1,0,0,0,0,0,0,0,0,0,0
60501,3,1,0,0,0,0,0,0,0,0,0,11
60502,0,1,0,11,34,30,0,0,0,0,0,6
60502,1,1,0,0,0,0,0,0,0,0,0,0
60503,1,1,0,0,0,0,0,0,0,0,0,0
60504,1,1,2,2,2,2,2,2,2,2,2,2
60505,0,1,0,0,0,0,0,0,0,0,0,0
60505,1,1,0,5,9,16,0,0,19,0,17,0
60505,2,1,0,0,7,15,0,0,21,2,0,6
60506,0,1,0,0,0,0,0,0,0,0,0,0
60506,1,1,6,6,6,6,6,6,6,6,6,6
60507,1,1,0,0,0,0,0,0,0,0,0,0
60507,2,1,0,0,0,0,0,0,0,0,0,0
60508,1,1,0,0,0,0,0,0,0,0,0,0
60509,1,1,0,0,0,0,0,0,0,0,0,0
60510,1,1,0,0,0,0,0,0,0,0,0,0
60510,2,1,0,0,0,0,0,0,0,0,0,0
60511,1,1,0,0,0,0,0,0,0,0,0,0
60511,2,1,0,0,0,0,0,0,0,0,0,0
60512,1,1,0,0,0,0,0,0,0,0,0,0
60512,2,1,0,0,0,0,0,0,0,0,0,0
60512,3,1,0,0,0,0,0,0,0,0,0,0
60513,1,1,15,15,15,15,15,15,15,15,15,15
60513,2,1,0,0,0,14,0,0,0,0,0,0
60514,1,1,1,1,1,1,1,1,1,1,1,1
60514,2,1,0,0,0,0,0,0,0,0,0,0
60515,1,1,13,13,13,13,13,13,13,13,13,13
60516,1,1,0,0,0,0,0,0,0,0,0,0
60517,1,1,38,38,38,38,38,38,38,38,38,38
60518,0,1,22,22,22,22,22,22,22,22,22,22
60518,1,1,0,0,17,16,0,0,0,0,0,0
60519,0,1,0,0,0,0,0,0,0,0,0,0
60519,1,1,24,24,24,24,24,24,24,24,24,24
60520,0,1,0,0,0,0,0,0,0,0,0,0
60520,1,1,0,0,0,0,0,0,0,0,0,0
60521,0,1,29,29,29,29,29,29,29,29,29,29
60521,1,1,0,0,0,0,0,0,0,16,0,0
60522,1,1,20,20,20,20,20,20,20,20,20,20
60523,1,1,0,0,0,0,0,0,0,0,0,0
60524,0,1,0,0,0,0,0,0,0,0,0,0
60524,1,1,0,0,0,0,0,0,0,0,0,17
60525,1,1,0,0,0,0,0,0,0,0,0,0
60525,2,1,0,0,0,0,0,0,0,0,0,0
60526,1,1,0,0,0,0,0,0,0,0,0,0
60527,1,1,23,23,23,23,23,23,23,23,23,23
60528,0,1,0,0,0,0,0,0,0,0,0,0
60528,1,1,0,0,0,0,0,0,0,0,0,0
60529,1,1,22,22,22,22,22,22,22,22,22,22
60530,1,1,5,5,5,5,5,5,5,5,5,5
60530,2,1,0,0,0,0,0,0,13,0,0,0
60532,0,1,4,4,4,4,4,4,4,4,4,4
60532,0,2,14,8,36,23,23,22,9,13,12,15
60532,1,1,0,0,24,12,0,0,0,0,0,0
60533,1,1,0,0,0,0,0,0,0,0,0,0
60534,0,1,0,0,0,0,0,0,0,0,0,0
60534,1,1,0,0,0,0,0,0,0,0,0,0
60535,1,1,0,0,0,0,0,0,0,0,0,0
60535,2,1,0,0,0,0,0,0,0,0,0,0
60536,1,1,0,0,0,0,0,0,0,0,0,0
60537,1,1,0,0,0,0,0,0,0,0,0,0
60537,2,1,0,0,0,0,0,0,0,0,0,0
60538,1,1,0,0,0,0,0,0,0,0,0,0
60538,2,1,0,0,0,0,0,0,0,0,0,0
60539,1,1,0,0,0,0,0,0,0,0,0,0
60539,2,1,0,0,0,0,0,0,0,0,0,0
60539,3,1,0,0,0,0,0,0,0,0,0,0
60539,4,1,0,0,0,0,0,0,0,0,0,0
60540,1,1,0,0,0,0,0,0,0,0,0,0
60540,2,1,0,0,0,0,0,0,0,0,0,0
60541,1,1,17,17,17,17,17,17,17,17,17,17
60542,1,1,28,28,28,28,28,28,28,28,28,28
60543,1,1,0,0,0,0,0,0,0,0,0,0
60544,1,1,0,0,0,0,0,0,0,0,0,0
60545,1,1,0,0,0,0,0,0,0,0,0,0
60545,2,1,0,0,4,0,0,0,0,0,0,0
60546,1,1,0,0,0,0,0,0,0,0,17,0
60546,2,1,0,0,0,0,0,0,0,8,0,0
60547,0,1,0,0,0,0,0,0,0,0,0,0
60547,1,1,0,0,0,0,0,10,0,0,0,0
60548,1,1,20,20,20,20,20,20,20,20,20,20
60549,1,1,0,0,0,0,0,0,0,0,0,0
60550,1,1,0,0,0,0,0,0,0,0,0,0
60551,1,1,0,0,0,0,0,0,0,0,0,0
60552,0,1,0,0,0,0,0,0,0,0,0,0
60552,1,1,0,0,0,0,0,0,0,0,0,0
60553,0,1,0,0,0,0,0,0,0,0,0,0
60553,1,1,0,0,0,0,0,0,0,0,0,0
60554,1,1,0,0,0,0,0,0,0,0,0,0
60555,0,1,17,17,17,17,17,17,17,17,17,17
60555,1,1,0,0,0,13,22,0,0,0,0,0
60556,1,1,0,0,0,0,0,0,0,0,0,10
60557,0,1,31,31,31,31,31,31,31,31,31,31
60557,1,1,0,0,0,0,0,0,0,0,0,0
60558,0,1,19,19,19,19,19,19,19,19,19,19
60558,1,1,0,0,0,4,0,0,0,0,0,0
60559,1,1,0,0,0,0,0,0,0,0,0,0
60560,1,1,0,0,0,0,0,0,0,0,0,0
60561,1,1,25,25,25,25,25,25,25,25,25,25
60562,0,1,13,13,13,13,13,13,13,13,13,13
60562,1,1,0,0,0,0,0,0,0,0,0,0
60563,1,1,20,20,20,20,20,20,20,20,20,20
60564,1,1,0,0,0,0,0,0,0,0,0,0
60565,1,1,0,0,0,0,0,0,0,0,0,0
60566,1,1,0,0,0,16,0,0,0,0,0,0
60566,2,1,0,0,0,0,0,0,0,0,0,0
60567,0,1,0,0,0,0,0,0,0,0,0,0
60567,1,1,0,0,0,0,0,0,0,0,0,0
60568,0,1,0,0,0,0,0,0,0,0,0,0
60568,1,1,0,0,0,0,0,0,0,0,0,0
60569,1,1,2,2,2,2,2,2,2,2,2,2
60569,2,1,0,0,0,0,0,0,0,0,0,0
60570,1,1,21,21,21,21,21,21,21,21,21,21
60570,2,1,0,0,0,0,0,0,0,0,0,0
60571,0,1,0,0,0,0,0,0,0,0,0,0
60571,1,1,0,0,0,0,0,0,0,0,0,0
60572,1,1,0,0,0,0,0,0,0,0,0,0
60573,1,1,19,19,19,19,19,19,19,19,19,19
60574,0,1,0,0,0,0,0,0,0,0,0,0
60574,1,1,0,0,0,0,0,0,0,0,0,0
60575,1,1,0,0,0,0,0,0,0,0,0,0
60575,2,1,0,0,0,0,0,0,0,0,0,0
60576,1,1,0,0,0,0,0,0,0,0,0,0
60576,2,1,0,0,0,0,0,0,0,0,0,0
60577,1,1,0,0,0,0,0,0,0,0,0,0
60577,2,1,0,0,0,0,0,0,13,0,0,0
60578,0,1,14,14,14,14,14,14,14,14,14,14
60578,1,1,0,0,0,0,0,0,0,0,0,0
60579,0,1,4,4,4,4,4,4,4,4,4,4
60579,1,1,0,0,0,0,0,0,0,0,0,0
60580,1,1,0,0,0,0,0,0,0,0,0,0
60580,2,1,27,27,27,27,27,27,27,27,27,27
60581,1,1,0,0,0,0,0,0,0,0,0,0
60581,2,1,0,0,0,0,0,0,2,0,0,0
60582,1,1,0,0,0,0,0,0,0,0,0,0
60582,2,1,0,0,0,0,0,0,0,0,0,0
60583,1,1,10,0,0,0,0,6,16,18,17,11
60583,2,1,0,0,0,0,0,0,0,0,0,0