ST_CASE,VEH_NO,PER_NO,P1,P2,P3,P4,P5,P6,P7,P8,P9,P10
60584,1,1,0,0,0,0,0,0,0,0,0,0
60584,2,1,0,0,0,0,0,0,0,0,0,0
60584,3,1,0,0,0,0,0,0,0,0,0,0
60585,1,1,18,18,18,18,18,18,18,18,18,18
60586,1,1,12,12,12,12,12,12,12,12,12,12
60586,2,1,0,0,0,0,0,0,0,0,0,0
60587,0,1,0,0,0,0,0,0,0,0,0,0
60587,1,1,35,24,33,12,7,14,0,32,21,23
60588,0,1,0,0,0,0,0,0,0,0,0,0
60588,1,1,0,13,0,15,0,0,0,0,0,0
60589,1,1,0,0,0,0,0,0,0,0,0,0
60590,1,1,0,0,0,0,0,0,0,0,0,0
60590,2,1,0,0,0,0,0,0,0,0,0,0
60590,3,1,0,0,0,0,0,0,0,0,0,0
60591,0,1,0,0,9,0,16,16,21,18,34,18
60591,1,1,18,18,18,18,18,18,18,18,18,18
60592,1,1,11,11,11,11,11,11,11,11,11,11
60593,1,1,0,0,0,0,0,0,0,0,0,0
60594,1,1,0,0,9,0,0,0,0,0,18,14
60595,1,1,0,27,0,9,0,0,13,0,0,0
60595,2,1,0,0,0,0,0,0,0,0,0,0
60596,0,1,12,12,12,12,12,12,12,12,12,12
60596,1,1,22,0,0,20,0,0,32,0,0,27
60597,1,1,0,0,0,0,0,0,0,0,0,0
60597,2,1,0,0,0,0,0,0,0,0,0,0
60598,1,1,0,0,0,0,0,0,0,0,0,0
60598,2,1,0,0,8,0,0,0,0,0,0,0
60599,1,1,0,0,0,0,0,0,0,0,0,0
60599,2,1,0,0,0,0,0,0,0,0,0,0
60600,0,1,0,0,0,0,0,0,0,0,0,0
60600,0,2,0,0,0,0,0,0,0,0,0,0
60600,1,1,0,0,0,0,0,0,0,0,0,0
60601,1,1,2,2,2,2,2,2,2,2,2,2
60602,1,1,0,0,0,0,0,0,0,0,0,0
60602,2,1,0,0,0,0,0,0,0,0,0,0
60603,1,1,9,9,9,9,9,9,9,9,9,9
60604,1,1,0,10,12,0,0,0,0,0,0,0
60604,2,1,0,0,0,0,0,0,0,0,0,0
60605,0,1,0,0,0,0,0,0,0,0,0,0
60605,1,1,0,0,0,0,0,0,0,0,0,0
60606,1,1,0,0,0,0,0,0,0,0,0,0
60607,1,1,0,0,0,0,0,0,0,0,0,0
60607,2,1,0,0,0,0,0,0,0,0,0,0
60608,1,1,0,0,0,0,0,0,0,0,0,0
60608,2,1,0,0,0,0,0,0,0,0,0,0
60609,1,1,0,0,0,0,0,0,0,0,0,0
60610,1,1,0,0,0,0,0,0,0,0,0,0
60611,1,1,34,34,34,34,34,34,34,34,34,34
60611,3,1,0,0,0,0,0,0,0,11,0,0
60612,0,1,0,0,0,0,0,0,0,0,0,0
60612,1,1,0,0,0,0,0,0,0,0,0,0
60613,1,1,0,0,0,0,0,0,0,0,8,0
60614,0,1,0,0,0,0,0,0,0,0,0,0
60614,1,1,0,0,0,0,0,0,0,0,0,0
60615,1,1,0,0,0,0,0,0,14,0,0,0
60616,1,1,26,26,26,26,26,26,26,26,26,26
60617,1,1,0,0,0,0,0,0,0,0,0,0
60617,2,1,0,0,0,0,0,0,0,0,0,0
60618,1,1,20,20,20,20,20,20,20,20,20,20
60619,1,1,16,16,16,16,16,16,16,16,16,16
60619,2,1,0,0,0,0,0,0,0,0,0,0
60620,1,1,22,22,22,22,22,22,22,22,22,22
60621,1,1,0,0,0,0,11,0,0,0,0,0
60621,2,1,0,0,0,0,0,10,0,0,0,0
60622,1,1,12,12,12,12,12,12,12,12,12,12
60623,1,1,0,0,0,0,0,0,0,0,0,0
60624,1,1,0,0,0,0,0,0,15,0,0,0
60624,2,1,0,0,0,0,0,0,0,7,0,0
60625,0,1,2,2,2,2,2,2,2,2,2,2
60625,1,1,0,0,0,0,0,0,23,0,0,0
60626,1,1,0,0,0,0,0,0,0,0,0,0
60626,2,1,0,0,0,0,0,0,0,0,0,0
60627,1,1,10,10,10,10,10,10,10,10,10,10
60628,0,1,24,24,24,24,24,24,24,24,24,24
60628,1,1,0,0,0,0,0,0,0,0,0,0
60629,0,1,13,13,13,13,13,13,13,13,13,13
60629,1,1,0,0,0,0,0,0,0,0,0,0
60630,1,1,11,11,11,11,11,11,11,11,11,11
60631,0,1,0,0,0,0,0,0,0,0,0,0
60631,1,1,0,0,0,0,0,0,0,0,0,0
60632,0,1,14,0,0,26,0,28,24,12,19,21
60632,1,1,0,0,0,0,0,0,0,0,0,0
60633,1,1,0,0,0,0,0,0,0,0,0,0
60633,2,1,0,0,0,0,0,0,0,0,0,0
60634,1,1,0,0,0,0,0,0,0,0,0,0
60634,2,1,0,0,0,0,0,0,0,0,0,0
60635,1,1,5,5,5,5,5,5,5,5,5,5
60636,1,1,0,0,0,0,0,0,0,0,0,0
60637,1,1,0,0,0,0,0,0,0,0,0,0
60637,2,1,0,0,0,0,0,0,0,0,0,0
60638,1,1,0,0,0,0,0,0,0,0,0,0
60638,2,1,0,0,0,0,0,0,0,0,0,0
60639,1,1,27,27,27,27,27,27,27,27,27,27
60640,1,1,10,10,10,10,10,10,10,10,10,10
60641,1,1,0,0,0,0,0,0,0,0,0,0
60642,0,1,0,0,0,0,0,0,0,0,0,0
60642,1,1,15,10,10,25,24,24,12,6,14,23
60643,0,1,0,0,0,0,0,0,0,0,0,0
60643,1,1,0,0,0,0,0,0,0,0,0,0
60644,0,1,25,0,21,0,0,0,0,0,0,0
60644,1,1,0,0,0,0,0,0,0,0,0,0
60645,1,1,13,13,13,13,13,13,13,13,13,13
60645,2,1,0,0,0,0,0,0,0,0,0,0
60646,0,1,0,0,0,0,0,0,0,0,0,0
60646,1,1,0,0,0,0,0,0,0,0,0,0
60647,1,1,0,0,0,0,0,0,0,0,0,0
60647,2,1,0,0,0,0,0,0,0,0,0,0
60648,0,1,0,0,0,0,0,0,0,0,0,0
60648,1,1,39,39,39,39,39,39,39,39,39,39
60649,0,1,24,24,24,24,24,24,24,24,24,24
60649,1,1,0,0,0,23,0,0,19,0,0,0
60650,1,1,19,19,19,19,19,19,19,19,19,19
60650,2,1,0,0,0,0,0,0,0,0,0,0
60651,1,1,0,0,0,0,0,0,0,0,0,0
60652,1,1,0,0,0,0,0,0,0,0,0,0
60652,2,1,0,0,0,0,0,0,0,0,0,0
60653,1,1,12,12,12,12,12,12,12,12,12,12
60654,0,1,0,0,31,0,0,6,16,23,0,0
60654,1,1,0,0,0,0,0,0,0,0,0,0
60655,1,1,0,0,0,0,0,0,0,0,0,0
60655,2,1,0,0,0,0,0,0,0,0,0,0
60656,1,1,14,14,14,14,14,14,14,14,14,14
60657,1,1,0,0,0,0,0,0,0,0,0,0
60657,2,1,0,8,0,0,0,0,0,0,0,0
60658,1,1,13,13,13,13,13,13,13,13,13,13
60658,2,1,0,0,0,0,0,0,0,0,0,0
60659,0,1,35,35,35,35,35,35,35,35,35,35
60659,1,1,0,0,0,0,0,0,0,0,0,0
60660,1,1,13,13,13,13,13,13,13,13,13,13
60661,1,1,0,0,0,0,10,0,0,0,3,0
60661,2,1,16,0,0,12,0,0,0,7,11,0
60662,0,1,0,0,0,0,0,0,0,0,0,0
60662,1,1,0,0,0,11,25,22,0,4,9,0
60663,1,1,0,0,0,0,0,0,0,0,0,0
60664,1,1,0,0,0,0,0,0,0,0,0,0
60665,1,1,0,0,0,0,0,0,0,0,0,0
60665,2,1,0,0,0,0,0,0,0,0,0,0
60666,0,1,0,0,0,0,0,0,0,0,0,0
60666,1,1,0,0,0,0,0,0,0,0,0,0
60667,1,1,14,14,14,14,14,14,14,14,14,14
60667,2,1,18,31,23,14,27,22,20,0,16,19
60668,1,1,0,0,0,0,0,0,0,0,0,12
60668,2,1,0,0,0,0,0,0,0,0,0,0
60669,1,1,0,0,0,0,0,0,0,0,0,0
60669,2,1,0,0,0,17,0,0,0,0,0,0
60670,1,1,0,0,0,0,0,0,0,0,0,0
60671,1,1,31,31,31,31,31,31,31,31,31,31
60672,1,1,0,0,0,0,0,0,0,0,0,0
60672,2,1,0,0,0,0,0,0,0,0,0,0
60673,1,1,0,0,0,0,0,0,0,0,0,0
60673,2,1,8,8,8,8,8,8,8,8,8,8
60674,1,1,24,24,24,24,24,24,24,24,24,24
60674,2,1,0,0,0,0,0,0,0,0,0,0
60675,1,1,6,6,6,6,6,6,6,6,6,6
60675,2,1,0,0,0,0,0,0,0,0,0,0
60676,1,1,0,0,14,0,0,0,0,0,0,18
60676,2,1,0,0,0,0,0,0,0,0,0,0
60677,1,1,4,4,4,4,4,4,4,4,4,4
60678,1,1,0,0,0,0,0,0,0,0,0,0
60679,1,1,0,0,0,0,0,0,0,0,0,0
60680,1,1,0,0,0,0,0,0,0,0,0,0
60681,0,1,0,37,25,17,24,10,21,11,35,0
60681,1,1,0,0,0,0,0,0,0,0,0,0
60682,0,1,15,0,10,6,0,6,0,0,0,0
60682,1,1,0,0,0,0,0,0,0,0,0,0
60683,0,1,0,0,0,0,0,0,0,0,0,0
60683,1,1,0,0,44,0,0,0,0,0,0,14
60684,1,1,22,22,22,22,22,22,22,22,22,22
60685,1,1,11,11,11,11,11,11,11,11,11,11
60686,1,1,16,16,16,16,16,16,16,16,16,16
60686,2,1,0,0,0,0,0,0,0,0,0,0
60686,3,1,0,10,0,0,0,0,0,0,0,0
60686,4,1,0,0,0,0,0,0,0,0,0,0
60687,1,1,10,10,10,10,10,10,10,10,10,10
60687,2,1,0,0,0,0,0,0,0,0,0,0
60688,1,1,4,4,4,4,4,4,4,4,4,4
60689,1,1,32,32,32,32,32,32,32,32,32,32
60690,0,1,13,13,13,13,13,13,13,13,13,13
60690,1,1,24,24,24,24,24,24,24,24,24,24
60691,1,1,0,0,0,0,0,0,0,0,0,0
60692,0,1,0,0,0,0,0,0,0,0,0,0
60692,1,1,0,0,0,0,0,0,0,0,0,0
60693,0,1,24,11,29,13,10,0,17,14,0,14
60693,1,1,0,0,0,0,0,0,0,0,0,0
60694,0,1,24,24,24,24,24,24,24,24,24,24
60694,1,1,0,0,0,0,0,0,0,0,0,0
60695,1,1,0,0,0,0,0,0,0,0,0,0
60696,1,1,0,0,0,0,0,15,0,0,0,0
60697,0,1,0,0,0,0,0,0,0,0,0,0
60697,1,1,15,19,9,0,10,10,17,21,15,18
60698,0,1,0,0,0,0,0,0,0,0,0,0
60698,1,1,0,0,0,0,0,0,0,0,0,0
60699,1,1,0,0,0,0,0,0,0,0,0,0
60699,2,1,0,0,0,0,0,0,0,0,0,0
60700,1,1,0,0,0,0,0,0,0,0,0,0
60701,1,1,0,0,0,0,0,0,0,0,0,0
60702,1,1,0,0,0,0,0,0,0,0,0,0
60702,2,1,0,0,0,2,0,0,0,0,0,0
60703,1,1,17,14,26,8,19,7,26,21,14,3
60703,2,1,0,0,0,0,0,0,0,0,0,0
60703,3,1,0,0,0,0,0,0,0,0,0,0
60704,1,1,0,0,0,0,0,0,0,0,0,0
60704,2,1,0,0,0,0,0,0,0,0,0,0
60704,3,1,0,0,0,0,0,0,0,0,0,0
60704,4,1,0,0,0,0,0,0,0,0,0,0
60704,5,1,0,4,0,0,0,0,0,0,0,0
60705,1,1,0,0,0,0,0,0,0,0,0,0
60706,1,1,0,0,0,0,0,0,0,0,0,0
60707,1,1,27,27,27,27,27,27,27,27,27,27
60708,0,1,28,28,28,28,28,28,28,28,28,28
60708,1,1,0,0,0,0,0,0,0,0,0,0
60708,2,1,0,0,0,0,0,0,0,0,0,0
60709,1,1,0,0,0,0,0,0,0,0,0,0
60710,1,1,0,0,0,0,0,0,0,0,0,0
60711,1,1,0,0,0,0,0,0,0,12,0,0
60711,2,1,0,0,0,0,0,0,0,0,0,0
60712,0,1,17,17,17,17,17,17,17,17,17,17
60712,1,1,25,0,24,20,0,0,0,0,0,26
60713,0,1,26,26,26,26,26,26,26,26,26,26
60713,1,1,0,0,0,0,0,0,0,0,0,0
60714,0,1,23,23,23,23,23,23,23,23,23,23
60714,1,1,0,0,0,0,0,0,0,0,0,0
60715,1,1,15,15,15,15,15,15,15,15,15,15
60716,1,1,16,16,16,16,16,16,16,16,16,16
60717,1,1,6,6,6,6,6,6,6,6,6,6
60718,1,1,9,0,0,0,0,0,0,0,0,11
60719,1,1,13,13,13,13,13,13,13,13,13,13
60720,1,1,14,14,14,14,14,14,14,14,14,14
60720,2,1,0,0,0,0,0,0,0,0,0,0
60720,3,1,0,0,0,0,0,19,0,0,0,0
60721,1,1,0,0,0,0,0,0,0,0,0,0
60721,2,1,0,0,0,0,0,0,0,0,0,0
60722,0,1,0,0,0,0,0,0,0,0,0,0
60722,1,1,18,18,18,18,18,18,18,18,18,18
60723,1,1,0,0,0,0,0,0,0,0,0,0
60723,2,1,19,19,19,19,19,19,19,19,19,19
60724,0,1,19,20,25,9,8,35,12,0,29,17
60724,1,1,0,0,0,0,0,0,0,0,0,0
60725,1,1,16,16,16,16,16,16,16,16,16,16
60726,1,1,0,0,0,0,0,0,0,0,0,0
60726,2,1,0,0,0,24,0,0,0,0,0,0
60727,0,1,0,0,0,0,0,0,0,0,0,0
60727,1,1,0,0,0,0,0,0,0,0,0,9
60728,1,1,0,0,0,0,0,0,0,0,0,0
60728,2,1,0,0,0,0,0,0,0,0,0,0
60729,1,1,15,15,15,15,15,15,15,15,15,15
60730,1,1,0,0,0,0,0,0,0,0,0,0
60730,2,1,0,0,0,0,0,0,0,0,0,0
60731,1,1,0,0,0,0,0,0,0,0,0,0
60731,2,1,0,0,0,0,0,0,0,0,0,0
60732,1,1,10,0,0,37,20,20,0,26,0,17
60732,2,1,0,0,0,0,0,0,0,0,0,0
60733,1,1,0,0,0,0,0,0,0,0,0,0
60733,2,1,0,0,0,0,0,0,0,0,0,0
60734,1,1,25,25,25,25,25,25,25,25,25,25
60735,1,1,18,18,18,18,18,18,18,18,18,18
60736,0,1,0,0,0,0,0,0,0,0,0,0
60736,1,1,0,0,0,0,0,0,0,0,0,0
60737,1,1,2,0,0,0,0,0,0,0,0,0
60737,2,1,0,0,0,0,0,0,0,0,0,0
60738,1,1,0,0,0,0,0,0,0,0,0,0
60739,0,1,35,35,35,35,35,35,35,35,35,35
60739,1,1,0,0,0,0,0,0,0,0,0,0
60739,2,1,0,0,0,0,0,0,0,0,0,0
60740,1,1,17,17,17,17,17,17,17,17,17,17
60741,0,1,34,34,34,34,34,34,34,34,34,34
60741,1,1,12,0,31,0,10,0,18,0,0,0
60742,1,1,54,11,21,28,0,28,22,15,24,9
60742,2,1,0,0,0,0,0,0,0,0,0,0
60743,1,1,0,0,0,0,0,0,0,0,0,0
60744,0,1,19,19,19,19,19,19,19,19,19,19
60744,1,1,0,0,0,0,0,0,0,0,0,0
60745,0,1,0,0,0,0,0,0,0,0,0,0
60745,1,1,0,0,0,0,0,0,0,0,0,0
60746,1,1,0,0,0,0,0,0,0,0,0,0
60746,2,1,0,0,0,0,0,0,0,0,0,0
60747,1,1,13,15,27,5,26,25,19,26,5,5
60747,2,1,0,0,0,0,0,0,0,0,0,0
60748,1,1,0,0,0,0,0,0,0,0,0,0
60748,2,1,0,0,0,0,0,0,0,0,0,0
60749,1,1,0,0,0,0,0,0,0,0,0,0
60750,1,1,0,0,0,0,0,0,0,0,0,0
60750,2,1,0,0,0,0,0,0,0,0,0,0
60751,1,1,10,10,10,10,10,10,10,10,10,10
60751,2,1,0,0,0,0,0,0,0,0,0,0
60752,0,1,30,30,30,30,30,30,30,30,30,30
60752,1,1,20,0,0,0,11,0,0,0,0,0
60753,1,1,0,0,0,0,0,0,0,0,0,0
60754,1,1,23,23,23,23,23,23,23,23,23,23
60755,0,1,29,29,29,29,29,29,29,29,29,29
60755,1,1,0,0,0,8,0,0,0,0,10,0
60755,2,1,0,0,0,0,0,0,5,0,0,0
60755,3,1,0,0,0,0,0,0,0,0,0,0
60756,0,1,0,0,0,0,0,0,0,0,0,0
60756,2,1,0,0,0,0,0,0,0,0,0,0
60757,1,1,0,0,0,0,0,0,0,0,0,0
60758,1,1,22,22,22,22,22,22,22,22,22,22
60758,2,1,0,0,0,9,0,0,0,0,0,0
60759,1,1,0,0,0,0,0,0,0,0,0,0
60760,0,1,39,39,39,39,39,39,39,39,39,39
60760,1,1,0,0,0,0,26,0,19,0,0,0
60760,2,1,0,0,0,0,0,0,0,0,0,0
60761,0,1,21,21,21,21,21,21,21,21,21,21
60761,1,1,0,0,0,0,0,0,0,18,0,0
60762,0,1,25,25,25,25,25,25,25,25,25,25
60762,1,1,0,0,0,0,0,0,6,0,0,0
60762,2,1,0,0,10,0,0,0,0,0,28,0
60763,0,1,0,26,0,0,0,7,0,10,0,0
60763,0,2,0,0,0,0,0,0,0,0,0,21
60763,1,1,0,0,0,0,0,0,0,0,0,0
60764,1,1,15,12,20,11,17,12,11,8,15,0
60765,1,1,6,6,6,6,6,6,6,6,6,6
60765,2,1,0,0,0,0,0,0,0,0,0,0
60766,1,1,0,0,0,0,0,0,0,0,0,0
60767,1,1,19,19,19,19,19,19,19,19,19,19
60767,2,1,0,0,0,0,0,0,0,0,0,0
60768,1,1,0,0,0,0,0,0,0,0,0,0
60768,2,1,0,0,0,0,0,0,0,0,0,0
60769,1,1,9,9,9,9,9,9,9,9,9,9
60770,1,1,0,0,0,0,0,0,0,0,0,0
60771,1,1,0,0,0,0,0,0,0,0,0,0
60771,2,1,0,0,0,0,0,0,0,0,0,0
60772,1,1,0,0,0,0,0,0,0,0,0,0
60772,2,1,0,0,0,0,0,0,0,0,0,0
60773,1,1,0,0,0,0,0,0,0,0,0,0
60774,0,1,0,0,0,0,0,0,0,0,0,0
60774,1,1,0,0,0,0,0,0,0,0,0,0
60775,1,1,0,0,15,0,0,0,0,18,0,0
60775,2,1,0,0,0,0,0,0,0,0,0,0
60776,0,1,23,23,23,23,23,23,23,23,23,23
60776,1,1,0,0,0,0,0,0,0,19,0,0
60777,0,1,28,28,28,28,28,28,28,28,28,28
60777,1,1,0,0,0,0,0,0,0,0,0,0
60778,1,1,20,20,20,20,20,20,20,20,20,20
60779,0,1,0,0,0,0,0,0,0,0,0,0
60779,1,1,19,19,19,19,19,19,19,19,19,19
60780,1,1,23,23,23,23,23,23,23,23,23,23
60780,2,1,0,0,0,0,0,0,0,0,0,0
60780,3,1,11,0,0,0,0,0,0,0,0,0
60781,1,1,0,0,0,0,0,0,0,0,0,0
60782,1,1,0,0,0,0,0,0,0,0,0,0
60782,2,1,0,0,0,0,0,0,0,0,0,0
60783,1,1,0,0,0,0,0,0,0,0,0,0
60783,2,1,0,0,0,0,0,0,0,0,0,0
60784,0,1,0,0,0,0,0,0,0,0,0,0
60784,1,1,0,0,0,0,0,0,0,0,0,0
60785,1,1,0,0,0,0,0,0,0,0,0,0
60785,2,1,0,0,0,0,0,0,0,0,0,0
60786,1,1,7,7,7,7,7,7,7,7,7,7
60786,2,1,0,0,0,0,0,0,0,0,0,0
60786,3,1,0,0,0,0,0,0,0,0,0,0
60787,1,1,0,0,0,0,0,0,0,0,0,0
60788,1,1,0,0,0,0,0,0,0,0,0,0
60788,2,1,20,23,0,18,8,0,17,51,13,0
60789,1,1,26,26,26,26,26,26,26,26,26,26
60789,2,1,0,0,0,0,0,0,0,0,0,0
60790,1,1,21,21,21,21,21,21,21,21,21,21
60791,0,1,16,16,16,16,16,16,16,16,16,16
60791,1,1,0,0,0,0,0,0,0,0,0,0
60792,0,1,0,0,0,0,0,0,0,0,0,0
60792,0,2,0,0,0,0,0,0,0,0,0,0
60792,1,1,0,0,0,0,0,0,0,0,0,0
60793,0,1,0,0,0,0,0,0,0,0,0,0
60793,1,1,0,0,0,0,0,0,0,0,0,0
60794,1,1,0,0,0,0,0,0,0,0,0,0
60794,2,1,0,0,0,0,0,0,0,0,0,0
60795,1,1,0,0,0,0,0,0,0,0,0,0
60796,1,1,0,0,0,0,0,0,0,0,0,0
60797,0,1,0,0,0,0,0,0,0,0,0,0
60797,1,1,8,8,8,8,8,8,8,8,8,8
60798,1,1,2,2,2,2,2,2,2,2,2,2
60799,1,1,0,0,0,0,0,0,0,0,0,0
60800,1,1,19,19,19,19,19,19,19,19,19,19
60801,0,1,19,19,19,19,19,19,19,19,19,19
60801,1,1,0,0,0,0,0,0,0,0,0,0
60802,1,1,14,14,14,14,14,14,14,14,14,14
60803,0,1,37,37,37,37,37,37,37,37,37,37
60803,1,1,0,0,0,0,0,0,0,0,0,0
60804,0,1,0,0,0,0,0,0,0,0,0,0
60804,0,2,0,0,0,0,0,0,0,0,0,0
60804,0,3,0,0,0,0,0,0,0,0,0,0
60804,0,4,0,0,0,0,0,0,0,0,0,0
60804,0,5,0,0,0,0,0,0,0,0,0,0
60804,1,1,0,0,0,0,0,0,0,0,0,0
60805,1,1,0,0,0,0,0,0,0,0,0,0
60806,0,1,8,0,0,0,0,0,0,0,0,0
60806,1,1,5,5,5,5,5,5,5,5,5,5
60807,1,1,14,14,14,14,14,14,14,14,14,14
60807,2,1,0,0,0,0,0,0,0,0,0,0
60808,1,1,0,0,0,0,0,0,0,0,0,0
60809,1,1,0,0,0,0,0,0,0,0,0,0
60809,2,1,0,0,0,0,0,0,0,0,0,0
60810,0,1,4,4,4,4,4,4,4,4,4,4
60810,1,1,0,0,0,0,0,0,0,0,14,0
60810,2,1,0,0,0,0,0,0,0,20,0,0
60811,1,1,0,0,22,0,0,0,0,0,0,13
60812,1,1,0,0,0,0,0,0,0,0,0,0
60813,0,1,0,0,0,0,0,0,0,0,0,28
60813,1,1,0,0,0,6,0,0,0,0,0,0
60814,1,1,9,9,9,9,9,9,9,9,9,9
60815,1,1,0,0,0,0,0,0,0,0,0,0
60815,2,1,0,14,11,0,0,0,0,17,0,0
60816,1,1,25,25,25,25,25,25,25,25,25,25
60817,1,1,16,16,16,16,16,16,16,16,16,16
60818,1,1,0,0,0,0,0,0,0,0,0,0
60818,2,1,0,0,0,0,0,0,7,0,0,0
60819,1,1,0,0,0,0,0,0,0,0,0,0
60820,1,1,35,35,35,35,35,35,35,35,35,35
60821,1,1,0,0,0,0,0,0,0,0,0,0
60822,1,1,0,0,0,0,0,0,0,0,0,0
60823,1,1,24,24,24,24,24,24,24,24,24,24
60824,0,1,0,0,0,0,0,0,0,0,0,0
60824,1,1,0,0,0,0,0,0,0,11,0,0
60825,1,1,0,0,0,0,0,0,0,0,0,0
60825,2,1,0,0,0,0,0,0,0,0,0,0
60826,1,1,14,14,14,14,14,14,14,14,14,14
60826,2,1,0,0,28,28,0,0,0,19,0,13
60827,1,1,23,23,23,23,23,23,23,23,23,23
60828,1,1,16,16,16,16,16,16,16,16,16,16
60829,1,1,0,0,0,0,0,0,0,0,0,0
60829,2,1,0,0,0,0,0,0,0,0,0,0
60830,1,1,0,0,0,0,0,0,0,0,0,0
60831,1,1,19,19,19,19,19,19,19,19,19,19
60831,2,1,0,0,0,13,0,0,0,0,0,0
60832,1,1,0,0,0,0,0,0,0,0,0,0
60832,2,1,0,0,0,0,0,0,0,0,0,0
60832,3,1,0,0,0,0,0,0,0,0,0,0
60833,1,1,28,28,28,28,28,28,28,28,28,28
60833,2,1,0,0,0,0,0,0,0,0,0,0
60834,0,1,26,26,26,26,26,26,26,26,26,26
60834,1,1,0,0,0,8,0,0,0,0,0,32
60835,1,1,24,24,24,24,24,24,24,24,24,24
60836,1,1,0,17,0,7,0,6,11,3,2,17
60837,1,1,15,15,15,15,15,15,15,15,15,15
60838,1,1,0,0,0,0,0,0,0,0,0,0
60838,2,1,0,0,0,0,0,0,0,0,0,0
60839,0,1,14,14,14,14,14,14,14,14,14,14
60839,0,2,0,0,24,0,0,0,28,10,16,0
60839,1,1,12,12,12,12,12,12,12,12,12,12
60839,2,1,0,0,0,0,0,0,0,0,0,0
60840,1,1,10,10,10,10,10,10,10,10,10,10
60840,2,1,0,0,0,0,0,0,0,0,0,0
60841,1,1,13,13,13,13,13,13,13,13,13,13
60841,2,1,0,0,0,0,0,0,0,0,0,0
60842,1,1,0,0,0,0,0,0,0,0,0,0
60842,2,1,0,0,0,0,0,0,0,0,0,0
60842,3,1,0,0,0,0,0,0,0,0,0,0
60843,1,1,16,16,16,16,16,16,16,16,16,16
60843,2,1,0,0,0,0,0,0,0,0,0,0
60844,1,1,0,0,0,0,0,0,0,0,0,0
60844,2,1,0,0,0,0,0,0,0,0,0,0
60845,0,1,7,7,7,7,7,7,7,7,7,7
60845,1,1,12,12,12,12,12,12,12,12,12,12
60846,0,1,22,22,22,22,22,22,22,22,22,22
60846,1,1,0,0,0,0,0,0,0,0,0,0
60847,1,1,37,37,37,37,37,37,37,37,37,37
60848,1,1,0,0,0,0,0,0,0,0,0,0
60848,2,1,0,0,0,0,0,0,0,0,0,0
60849,1,1,0,0,0,0,0,0,0,0,0,0
60850,1,1,0,0,0,0,0,0,0,0,0,0
60850,2,1,0,0,0,0,0,0,0,0,0,0
60851,1,1,0,0,0,0,0,0,0,0,0,0
60851,2,1,0,0,0,0,0,0,0,0,0,0
60852,1,1,0,0,11,0,0,0,0,0,0,0
60852,2,1,0,0,0,0,0,0,0,0,0,0
60852,3,1,26,0,0,0,0,0,0,0,0,0
60853,0,1,0,0,0,0,0,0,0,0,0,0
60853,1,1,0,0,0,0,0,0,0,0,0,0
60854,1,1,0,0,0,0,0,0,0,0,0,0
60855,1,1,0,0,15,0,0,0,0,0,0,0
60856,1,1,40,40,40,40,40,40,40,40,40,40
60856,2,1,0,0,0,0,0,0,0,0,0,0
60857,1,1,19,19,19,19,19,19,19,19,19,19
60858,1,1,0,0,0,0,0,0,0,0,0,0
60858,2,1,0,0,0,0,0,0,0,0,0,0
60859,1,1,0,15,0,0,0,0,0,0,0,0
60860,1,1,10,10,10,10,10,10,10,10,10,10
60860,2,1,0,0,0,0,0,0,0,0,0,0
60861,1,1,17,17,17,17,17,17,17,17,17,17
60862,0,1,0,0,0,0,0,0,0,0,0,0
60862,1,1,0,0,0,0,0,0,0,0,0,0
60863,1,1,14,14,14,14,14,14,14,14,14,14
60864,2,1,0,0,0,0,0,0,0,0,0,0
60865,1,1,0,0,0,0,0,0,0,18,0,0
60865,2,1,0,0,0,0,0,0,0,0,0,0
60866,1,1,0,0,0,0,0,0,0,0,0,0
60866,2,1,0,0,0,0,0,0,0,0,0,0
60867,1,1,0,0,0,0,0,0,0,0,0,0
60867,2,1,0,0,0,0,0,0,0,0,0,0
60868,0,1,0,0,0,0,0,0,0,0,0,0
60868,0,2,0,0,0,0,8,0,0,0,0,0
60868,1,1,0,0,0,0,0,0,0,0,0,0
60870,1,1,0,0,0,0,0,0,0,0,0,0
60871,0,1,0,0,0,0,0,0,0,0,0,0
60871,1,1,0,0,0,0,0,0,0,0,0,0
60872,1,1,0,0,0,0,0,0,0,0,0,0
60873,0,1,0,0,0,0,0,0,0,0,0,0
60873,1,1,0,0,0,0,0,0,0,0,0,0
60874,0,1,0,0,0,0,0,0,0,0,0,0
60874,1,1,0,0,0,0,0,0,0,0,0,0
60875,1,1,0,0,0,0,0,0,0,0,0,0
60875,2,1,0,0,0,0,0,0,0,0,0,0
60876,1,1,0,0,0,0,0,0,0,0,0,0
60877,1,1,0,0,0,0,0,0,0,0,0,0
60877,2,1,0,0,0,0,19,0,0,0,0,0