ST_CASE,VEH_NO,PER_NO,P1,P2,P3,P4,P5,P6,P7,P8,P9,P10
60877,3,1,0,0,0,0,0,0,0,0,0,0
60878,1,1,15,0,0,0,0,0,0,25,0,0
60878,2,1,0,0,0,0,0,0,0,0,0,0
60879,1,1,20,20,20,20,20,20,20,20,20,20
60879,2,1,0,0,10,8,0,0,0,0,0,0
60880,0,1,0,0,0,7,0,14,0,11,7,0
60880,1,1,0,0,0,0,0,0,0,0,0,0
60881,0,1,15,0,0,0,0,14,0,36,0,13
60881,1,1,0,0,0,27,0,0,11,0,0,0
60882,1,1,0,0,0,0,0,0,0,0,0,0
60882,2,1,0,0,0,0,0,0,0,0,0,0
60883,1,1,0,0,0,0,0,0,0,0,0,0
60884,1,1,0,0,0,0,0,0,0,0,0,0
60885,1,1,19,19,19,19,19,19,19,19,19,19
60886,1,1,0,0,0,0,0,0,0,0,0,0
60887,1,1,31,31,31,31,31,31,31,31,31,31
60888,0,1,24,24,24,24,24,24,24,24,24,24
60888,1,1,0,0,0,0,0,0,0,0,0,0
60889,0,1,0,0,0,0,0,0,0,0,0,0
60889,1,1,0,0,0,0,0,0,0,0,0,0
60890,1,1,0,0,0,0,0,0,0,0,0,0
60891,0,1,19,19,19,19,19,19,19,19,19,19
60891,1,1,0,0,7,0,0,0,0,0,0,0
60892,0,1,0,0,0,0,0,0,0,0,7,0
60892,1,1,0,0,0,0,0,0,0,0,0,0
60893,1,1,2,2,2,2,2,2,2,2,2,2
60894,1,1,0,0,0,0,0,0,0,0,0,9
60894,2,1,11,11,11,11,11,11,11,11,11,11
60895,1,1,15,15,15,15,15,15,15,15,15,15
60896,0,1,0,0,0,0,0,0,0,0,0,0
60896,1,1,0,0,0,0,0,0,30,0,0,0
60897,1,1,0,0,0,0,0,0,0,0,0,0
60897,2,1,0,0,0,0,0,0,0,0,0,0
60898,1,1,20,20,20,20,20,20,20,20,20,20
60898,2,1,11,11,11,11,11,11,11,11,11,11
60898,3,1,0,0,0,0,0,0,20,0,0,0
60899,1,1,0,0,0,0,0,0,0,0,0,0
60899,2,1,0,0,0,0,0,0,0,0,0,0
60900,0,1,0,0,0,0,0,0,0,0,0,0
60900,1,1,0,0,0,0,0,0,0,0,0,0
60901,1,1,0,0,0,0,0,0,0,0,0,0
60901,2,1,0,0,0,0,0,0,0,0,0,0
60902,1,1,16,16,16,16,16,16,16,16,16,16
60903,1,1,0,0,0,0,0,0,0,0,0,0
60904,1,1,0,0,0,0,0,0,0,0,0,0
60905,1,1,22,22,22,22,22,22,22,22,22,22
60905,2,1,0,0,0,0,0,0,0,0,0,0
60905,3,1,0,0,0,0,0,0,0,0,0,0
60906,0,1,0,0,0,0,10,0,17,0,8,43
60906,1,1,0,0,0,0,0,0,0,0,0,0
60907,0,1,24,24,24,24,24,24,24,24,24,24
60907,1,1,0,25,0,0,0,0,0,0,12,9
60908,0,1,0,0,0,0,0,0,0,0,0,0
60908,1,1,0,0,14,0,0,0,0,0,0,0
60909,0,1,28,28,28,28,28,28,28,28,28,28
60909,1,1,0,0,0,0,0,17,0,0,0,0
60910,1,1,9,9,9,9,9,9,9,9,9,9
60911,1,1,0,0,0,0,0,0,0,0,0,0
60911,2,1,0,0,0,0,0,0,0,0,0,0
60912,1,1,0,0,0,0,0,0,0,0,0,0
60912,2,1,0,24,0,0,0,0,0,0,0,0
60913,0,1,0,0,0,0,0,0,0,0,0,0
60913,1,1,0,0,0,0,0,0,0,0,0,0
60914,0,1,0,0,0,0,0,0,0,0,0,0
60914,1,1,0,0,0,0,0,0,0,0,0,0
60915,1,1,0,0,0,0,0,0,0,0,0,0
60916,1,1,9,9,9,9,9,9,9,9,9,9
60917,0,1,40,0,37,0,0,0,25,0,29,27
60917,1,1,7,16,13,14,0,12,11,26,13,18
60918,0,1,0,0,0,0,0,0,0,0,0,0
60918,1,1,0,0,13,0,0,0,0,0,0,0
60919,1,1,0,0,0,0,0,0,0,0,0,0
60920,1,1,16,16,16,16,16,16,16,16,16,16
60921,0,1,20,20,20,20,20,20,20,20,20,20
60921,1,1,0,0,0,13,0,24,0,0,0,0
60922,0,1,35,35,35,35,35,35,35,35,35,35
60922,1,1,0,4,0,16,0,0,0,0,19,0
60923,1,1,21,21,21,21,21,21,21,21,21,21
60924,1,1,18,18,18,18,18,18,18,18,18,18
60924,2,1,0,0,0,0,0,0,0,16,0,0
60925,1,1,13,13,13,13,13,13,13,13,13,13
60925,2,1,21,21,21,21,21,21,21,21,21,21
60925,3,1,0,0,11,0,0,0,20,0,9,0
60926,1,1,0,0,0,0,0,0,0,0,0,0
60926,2,1,0,0,0,0,0,0,0,0,0,0
60927,1,1,0,0,0,0,0,0,0,0,0,0
60927,2,1,0,0,0,0,0,0,0,0,0,0
60928,1,1,23,23,23,23,23,23,23,23,23,23
60929,0,1,0,0,0,0,0,0,0,0,0,0
60929,1,1,16,16,16,16,16,16,16,16,16,16
60930,1,1,14,17,0,17,0,31,21,14,16,11
60931,1,1,29,29,29,29,29,29,29,29,29,29
60932,1,1,0,0,0,0,0,0,0,0,0,0
60933,1,1,2,2,2,2,2,2,2,2,2,2
60933,2,1,0,0,0,0,0,0,0,0,0,0
60934,1,1,21,17,0,0,29,0,41,22,11,9
60934,2,1,0,0,0,0,0,0,0,0,0,0
60935,0,1,0,0,0,0,0,0,0,0,0,0
60935,1,1,0,0,0,0,0,0,0,13,0,0
60936,1,1,6,6,6,6,6,6,6,6,6,6
60936,2,1,0,0,0,0,0,0,0,0,0,0
60937,0,1,0,0,0,0,0,0,0,0,0,0
60937,1,1,0,0,0,0,0,0,0,0,0,0
60937,2,1,0,0,0,0,0,0,0,0,10,0
60938,0,1,0,0,0,0,0,0,0,0,0,0
60938,1,1,0,0,0,0,0,0,0,0,0,0
60938,2,1,0,0,14,6,0,0,0,0,0,0
60939,0,1,8,7,0,0,16,7,0,0,0,0
60939,1,1,13,12,0,0,0,0,0,0,0,0
60940,1,1,0,0,0,0,0,0,0,0,0,0
60941,1,1,0,0,0,0,0,0,0,0,0,0
60941,2,1,0,0,0,0,0,0,0,0,0,0
60942,1,1,0,0,0,0,0,0,0,0,0,0
60942,2,1,0,0,0,0,0,0,0,0,0,0
60943,1,1,0,0,0,0,0,0,0,0,0,0
60944,1,1,0,0,0,0,0,0,0,0,0,0
60945,1,1,0,0,0,0,0,0,0,0,0,0
60946,1,1,0,0,0,0,0,0,0,0,0,0
60946,2,1,0,0,0,0,0,0,0,0,0,0
60947,1,1,28,28,28,28,28,28,28,28,28,28
60948,1,1,0,0,0,0,0,0,0,0,0,0
60948,2,1,0,0,0,0,0,0,4,0,0,0
60949,1,1,0,0,0,0,0,0,0,0,0,0
60950,0,1,0,0,0,0,0,0,0,0,0,0
60950,2,1,0,0,0,0,0,0,0,0,0,0
60951,0,1,0,0,0,0,0,0,0,0,0,0
60951,1,1,0,0,0,0,0,0,0,0,0,0
60952,1,1,0,0,0,0,0,0,0,0,0,0
60953,0,1,0,0,0,0,0,0,0,0,0,0
60953,1,1,0,0,0,0,0,0,7,17,0,0
60953,2,1,0,0,0,0,0,13,0,0,0,0
60954,1,1,0,0,0,0,0,0,0,0,0,0
60955,1,1,0,0,0,0,0,0,0,0,0,0
60956,1,1,0,0,0,0,0,0,0,0,0,0
60956,2,1,0,0,0,0,0,0,0,0,0,0
60957,1,1,19,19,19,19,19,19,19,19,19,19
60957,2,1,0,0,0,0,0,0,0,0,0,0
60958,0,1,0,0,0,0,0,0,0,0,0,0
60958,1,1,0,0,9,0,0,0,0,0,0,0
60959,0,1,18,18,18,18,18,18,18,18,18,18
60959,1,1,0,0,0,0,0,0,0,0,0,0
60960,0,1,47,47,47,47,47,47,47,47,47,47
60960,1,1,0,0,0,0,0,0,7,0,0,0
60961,0,1,0,0,0,0,0,0,0,0,0,0
60961,1,1,0,0,0,0,0,0,0,0,0,0
60962,0,1,30,30,30,30,30,30,30,30,30,30
60962,1,1,0,34,0,0,0,0,21,0,0,0
60963,1,1,14,14,14,14,14,14,14,14,14,14
60963,2,1,0,0,0,0,3,0,0,0,0,0
60964,1,1,28,28,28,28,28,28,28,28,28,28
60964,2,1,0,0,0,0,0,0,0,0,0,0
60964,3,1,0,0,0,20,0,0,0,0,0,0
60964,4,1,0,0,20,0,0,0,0,0,0,0
60965,1,1,0,0,0,0,0,0,0,0,0,0
60965,2,1,0,0,0,0,0,0,0,0,0,0
60966,1,1,19,32,7,21,22,22,15,16,30,12
60966,2,1,0,0,0,0,0,23,0,0,0,0
60967,0,1,24,24,24,24,24,24,24,24,24,24
60967,1,1,0,0,0,0,0,0,0,0,10,0
60968,1,1,19,19,19,19,19,19,19,19,19,19
60969,1,1,0,0,0,0,0,0,0,0,0,0
60969,2,1,0,0,0,0,0,0,0,0,0,0
60970,0,1,26,26,26,26,26,26,26,26,26,26
60970,1,1,0,0,0,0,12,0,0,0,0,15
60971,1,1,0,0,0,0,0,0,0,0,0,0
60972,1,1,19,19,19,19,19,19,19,19,19,19
60972,2,1,0,0,0,0,0,0,0,0,0,0
60973,1,1,0,0,0,0,0,0,0,0,0,0
60974,1,1,0,0,0,0,0,0,0,0,0,0
60974,2,1,0,0,0,0,0,0,0,0,0,0
60975,1,1,0,0,0,0,0,0,0,0,0,0
60975,2,1,0,0,0,0,0,0,0,0,0,0
60975,3,1,0,0,0,0,0,0,0,0,0,0
60976,1,1,0,0,0,0,0,0,0,0,0,0
60977,1,1,26,26,26,26,26,26,26,26,26,26
60978,0,1,0,0,0,0,0,0,0,0,0,0
60978,1,1,0,0,0,0,0,0,0,0,0,0
60979,1,1,0,0,0,0,0,0,0,0,0,0
60979,2,1,0,0,26,0,0,0,0,0,0,0
60979,3,1,0,0,0,0,0,0,0,0,0,11
60980,1,1,0,0,0,0,0,0,0,0,0,0
60981,0,1,33,0,18,26,0,0,0,32,30,34
60981,1,1,0,0,0,0,0,0,0,0,0,0
60982,1,1,0,0,0,0,0,0,0,0,0,0
60983,0,1,24,10,15,0,0,0,0,20,12,0
60983,1,1,0,0,0,0,0,0,0,0,0,0
60984,1,1,0,0,0,0,0,0,0,0,0,0
60985,1,1,0,0,0,0,0,0,0,0,0,0
60985,2,1,0,0,0,0,0,0,0,0,0,0
60986,0,1,0,0,0,0,0,0,0,0,0,0
60986,1,1,0,0,0,0,0,0,0,0,0,0
60987,0,1,0,0,0,0,0,0,0,0,0,0
60987,1,1,0,0,0,0,0,0,0,0,0,0
60988,0,1,0,0,0,0,0,0,0,0,0,0
60988,1,1,0,0,0,0,0,0,0,0,0,0
60989,0,1,8,8,8,8,8,8,8,8,8,8
60989,1,1,0,0,0,0,0,0,0,0,0,0
60990,1,1,0,0,0,0,0,0,0,0,0,0
60991,0,1,12,12,12,12,12,12,12,12,12,12
60991,1,1,0,0,0,0,0,0,0,0,0,0
60992,0,1,0,0,0,0,0,0,0,0,0,0
60992,1,1,0,0,0,0,0,0,0,0,0,0
60993,1,1,0,0,0,0,0,0,0,0,0,0
60993,2,1,0,0,0,0,0,0,0,0,0,0
60994,1,1,0,0,0,0,0,0,0,0,0,0
60995,1,1,0,0,0,0,0,0,0,0,0,0
60995,2,1,0,0,0,0,0,0,0,0,0,0
60995,3,1,0,0,0,0,0,0,0,0,0,0
60996,1,1,0,0,0,10,0,0,0,0,0,11
60997,0,1,16,16,16,16,16,16,16,16,16,16
60997,1,1,0,0,0,0,0,0,0,0,0,0
60998,1,1,0,0,0,0,0,0,0,0,0,0
60998,2,1,0,0,0,0,0,0,0,0,0,0
60999,0,1,41,41,41,41,41,41,41,41,41,41
60999,1,1,0,0,0,4,0,0,0,0,0,8
61000,0,1,22,22,22,22,22,22,22,22,22,22
61000,1,1,0,0,0,0,0,0,0,0,0,0
61001,1,1,0,0,0,0,0,0,0,0,0,0
61002,0,1,25,25,25,25,25,25,25,25,25,25
61002,1,1,0,0,0,0,0,0,0,0,0,0
61003,0,1,43,0,10,40,19,21,18,9,20,29
61003,1,1,0,0,0,0,0,0,0,0,0,0
61004,0,1,0,0,0,0,0,0,0,0,0,0
61004,1,1,0,0,0,0,0,0,0,0,0,0
61005,1,1,0,0,0,0,0,0,0,0,0,0
61005,2,1,2,2,2,2,2,2,2,2,2,2
61006,1,1,23,23,23,23,23,23,23,23,23,23
61007,0,1,0,0,0,0,0,0,0,0,0,0
61007,1,1,0,0,0,0,0,0,0,0,0,0
61008,1,1,24,24,24,24,24,24,24,24,24,24
61009,1,1,0,0,0,0,0,0,0,0,0,0
61010,0,1,19,19,19,19,19,19,19,19,19,19
61010,1,1,0,0,0,0,0,0,0,0,0,0
61010,2,1,0,19,0,0,0,0,0,0,0,0
61011,1,1,15,15,15,15,15,15,15,15,15,15
61012,0,1,0,0,0,0,0,0,0,0,0,0
61012,0,2,0,0,0,0,0,0,0,0,16,9
61012,1,1,0,0,0,0,0,0,0,0,0,0
61013,1,1,29,25,10,21,21,6,15,10,19,17
61014,0,1,0,0,0,0,0,0,0,0,0,0
61014,1,1,0,0,0,0,0,0,0,0,0,0
61015,0,1,0,0,0,0,0,0,0,0,0,0
61015,1,1,0,0,0,9,0,0,0,0,0,0
61016,0,1,0,0,0,0,0,0,0,0,0,0
61016,1,1,0,0,0,0,0,0,0,0,0,0
61017,1,1,0,0,0,0,0,0,0,0,0,0
61017,2,1,0,0,0,0,0,0,0,0,0,0
61018,0,1,34,34,34,34,34,34,34,34,34,34
61018,1,1,0,0,0,0,0,0,0,0,0,0
61018,2,1,0,0,0,0,0,0,0,0,0,0
61018,3,1,0,0,0,7,0,0,0,0,0,0
61019,1,1,22,22,22,22,22,22,22,22,22,22
61020,0,1,0,0,0,0,0,0,0,0,0,0
61020,0,2,0,0,0,0,0,0,0,0,0,0
61020,1,1,0,0,6,0,0,0,0,0,0,0
61021,0,1,0,0,0,0,0,0,0,0,0,0
61021,1,1,9,0,0,18,24,0,9,19,23,31
61022,1,1,23,23,23,23,23,23,23,23,23,23
61023,1,1,0,0,0,0,0,0,0,0,0,0
61023,2,1,0,0,0,0,0,0,0,0,0,0
61024,1,1,0,0,0,0,0,0,0,0,0,0
61024,2,1,0,0,9,28,0,14,0,0,0,13
61024,3,1,0,0,0,16,0,0,19,20,0,0
61025,1,1,18,18,18,18,18,18,18,18,18,18
61026,1,1,0,0,0,0,0,0,0,0,0,0
61027,1,1,19,19,19,19,19,19,19,19,19,19
61027,2,1,0,0,0,0,0,0,0,0,0,0
61028,0,1,20,20,20,20,20,20,20,20,20,20
61028,1,1,0,0,0,0,0,0,0,0,0,0
61029,0,1,13,13,13,13,13,13,13,13,13,13
61029,1,1,0,0,15,0,0,0,0,0,5,13
61030,0,1,0,0,0,0,0,0,0,0,0,0
61030,1,1,0,0,0,0,0,0,0,0,0,0
61031,0,1,11,11,11,11,11,11,11,11,11,11
61031,1,1,0,0,0,0,0,0,0,0,0,0
61032,0,1,0,0,0,0,0,0,0,0,0,0
61032,1,1,0,0,0,0,0,0,0,0,0,0
61033,1,1,15,15,15,15,15,15,15,15,15,15
61034,0,1,0,0,0,0,0,0,0,0,0,0
61034,1,1,0,0,0,0,0,0,0,0,0,0
61035,1,1,0,0,0,0,0,0,0,0,0,0
61036,1,1,0,0,0,0,0,0,0,0,0,0
61036,2,1,0,0,0,0,0,0,0,0,0,0
61037,0,1,0,0,0,0,0,0,0,0,0,0
61037,1,1,0,0,0,0,0,0,13,0,0,10
61038,1,1,0,0,0,0,0,0,0,0,0,31
61038,2,1,0,0,0,0,0,0,0,0,0,0
61039,0,1,0,0,0,0,0,0,0,0,0,0
61039,1,1,0,0,0,0,0,0,0,0,0,0
61040,1,1,0,0,0,0,0,0,0,0,0,0
61041,1,1,0,0,0,0,24,0,0,0,0,0
61042,1,1,2,2,2,2,2,2,2,2,2,2
61042,2,1,0,0,0,0,0,0,0,0,0,0
61043,0,1,0,0,0,0,0,0,0,0,0,0
61043,1,1,0,0,0,13,6,0,0,0,0,0
61044,0,1,0,0,0,0,0,0,0,0,0,0
61044,1,1,0,0,0,0,0,0,0,0,0,0
61045,0,1,0,0,0,0,0,0,0,0,0,0
61045,1,1,0,0,8,0,0,0,0,13,0,0
61046,1,1,15,0,0,0,0,0,0,0,0,0
61046,2,1,0,0,0,0,0,0,0,0,0,0
61047,1,1,0,0,0,0,0,0,0,0,0,0
61048,1,1,0,0,0,0,0,0,0,0,0,0
61049,1,1,0,0,0,0,0,0,0,0,0,0
61049,2,1,0,0,0,0,0,0,0,0,0,0
61050,0,1,17,17,17,17,17,17,17,17,17,17
61050,1,1,14,0,0,0,0,0,0,0,0,0
61051,0,1,0,0,0,0,0,0,0,0,0,0
61051,1,1,0,0,0,0,0,0,0,0,0,0
61052,1,1,0,0,0,0,0,0,0,0,0,0
61053,1,1,0,0,0,0,0,0,0,0,0,0
61053,2,1,0,0,0,0,0,0,0,0,0,0
61053,3,1,0,0,0,0,0,0,0,0,0,17
61054,1,1,0,0,0,0,0,0,0,0,0,0
61055,1,1,0,0,0,0,0,11,0,0,0,0
61055,2,1,0,0,0,0,17,0,0,0,0,0
61055,3,1,0,0,0,0,0,0,0,0,0,0
61056,0,1,31,31,31,31,31,31,31,31,31,31
61056,1,1,13,0,11,0,0,0,0,0,0,0
61056,2,1,0,0,0,0,0,0,0,0,0,0
61056,3,1,0,0,0,0,0,0,0,0,0,0
61057,0,1,0,0,0,0,0,0,0,0,0,0
61057,1,1,0,0,0,0,0,0,0,0,0,0
61058,0,1,11,11,11,11,11,11,11,11,11,11
61058,1,1,0,0,0,0,0,0,0,0,0,0
61059,1,1,0,0,0,0,0,0,0,0,0,6
61059,2,1,0,0,0,0,0,0,0,0,0,0
61060,0,1,26,26,26,26,26,26,26,26,26,26
61060,1,1,0,0,0,6,0,0,6,0,0,0
61061,0,1,0,0,0,0,23,23,0,0,36,0
61061,1,1,0,0,0,0,21,0,0,0,0,0
61062,0,1,26,15,23,23,47,14,21,29,18,33
61062,1,1,0,0,0,0,0,0,0,0,0,0
61063,0,1,36,21,27,15,25,16,22,28,8,41
61063,1,1,0,0,0,0,0,0,0,15,0,0
61064,0,1,0,0,0,0,0,0,0,0,0,0
61064,1,1,0,0,0,0,0,0,0,0,0,0
61065,0,1,0,0,0,0,0,0,0,0,0,0
61065,1,1,0,0,0,0,0,13,0,0,0,0
61066,0,1,0,0,0,0,0,0,0,0,0,0
61066,1,1,0,0,0,0,0,0,0,0,0,0
61067,0,1,0,0,0,0,0,0,0,0,0,0
61067,1,1,0,0,0,0,8,0,0,0,0,0
61068,0,1,0,0,0,0,0,0,0,0,0,0
61068,1,1,0,0,0,0,0,0,0,0,0,0
61069,0,1,20,20,29,23,30,17,32,13,17,34
61069,1,1,13,13,13,13,13,13,13,13,13,13
61070,0,1,0,0,0,0,0,0,0,0,0,0
61070,1,1,31,0,0,0,27,25,0,0,0,0
61071,1,1,0,0,0,0,0,0,0,0,0,0
61071,2,1,0,0,0,0,0,0,0,0,0,0
61072,1,1,0,0,0,0,0,0,0,0,0,0
61072,2,1,0,0,0,0,0,0,0,0,0,0
61073,1,1,0,0,0,0,0,0,0,0,0,0
61074,1,1,0,0,0,0,0,0,0,0,0,0
61074,2,1,0,0,0,0,0,0,0,0,0,0
61075,1,1,0,0,0,0,0,0,0,0,0,0
61075,2,1,0,0,0,0,0,0,0,0,0,0
61076,1,1,0,0,0,0,0,0,0,0,0,0
61076,2,1,0,0,0,0,0,0,0,0,0,0
61077,1,1,0,0,0,0,0,0,0,0,0,0
61078,1,1,0,0,0,0,0,0,0,0,0,0
61079,1,1,14,14,14,14,14,14,14,14,14,14
61080,1,1,8,8,8,8,8,8,8,8,8,8
61081,0,1,0,0,0,0,0,0,0,0,0,0
61081,1,1,0,0,0,0,0,0,0,0,0,0
61082,0,1,0,0,18,0,0,0,0,0,0,0
61082,1,1,0,0,0,0,0,0,20,0,0,0
61083,0,1,0,0,0,0,0,0,0,0,0,0
61083,1,1,0,0,0,0,0,0,0,0,0,0
61084,0,1,0,0,0,0,0,0,0,0,0,0
61084,1,1,0,0,0,0,0,0,0,0,0,0
61085,0,1,21,0,0,0,0,27,0,4,0,0
61085,1,1,8,8,8,8,8,8,8,8,8,8
61086,0,1,30,30,30,30,30,30,30,30,30,30
61086,1,1,0,0,0,0,0,0,0,0,0,0
61087,1,1,22,22,22,22,22,22,22,22,22,22
61088,1,1,0,0,0,0,0,0,0,0,0,0
61089,0,1,0,0,0,0,0,0,0,0,0,0
61089,1,1,0,0,0,0,0,0,0,0,0,0
61090,1,1,0,0,0,0,0,0,0,0,0,0
61091,1,1,8,8,8,8,8,8,8,8,8,8
61091,2,1,0,0,0,0,0,0,0,0,17,0
61092,0,1,8,8,8,8,8,8,8,8,8,8
61092,1,1,0,0,0,0,0,0,0,0,0,0
61093,1,1,0,0,0,0,0,0,0,0,0,0
61094,1,1,0,0,0,0,0,0,0,0,0,0
61095,1,1,24,24,24,24,24,24,24,24,24,24
61096,1,1,18,18,18,18,18,18,18,18,18,18
61097,1,1,0,0,0,0,0,0,0,0,0,0
61098,0,1,0,0,0,0,0,0,0,0,0,0
61098,1,1,0,0,0,0,0,0,0,0,0,0
61099,1,1,0,0,0,0,0,0,0,0,0,0
61100,1,1,7,7,7,7,7,7,7,7,7,7
61101,1,1,0,0,0,0,0,0,0,0,0,0
61101,2,1,0,0,0,0,0,0,0,0,0,0
61101,3,1,0,0,0,0,0,0,0,10,0,0
61102,1,1,0,0,0,0,0,0,0,0,0,0
61102,2,1,0,0,0,0,0,0,0,0,0,0
61103,1,1,0,0,0,15,0,0,8,26,0,0
61103,2,1,0,0,0,0,0,0,0,0,0,0
61103,3,1,0,0,0,0,0,0,0,0,0,18
61104,0,1,0,0,0,0,0,0,0,0,0,0
61104,1,1,0,0,0,0,0,0,0,0,0,0
61105,1,1,0,0,0,0,0,0,0,0,0,0
61106,1,1,0,0,0,0,0,0,0,0,0,0
61106,2,1,0,0,0,0,0,0,0,0,0,0
61107,1,1,16,10,16,16,25,30,8,17,20,5
61107,2,1,0,0,0,0,0,0,0,0,0,0
61108,1,1,0,0,0,0,0,0,0,0,0,0
61109,1,1,0,0,0,0,0,0,0,0,0,0
61110,1,1,0,0,0,0,0,0,0,0,0,0
61110,2,1,0,0,0,0,0,0,0,0,0,0
61111,0,1,0,0,0,0,0,0,0,0,0,0
61111,1,1,16,16,16,16,16,16,16,16,16,16
61112,0,1,0,0,0,0,0,0,0,0,0,0
61112,1,1,16,16,16,16,16,16,16,16,16,16
61113,1,1,0,0,0,0,0,0,0,0,0,0
61114,1,1,0,0,0,0,0,0,0,0,0,0
61114,2,1,0,0,0,0,0,0,0,0,9,0
61115,0,1,0,0,0,0,0,0,0,0,0,0
61115,1,1,0,0,0,0,0,0,0,0,0,0
61116,1,1,0,0,0,0,0,0,0,0,0,0
61116,2,1,0,0,0,0,0,0,0,0,0,0
61117,1,1,16,16,16,16,16,16,16,16,16,16
61118,0,1,0,0,0,0,0,0,0,0,0,0
61118,1,1,25,25,25,25,25,25,25,25,25,25
61119,0,1,0,0,0,0,0,0,0,0,0,0
61119,0,2,0,0,0,0,0,0,0,0,0,0
61119,1,1,16,0,5,0,13,0,9,0,0,24
61120,0,1,24,24,24,24,24,24,24,24,24,24
61120,1,1,0,0,0,0,0,0,0,10,0,0
61121,1,1,8,0,0,8,0,0,0,0,0,0
61122,0,1,0,0,0,0,0,0,0,0,0,0
61122,1,1,0,0,0,0,0,0,0,0,0,16
61123,1,1,0,0,0,0,0,0,0,0,0,0
61123,2,1,0,0,0,0,0,0,0,0,0,0
61123,3,1,0,0,0,21,0,16,0,0,0,0
61124,0,1,0,9,0,0,0,0,0,0,0,0
61124,1,1,0,0,0,14,0,0,0,0,0,0
61125,1,1,0,0,0,0,0,0,0,0,0,0
61125,2,1,0,0,0,0,0,0,0,0,0,0
61126,0,1,0,0,0,0,0,0,0,0,0,0
61126,1,1,0,0,0,0,0,0,0,0,0,0
61127,1,1,20,20,20,20,20,20,20,20,20,20
61127,2,1,0,0,0,0,0,0,0,0,0,0
61128,1,1,0,11,0,27,0,13,0,0,16,0
61129,1,1,0,0,0,0,0,0,0,0,0,0
61130,1,1,0,0,0,0,0,0,0,0,0,0
61130,2,1,0,0,0,0,0,0,0,0,0,0
61131,1,1,0,0,0,0,0,0,0,0,0,0
61132,1,1,0,0,0,0,0,0,0,0,0,0
61132,2,1,0,0,0,0,0,0,0,0,0,0
61133,1,1,0,0,0,0,0,0,0,0,0,0
61134,0,1,0,0,0,0,0,0,0,0,0,0
61134,1,1,0,0,9,0,0,0,4,0,0,0
61135,0,1,0,0,0,0,0,0,0,0,0,0
61135,1,1,0,0,0,0,0,0,0,0,0,0
61136,1,1,0,0,0,0,0,0,0,0,0,0
61137,1,1,0,0,0,0,0,0,0,0,0,0
61137,2,1,0,0,13,0,0,0,0,0,0,0
61138,1,1,20,20,20,20,20,20,20,20,20,20
61139,0,1,0,0,0,0,0,0,0,0,0,0
61139,1,1,0,0,0,0,0,0,0,0,0,0
61140,0,1,0,0,13,0,0,11,0,13,0,0
61141,1,1,22,22,22,22,22,22,22,22,22,22
61142,1,1,0,0,0,0,0,0,0,0,0,0
61142,2,1,0,0,0,0,16,0,0,0,0,0
61143,0,1,0,0,0,0,0,0,0,0,0,0
61143,1,1,0,0,0,0,0,0,0,0,0,0
61144,1,1,0,0,17,0,0,14,0,0,0,0
61145,1,1,0,0,0,0,0,0,0,0,0,0
61145,2,1,0,0,0,0,0,0,0,0,0,0
61146,1,1,24,24,24,24,24,24,24,24,24,24
61147,0,1,0,0,0,0,0,0,0,0,0,0
61147,1,1,0,0,0,0,0,9,0,0,0,0
61148,0,1,0,0,0,0,0,0,0,0,0,0
61148,1,1,0,0,0,0,0,0,0,0,0,0
61149,1,1,0,0,0,0,0,0,0,0,0,0
61150,1,1,0,0,0,0,0,0,0,0,0,0
61151,1,1,0,0,0,0,0,0,0,0,0,0
61151,2,1,0,0,0,0,0,0,0,0,0,0
61152,0,1,4,4,4,4,4,4,4,4,4,4
61152,1,1,0,0,0,10,0,0,0,0,0,0
61153,1,1,1,1,1,1,1,1,1,1,1,1
61154,1,1,16,16,16,16,16,16,16,16,16,16
61155,1,1,0,12,0,0,0,0,0,0,0,0
61156,0,1,0,0,0,0,0,0,0,0,0,0
61156,1,1,0,0,0,0,0,0,0,0,0,0
61157,1,1,0,0,0,0,0,0,0,0,0,0
61158,1,1,0,0,0,0,0,0,0,0,0,0
61158,2,1,0,0,0,0,0,0,0,0,0,0
61159,1,1,17,17,17,17,17,17,17,17,17,17
61160,1,1,0,0,0,0,0,0,0,0,0,0
61161,1,1,0,0,0,0,0,0,0,0,0,0
61162,0,1,8,8,8,8,8,8,8,8,8,8
61162,1,1,0,0,0,0,0,0,0,0,0,0
61163,0,1,30,30,30,30,30,30,30,30,30,30
61163,1,1,0,0,0,0,0,0,0,0,0,0
61164,1,1,0,0,0,0,0,0,0,0,0,0
61165,1,1,24,24,24,24,24,24,24,24,24,24
61166,1,1,12,12,12,12,12,12,12,12,12,12
61167,1,1,0,0,0,0,0,0,0,0,0,0
61168,1,1,21,21,21,21,21,21,21,21,21,21
61168,2,1,0,0,0,0,0,0,8,0,0,0
61169,1,1,22,22,22,22,22,22,22,22,22,22
61170,1,1,0,0,0,0,0,0,0,0,0,0
61171,0,1,0,0,0,0,0,0,0,0,0,0
61171,1,1,0,0,0,24,23,12,0,0,0,0
61172,1,1,19,19,19,19,19,19,19,19,19,19
61173,1,1,0,0,0,0,0,0,0,0,0,0
61173,2,1,0,0,0,0,0,0,0,0,0,0