ST_CASE,VEH_NO,PER_NO,P1,P2,P3,P4,P5,P6,P7,P8,P9,P10
61174,0,1,0,0,0,0,0,0,0,0,0,0
61174,1,1,0,0,0,0,0,0,0,0,0,12
61175,0,1,14,14,14,14,14,14,14,14,14,14
61175,1,1,0,0,0,0,0,0,0,0,0,0
61176,1,1,10,10,10,10,10,10,10,10,10,10
61177,1,1,0,0,0,0,0,0,0,0,0,0
61177,2,1,0,0,3,0,0,0,0,0,0,0
61178,1,1,20,20,20,20,20,20,20,20,20,20
61178,2,1,0,0,0,0,0,0,0,0,0,0
61179,1,1,0,0,0,0,0,0,0,0,0,0
61179,2,1,0,0,0,0,0,0,0,0,0,0
61180,1,1,15,15,15,15,15,15,15,15,15,15
61181,1,1,13,13,13,13,13,13,13,13,13,13
61182,1,1,20,20,20,20,20,20,20,20,20,20
61183,1,1,0,0,0,0,0,0,0,0,0,0
61183,2,1,0,0,0,0,0,0,0,0,0,0
61184,1,1,11,11,11,11,11,11,11,11,11,11
61185,1,1,6,10,4,0,4,11,17,24,36,7
61185,2,1,16,16,16,16,16,16,16,16,16,16
61186,1,1,19,19,19,19,19,19,19,19,19,19
61187,1,1,3,3,3,3,3,3,3,3,3,3
61187,2,1,0,0,0,0,0,0,0,0,0,0
61188,1,1,0,0,0,0,0,0,0,0,0,0
61189,1,1,35,35,35,35,35,35,35,35,35,35
61190,1,1,30,30,30,30,30,30,30,30,30,30
61190,2,1,0,0,0,0,0,0,0,0,0,0
61191,1,1,0,0,0,0,0,0,0,0,0,0
61192,1,1,0,0,0,0,0,0,0,0,0,0
61193,1,1,0,0,0,0,0,0,0,0,0,0
61194,1,1,0,0,0,0,0,0,0,0,0,0
61194,2,1,5,5,5,5,5,5,5,5,5,5
61195,1,1,0,0,0,0,0,0,0,0,0,0
61196,1,1,0,0,15,0,0,0,0,0,0,0
61196,2,1,0,0,0,0,0,0,0,0,0,0
61197,1,1,0,0,0,0,0,0,0,0,0,0
61197,2,1,0,0,0,0,0,0,0,0,0,0
61198,1,1,0,0,0,0,0,0,0,0,0,0
61199,1,1,0,0,0,0,0,0,0,0,0,0
61200,1,1,11,11,11,11,11,11,11,11,11,11
61200,2,1,0,0,0,0,0,0,0,0,0,0
61200,3,1,0,0,0,0,0,0,0,0,0,0
61200,4,1,0,0,0,0,0,0,0,0,0,0
61200,5,1,0,0,0,0,0,0,0,0,0,0
61201,1,1,0,0,0,0,0,0,0,0,0,0
61202,1,1,0,0,0,0,10,0,0,0,0,0
61202,2,1,0,0,0,0,0,0,0,0,0,0
61203,1,1,0,0,0,0,0,0,0,0,0,0
61203,2,1,0,0,0,0,0,0,0,0,0,0
61203,3,1,0,0,13,0,0,0,0,0,0,0
61203,4,1,0,0,0,0,0,0,0,0,0,0
61204,1,1,11,11,11,11,11,11,11,11,11,11
61205,1,1,5,5,5,5,5,5,5,5,5,5
61205,2,1,0,0,0,0,0,0,0,0,0,0
61206,1,1,0,0,0,0,0,0,0,0,0,0
61206,2,1,0,0,0,0,0,0,0,0,0,0
61207,1,1,13,13,13,13,13,13,13,13,13,13
61208,1,1,0,0,0,14,0,0,0,0,15,0
61208,2,1,0,0,0,0,32,0,0,7,0,0
61209,1,1,0,0,0,0,0,0,7,0,0,0
61209,2,1,0,0,0,0,0,0,0,0,0,0
61210,1,1,0,0,0,0,0,0,0,15,0,0
61211,1,1,0,0,0,0,0,0,0,0,0,0
61212,1,1,28,28,28,28,28,28,28,28,28,28
61213,1,1,0,0,0,0,0,0,0,0,0,0
61214,1,1,18,18,18,18,18,18,18,18,18,18
61215,1,1,37,37,37,37,37,37,37,37,37,37
61216,1,1,10,10,10,10,10,10,10,10,10,10
61217,1,1,14,14,14,14,14,14,14,14,14,14
61217,2,1,0,0,0,0,0,0,0,0,0,0
61218,1,1,0,0,0,0,0,0,0,0,0,0
61218,2,1,0,0,0,0,0,0,0,0,0,0
61219,1,1,4,4,4,4,4,4,4,4,4,4
61219,2,1,0,0,0,0,0,0,0,0,0,0
61220,1,1,0,0,0,0,0,0,0,0,0,0
61220,2,1,0,0,0,0,0,0,0,0,6,0
61220,3,1,0,0,0,0,0,0,0,0,0,0
61221,1,1,0,0,0,0,0,0,0,0,0,0
61222,1,1,0,0,0,0,0,0,0,0,0,0
61222,2,1,0,0,0,0,0,0,0,0,0,0
61223,1,1,0,0,0,0,0,0,0,0,0,0
61223,2,1,0,0,0,0,0,0,0,0,0,0
61223,3,1,0,0,0,0,0,0,0,0,0,0
61224,1,1,0,0,0,0,0,0,0,0,0,0
61224,2,1,0,0,0,0,0,0,0,0,0,0
61225,1,1,17,17,17,17,17,17,17,17,17,17
61226,1,1,0,0,0,0,0,0,0,0,0,0
61226,2,1,0,0,0,0,0,0,0,0,0,0
61227,1,1,2,2,2,2,2,2,2,2,2,2
61227,2,1,0,0,0,0,0,0,0,0,0,0
61228,1,1,0,0,0,0,0,0,0,0,0,0
61228,2,1,0,0,0,0,0,0,0,0,0,0
61229,1,1,0,25,0,0,0,9,0,18,0,11
61230,0,1,21,21,21,21,21,21,21,21,21,21
61230,1,1,0,0,0,0,0,0,0,0,0,0
61231,1,1,25,25,25,25,25,25,25,25,25,25
61232,1,1,13,13,13,13,13,13,13,13,13,13
61233,1,1,0,0,0,0,0,0,0,0,0,0
61233,2,1,0,0,0,0,0,0,0,0,0,0
61234,0,1,0,0,0,0,0,0,0,0,0,0
61234,0,2,0,0,0,0,0,0,0,0,0,25
61234,1,1,0,0,0,0,0,0,0,0,0,0
61234,3,1,0,0,0,0,0,0,0,0,0,0
61235,0,1,0,0,0,0,0,0,0,0,0,0
61235,1,1,0,0,0,0,0,0,0,0,0,0
61236,0,1,0,0,0,0,0,0,0,0,0,0
61236,1,1,0,0,0,0,2,0,0,0,0,0
61237,1,1,0,0,0,0,0,0,0,0,0,0
61237,2,1,0,0,0,0,0,0,0,0,0,0
61238,1,1,0,0,0,0,0,0,0,0,0,0
61239,0,1,0,0,0,0,0,0,0,0,0,0
61239,1,1,0,0,0,4,0,0,0,0,0,0
61240,1,1,0,0,0,0,0,0,0,0,0,0
61240,2,1,0,0,0,0,0,0,0,0,0,0
61241,1,1,21,21,21,21,21,21,21,21,21,21
61241,2,1,0,0,0,0,0,0,0,0,0,0
61242,1,1,0,0,33,0,0,0,0,0,0,0
61242,2,1,0,0,0,0,0,0,0,0,0,0
61242,3,1,0,0,0,0,0,0,0,0,0,0
61242,4,1,0,0,0,0,0,0,0,0,0,0
61243,1,1,0,0,0,0,0,0,0,0,0,0
61244,0,1,0,0,0,0,0,0,0,0,0,0
61244,0,2,0,0,0,0,0,0,0,0,0,0
61244,0,3,0,0,0,0,0,0,0,0,0,0
61244,1,1,0,0,0,0,19,26,0,20,5,0
61245,1,1,0,0,0,0,0,0,0,0,0,0
61245,2,1,0,0,0,0,0,0,0,0,0,0
61245,3,1,0,0,0,0,0,0,0,0,0,0
61245,4,1,0,0,0,0,0,0,0,0,0,0
61245,5,1,0,0,0,0,36,0,0,0,0,0
61246,0,1,21,21,21,21,21,21,21,21,21,21
61246,1,1,0,0,0,0,0,0,0,0,0,0
61247,0,1,0,0,0,0,0,0,0,0,0,0
61247,1,1,0,0,0,0,0,0,0,0,0,0
61248,1,1,0,0,0,0,0,0,0,0,0,0
61248,2,1,0,0,0,0,0,0,0,0,0,0
61249,1,1,20,20,20,20,20,20,20,20,20,20
61250,0,1,0,0,0,0,0,0,0,0,0,0
61250,1,1,0,0,0,0,0,0,0,0,0,0
61251,1,1,0,0,0,0,0,0,0,0,0,0
61251,2,1,0,0,0,0,0,0,0,0,0,0
61251,3,1,5,5,5,5,5,5,5,5,5,5
61252,0,1,38,38,38,38,38,38,38,38,38,38
61252,1,1,0,0,22,0,0,0,0,0,0,0
61253,0,1,0,0,0,0,0,0,0,0,0,0
61253,1,1,0,0,0,0,0,0,0,0,0,8
61254,1,1,0,0,0,0,0,0,0,0,0,0
61254,2,1,0,0,0,0,0,0,0,0,0,0
61255,1,1,0,0,0,0,0,0,0,0,0,0
61256,0,1,0,0,0,0,0,0,0,0,0,0
61256,1,1,0,0,0,0,0,0,0,0,0,0
61257,0,1,0,0,0,0,0,0,0,0,0,0
61257,1,1,0,0,0,0,0,0,0,0,0,0
61258,1,1,0,0,0,0,0,0,0,0,0,0
61258,2,1,0,0,0,0,0,0,0,0,0,0
61258,3,1,0,0,0,0,0,0,0,0,0,0
61258,4,1,0,0,0,0,0,15,0,0,0,0
61258,5,1,0,0,0,0,0,0,0,0,0,0
61259,1,1,0,0,0,17,0,0,0,0,0,0
61259,2,1,0,0,0,0,0,0,0,0,0,0
61260,1,1,0,0,0,0,0,0,0,0,0,0
61261,1,1,0,0,0,0,0,0,0,0,0,0
61262,1,1,0,0,0,0,0,0,0,0,0,0
61263,1,1,17,17,17,17,17,17,17,17,17,17
61264,1,1,0,0,0,0,0,0,0,0,0,0
61265,1,1,0,0,0,0,0,0,0,0,19,0
61265,2,1,0,0,0,0,0,0,0,0,0,0
61266,1,1,19,19,19,19,19,19,19,19,19,19
61267,0,1,0,0,0,0,0,0,0,0,0,0
61267,1,1,0,0,0,0,0,0,0,0,0,0
61268,1,1,0,0,0,0,0,0,0,0,0,0
61269,1,1,0,0,0,0,0,0,0,0,0,0
61269,2,1,0,0,0,0,0,0,0,0,0,0
61270,0,1,0,0,0,0,0,0,0,0,0,0
61270,1,1,0,0,0,0,0,0,0,0,0,0
61271,1,1,0,0,0,0,0,0,0,0,0,0
61272,1,1,32,32,32,32,32,32,32,32,32,32
61273,1,1,0,0,0,0,0,0,0,0,0,0
61274,1,1,0,0,0,0,0,0,0,0,0,0
61275,0,1,0,0,0,0,0,0,0,0,0,0
61275,1,1,0,0,0,0,0,0,0,0,0,0
61276,0,1,0,0,0,0,0,0,0,0,0,0
61276,1,1,0,0,0,0,0,0,0,0,0,0
61276,2,1,0,0,0,0,0,0,0,0,0,0
61276,3,1,0,0,0,0,0,0,0,0,0,12
61276,4,1,0,0,0,0,0,0,0,0,0,0
61277,1,1,0,0,0,0,0,0,0,0,0,0
61277,2,1,0,0,0,0,0,0,0,0,0,0
61278,1,1,0,0,0,0,0,0,0,0,0,0
61278,2,1,0,0,0,0,22,0,0,10,9,0
61279,1,1,10,10,10,10,10,10,10,10,10,10
61279,2,1,6,6,6,6,6,6,6,6,6,6
61280,0,1,24,24,24,24,24,24,24,24,24,24
61280,1,1,0,0,0,0,0,17,0,0,0,0
61281,0,1,0,0,0,0,0,0,0,0,0,0
61281,1,1,0,0,0,0,0,0,0,0,0,0
61282,1,1,0,0,0,0,0,0,0,0,0,0
61282,2,1,0,0,0,0,0,0,0,0,0,0
61283,1,1,3,3,3,3,3,3,3,3,3,3
61283,2,1,0,0,0,0,0,0,0,0,0,0
61284,1,1,0,0,0,0,0,0,0,0,0,0
61284,2,1,0,0,0,0,0,0,0,0,0,0
61285,1,1,0,0,0,0,0,0,0,0,0,0
61285,2,1,0,0,0,0,0,0,0,0,0,0
61286,1,1,24,24,24,24,24,24,24,24,24,24
61287,1,1,0,0,0,0,0,0,0,0,0,0
61287,2,1,0,0,0,0,0,0,0,0,0,0
61288,1,1,17,17,17,17,17,17,17,17,17,17
61289,1,1,19,19,19,19,19,19,19,19,19,19
61290,1,1,0,0,0,0,0,0,0,0,0,0
61290,2,1,0,0,0,0,0,0,0,0,0,0
61291,1,1,15,15,15,15,15,15,15,15,15,15
61291,2,1,0,0,0,0,0,21,0,0,0,0
61291,3,1,0,0,0,0,0,0,0,0,0,0
61292,1,1,8,8,8,8,8,8,8,8,8,8
61293,1,1,21,21,21,21,21,21,21,21,21,21
61294,1,1,13,13,13,13,13,13,13,13,13,13
61295,1,1,0,21,10,15,0,0,0,0,0,0
61295,2,1,0,0,0,0,0,0,0,0,0,0
61296,1,1,0,0,0,0,0,0,0,0,0,0
61297,1,1,0,0,0,0,0,0,0,0,0,0
61298,1,1,21,21,21,21,21,21,21,21,21,21
61298,2,1,0,0,0,0,0,0,0,0,0,0
61298,3,1,0,0,0,0,0,0,0,0,0,0
61299,1,1,0,0,0,0,0,0,0,0,0,0
61299,2,1,0,0,0,0,0,0,0,0,0,0
61300,1,1,0,0,0,0,0,0,0,0,0,0
61301,1,1,0,0,0,0,0,0,0,0,0,0
61302,1,1,0,0,0,0,0,0,0,0,0,0
61302,2,1,0,0,0,0,0,0,0,0,0,0
61303,0,1,0,0,0,0,0,0,0,0,0,0
61304,1,1,0,0,0,0,0,0,0,0,0,0
61305,1,1,0,0,0,0,0,0,0,0,0,0
61305,2,1,0,0,0,0,0,0,0,0,0,0
61306,1,1,9,9,9,9,9,9,9,9,9,9
61306,2,1,0,0,0,0,0,0,0,0,0,0
61307,1,1,0,0,0,0,0,0,0,0,0,0
61307,2,1,0,0,0,0,0,0,0,0,0,0
61308,1,1,0,0,0,0,0,0,0,0,0,0
61308,2,1,9,9,9,9,9,9,9,9,9,9
61309,1,1,27,27,27,27,27,27,27,27,27,27
61310,1,1,0,0,0,0,0,0,0,0,0,0
61311,1,1,0,0,0,0,0,0,0,0,0,0
61312,1,1,0,0,0,0,0,0,0,0,0,0
61313,1,1,0,0,0,0,0,0,0,0,0,0
61313,2,1,0,0,0,0,0,0,0,0,0,0
61314,1,1,0,0,0,0,0,0,0,0,0,0
61314,2,1,0,0,0,0,0,0,0,0,0,0
61315,1,1,0,0,0,0,0,0,0,0,0,0
61315,2,1,0,0,0,0,0,0,0,0,0,0
61316,1,1,0,0,0,0,0,0,0,0,0,0
61317,1,1,0,0,0,0,0,0,0,0,0,0
61317,2,1,0,0,0,0,0,0,0,0,0,0
61318,1,1,0,0,0,0,0,0,0,0,0,0
61319,1,1,18,18,18,18,18,18,18,18,18,18
61319,2,1,12,12,12,12,12,12,12,12,12,12
61320,1,1,0,0,0,0,0,0,0,0,0,0
61321,1,1,11,11,11,11,11,11,11,11,11,11
61322,1,1,0,0,0,0,0,0,0,0,0,0
61322,2,1,0,0,0,0,0,0,0,0,0,0
61322,3,1,0,0,0,0,0,0,0,0,0,0
61323,1,1,0,0,0,0,0,0,0,0,0,0
61324,1,1,0,0,0,0,0,0,0,0,0,0
61325,1,1,28,28,28,28,28,28,28,28,28,28
61326,1,1,0,0,0,0,0,0,0,0,0,0
61326,2,1,0,0,0,0,0,0,0,0,0,0
61327,1,1,0,0,0,0,0,0,0,0,0,0
61327,2,1,0,0,0,0,0,0,0,0,0,0
61328,1,1,23,23,23,23,23,23,23,23,23,23
61328,2,1,0,0,0,0,0,0,0,0,0,0
61329,1,1,16,16,16,16,16,16,16,16,16,16
61330,1,1,0,0,0,0,0,0,0,0,0,0
61330,2,1,0,0,0,0,0,0,0,0,0,0
61331,1,1,5,5,5,5,5,5,5,5,5,5
61332,1,1,0,30,0,0,0,0,0,0,18,19
61333,1,1,23,23,23,23,23,23,23,23,23,23
61334,1,1,0,0,0,0,0,0,0,0,0,0
61334,2,1,0,0,0,0,0,0,0,0,0,0
61335,1,1,7,7,7,7,7,7,7,7,7,7
61336,0,1,30,30,30,30,30,30,30,30,30,30
61336,1,1,0,0,0,0,0,0,0,0,0,0
61337,0,1,21,21,21,21,21,21,21,21,21,21
61337,1,1,0,0,0,0,0,0,0,0,0,0
61337,2,1,0,0,0,0,0,0,0,0,0,0
61338,0,1,0,0,0,0,0,0,0,0,0,0
61338,1,1,0,0,0,0,0,0,0,0,0,0
61339,0,1,18,18,18,18,18,18,18,18,18,18
61339,1,1,0,0,0,0,0,0,0,0,0,0
61340,1,1,0,0,0,0,0,0,0,0,0,0
61340,2,1,2,2,2,2,2,2,2,2,2,2
61341,1,1,0,0,0,0,0,0,0,0,0,0
61342,1,1,0,0,0,0,0,0,0,0,0,0
61343,1,1,7,7,7,7,7,7,7,7,7,7
61344,1,1,0,0,0,0,0,0,0,0,0,0
61344,2,1,0,0,0,0,0,0,0,0,0,0
61345,1,1,0,0,0,0,0,0,0,0,0,0
61345,2,1,0,0,0,0,0,0,0,0,0,0
61345,3,1,0,0,0,0,0,0,0,0,0,0
61345,4,1,0,0,10,0,0,0,0,0,0,0
61346,1,1,0,0,0,0,6,0,0,7,0,0
61347,1,1,15,15,15,15,15,15,15,15,15,15
61347,2,1,0,0,0,0,0,0,0,0,0,0
61348,1,1,0,0,0,0,0,0,0,0,0,0
61348,2,1,0,0,0,0,0,0,0,0,0,0
61349,1,1,0,0,0,0,0,0,0,0,0,0
61350,1,1,29,29,29,29,29,29,29,29,29,29
61351,1,1,0,0,0,0,0,0,0,0,0,0
61352,1,1,0,0,0,0,0,0,0,0,0,0
61352,2,1,0,0,0,0,0,0,0,0,0,0
61353,1,1,8,8,8,8,8,8,8,8,8,8
61354,1,1,23,23,23,23,23,23,23,23,23,23
61354,2,1,0,0,0,0,0,0,0,0,0,0
61355,1,1,0,0,0,0,0,0,0,0,0,0
61355,2,1,0,0,0,0,0,0,0,0,0,0
61356,1,1,0,0,0,0,0,0,0,0,0,0
61357,1,1,12,12,12,12,12,12,12,12,12,12
61358,1,1,15,15,15,15,15,15,15,15,15,15
61359,1,1,6,6,6,6,6,6,6,6,6,6
61360,1,1,12,12,12,12,12,12,12,12,12,12
61361,1,1,10,10,10,10,10,10,10,10,10,10
61361,2,1,0,0,0,0,0,0,0,0,0,0
61362,1,1,0,0,0,0,0,0,0,0,0,0
61363,1,1,16,16,16,16,16,16,16,16,16,16
61364,1,1,0,0,0,0,0,0,0,0,0,0
61364,2,1,0,0,0,0,0,0,0,0,26,0
61365,1,1,51,51,51,51,51,51,51,51,51,51
61366,1,1,36,36,36,36,36,36,36,36,36,36
61366,2,1,0,0,0,0,0,0,0,0,0,0
61367,1,1,34,34,34,34,34,34,34,34,34,34
61368,1,1,15,15,15,15,15,15,15,15,15,15
61369,1,1,0,0,0,0,0,0,0,0,0,0
61370,1,1,22,22,22,22,22,22,22,22,22,22
61370,2,1,0,0,0,0,0,0,0,0,0,0
61370,3,1,0,0,0,0,0,0,0,0,0,0
61371,1,1,0,0,0,9,0,0,0,0,0,0
61372,1,1,0,0,0,0,0,0,0,0,0,0
61373,1,1,4,4,4,4,4,4,4,4,4,4
61374,1,1,0,0,0,0,3,0,6,17,0,0
61374,2,1,0,0,0,0,0,0,0,0,0,0
61375,1,1,0,0,0,0,0,0,0,0,0,0
61375,2,1,0,0,0,0,0,0,0,0,0,0
61376,1,1,0,0,0,0,0,0,0,0,0,0
61377,1,1,0,0,0,0,0,0,0,0,0,0
61378,1,1,0,0,0,0,0,0,0,0,0,0
61378,2,1,0,0,0,0,0,0,0,0,0,0
61378,3,1,0,0,0,0,23,0,0,0,0,0
61379,1,1,0,0,0,0,0,0,0,0,0,0
61380,1,1,17,17,17,17,17,17,17,17,17,17
61381,1,1,0,0,0,0,0,0,0,0,0,0
61381,2,1,0,0,0,0,18,0,0,0,0,0
61382,1,1,0,0,0,0,0,0,0,0,0,0
61383,1,1,0,0,0,0,0,0,0,0,0,0
61383,2,1,0,0,0,0,0,0,0,0,0,0
61384,1,1,17,17,17,17,17,17,17,17,17,17
61385,1,1,0,0,0,0,0,0,0,0,0,0
61385,2,1,0,0,0,0,0,0,0,0,0,0
61386,1,1,2,2,2,2,2,2,2,2,2,2
61387,1,1,0,0,0,0,0,0,0,0,0,0
61387,2,1,0,0,0,0,0,0,0,0,0,0
61388,1,1,1,1,1,1,1,1,1,1,1,1
61389,1,1,14,14,14,14,14,14,14,14,14,14
61390,1,1,0,0,0,0,0,0,0,0,0,0
61391,1,1,0,0,0,0,0,0,0,0,0,0
61392,1,1,2,2,2,2,2,2,2,2,2,2
61392,2,1,0,0,0,0,0,0,0,0,0,0
61393,1,1,0,0,0,0,0,0,0,0,0,0
61393,2,1,0,14,0,0,0,0,0,0,0,0
61394,1,1,0,0,0,0,0,0,0,5,11,0
61395,0,1,0,0,0,0,0,0,0,0,0,0
61395,0,2,0,0,0,0,0,0,0,0,0,0
61395,0,3,0,0,0,0,0,0,0,0,0,0
61395,1,1,0,25,0,0,0,0,0,0,0,0
61396,1,1,0,0,0,0,0,0,0,0,0,0
61397,0,1,0,0,0,0,0,0,0,0,0,0
61397,0,2,0,0,0,0,0,0,0,0,0,0
61397,0,3,0,0,0,0,7,0,0,0,0,0
61397,1,1,0,0,0,0,0,0,0,0,0,0
61398,0,1,0,0,0,0,0,0,0,0,0,0
61398,1,1,0,0,0,0,0,0,0,0,0,0
61399,1,1,2,2,2,2,2,2,2,2,2,2
61400,1,1,0,0,0,0,0,0,0,0,0,0
61400,2,1,0,0,0,0,0,0,0,0,0,0
61401,0,1,0,0,0,0,0,0,0,0,0,0
61401,1,1,0,0,0,0,0,0,0,0,0,0
61402,1,1,0,0,0,0,0,0,0,0,0,0
61403,1,1,0,0,0,0,0,0,0,0,0,0
61404,1,1,18,18,18,18,18,18,18,18,18,18
61405,1,1,6,6,6,6,6,6,6,6,6,6
61406,1,1,0,0,0,0,0,0,0,22,16,17
61407,1,1,0,0,0,0,0,0,0,0,0,0
61408,0,1,0,0,0,0,0,0,0,0,0,0
61408,1,1,0,0,0,0,27,0,19,0,0,0
61409,1,1,0,0,0,0,0,0,0,0,0,0
61410,1,1,29,29,29,29,29,29,29,29,29,29
61411,1,1,0,0,0,0,0,0,0,0,0,0
61412,1,1,0,0,0,0,0,0,0,0,0,0
61412,2,1,0,0,0,0,0,0,0,0,0,0
61413,1,1,0,0,0,0,0,0,0,0,0,0
61414,1,1,0,0,0,5,0,0,0,0,20,0
61415,1,1,0,0,0,0,0,0,0,0,0,0
61416,1,1,0,0,0,0,0,0,0,0,0,0
61416,2,1,0,0,0,0,0,0,0,0,0,0
61417,1,1,23,0,0,0,0,0,0,0,12,0
61418,1,1,9,0,0,0,9,0,0,0,0,0
61418,2,1,0,0,0,0,0,0,0,0,0,0
61419,1,1,0,0,0,0,0,0,0,0,0,0
61420,1,1,24,24,24,24,24,24,24,24,24,24
61420,2,1,0,0,0,0,0,0,0,0,0,0
61421,1,1,0,0,0,0,0,0,0,0,0,0
61421,2,1,0,0,0,0,0,0,0,0,0,0
61422,0,1,0,0,0,0,0,0,0,0,0,0
61422,1,1,0,0,0,0,0,0,0,0,0,0
61423,1,1,0,0,0,31,0,0,0,0,6,0
61424,1,1,11,11,11,11,11,11,11,11,11,11
61424,2,1,0,8,7,18,0,0,0,0,0,0
61425,1,1,0,0,0,0,0,0,0,0,0,0
61426,1,1,0,0,0,0,0,0,0,0,0,0
61427,1,1,20,20,20,20,20,20,20,20,20,20
61427,2,1,0,0,0,0,0,0,0,0,0,0
61428,1,1,14,14,14,14,14,14,14,14,14,14
61429,1,1,10,10,10,10,10,10,10,10,10,10
61430,0,1,15,15,15,15,15,15,15,15,15,15
61430,1,1,0,0,0,0,0,0,0,0,0,0
61431,0,1,24,24,24,24,24,24,24,24,24,24
61431,1,1,0,0,0,0,23,0,17,0,0,0
61432,1,1,0,0,0,0,0,0,0,0,0,0
61432,2,1,0,0,0,0,0,0,0,0,0,0
61432,3,1,0,0,0,0,0,0,0,0,0,0
61433,1,1,0,0,0,0,0,0,0,0,0,0
61434,1,1,15,15,15,15,15,15,15,15,15,15
61434,2,1,0,0,0,0,0,0,0,0,0,0
61434,3,1,0,0,17,0,0,0,0,0,0,0
61435,1,1,18,18,18,18,18,18,18,18,18,18
61436,0,1,0,0,0,0,0,0,0,0,0,0
61436,1,1,0,0,0,0,0,0,0,0,0,0
61437,1,1,15,15,15,15,15,15,15,15,15,15
61438,0,1,0,0,0,0,0,0,0,0,0,0
61438,1,1,11,11,11,11,11,11,11,11,11,11
61439,1,1,0,0,0,0,0,0,0,0,0,0
61439,2,1,0,0,0,0,0,0,0,0,0,0
61440,1,1,0,0,0,0,0,0,0,0,0,0
61440,2,1,0,0,0,0,0,0,0,0,0,0
61440,3,1,0,0,0,0,0,0,0,0,0,0
61440,4,1,0,0,0,0,0,0,0,0,0,0
61440,5,1,0,0,0,0,0,0,0,0,0,0
61440,6,1,0,0,0,0,0,0,0,0,16,0
61440,7,1,0,0,0,0,0,0,0,0,19,0
61440,8,1,0,0,0,0,0,0,0,0,0,0
61440,9,1,25,23,0,0,0,0,13,0,0,0
61441,0,1,14,0,0,0,0,0,0,0,0,0
61441,1,1,0,0,0,0,0,0,0,0,0,0
61442,1,1,11,11,11,11,11,11,11,11,11,11
61442,2,1,0,0,0,3,0,0,0,0,0,0
61443,1,1,0,0,0,0,0,0,0,0,0,0
61443,2,1,0,0,0,0,0,0,0,0,0,0
61443,3,1,0,0,0,0,0,0,0,0,0,0
61444,1,1,0,0,0,0,0,0,0,0,0,0
61444,2,1,0,0,0,0,0,0,0,0,0,0
61445,1,1,0,10,0,0,0,0,0,0,0,0
61445,2,1,0,0,0,0,0,0,0,0,0,0
61445,3,1,14,0,0,25,0,0,0,0,0,0
61446,1,1,0,0,0,0,0,0,0,0,0,0
61447,1,1,0,0,0,0,0,0,0,0,0,0
61447,2,1,0,0,0,0,0,0,0,0,0,0
61448,1,1,0,0,0,0,0,0,0,0,0,0
61448,2,1,0,0,0,0,0,0,0,0,0,0
61449,0,1,26,26,26,26,26,26,26,26,26,26
61449,1,1,0,0,0,0,0,0,0,0,0,0
61449,2,1,0,0,0,0,0,0,21,0,0,0
61450,0,1,0,0,0,0,0,0,0,0,0,0
61450,1,1,0,0,12,0,0,0,0,0,0,0
61451,0,1,0,0,0,0,0,0,0,0,0,0
61451,1,1,0,0,0,0,0,0,0,0,0,0
61452,1,1,28,0,32,0,0,0,24,0,0,0
61453,0,1,0,0,0,0,0,0,0,0,0,0
61453,1,1,0,0,0,0,0,0,0,0,0,0
61454,1,1,21,21,21,21,21,21,21,21,21,21
61455,1,1,0,0,0,0,0,0,0,0,0,0
61455,2,1,0,0,0,0,0,0,0,0,0,0
61456,1,1,0,0,0,7,0,0,0,0,0,0
61456,2,1,0,0,0,0,0,0,0,0,0,0
61456,3,1,0,0,12,0,0,0,21,0,0,0
61457,0,1,30,30,30,30,30,30,30,30,30,30
61457,1,1,0,0,0,0,0,0,0,0,0,0
61458,1,1,0,0,0,0,0,0,0,0,0,0
61458,2,1,0,0,0,0,0,0,0,0,0,0
61459,1,1,16,0,4,21,18,7,18,14,11,8
61460,0,1,0,0,0,0,0,0,0,0,0,0
61460,1,1,0,0,0,0,0,0,0,0,0,0
61461,1,1,25,3,16,21,16,20,13,20,9,10
61461,2,1,0,0,20,0,0,0,0,0,0,0
61462,1,1,0,0,0,0,0,0,0,0,0,0
61462,2,1,0,0,0,0,0,0,0,0,0,0
61463,0,1,15,47,0,13,37,0,49,27,0,23
61463,1,1,0,0,26,29,0,0,0,0,0,0
61464,0,1,0,0,0,0,0,15,0,0,0,0
61464,1,1,0,0,0,0,0,0,0,0,0,0
61465,1,1,22,22,22,22,22,22,22,22,22,22
61465,2,1,0,0,0,0,0,0,0,0,0,0
61466,1,1,0,0,0,0,0,0,0,0,0,0
61466,2,1,0,0,0,0,0,0,0,0,0,0
61467,1,1,0,0,0,0,0,0,0,0,0,0
61467,2,1,0,21,0,0,0,0,0,0,0,2
61467,3,1,6,19,11,11,22,0,0,16,0,0
61468,1,1,0,0,0,0,0,0,2,0,0,0
61469,1,1,0,0,0,0,0,0,0,0,0,0
61469,2,1,0,0,0,0,0,0,0,0,0,0
61469,3,1,0,0,0,0,0,0,0,0,8,0
61470,0,1,0,26,0,0,6,28,14,0,0,0
61470,1,1,0,0,0,0,0,0,0,0,0,0
61471,1,1,0,0,0,0,0,0,0,0,0,0
61472,1,1,16,16,16,16,16,16,16,16,16,16
61473,0,1,0,0,0,0,0,0,0,0,0,0
61473,1,1,0,0,0,0,0,0,0,0,0,0
61474,1,1,0,0,0,0,0,0,0,0,0,0
61474,2,1,0,19,0,0,0,0,0,0,0,0