ST_CASE,VEH_NO,PER_NO,P1,P2,P3,P4,P5,P6,P7,P8,P9,P10
61475,0,1,0,0,0,0,0,0,0,0,0,0
61475,1,1,0,0,0,0,0,0,0,0,0,0
61476,1,1,0,0,0,0,0,0,18,0,0,0
61476,2,1,0,0,0,0,0,0,0,0,0,0
61477,1,1,19,19,19,19,19,19,19,19,19,19
61478,1,1,15,15,15,15,15,15,15,15,15,15
61478,2,1,0,0,0,0,0,0,0,0,0,0
61479,1,1,0,0,0,0,0,0,0,0,0,11
61480,1,1,0,0,0,0,0,0,0,0,0,0
61480,2,1,0,0,0,0,0,0,0,0,0,0
61480,3,1,15,0,0,0,0,0,0,0,0,0
61481,1,1,0,0,0,0,0,0,0,0,0,0
61481,2,1,0,0,0,0,0,0,0,0,0,0
61482,1,1,0,0,0,0,0,0,0,0,0,0
61483,1,1,0,0,0,0,0,0,0,0,0,0
61484,0,1,0,0,0,0,0,0,0,0,0,0
61484,1,1,0,0,0,0,0,0,0,0,0,0
61484,2,1,0,0,0,0,0,0,16,0,0,0
61484,3,1,0,0,0,0,0,0,0,0,0,0
61485,1,1,0,0,0,0,0,0,0,0,0,0
61485,2,1,0,0,0,0,0,0,0,0,0,0
61486,1,1,0,0,0,0,0,0,0,0,0,0
61486,2,1,0,0,0,0,0,0,0,0,0,0
61487,1,1,17,17,17,17,17,17,17,17,17,17
61487,2,1,0,0,0,0,0,0,0,0,0,0
61488,1,1,0,0,0,0,0,0,0,0,0,0
61489,1,1,0,0,0,0,0,0,0,0,0,0
61490,1,1,11,11,11,11,11,11,11,11,11,11
61491,1,1,30,30,30,30,30,30,30,30,30,30
61492,0,1,0,0,0,0,0,0,0,0,0,0
61492,1,1,0,0,0,0,0,0,0,0,0,0
61493,0,1,21,21,21,21,21,21,21,21,21,21
61493,1,1,0,0,0,0,0,0,0,0,0,0
61494,1,1,0,0,0,0,0,0,0,0,0,0
61494,2,1,0,0,0,0,0,0,0,0,0,0
61495,1,1,2,2,2,2,2,2,2,2,2,2
61495,2,1,0,0,0,0,0,0,0,0,0,0
61496,1,1,17,17,17,17,17,17,17,17,17,17
61496,2,1,0,0,0,0,0,0,0,0,0,0
61497,0,1,0,0,0,0,0,0,0,0,0,0
61497,1,1,0,0,9,0,0,0,0,0,0,0
61498,1,1,0,0,0,0,0,0,0,0,0,0
61499,0,1,0,0,0,0,0,0,0,0,0,0
61500,1,1,7,7,7,7,7,7,7,7,7,7
61500,2,1,10,0,0,0,0,0,23,0,6,0
61501,1,1,28,28,28,28,28,28,28,28,28,28
61502,1,1,0,0,0,0,0,0,0,0,0,0
61502,2,1,0,0,0,0,0,0,0,0,0,0
61503,0,1,0,0,0,0,0,0,0,0,0,0
61503,1,1,0,0,0,0,0,0,0,0,0,0
61504,1,1,0,0,0,12,0,0,0,34,0,0
61505,1,1,0,0,0,0,0,0,0,0,0,0
61505,2,1,0,0,0,11,0,0,0,0,0,0
61506,0,1,0,0,0,0,0,0,0,0,0,0
61506,0,2,0,0,0,0,0,0,0,0,0,0
61506,1,1,0,0,30,0,0,0,0,0,0,0
61506,2,1,0,0,0,0,0,0,0,0,0,0
61507,1,1,0,0,0,0,0,0,0,0,0,0
61507,2,1,0,0,0,0,0,0,0,0,0,0
61508,1,1,17,9,14,3,14,0,3,0,14,9
61509,1,1,18,0,0,0,0,0,0,16,0,0
61510,1,1,0,0,0,0,0,0,0,0,0,0
61511,1,1,12,12,12,12,12,12,12,12,12,12
61512,1,1,0,0,0,0,0,0,0,0,0,0
61513,1,1,0,0,0,0,0,0,0,0,0,0
61514,1,1,24,24,24,24,24,24,24,24,24,24
61515,1,1,0,0,0,0,0,0,0,0,0,0
61516,1,1,22,22,22,22,22,22,22,22,22,22
61516,2,1,0,0,0,0,0,0,0,0,0,0
61517,1,1,0,12,14,27,17,17,14,12,31,4
61517,2,1,0,0,0,0,0,0,0,0,0,0
61518,1,1,0,0,0,0,0,0,0,0,0,0
61519,1,1,0,0,0,0,0,0,0,0,0,0
61520,1,1,19,19,19,19,19,19,19,19,19,19
61521,0,1,28,28,28,28,28,28,28,28,28,28
61521,1,1,0,0,0,0,0,0,0,0,0,0
61522,1,1,0,0,0,0,0,0,0,0,0,0
61523,0,1,0,0,0,0,0,0,0,0,0,0
61523,1,1,0,0,0,0,0,0,0,0,0,0
61524,1,1,0,0,0,15,31,0,0,0,0,25
61525,0,1,0,0,0,0,0,0,0,0,0,0
61525,1,1,0,0,0,0,0,0,0,0,0,0
61526,1,1,11,11,11,11,11,11,11,11,11,11
61527,0,1,19,19,19,19,19,19,19,19,19,19
61527,1,1,0,0,6,0,0,0,0,0,0,16
61528,1,1,0,0,0,0,0,0,0,0,0,0
61529,0,1,0,0,0,0,0,0,0,0,0,0
61529,1,1,0,0,8,0,0,0,0,0,0,0
61530,0,1,14,14,14,14,14,14,14,14,14,14
61530,1,1,6,6,6,6,6,6,6,6,6,6
61531,1,1,10,10,10,10,10,10,10,10,10,10
61531,2,1,0,0,0,0,0,0,0,0,0,0
61532,1,1,0,0,0,0,0,0,0,0,0,0
61532,2,1,0,0,0,0,0,0,0,0,0,0
61533,1,1,13,13,13,13,13,13,13,13,13,13
61534,1,1,0,0,0,0,0,0,0,0,0,0
61535,1,1,21,21,21,21,21,21,21,21,21,21
61536,0,1,0,0,0,0,0,0,0,0,0,0
61536,1,1,0,19,0,0,0,0,0,0,0,0
61537,0,1,0,0,0,0,0,0,0,0,0,0
61537,1,1,0,0,0,0,0,0,0,0,0,0
61538,1,1,21,21,21,21,21,21,21,21,21,21
61539,1,1,12,12,12,12,12,12,12,12,12,12
61539,2,1,18,0,0,0,9,0,0,0,16,0
61539,6,1,0,0,0,0,0,0,0,0,0,0
61540,1,1,0,0,0,0,0,0,0,0,0,0
61540,2,1,0,11,0,0,0,0,0,0,5,0
61541,0,1,0,0,0,0,0,0,0,0,0,0
61541,1,1,0,0,0,0,23,27,0,9,31,17
61542,1,1,5,5,5,5,5,5,5,5,5,5
61542,2,1,0,0,0,0,0,0,0,0,0,0
61543,1,1,15,15,15,15,15,15,15,15,15,15
61544,0,1,16,16,16,16,16,16,16,16,16,16
61544,1,1,0,0,0,0,0,0,0,0,0,0
61544,2,1,0,0,0,0,0,0,0,0,0,0
61545,1,1,0,0,0,0,0,0,0,0,0,0
61545,2,1,0,0,0,0,0,0,0,0,0,0
61546,1,1,0,0,0,0,0,0,0,0,0,0
61547,0,1,0,0,0,0,0,0,0,0,0,0
61547,1,1,0,0,0,0,0,0,0,0,0,0
61548,0,1,0,0,0,0,0,0,0,0,0,0
61548,1,1,0,0,0,0,0,0,0,0,0,0
61549,1,1,0,0,0,0,0,0,0,0,0,0
61550,1,1,0,0,0,0,0,0,0,0,0,0
61550,2,1,0,0,0,0,0,0,0,0,0,0
61551,1,1,23,23,23,23,23,23,23,23,23,23
61551,2,1,0,0,0,0,0,0,0,0,0,0
61552,1,1,0,0,0,0,0,0,0,0,0,0
61553,0,1,0,0,0,0,0,0,0,0,0,0
61553,1,1,17,0,15,0,29,0,0,0,0,0
61554,0,1,0,0,0,0,0,0,0,0,0,0
61554,1,1,0,0,0,0,0,0,0,0,0,0
61555,0,1,12,12,12,12,12,12,12,12,12,12
61555,1,1,0,0,0,0,0,0,0,0,0,0
61556,1,1,0,0,0,0,0,0,0,0,0,0
61557,1,1,6,6,6,6,6,6,6,6,6,6
61557,2,1,0,0,0,0,0,0,0,0,0,0
61558,1,1,0,0,0,0,0,0,0,0,0,0
61559,1,1,30,0,0,0,12,0,0,0,0,0
61559,2,1,0,0,0,0,14,0,0,0,0,0
61560,1,1,0,0,0,0,0,0,0,0,0,0
61560,2,1,0,0,0,0,0,0,0,0,0,0
61561,1,1,0,0,0,0,0,0,0,0,0,0
61561,2,1,0,0,0,0,0,0,0,0,0,0
61562,1,1,0,0,0,0,0,0,0,0,0,0
61563,1,1,0,10,0,0,0,0,0,31,0,0
61564,1,1,16,16,16,16,16,16,16,16,16,16
61565,1,1,0,0,0,0,0,0,0,0,0,0
61566,1,1,10,10,10,10,10,10,10,10,10,10
61567,1,1,14,14,14,14,14,14,14,14,14,14
61567,2,1,0,0,0,0,0,0,0,0,0,0
61568,1,1,0,0,0,0,0,0,0,0,0,0
61569,1,1,7,7,7,7,7,7,7,7,7,7
61569,2,1,6,6,6,6,6,6,6,6,6,6
61570,0,1,23,23,23,23,23,23,23,23,23,23
61570,1,1,0,0,0,20,0,0,0,0,0,0
61571,0,1,0,0,0,0,0,0,0,0,0,0
61571,1,1,0,0,0,0,0,0,0,0,0,0
61572,0,1,0,0,0,0,0,0,0,0,0,0
61572,1,1,0,0,0,0,0,0,0,20,0,0
61572,2,1,0,0,0,0,0,0,0,0,0,0
61572,3,1,0,20,0,0,0,0,0,0,0,0
61573,0,1,14,0,0,0,13,24,0,0,0,0
61573,1,1,0,0,0,0,0,0,0,0,12,0
61574,1,1,0,0,0,0,0,0,0,0,0,0
61575,1,1,0,0,0,0,0,0,0,0,0,0
61576,1,1,0,0,0,0,0,0,0,0,0,0
61576,2,1,0,0,0,0,0,0,0,0,0,0
61576,3,1,0,0,0,0,0,0,0,0,0,0
61576,4,1,0,0,0,0,0,0,0,0,0,0
61577,1,1,0,0,0,0,0,0,0,0,0,0
61578,1,1,22,22,22,22,22,22,22,22,22,22
61579,0,1,0,0,0,0,0,0,0,0,0,0
61579,1,1,0,0,0,0,0,0,0,0,0,0
61580,0,1,11,11,11,11,11,11,11,11,11,11
61580,1,1,15,15,15,15,15,15,15,15,15,15
61581,1,1,22,22,22,22,22,22,22,22,22,22
61582,0,1,0,0,0,0,0,0,0,0,0,0
61582,1,1,0,0,0,0,0,0,0,0,0,0
61583,0,1,28,28,28,28,28,28,28,28,28,28
61583,1,1,10,0,0,0,0,21,0,0,27,0
61583,2,1,0,0,0,0,0,0,0,0,0,0
61584,0,1,0,0,0,0,0,0,0,0,0,0
61584,1,1,0,0,0,11,0,22,0,0,30,0
61585,0,1,0,0,0,0,0,0,0,0,0,0
61585,1,1,0,0,0,0,0,0,0,0,0,0
61586,0,1,0,0,0,0,0,0,0,0,0,0
61587,1,1,0,0,0,0,0,0,0,0,0,0
61587,2,1,0,0,0,0,0,10,0,0,5,0
61587,3,1,0,0,0,0,0,0,0,0,0,0
61588,1,1,0,0,0,0,0,0,0,0,0,0
61588,2,1,0,0,0,0,0,0,0,0,0,0
61589,1,1,0,0,0,21,0,29,20,0,0,0
61590,1,1,0,0,0,0,0,0,0,0,0,0
61590,2,1,0,0,0,0,0,0,0,0,0,0
61591,1,1,0,0,0,0,0,0,0,0,0,0
61592,0,1,0,0,0,0,0,0,0,0,0,0
61592,1,1,0,0,0,0,0,0,0,0,0,0
61593,1,1,0,0,0,8,0,0,0,0,0,0
61594,0,1,0,0,0,0,0,0,0,0,0,0
61594,1,1,0,0,0,0,0,0,0,0,0,0
61595,1,1,23,23,23,23,23,23,23,23,23,23
61595,2,1,0,0,0,0,0,0,0,0,0,0
61596,1,1,0,0,0,0,0,0,0,0,0,0
61596,2,1,0,0,0,15,5,0,0,0,11,13
61597,1,1,0,0,0,0,0,0,0,0,0,0
61598,1,1,0,0,0,0,0,0,0,0,0,0
61598,2,1,0,0,0,0,0,0,0,0,0,0
61599,1,1,0,0,0,0,0,0,0,0,0,0
61599,2,1,0,0,0,0,0,0,0,0,0,0
61599,3,1,0,0,0,0,0,0,0,0,0,0
61600,1,1,0,0,0,0,0,0,0,0,0,0
61600,2,1,0,0,0,0,0,0,0,0,0,0
61601,1,1,0,0,0,0,0,0,0,0,0,0
61601,2,1,0,0,0,0,0,0,0,0,0,0
61602,1,1,0,0,0,0,0,0,13,0,0,0
61603,0,1,0,0,0,0,16,0,0,0,0,0
61603,1,1,0,3,0,0,0,0,0,0,0,0
61604,1,1,15,15,15,15,15,15,15,15,15,15
61604,2,1,0,0,0,0,0,0,0,0,0,0
61605,0,1,0,0,0,0,0,0,0,0,0,0
61605,1,1,0,0,0,6,0,0,0,0,0,0
61606,0,1,2,2,2,2,2,2,2,2,2,2
61606,1,1,0,0,31,0,23,0,14,0,0,0
61607,0,1,30,30,30,30,30,30,30,30,30,30
61607,1,1,14,0,0,0,0,0,13,0,19,0
61608,1,1,0,0,0,0,0,0,0,0,0,0
61608,2,1,0,0,0,0,0,0,0,0,0,0
61609,0,1,0,0,0,0,0,0,0,0,0,0
61610,0,1,0,0,0,0,0,0,0,0,0,0
61610,0,2,0,18,16,0,0,0,0,0,0,0
61610,1,1,0,0,0,0,0,0,0,0,0,0
61611,1,1,0,0,0,0,0,0,0,0,0,0
61611,2,1,0,0,0,0,0,0,0,0,0,0
61611,3,1,0,0,0,0,0,0,0,0,0,0
61612,1,1,13,13,13,13,13,13,13,13,13,13
61612,2,1,0,0,0,0,0,0,0,0,0,4
61613,0,1,0,0,0,0,0,0,0,0,0,0
61613,1,1,0,0,0,0,0,0,0,0,0,0
61614,0,1,0,0,0,0,0,0,0,0,0,0
61614,1,1,0,0,15,0,0,0,0,0,0,0
61615,0,1,29,29,29,29,29,29,29,29,29,29
61615,1,1,0,0,0,0,0,0,0,0,0,0
61616,0,1,0,0,0,0,0,0,0,0,0,0
61616,1,1,0,0,0,0,0,0,0,0,0,0
61617,1,1,15,15,15,15,15,15,15,15,15,15
61617,2,1,0,22,11,0,0,0,0,0,0,26
61617,3,1,0,0,0,0,0,0,0,0,0,0
61618,0,1,0,0,0,0,0,0,0,0,0,0
61618,1,1,0,0,0,0,0,0,0,0,0,0
61619,1,1,41,41,41,41,41,41,41,41,41,41
61619,2,1,0,0,0,0,0,0,0,0,0,0
61619,3,1,0,0,0,0,0,4,0,0,0,0
61620,1,1,11,11,11,11,11,11,11,11,11,11
61620,2,1,0,0,0,0,0,0,0,0,0,0
61620,3,1,0,0,0,21,0,0,0,0,0,0
61621,0,1,0,0,0,0,0,0,0,0,0,0
61621,0,2,0,0,0,0,0,0,0,0,0,0
61621,1,1,23,23,23,23,23,23,23,23,23,23
61622,1,1,0,0,11,0,0,0,0,0,0,15
61622,2,1,0,0,0,0,0,0,0,0,0,0
61623,0,1,0,0,0,0,0,0,0,0,0,0
61623,0,2,0,0,0,0,0,0,4,0,0,0
61623,1,1,0,0,0,0,0,0,0,0,0,0
61624,0,1,40,40,40,40,40,40,40,40,40,40
61624,1,1,0,0,0,0,0,0,0,15,0,0
61625,1,1,0,0,0,0,0,0,0,0,0,0
61626,0,1,0,0,0,0,0,0,0,0,0,0
61626,1,1,0,0,0,0,0,0,0,0,0,0
61627,1,1,0,16,0,28,0,0,0,34,0,0
61628,1,1,0,0,0,0,0,0,0,0,0,0
61629,1,1,0,0,0,0,0,0,0,0,0,0
61630,1,1,0,0,0,0,0,0,0,0,0,0
61631,0,1,16,16,16,16,16,16,16,16,16,16
61631,1,1,0,0,0,0,0,0,0,0,0,0
61632,0,1,0,0,0,0,0,0,0,0,0,0
61632,1,1,0,0,0,0,0,0,0,0,0,0
61633,0,1,0,0,0,0,0,0,0,0,0,0
61633,1,1,0,0,0,0,0,0,0,0,0,0
61634,1,1,28,28,28,28,28,28,28,28,28,28
61635,0,1,0,0,0,0,0,0,0,0,0,0
61635,1,1,0,0,0,0,0,0,0,0,0,0
61636,0,1,0,0,0,0,0,0,0,0,0,0
61636,1,1,0,0,0,0,0,0,0,0,0,0
61637,0,1,22,22,22,22,22,22,22,22,22,22
61637,1,1,0,0,0,0,0,0,0,0,0,0
61638,1,1,3,3,3,3,3,3,3,3,3,3
61638,2,1,0,3,0,0,0,10,0,12,0,0
61639,1,1,7,7,7,7,7,7,7,7,7,7
61639,2,1,15,15,15,15,15,15,15,15,15,15
61640,0,1,0,0,0,0,32,12,0,0,0,0
61640,1,1,0,0,0,0,0,0,0,0,0,0
61641,1,1,18,18,18,18,18,18,18,18,18,18
61642,0,1,0,0,0,0,0,0,0,0,0,0
61642,1,1,3,3,3,3,3,3,3,3,3,3
61643,0,1,0,0,0,0,0,0,0,0,0,0
61643,1,1,0,0,0,0,0,0,0,0,0,0
61644,1,1,19,19,19,19,19,19,19,19,19,19
61644,2,1,0,0,0,0,0,0,0,0,0,0
61645,1,1,0,0,0,0,0,0,0,0,0,0
61646,1,1,22,22,22,22,22,22,22,22,22,22
61647,0,1,0,0,0,0,0,0,0,0,0,0
61647,1,1,0,0,0,0,0,0,0,0,0,0
61648,0,1,22,22,22,22,22,22,22,22,22,22
61648,1,1,0,0,0,0,0,0,0,0,0,0
61649,0,1,0,0,0,0,0,0,0,0,0,0
61649,1,1,0,0,0,0,0,0,0,0,0,0
61650,1,1,16,16,16,16,16,16,16,16,16,16
61651,0,1,0,0,0,0,0,0,0,0,0,0
61651,1,1,0,0,0,0,0,0,0,0,0,0
61652,1,1,0,0,0,0,0,0,0,0,0,0
61652,2,1,0,0,0,0,0,0,0,0,0,0
61653,1,1,0,0,12,0,0,0,0,10,0,0
61653,2,1,0,0,0,0,0,0,0,0,0,0
61654,1,1,0,9,0,0,0,0,0,0,0,0
61655,0,1,0,0,0,0,0,0,0,0,0,0
61655,1,1,1,1,1,1,1,1,1,1,1,1
61656,1,1,10,10,10,10,10,10,10,10,10,10
61657,0,1,18,18,18,18,18,18,18,18,18,18
61657,1,1,8,0,0,0,0,0,0,0,0,0
61658,1,1,23,23,23,23,23,23,23,23,23,23
61659,1,1,0,0,0,0,0,0,0,0,0,0
61659,2,1,0,0,0,0,0,0,0,0,0,0
61659,3,1,0,0,0,0,0,0,0,0,0,0
61660,1,1,0,0,0,0,0,0,0,0,0,0
61660,2,1,15,0,0,0,0,0,0,0,0,0
61661,0,1,0,5,0,18,0,10,0,0,7,0
61661,1,1,0,0,0,0,0,13,0,0,0,0
61662,0,1,20,9,33,14,25,28,18,19,9,38
61662,1,1,0,0,0,0,0,0,0,0,0,0
61663,0,1,31,31,31,31,31,31,31,31,31,31
61663,1,1,0,0,0,0,0,0,0,0,0,0
61664,1,1,0,15,0,18,26,17,28,29,12,17
61665,0,1,0,0,0,0,0,0,0,0,0,0
61665,1,1,0,0,0,0,0,0,0,0,0,0
61666,0,1,0,0,0,0,0,0,0,0,0,0
61666,1,1,0,0,0,0,0,0,0,0,0,0
61667,1,1,0,0,0,19,0,0,18,0,0,0
61667,2,1,7,0,0,0,0,0,0,0,0,0
61667,3,1,0,0,0,0,0,0,0,0,0,0
61668,0,1,3,3,3,3,3,3,3,3,3,3
61668,1,1,0,0,0,0,0,0,0,0,0,0
61669,0,1,0,0,0,0,0,0,0,0,0,0
61669,1,1,0,0,0,0,0,0,0,0,0,0
61670,0,1,4,4,4,4,4,4,4,4,4,4
61670,1,1,0,0,0,0,0,0,7,0,0,0
61671,1,1,20,20,20,20,20,20,20,20,20,20
61672,1,1,11,0,0,0,0,0,0,0,0,0
61672,2,1,0,0,0,0,0,0,18,0,0,0
61672,3,1,0,0,0,0,0,0,0,0,0,0
61673,1,1,0,0,0,0,0,0,0,0,0,0
61674,1,1,17,17,17,17,17,17,17,17,17,17
61675,1,1,0,0,0,0,0,0,0,0,0,13
61675,2,1,0,0,0,0,0,0,0,0,0,0
61676,1,1,10,10,10,10,10,10,10,10,10,10
61677,1,1,0,0,0,0,0,0,0,0,0,0
61678,1,1,0,0,0,0,0,0,0,0,0,0
61679,1,1,21,21,21,21,21,21,21,21,21,21
61680,1,1,22,22,22,22,22,22,22,22,22,22
61680,2,1,0,0,0,0,0,0,0,0,0,0
61681,1,1,23,23,23,23,23,23,23,23,23,23
61681,2,1,0,0,0,0,0,0,0,0,0,0
61682,1,1,0,0,0,0,0,0,0,0,0,0
61683,1,1,22,22,22,22,22,22,22,22,22,22
61684,1,1,23,23,23,23,23,23,23,23,23,23
61684,2,1,0,0,0,0,0,0,0,0,0,0
61684,3,1,0,0,0,0,0,0,0,0,0,0
61685,0,1,23,23,23,23,23,23,23,23,23,23
61685,1,1,0,0,0,0,0,0,0,0,0,0
61686,0,1,20,9,28,16,19,0,5,12,0,16
61686,1,1,32,10,0,12,0,0,19,11,7,24
61687,0,1,0,0,0,0,0,0,0,0,0,0
61687,1,1,0,0,0,0,0,0,0,0,0,0
61688,0,1,3,3,3,3,3,3,3,3,3,3
61688,1,1,0,0,0,20,0,0,0,0,0,0
61689,1,1,0,0,0,0,0,0,0,0,0,0
61690,1,1,0,0,0,0,0,0,0,0,0,0
61690,2,1,0,0,0,0,0,0,0,0,0,0
61691,1,1,0,0,0,0,0,0,0,0,0,0
61692,0,1,0,0,0,0,0,0,0,0,0,0
61692,1,1,0,6,0,0,0,0,9,0,0,0
61693,0,1,0,0,0,0,0,0,0,0,0,0
61693,1,1,0,0,0,0,0,0,0,0,0,0
61694,1,1,0,0,0,0,0,0,0,0,0,0
61695,0,1,0,0,0,0,0,0,0,0,0,0
61695,1,1,0,0,0,0,0,0,0,0,0,0
61696,1,1,0,0,0,0,0,0,0,0,0,0
61697,0,1,0,0,0,0,0,0,0,0,0,0
61697,1,1,0,0,0,0,0,0,0,0,0,0
61698,1,1,0,0,0,0,0,0,0,0,0,0
61699,1,1,0,0,0,0,0,0,0,0,0,12
61699,2,1,0,4,11,0,0,12,19,0,5,7
61700,0,1,0,0,0,0,0,0,0,0,0,0
61700,1,1,0,0,0,0,0,0,0,0,0,0
61701,1,1,23,23,23,23,23,23,23,23,23,23
61701,2,1,0,0,0,0,0,0,0,0,0,0
61702,0,1,36,36,36,36,36,36,36,36,36,36
61702,1,1,0,0,0,0,0,9,0,0,0,0
61703,0,1,24,24,24,24,24,24,24,24,24,24
61703,1,1,0,0,0,0,0,0,0,0,0,0
61704,1,1,6,6,6,6,6,6,6,6,6,6
61705,0,1,20,45,20,19,16,25,20,25,31,34
61705,1,1,0,0,0,0,0,0,0,0,0,0
61706,1,1,0,0,0,0,0,0,0,0,0,0
61706,2,1,0,0,0,0,0,0,0,0,0,0
61707,0,1,1,1,1,1,1,1,1,1,1,1
61707,1,1,0,0,0,0,0,0,0,0,0,0
61708,1,1,0,0,0,0,0,0,0,0,0,0
61708,2,1,0,0,0,0,0,0,0,0,0,0
61709,0,1,14,14,14,14,14,14,14,14,14,14
61709,1,1,0,0,7,0,0,0,0,0,0,0
61710,1,1,16,16,16,16,16,16,16,16,16,16
61710,2,1,0,0,0,0,0,0,0,0,0,0
61711,1,1,16,16,16,16,16,16,16,16,16,16
61712,1,1,23,23,23,23,23,23,23,23,23,23
61713,1,1,10,10,10,10,10,10,10,10,10,10
61714,1,1,0,0,0,0,0,0,0,0,0,0
61714,2,1,0,0,0,0,0,0,0,0,0,0
61715,0,1,14,14,14,14,14,14,14,14,14,14
61715,1,1,0,0,0,0,0,0,3,0,0,0
61716,1,1,0,0,0,0,0,0,0,0,0,0
61717,1,1,0,0,0,0,0,0,0,0,20,0
61718,1,1,0,0,0,0,0,0,0,0,0,0
61718,2,1,0,0,0,0,0,0,0,0,0,0
61719,1,1,0,0,0,0,0,0,0,0,0,0
61719,2,1,0,0,0,0,0,0,0,0,0,0
61720,0,1,8,24,13,15,23,28,19,36,28,0
61720,1,1,0,0,0,0,0,0,0,0,0,0
61721,1,1,19,19,19,19,19,19,19,19,19,19
61722,1,1,12,12,12,12,12,12,12,12,12,12
61723,1,1,12,12,12,12,12,12,12,12,12,12
61724,1,1,0,0,0,0,0,0,0,0,0,0
61725,1,1,0,0,0,0,0,0,0,0,0,0
61725,2,1,0,0,0,0,0,0,0,0,0,0
61725,3,1,0,0,0,0,0,0,0,0,0,0
61726,1,1,0,0,0,0,0,0,0,0,0,0
61727,1,1,0,0,0,0,0,0,0,0,0,0
61728,1,1,0,0,0,0,0,0,0,0,0,0
61728,2,1,0,0,0,0,0,0,0,0,0,0
61729,0,1,0,0,0,0,0,0,0,0,0,0
61729,1,1,0,0,0,0,0,0,0,0,5,0
61730,1,1,0,0,0,0,0,0,0,0,0,0
61730,2,1,0,0,0,0,0,0,0,0,0,0
61730,3,1,0,0,0,0,0,0,0,0,0,0
61731,0,1,0,0,0,0,0,0,0,0,0,0
61731,1,1,0,0,0,0,0,0,0,0,0,0
61732,1,1,0,0,0,0,11,0,6,0,10,5
61733,0,1,0,0,0,0,0,0,0,0,0,0
61733,1,1,0,0,0,0,0,0,0,0,18,0
61734,0,1,0,0,0,0,0,0,0,0,0,0
61734,1,1,0,0,0,0,0,0,0,0,0,0
61735,1,1,8,0,29,0,0,0,10,0,0,0
61736,0,1,0,0,0,0,0,0,0,0,0,0
61736,1,1,0,0,0,0,0,0,0,0,0,0
61737,1,1,20,20,20,20,20,20,20,20,20,20
61738,0,1,0,0,0,0,0,0,0,0,0,0
61738,1,1,0,0,0,0,0,0,0,0,0,0
61739,1,1,0,0,0,0,0,0,0,0,0,0
61740,1,1,0,0,0,0,0,0,0,0,0,0
61741,1,1,0,0,0,0,0,0,0,0,0,0
61742,1,1,0,0,0,0,0,0,0,0,0,0
61743,1,1,27,27,27,27,27,27,27,27,27,27
61743,2,1,0,0,0,0,0,0,0,0,0,0
61744,0,1,0,0,0,0,0,0,0,0,0,0
61744,1,1,0,0,0,0,9,0,0,0,0,0
61745,0,1,0,0,0,0,0,0,0,0,0,0
61745,1,1,0,0,0,0,0,0,0,0,0,0
61746,1,1,15,15,15,15,15,15,15,15,15,15
61747,1,1,23,23,23,23,23,23,23,23,23,23
61748,1,1,19,19,19,19,19,19,19,19,19,19
61748,2,1,0,0,0,0,0,0,0,0,0,0
61749,1,1,3,0,0,0,9,0,0,31,0,0
61749,2,1,0,0,0,0,0,0,0,0,0,0
61750,1,1,12,12,12,12,12,12,12,12,12,12
61751,1,1,12,12,12,12,12,12,12,12,12,12
61752,1,1,0,0,0,0,0,0,0,0,0,0
61752,2,1,0,0,0,0,0,0,0,0,0,0
61753,0,1,0,0,0,0,0,0,0,0,0,0
61753,1,1,0,0,0,0,0,0,0,0,0,0
61754,0,1,11,11,11,11,11,11,11,11,11,11
61754,1,1,0,0,0,0,0,0,0,0,0,0
61755,1,1,23,23,23,23,23,23,23,23,23,23
61756,0,1,30,30,30,30,30,30,30,30,30,30
61756,1,1,0,0,0,0,0,0,0,0,0,0
61757,1,1,0,0,0,0,0,0,0,0,0,0
61758,0,1,21,21,21,21,21,21,21,21,21,21
61758,1,1,0,0,0,6,0,0,0,0,0,0
61759,0,1,15,15,15,15,15,15,15,15,15,15
61759,1,1,0,0,0,0,0,0,0,0,0,0
61760,1,1,19,19,19,19,19,19,19,19,19,19
61760,2,1,0,0,0,0,0,0,0,0,0,0
61761,0,1,0,0,0,0,0,0,0,0,0,0
61761,1,1,0,0,0,0,0,0,0,0,0,0
61762,1,1,24,24,24,24,24,24,24,24,24,24
61763,1,1,0,0,0,0,0,0,0,0,0,0
61763,2,1,0,0,0,0,0,0,0,0,0,0
61764,0,1,33,33,33,33,33,33,33,33,33,33
61764,1,1,0,0,0,0,0,0,0,5,0,0
61765,0,1,0,0,0,0,0,0,0,0,0,0
61765,1,1,0,0,0,0,0,0,0,0,0,0
61765,3,1,10,0,0,12,32,0,20,21,10,0
61766,1,1,0,0,0,0,0,0,0,0,0,0
61766,2,1,0,0,0,0,0,0,0,0,0,0
61767,1,1,0,0,0,0,0,0,0,0,0,0
61767,2,1,0,0,0,0,0,0,0,0,0,0
61767,3,1,0,0,0,0,0,0,0,0,0,0
61768,1,1,0,0,0,0,0,0,0,0,0,0
61769,1,1,4,4,4,4,4,4,4,4,4,4
61770,0,1,0,0,0,0,0,0,0,0,0,0
61770,1,1,0,0,0,0,0,0,0,0,0,0