ST_CASE,VEH_NO,PER_NO,P1,P2,P3,P4,P5,P6,P7,P8,P9,P10
61771,0,1,0,0,0,0,0,0,0,0,0,0
61771,1,1,0,0,0,0,0,0,0,0,0,0
61772,0,1,0,0,0,0,0,0,0,0,0,0
61772,1,1,0,0,0,0,0,0,0,0,0,0
61773,1,1,0,0,0,0,0,0,0,0,0,0
61774,1,1,10,10,10,10,10,10,10,10,10,10
61774,2,1,0,0,0,0,0,0,0,23,0,0
61775,1,1,0,0,0,0,0,0,0,0,0,0
61775,2,1,0,0,0,0,0,0,0,0,0,0
61776,1,1,16,16,16,16,16,16,16,16,16,16
61777,1,1,0,0,0,0,0,0,0,0,0,0
61778,1,1,0,0,8,0,0,0,0,4,0,0
61779,1,1,0,0,0,0,0,0,0,0,0,0
61779,2,1,0,0,0,0,0,0,0,0,0,0
61780,1,1,0,0,0,0,0,0,0,0,0,0
61781,1,1,0,0,0,0,0,0,0,0,0,0
61782,1,1,14,14,14,14,14,14,14,14,14,14
61783,1,1,0,0,0,0,0,0,0,0,0,0
61783,2,1,0,0,0,0,0,0,0,0,0,0
61784,1,1,0,0,0,0,0,0,0,0,0,0
61784,2,1,0,0,0,0,0,0,0,0,0,0
61785,1,1,0,0,0,0,0,0,0,0,0,0
61785,2,1,0,0,0,0,0,0,0,0,0,0
61786,1,1,13,13,13,13,13,13,13,13,13,13
61787,1,1,0,0,0,0,0,0,0,0,0,19
61787,2,1,0,0,0,0,0,0,0,0,0,0
61788,1,1,0,0,0,0,0,0,0,0,0,0
61789,1,1,0,0,0,0,0,0,0,0,0,0
61790,1,1,0,0,0,0,0,0,0,0,0,0
61790,2,1,0,0,0,0,0,0,0,0,0,0
61791,1,1,0,0,0,0,0,0,0,0,0,0
61791,2,1,18,0,0,0,0,0,0,0,0,0
61791,3,1,0,0,0,0,0,0,0,0,0,0
61792,1,1,0,0,0,0,0,0,0,0,0,0
61792,2,1,0,0,0,0,0,0,0,0,0,0
61792,3,1,0,0,0,0,0,0,0,0,0,0
61793,1,1,0,0,0,0,0,0,0,0,0,0
61793,2,1,0,0,0,0,0,0,0,0,0,0
61794,1,1,11,11,11,11,11,11,11,11,11,11
61795,1,1,17,17,17,17,17,17,17,17,17,17
61796,1,1,14,14,14,14,14,14,14,14,14,14
61797,1,1,20,20,20,20,20,20,20,20,20,20
61798,1,1,0,0,0,0,0,0,0,0,0,0
61799,1,1,0,0,0,0,0,0,0,0,0,0
61799,2,1,11,11,11,11,11,11,11,11,11,11
61800,1,1,0,0,0,0,0,0,0,0,0,0
61800,2,1,0,0,0,0,0,0,0,0,0,0
61800,3,1,0,0,0,0,0,0,0,0,0,0
61800,4,1,0,0,10,0,6,0,0,15,0,0
61800,5,1,0,0,0,0,0,0,0,0,0,0
61800,6,1,0,0,0,0,0,0,0,0,0,0
61801,1,1,0,0,0,0,0,0,0,0,0,0
61801,2,1,0,0,0,0,0,0,0,0,0,0
61801,3,1,0,0,0,0,0,0,0,0,0,0
61801,4,1,0,0,0,0,0,0,0,0,0,0
61802,1,1,0,0,0,0,0,0,0,0,0,0
61802,2,1,0,0,0,0,0,0,0,0,0,0
61803,1,1,0,0,0,0,0,0,0,0,0,0
61804,1,1,0,0,0,0,0,0,0,0,0,0
61805,1,1,19,19,19,19,19,19,19,19,19,19
61805,2,1,0,0,0,0,0,0,0,0,0,0
61806,1,1,0,0,0,0,0,0,0,0,0,0
61807,1,1,0,0,0,0,0,0,0,0,0,0
61807,2,1,0,0,0,0,0,0,0,0,0,0
61808,1,1,0,0,0,0,0,0,0,0,0,0
61809,1,1,29,29,29,29,29,29,29,29,29,29
61810,1,1,0,0,0,0,0,0,0,0,0,0
61810,2,1,0,0,0,0,0,0,0,0,0,0
61811,1,1,0,0,0,0,0,0,0,0,0,0
61811,2,1,0,0,0,0,0,0,0,0,0,14
61812,1,1,2,2,2,2,2,2,2,2,2,2
61813,1,1,0,0,0,0,0,0,0,0,0,0
61813,2,1,0,0,0,0,0,0,0,0,0,0
61814,1,1,0,0,0,0,0,0,0,0,0,0
61815,1,1,0,0,0,0,0,0,0,0,0,0
61815,2,1,0,0,0,0,0,0,0,0,0,0
61816,1,1,0,0,0,0,0,0,0,0,0,0
61816,2,1,0,0,0,0,0,0,0,0,0,0
61817,1,1,0,0,0,0,0,0,0,0,0,0
61818,1,1,0,0,0,0,0,0,0,0,0,0
61818,2,1,0,4,0,0,0,0,0,0,0,0
61819,1,1,23,23,23,23,23,23,23,23,23,23
61820,1,1,0,0,0,0,0,0,0,0,0,0
61820,2,1,0,0,0,0,0,0,0,0,0,0
61821,1,1,0,0,0,0,0,0,0,0,0,0
61821,2,1,0,0,0,0,0,0,0,0,0,0
61822,1,1,0,0,0,0,0,0,0,0,0,0
61823,1,1,0,0,0,0,0,0,0,0,0,0
61823,2,1,7,0,0,0,0,0,0,0,0,0
61824,1,1,0,0,0,0,0,0,0,0,0,0
61824,2,1,0,0,0,0,0,0,0,0,0,0
61825,1,1,0,0,0,0,0,0,0,0,0,0
61826,1,1,19,19,19,19,19,19,19,19,19,19
61827,1,1,0,0,0,0,23,0,14,6,0,0
61828,1,1,0,0,0,0,0,0,0,0,0,0
61829,1,1,9,9,9,9,9,9,9,9,9,9
61830,1,1,22,0,0,0,0,0,0,0,0,0
61831,1,1,27,27,27,27,27,27,27,27,27,27
61831,2,1,0,0,0,0,0,0,0,0,0,0
61832,1,1,33,33,33,33,33,33,33,33,33,33
61832,2,1,0,6,0,0,13,0,5,0,0,0
61833,1,1,0,0,0,0,0,0,0,0,11,0
61834,1,1,0,0,0,0,0,0,0,0,0,0
61834,2,1,0,0,0,0,0,0,0,0,0,0
61835,1,1,26,26,26,26,26,26,26,26,26,26
61836,1,1,19,19,19,19,19,19,19,19,19,19
61837,1,1,0,0,0,0,0,0,0,0,0,0
61838,1,1,12,12,12,12,12,12,12,12,12,12
61839,1,1,0,0,0,0,0,0,0,0,0,0
61840,1,1,0,0,0,0,0,0,0,0,0,0
61841,1,1,12,12,12,12,12,12,12,12,12,12
61841,2,1,0,0,0,0,0,0,0,0,0,0
61842,1,1,0,0,0,0,0,0,0,0,0,0
61842,2,1,0,0,0,0,0,5,0,22,0,0
61843,1,1,0,0,0,0,0,0,0,0,0,0
61843,2,1,12,12,12,12,12,12,12,12,12,12
61843,3,1,0,0,0,0,0,0,0,0,10,0
61844,1,1,17,22,0,0,27,0,27,16,0,10
61845,1,1,0,0,0,0,0,0,0,0,0,0
61845,2,1,0,0,0,0,0,0,0,0,0,13
61846,1,1,0,0,0,0,0,0,0,0,0,0
61847,1,1,0,0,0,0,0,0,0,0,0,0
61847,2,1,0,0,0,0,0,0,0,0,0,0
61848,1,1,0,0,0,0,0,0,0,0,0,0
61848,2,1,0,0,0,0,0,0,0,0,0,0
61849,1,1,0,0,0,0,0,0,0,0,0,0
61849,2,1,0,0,0,0,0,0,0,0,0,0
61849,3,1,0,0,0,0,0,0,0,0,0,0
61850,1,1,0,0,0,0,0,0,0,0,0,0
61850,2,1,0,0,0,0,0,0,0,0,21,0
61851,1,1,20,20,20,20,20,20,20,20,20,20
61852,1,1,19,19,19,19,19,19,19,19,19,19
61853,1,1,0,0,0,0,0,0,0,0,0,0
61853,2,1,0,0,0,0,0,0,0,0,0,0
61854,1,1,0,0,0,0,0,0,0,0,0,0
61855,1,1,0,0,0,0,0,0,0,0,0,0
61855,2,1,0,0,0,0,0,0,0,0,0,0
61856,1,1,14,14,14,14,14,14,14,14,14,14
61857,1,1,0,0,0,0,0,0,0,0,0,0
61857,2,1,0,0,0,0,0,0,0,0,0,0
61857,3,1,0,0,0,0,0,0,0,0,0,0
61858,1,1,14,14,14,14,14,14,14,14,14,14
61859,1,1,16,16,16,16,16,16,16,16,16,16
61860,1,1,8,8,8,8,8,8,8,8,8,8
61860,2,1,0,0,0,0,0,0,0,0,0,0
61861,1,1,0,0,0,0,0,0,0,0,0,0
61861,2,1,0,0,0,0,0,0,0,0,0,0
61862,1,1,0,0,0,0,0,0,0,0,0,0
61862,2,1,0,0,2,0,0,0,0,0,0,0
61862,3,1,0,0,0,0,0,0,0,0,0,0
61862,4,1,0,0,0,0,0,0,0,0,0,0
61862,5,1,0,0,0,0,0,0,0,0,0,0
61863,1,1,0,0,0,0,0,0,0,0,0,0
61863,2,1,5,5,5,5,5,5,5,5,5,5
61864,1,1,0,0,0,0,0,0,0,0,0,0
61865,1,1,18,18,18,18,18,18,18,18,18,18
61866,1,1,0,0,0,0,0,0,0,0,0,0
61867,1,1,22,22,22,22,22,22,22,22,22,22
61868,1,1,34,34,34,34,34,34,34,34,34,34
61869,1,1,23,23,23,23,23,23,23,23,23,23
61869,2,1,0,0,0,0,0,0,0,0,0,0
61870,1,1,10,10,10,10,10,10,10,10,10,10
61870,2,1,0,0,0,0,0,0,0,0,0,0
61871,1,1,22,22,22,22,22,22,22,22,22,22
61872,1,1,18,18,18,18,18,18,18,18,18,18
61872,2,1,0,0,0,0,0,0,0,0,0,0
61872,3,1,0,0,0,0,0,0,0,0,0,0
61872,4,1,0,0,0,0,0,0,0,0,0,0
61873,0,1,0,0,0,0,0,0,0,0,0,0
61873,1,1,0,0,0,0,0,28,31,0,0,0
61874,1,1,0,0,0,0,0,0,0,0,0,0
61874,2,1,0,0,0,0,0,0,0,0,0,0
61874,3,1,0,0,0,0,0,0,0,0,0,0
61874,4,1,0,0,0,0,0,0,0,0,0,0
61875,1,1,0,0,0,0,0,0,0,0,0,0
61875,2,1,0,0,0,0,0,0,0,0,0,0
61876,0,1,0,0,0,0,0,0,0,0,0,0
61876,1,1,0,0,0,0,0,0,0,0,0,0
61877,0,1,5,5,5,5,5,5,5,5,5,5
61877,1,1,0,0,0,0,0,0,0,0,0,0
61878,1,1,12,12,12,12,12,12,12,12,12,12
61879,1,1,0,0,26,0,0,0,0,0,9,0
61880,2,1,0,12,0,30,0,0,0,0,0,24
61881,1,1,16,16,16,16,16,16,16,16,16,16
61882,0,1,0,0,0,0,0,0,0,0,0,0
61882,1,1,0,0,0,0,0,0,0,0,0,0
61883,0,1,33,33,33,33,33,33,33,33,33,33
61883,1,1,0,0,0,0,0,0,0,0,0,0
61884,1,1,0,0,0,0,0,0,0,0,0,0
61884,2,1,0,0,0,0,0,0,0,0,0,0
61885,1,1,0,0,0,0,0,0,0,0,0,0
61886,0,1,0,0,0,0,0,0,0,0,0,0
61886,1,1,0,0,0,0,0,0,0,0,0,0
61887,0,1,0,0,0,0,0,0,0,0,0,0
61887,1,1,30,30,30,30,30,30,30,30,30,30
61888,0,1,20,20,20,20,20,20,20,20,20,20
61888,0,2,18,18,18,18,18,18,18,18,18,18
61888,1,1,0,0,0,0,0,0,0,0,0,0
61889,1,1,0,0,0,0,0,0,0,0,0,0
61890,1,1,0,0,0,0,0,0,0,0,0,0
61890,2,1,0,0,0,0,0,0,0,0,0,0
61891,1,1,21,21,21,21,21,21,21,21,21,21
61892,1,1,8,8,8,8,8,8,8,8,8,8
61893,1,1,0,0,0,0,0,0,0,0,0,0
61894,0,1,0,0,0,0,0,0,0,0,0,0
61894,1,1,0,0,0,0,0,0,0,0,0,24
61895,1,1,0,0,0,0,0,0,0,0,0,0
61895,2,1,0,0,0,0,0,0,0,0,0,0
61896,0,1,0,0,0,0,0,0,0,0,0,0
61896,1,1,0,0,0,0,0,0,0,0,0,0
61896,2,1,0,0,0,0,0,0,0,0,0,0
61897,1,1,10,10,10,10,10,10,10,10,10,10
61898,0,1,0,0,0,0,0,0,0,0,0,0
61898,1,1,0,0,0,0,0,0,0,0,0,0
61899,0,1,0,0,0,0,0,0,0,0,0,0
61899,1,1,0,0,0,0,0,0,0,0,0,0
61900,1,1,0,0,0,0,0,0,0,0,0,0
61900,2,1,0,0,0,0,0,0,0,0,0,0
61901,1,1,4,4,4,4,4,4,4,4,4,4
61901,2,1,0,0,0,0,0,0,0,0,0,0
61902,1,1,0,0,0,0,0,0,14,28,0,0
61903,1,1,0,0,0,0,0,0,0,0,0,0
61903,2,1,0,0,0,0,0,0,0,0,0,0
61904,0,1,29,29,29,29,29,29,29,29,29,29
61904,1,1,0,9,0,0,0,0,0,0,0,0
61905,0,1,23,23,23,23,23,23,23,23,23,23
61905,1,1,11,11,18,0,0,0,7,0,16,0
61906,1,1,0,0,0,0,0,0,0,0,0,0
61907,1,1,1,1,1,1,1,1,1,1,1,1
61908,1,1,0,0,0,0,0,0,0,0,0,0
61908,2,1,0,0,0,0,0,0,0,0,0,0
61909,1,1,0,0,0,0,0,0,0,0,0,0
61909,2,1,0,0,0,0,0,0,0,0,0,0
61910,0,1,4,4,4,4,4,4,4,4,4,4
61910,1,1,0,0,0,0,0,0,0,0,0,0
61911,1,1,0,0,0,0,0,0,0,0,0,0
61911,2,1,0,0,0,0,0,0,0,0,0,0
61912,1,1,0,0,0,0,0,0,6,0,0,0
61913,1,1,0,0,0,0,0,0,0,0,0,0
61913,2,1,0,13,0,0,0,0,0,0,0,0
61914,1,1,0,0,0,0,0,0,0,0,0,0
61915,0,1,29,29,29,29,29,29,29,29,29,29
61915,1,1,0,37,0,0,0,0,0,0,14,0
61916,1,1,0,0,24,25,10,21,20,0,0,0
61917,1,1,0,0,0,0,27,0,0,37,34,35
61918,0,1,0,0,0,0,0,0,0,0,0,0
61918,0,2,0,0,0,0,0,0,0,0,0,0
61918,1,1,0,0,0,0,0,0,0,0,0,0
61919,0,1,0,0,0,0,0,0,0,0,0,0
61919,1,1,0,0,0,0,0,0,0,0,0,6
61920,1,1,18,18,18,18,18,18,18,18,18,18
61920,2,1,0,0,0,0,0,0,0,0,0,0
61921,1,1,0,0,0,0,0,0,0,0,0,0
61921,2,1,0,0,0,0,0,0,0,0,0,0
61922,1,1,0,0,0,0,0,0,0,0,0,0
61922,2,1,0,10,0,0,0,0,0,0,0,0
61923,1,1,9,9,9,9,9,9,9,9,9,9
61924,1,1,13,13,13,13,13,13,13,13,13,13
61924,2,1,0,0,0,0,0,0,0,0,0,0
61925,1,1,1,1,1,1,1,1,1,1,1,1
61926,0,1,32,32,32,32,32,32,32,32,32,32
61926,1,1,0,0,0,0,0,0,0,10,0,0
61927,0,1,0,0,0,0,0,0,0,0,0,0
61927,1,1,0,0,0,0,3,0,0,19,0,0
61928,0,1,0,0,0,0,0,0,0,0,0,0
61928,1,1,0,0,0,0,0,0,0,0,0,0
61929,0,1,27,17,0,0,19,0,17,26,24,0
61929,1,1,0,0,0,0,0,0,0,0,0,0
61930,1,1,0,0,0,0,0,0,0,0,0,0
61931,0,1,23,23,23,23,23,23,23,23,23,23
61931,1,1,0,0,0,0,0,0,0,0,0,0
61932,0,1,20,20,20,20,20,20,20,20,20,20
61932,1,1,0,0,0,0,0,0,0,0,0,0
61933,0,1,0,0,0,0,0,0,0,0,0,0
61933,1,1,0,0,0,0,0,0,0,0,0,0
61934,0,1,0,0,0,0,0,0,0,0,0,0
61934,1,1,0,0,0,0,0,0,0,0,0,0
61935,0,1,0,0,0,0,0,0,0,0,0,0
61935,1,1,0,0,0,0,0,0,0,0,0,0
61936,0,1,0,0,0,0,0,0,0,0,0,0
61936,1,1,0,0,0,0,14,0,0,0,0,0
61937,0,1,23,23,23,23,23,23,23,23,23,23
61937,1,1,0,0,0,0,0,0,0,0,0,0
61937,2,1,0,0,0,0,0,0,0,0,0,0
61938,0,1,27,27,27,27,27,27,27,27,27,27
61938,1,1,0,0,0,0,0,0,0,0,0,0
61939,0,1,16,16,16,16,16,16,16,16,16,16
61939,1,1,21,0,0,0,0,0,0,0,0,21
61940,0,1,0,0,0,0,0,0,0,0,0,0
61940,1,1,0,0,0,0,0,0,0,0,0,0
61941,0,1,36,36,36,36,36,36,36,36,36,36
61941,1,1,0,0,0,0,0,0,0,0,0,0
61942,0,1,0,0,0,0,0,0,0,0,0,0
61942,1,1,0,0,0,0,0,0,0,0,0,0
61943,0,1,17,17,17,17,17,17,17,17,17,17
61943,1,1,4,4,4,4,4,4,4,4,4,4
61944,0,1,26,26,26,26,26,26,26,26,26,26
61944,1,1,0,0,0,0,0,0,0,0,0,18
61945,0,1,0,22,0,0,0,10,0,0,0,0
61945,1,1,0,0,0,0,0,0,0,0,0,0
61946,1,1,0,0,0,0,0,0,0,0,0,0
61946,2,1,0,0,0,0,0,0,0,0,0,0
61947,1,1,0,0,0,0,0,0,0,0,0,0
61947,2,1,0,0,0,0,0,0,0,0,0,0
61948,1,1,0,0,0,0,0,0,0,0,0,0
61949,0,1,7,7,7,7,7,7,7,7,7,7
61949,1,1,0,0,0,0,0,0,0,0,0,0
61950,1,1,0,0,0,0,0,0,0,0,0,0
61950,2,1,0,0,0,0,0,0,0,0,0,0
61951,1,1,12,0,0,20,0,0,24,37,0,10
61952,1,1,0,0,0,0,0,0,0,0,0,0
61952,2,1,0,0,0,12,0,0,28,26,18,0
61953,1,1,0,0,0,0,0,0,0,0,0,0
61954,1,1,0,0,0,0,0,0,0,0,0,0
61955,1,1,0,0,0,0,0,0,0,0,0,0
61955,2,1,0,0,0,0,0,0,0,0,0,0
61956,0,1,0,0,0,0,0,0,0,0,0,0
61956,1,1,0,0,0,0,0,0,0,0,0,0
61957,1,1,0,0,0,0,0,0,0,0,0,0
61957,2,1,0,0,0,0,0,0,0,0,0,0
61958,1,1,0,0,0,2,0,29,0,0,0,0
61958,2,1,0,0,0,0,0,0,0,0,0,0
61959,1,1,0,0,0,0,0,0,0,0,0,0
61960,1,1,0,0,0,0,0,0,0,0,0,0
61961,1,1,0,0,7,0,0,0,0,0,0,0
61961,2,1,0,0,0,0,0,0,0,0,0,0
61962,0,1,35,35,35,35,35,35,35,35,35,35
61962,1,1,0,14,0,14,11,0,0,0,0,0
61963,1,1,0,0,0,0,0,0,0,0,0,0
61964,1,1,16,16,16,16,16,16,16,16,16,16
61964,2,1,0,0,0,0,0,0,0,0,0,0
61965,0,1,0,0,0,0,0,0,0,0,0,0
61965,1,1,0,8,0,0,0,0,11,0,14,0
61966,1,1,25,25,25,25,25,25,25,25,25,25
61966,2,1,0,0,0,0,0,0,0,0,0,0
61967,0,1,0,0,0,0,0,0,0,0,0,0
61967,1,1,0,0,0,5,0,0,0,0,0,0
61968,0,1,0,0,0,0,0,0,0,0,0,0
61968,1,1,0,0,0,0,0,0,0,0,0,0
61969,1,1,0,0,0,0,0,0,0,0,0,0
61969,2,1,0,0,0,0,0,0,0,0,0,0
61970,0,1,0,0,0,0,0,0,0,0,0,0
61970,1,1,22,14,24,24,8,39,4,21,0,24
61970,2,1,0,0,0,0,0,15,0,0,0,0
61970,3,1,0,0,17,0,0,19,0,0,0,0
61971,0,1,12,19,27,15,16,17,21,25,21,19
61971,1,1,0,0,0,0,0,17,0,0,0,0
61972,0,1,0,0,0,0,0,0,0,0,0,0
61972,1,1,16,0,35,0,0,0,0,0,0,0
61973,0,1,0,0,0,0,0,0,0,0,0,0
61973,1,1,0,0,0,0,0,0,0,0,0,0
61973,2,1,0,0,0,0,0,0,0,0,0,0
61974,1,1,0,0,0,0,0,0,0,0,0,0
61974,2,1,0,0,0,0,0,0,0,0,0,0
61974,3,1,0,0,0,0,0,0,0,0,0,0
61974,4,1,0,0,0,0,0,0,0,0,0,0
61975,1,1,0,0,0,0,0,0,0,0,0,0
61975,2,1,0,0,0,0,0,0,0,0,0,0
61975,3,1,0,0,0,0,0,0,0,0,0,0
61975,4,1,0,0,0,0,0,0,0,0,0,0
61976,0,1,0,0,0,0,0,0,0,0,0,0
61976,1,1,0,0,0,0,0,0,0,0,0,0
61977,0,1,0,0,0,9,21,11,0,0,0,8
61977,0,2,0,0,0,0,0,0,0,0,0,0
61977,1,1,0,0,0,0,0,0,0,0,0,0
61978,1,1,5,5,5,5,5,5,5,5,5,5
61979,1,1,0,0,0,0,0,0,0,0,0,0
61980,1,1,17,17,17,17,17,17,17,17,17,17
61981,0,1,15,15,15,15,15,15,15,15,15,15
61981,1,1,0,0,0,0,0,0,0,0,0,0
61982,0,1,0,0,0,0,0,0,0,0,0,0
61982,1,1,0,0,0,0,0,0,0,0,0,0
61983,1,1,0,0,0,0,0,0,0,0,0,0
61984,1,1,0,0,0,0,0,0,0,0,0,0
61984,2,1,0,0,0,0,0,0,0,0,0,0
61985,0,1,24,24,24,24,24,24,24,24,24,24
61985,1,1,0,0,0,0,21,0,0,0,0,0
61986,1,1,0,0,0,0,0,0,0,0,0,0
61986,2,1,0,0,0,0,0,0,0,0,0,0
61987,0,1,0,0,0,0,0,0,0,0,0,0
61987,1,1,0,0,0,0,0,0,0,0,0,0
61988,0,1,35,35,35,35,35,35,35,35,35,35
61988,1,1,0,0,0,0,0,0,0,0,0,0
61989,1,1,0,0,0,0,0,0,0,0,0,0
61990,0,1,0,0,0,0,0,0,0,0,0,0
61990,1,1,0,0,0,0,0,0,0,0,0,0
61991,0,1,0,0,0,0,0,0,0,0,0,0
61991,1,1,0,0,0,0,0,0,0,0,0,0
61992,1,1,0,11,0,0,0,0,0,0,0,0
61993,0,1,0,0,0,0,0,0,0,0,0,0
61993,1,1,0,0,0,0,0,0,0,0,0,0
61994,0,1,0,0,0,0,0,0,0,0,0,0
61994,1,1,0,0,0,0,0,0,0,0,0,0
61995,0,1,0,0,0,0,0,0,0,0,0,0
61995,1,1,0,0,0,0,9,0,3,0,0,0
61995,2,1,0,0,0,0,0,0,0,0,0,0
61996,1,1,0,0,0,0,0,0,0,0,0,0
61996,2,1,0,0,0,0,0,0,0,0,0,0
61997,0,1,0,0,0,0,0,0,0,0,0,0
61997,1,1,0,0,0,0,0,0,0,0,0,0
61998,0,1,21,21,21,21,21,21,21,21,21,21
61998,1,1,0,0,0,0,0,0,0,0,0,0
61999,1,1,0,0,0,0,0,0,0,0,0,0
61999,2,1,0,0,0,0,0,0,0,0,0,0
62000,1,1,0,0,0,0,0,0,0,0,0,0
62000,2,1,0,0,0,0,0,0,0,0,0,0
62000,3,1,0,0,0,0,0,0,0,0,0,0
62000,4,1,0,0,0,0,0,0,0,0,0,0
62001,1,1,11,11,11,11,11,11,11,11,11,11
62002,0,1,0,0,0,0,0,0,0,0,0,0
62002,1,1,0,0,0,3,0,0,0,8,0,0
62003,1,1,0,0,0,0,0,0,0,0,0,0
62004,0,1,9,9,9,9,9,9,9,9,9,9
62004,0,2,16,24,29,25,37,29,15,23,14,20
62004,1,1,0,0,0,0,0,0,0,0,0,0
62005,0,1,0,0,0,0,0,0,0,0,0,0
62005,1,1,0,0,0,0,0,0,0,0,0,0
62006,0,1,22,22,22,22,22,22,22,22,22,22
62006,1,1,0,0,0,0,0,0,0,0,0,0
62006,2,1,0,0,0,0,0,0,0,0,9,0
62006,3,1,0,0,0,0,0,0,0,0,0,0
62007,0,1,32,32,32,32,32,32,32,32,32,32
62007,1,1,0,0,0,0,0,0,0,0,0,0
62007,2,1,0,0,0,0,0,0,0,0,0,0
62008,1,1,0,0,0,0,0,0,0,0,0,0
62008,2,1,0,0,0,0,0,0,0,0,0,0
62009,0,1,0,0,0,0,0,0,0,0,0,0
62009,1,1,0,0,0,0,0,0,0,0,0,0
62010,0,1,0,0,0,0,0,0,0,0,0,0
62010,1,1,0,0,0,0,0,0,0,0,0,0
62011,0,1,0,0,0,0,0,0,0,0,0,0
62011,1,1,0,0,0,0,0,0,0,0,0,0
62012,0,1,0,0,0,0,0,0,0,24,0,0
62013,1,1,21,21,21,21,21,21,21,21,21,21
62013,2,1,0,15,28,0,0,0,0,0,0,22
62014,1,1,0,0,0,0,0,0,0,0,0,0
62014,2,1,0,0,0,0,0,0,0,0,0,0
62015,0,1,0,0,0,0,0,0,0,0,0,0
62015,1,1,27,27,27,27,27,27,27,27,27,27
62015,2,1,0,0,0,18,0,0,0,0,0,0
62016,1,1,0,0,0,0,0,0,0,0,0,0
62016,2,1,0,4,20,0,0,0,0,0,0,11
62017,1,1,27,27,27,27,27,27,27,27,27,27
62018,0,1,0,0,0,0,0,0,0,0,0,0
62018,1,1,0,0,0,0,0,0,0,0,0,0
62019,0,1,0,0,0,0,0,0,0,0,0,0
62019,1,1,0,0,0,0,0,0,0,0,0,0
62020,1,1,5,5,5,5,5,5,5,5,5,5
62020,2,1,0,0,0,0,0,0,0,0,0,0
62021,0,1,0,0,0,0,0,0,0,0,0,0
62021,1,1,0,0,0,0,0,0,0,0,0,0
62022,1,1,0,0,0,0,0,0,0,0,0,0
62022,2,1,0,0,0,0,0,0,0,0,0,0
62023,1,1,0,0,0,0,0,0,0,0,0,0
62023,2,1,0,0,0,0,0,0,0,0,0,0
62024,1,1,30,0,0,0,0,0,0,0,0,0
62025,1,1,0,0,0,0,0,0,0,0,0,0
62025,2,1,0,0,0,0,0,0,0,0,0,0
62026,1,1,0,0,0,0,0,0,0,0,0,0
62026,2,1,0,0,0,0,0,0,0,0,0,0
62027,1,1,24,24,24,24,24,24,24,24,24,24
62028,0,1,0,0,0,0,0,0,0,0,0,0
62028,0,2,0,0,0,0,20,0,0,0,0,0
62028,1,1,0,0,0,0,0,0,0,0,0,0
62028,2,1,0,0,0,0,0,0,0,0,0,0
62029,0,1,0,0,0,0,0,0,0,0,0,0
62029,1,1,0,0,0,0,0,0,0,0,0,0
62030,0,1,0,19,15,15,26,35,10,0,14,0
62030,1,1,0,0,0,0,15,0,0,0,0,0
62031,0,1,0,0,0,0,0,17,0,10,0,0
62031,1,1,0,0,0,0,0,0,0,37,0,0
62032,0,1,0,0,0,0,0,0,0,0,0,0
62032,1,1,0,0,0,0,0,0,0,0,0,0
62033,0,1,0,0,0,0,0,0,0,0,0,0
62033,1,1,0,0,0,0,0,0,18,0,22,13
62034,0,1,0,0,0,0,0,0,0,0,0,0
62034,1,1,0,0,0,0,0,0,0,0,0,0
62034,2,1,0,0,4,8,0,0,18,0,0,0
62035,0,1,0,0,0,0,0,0,0,0,0,0
62035,1,1,0,0,0,0,0,0,0,0,0,0
62036,0,1,37,14,18,0,14,42,8,13,52,21
62036,1,1,0,0,0,0,0,0,0,0,0,0
62037,0,1,3,3,3,3,3,3,3,3,3,3
62037,1,1,0,0,0,0,0,0,0,0,0,0
62038,0,1,0,0,0,0,0,0,0,0,0,0
62038,1,1,0,0,0,0,0,0,0,0,0,0
62039,0,1,0,0,0,0,0,0,0,0,0,0
62039,1,1,0,0,0,0,0,0,0,0,0,0
62040,0,1,0,0,0,0,0,0,0,0,0,0
62040,1,1,0,0,0,0,0,0,0,0,0,0
62041,0,1,0,0,0,0,0,0,0,0,0,0
62041,1,1,0,0,0,0,0,0,0,0,0,0
62042,0,1,0,0,0,0,0,0,0,0,0,0
62042,1,1,13,13,13,13,13,13,13,13,13,13
62043,0,1,20,20,20,20,20,20,20,20,20,20
62043,1,1,0,0,0,0,0,0,0,0,0,0
62044,0,1,16,16,16,16,16,16,16,16,16,16
62044,1,1,0,0,0,0,0,0,0,0,0,0
62045,1,1,8,8,8,8,8,8,8,8,8,8
62046,0,1,10,10,10,10,10,10,10,10,10,10
62046,1,1,0,0,0,0,0,0,0,0,0,0
62047,0,1,0,0,0,0,0,0,0,0,0,0
62047,1,1,0,0,0,0,0,0,0,0,0,0
62048,0,1,0,0,0,0,0,0,0,0,0,0
62048,1,1,0,0,0,0,0,0,0,0,0,0
62049,1,1,0,0,0,0,0,0,0,0,0,0
62050,1,1,0,0,0,0,0,0,0,0,0,0
62051,1,1,5,5,5,5,5,5,5,5,5,5
62051,2,1,0,0,0,0,0,0,0,0,0,0
62051,3,1,0,0,0,0,0,0,0,0,0,0
62051,4,1,0,0,0,0,0,0,0,0,0,0
62052,0,1,0,0,0,0,0,0,0,0,0,0
62052,1,1,0,0,0,0,0,0,0,0,0,0
62052,2,1,0,0,0,0,33,0,0,0,9,0
62052,3,1,11,0,0,0,19,19,0,0,0,0
62052,4,1,0,0,0,0,0,0,0,0,0,0
62052,5,1,0,0,0,0,0,0,0,0,0,0