ST_CASE,VEH_NO,PER_NO,P1,P2,P3,P4,P5,P6,P7,P8,P9,P10
62053,1,1,0,13,0,0,0,0,0,0,0,9
62053,2,1,0,0,0,0,0,0,0,0,0,0
62053,3,1,0,0,0,0,0,0,0,0,0,15
62053,4,1,0,0,0,0,0,0,0,0,0,0
62054,1,1,19,19,19,19,19,19,19,19,19,19
62055,0,1,0,0,0,0,0,0,0,0,0,0
62055,1,1,0,0,0,0,0,0,0,0,0,0
62055,2,1,0,0,0,0,0,0,0,0,0,0
62056,1,1,0,0,0,0,0,0,0,0,0,0
62056,2,1,0,0,0,0,0,0,0,0,0,0
62057,1,1,2,2,2,2,2,2,2,2,2,2
62058,0,1,25,25,25,25,25,25,25,25,25,25
62058,1,1,0,0,0,0,0,0,0,0,0,0
62059,0,1,0,0,0,0,0,0,0,0,0,0
62059,1,1,0,0,0,0,19,0,0,22,0,0
62060,0,1,0,0,0,0,0,0,0,0,0,0
62060,1,1,0,0,0,0,0,11,0,0,0,0
62061,0,1,19,19,19,19,19,19,19,19,19,19
62061,1,1,0,0,0,0,0,0,0,0,0,11
62061,2,1,0,0,0,0,0,0,0,0,0,0
62062,0,1,0,0,0,0,0,0,0,0,0,0
62062,1,1,0,0,0,0,0,0,0,0,0,0
62062,2,1,0,0,0,0,0,0,0,0,0,0
62063,1,1,15,0,0,0,0,0,0,0,0,7
62063,2,1,0,0,0,0,0,0,0,0,0,0
62063,3,1,0,0,0,0,0,0,0,0,0,0
62064,1,1,0,0,0,0,0,0,0,0,0,0
62064,2,1,19,19,19,19,19,19,19,19,19,19
62065,1,1,0,0,0,0,0,0,0,0,0,0
62065,2,1,0,0,0,0,0,0,0,0,0,0
62066,0,1,0,0,0,0,0,0,0,0,0,0
62066,0,2,0,0,0,0,0,4,0,0,0,0
62066,1,1,0,0,0,0,0,0,0,0,0,0
62067,0,1,0,0,0,12,16,0,7,0,0,0
62067,1,1,12,12,12,12,12,12,12,12,12,12
62068,0,1,35,25,23,0,0,23,22,20,22,16
62068,1,1,0,0,0,0,0,0,0,0,0,0
62069,1,1,0,0,0,0,0,0,0,0,0,0
62069,2,1,0,0,0,0,0,0,0,0,0,0
62070,1,1,0,0,0,0,0,27,0,0,0,0
62070,2,1,0,0,0,0,0,0,0,0,0,0
62071,0,1,0,0,0,0,0,14,0,13,21,25
62071,0,2,0,0,0,0,0,0,0,0,0,0
62071,1,1,0,0,0,0,0,0,0,0,0,0
62072,1,1,0,0,0,0,0,0,0,0,0,0
62072,2,1,0,0,0,0,0,0,0,0,0,0
62073,0,1,0,0,5,20,7,0,16,0,0,0
62073,1,1,0,0,0,0,0,18,0,0,0,0
62073,2,1,0,0,0,0,0,0,0,0,0,0
62074,0,1,17,17,17,17,17,17,17,17,17,17
62074,1,1,0,0,16,0,0,0,0,0,0,17
62074,2,1,0,0,0,0,0,0,0,0,0,0
62074,3,1,0,0,0,0,0,0,0,0,0,0
62074,4,1,0,0,0,0,0,0,0,13,0,0
62074,5,1,0,0,0,0,0,0,0,0,0,0
62074,6,1,0,0,0,0,0,0,0,0,0,0
62075,1,1,0,0,0,0,0,0,0,0,0,0
62075,2,1,0,0,0,0,0,0,0,0,0,0
62076,1,1,23,23,23,23,23,23,23,23,23,23
62076,2,1,0,0,0,0,0,0,0,0,0,0
62077,1,1,0,0,0,0,0,0,0,0,0,0
62077,2,1,0,0,0,0,0,0,0,0,0,0
62078,0,1,0,0,0,0,0,0,0,0,0,0
62078,1,1,5,5,5,5,5,5,5,5,5,5
62079,0,1,0,0,0,0,0,0,0,0,0,0
62079,1,1,0,0,0,0,0,0,0,0,0,0
62080,0,1,0,0,0,0,0,0,0,0,0,0
62080,1,1,0,0,0,0,0,0,0,0,0,0
62081,1,1,17,17,17,17,17,17,17,17,17,17
62082,0,1,0,0,0,0,0,0,0,0,0,0
62082,1,1,0,0,0,0,0,0,0,0,0,0
62083,0,1,0,0,0,0,0,0,0,0,0,0
62083,0,2,17,0,14,0,0,40,0,23,0,0
62083,1,1,0,0,0,0,0,0,0,0,0,0
62084,0,1,0,0,0,0,0,0,0,0,0,0
62084,1,1,0,0,0,0,0,0,0,0,0,0
62085,0,1,0,0,0,0,0,0,0,0,0,0
62085,1,1,0,0,0,0,0,0,0,0,0,0
62086,1,1,0,0,0,18,0,0,0,0,0,0
62086,2,1,0,0,0,0,0,0,0,0,0,0
62087,0,1,0,0,0,0,0,0,0,0,0,0
62087,1,1,0,0,0,0,0,0,0,0,0,0
62088,0,1,0,0,0,0,0,0,0,0,0,0
62088,1,1,0,0,0,0,0,0,0,0,0,0
62089,1,1,19,19,19,19,19,19,19,19,19,19
62090,1,1,0,0,0,0,0,0,0,0,0,0
62091,1,1,0,12,12,0,31,0,0,0,0,0
62091,2,1,0,0,0,0,0,0,0,0,0,0
62091,3,1,0,12,0,0,0,0,0,0,0,0
62092,1,1,17,17,17,17,17,17,17,17,17,17
62092,2,1,0,0,0,0,0,0,0,0,0,0
62093,1,1,0,0,0,0,0,0,0,0,0,0
62093,2,1,0,0,0,0,0,0,0,0,0,0
62094,1,1,13,13,13,13,13,13,13,13,13,13
62094,2,1,0,0,4,0,0,0,0,0,0,0
62095,1,1,0,0,0,0,0,0,0,0,0,0
62096,1,1,0,0,0,0,0,0,0,0,0,0
62096,2,1,0,0,0,0,0,0,0,0,0,0
62097,1,1,39,39,39,39,39,39,39,39,39,39
62098,1,1,0,0,0,0,0,0,0,0,0,0
62099,1,1,0,0,0,0,0,0,0,0,0,0
62099,2,1,0,0,0,0,0,0,0,0,0,0
62100,1,1,17,17,17,17,17,17,17,17,17,17
62101,1,1,15,15,15,15,15,15,15,15,15,15
62102,1,1,10,10,10,10,10,10,10,10,10,10
62103,1,1,0,0,0,0,0,0,0,0,0,0
62103,2,1,0,0,0,0,0,0,0,0,0,0
62104,1,1,6,6,6,6,6,6,6,6,6,6
62105,1,1,0,0,0,0,0,23,0,40,0,0
62105,2,1,0,0,0,0,0,0,0,0,0,0
62106,1,1,0,0,0,0,0,0,0,0,0,0
62107,1,1,20,20,20,20,20,20,20,20,20,20
62107,2,1,17,17,17,17,17,17,17,17,17,17
62108,1,1,21,21,21,21,21,21,21,21,21,21
62109,1,1,0,0,13,22,0,0,0,14,0,0
62109,2,1,0,0,0,0,0,0,0,0,0,0
62110,1,1,16,16,16,16,16,16,16,16,16,16
62111,1,1,0,0,0,0,0,0,0,0,0,0
62112,1,1,23,23,23,23,23,23,23,23,23,23
62112,2,1,0,0,0,0,0,0,0,0,0,0
62113,1,1,9,9,9,9,9,9,9,9,9,9
62113,2,1,0,0,0,0,0,0,0,0,0,0
62114,1,1,13,13,13,13,13,13,13,13,13,13
62114,2,1,0,0,0,0,0,0,0,0,0,0
62115,1,1,0,0,0,0,0,0,0,0,0,0
62115,2,1,0,0,0,0,0,0,0,0,20,0
62116,1,1,0,0,0,0,0,0,0,0,0,0
62116,2,1,0,0,0,0,0,0,0,0,0,0
62117,1,1,0,0,0,0,0,0,0,0,0,0
62117,2,1,0,0,0,0,0,0,0,0,0,0
62118,1,1,0,0,0,0,0,0,0,0,0,0
62119,1,1,0,0,0,0,0,0,0,0,0,0
62119,2,1,0,0,0,0,0,0,0,0,0,0
62120,1,1,0,0,0,0,0,0,0,0,0,0
62120,2,1,0,0,0,0,0,0,0,0,0,0
62120,3,1,0,0,0,0,0,0,0,0,0,0
62120,4,1,0,0,0,0,0,0,0,0,0,0
62121,1,1,0,0,0,0,0,0,0,0,0,0
62121,2,1,0,0,0,0,0,0,0,0,0,0
62122,1,1,0,0,0,0,0,0,0,0,0,0
62122,2,1,0,0,0,0,0,0,0,0,0,0
62123,1,1,0,0,0,0,0,0,0,0,0,0
62124,1,1,22,22,22,22,22,22,22,22,22,22
62125,1,1,10,10,10,10,10,10,10,10,10,10
62126,1,1,0,0,0,0,0,0,0,0,0,0
62126,2,1,0,0,0,0,0,0,0,0,0,0
62127,1,1,0,0,0,0,0,0,0,0,0,0
62128,1,1,0,0,0,0,0,0,0,0,0,0
62128,2,1,0,0,0,0,0,0,0,0,0,0
62129,1,1,0,0,0,0,0,0,0,0,0,0
62130,1,1,22,22,22,22,22,22,22,22,22,22
62131,1,1,0,0,0,0,0,0,0,0,0,0
62131,2,1,0,0,0,0,0,0,0,0,0,0
62132,1,1,0,0,0,0,0,0,0,0,0,0
62133,1,1,0,0,0,0,0,0,0,0,0,0
62133,2,1,0,0,0,0,0,0,0,0,0,0
62134,1,1,10,10,10,10,10,10,10,10,10,10
62135,1,1,0,0,0,0,0,0,0,0,0,0
62135,2,1,0,0,0,0,0,0,0,0,0,0
62136,1,1,0,0,0,0,0,0,0,0,0,0
62137,1,1,22,22,22,22,22,22,22,22,22,22
62138,1,1,0,0,0,0,0,0,0,0,0,0
62139,1,1,0,0,0,0,0,0,0,0,0,0
62140,0,1,0,0,0,0,0,0,0,0,0,0
62140,1,1,0,11,0,0,0,0,0,0,0,0
62141,0,1,0,0,0,0,0,0,0,0,0,0
62141,1,1,0,0,0,0,0,0,0,0,0,0
62142,0,1,0,0,0,0,0,0,0,0,0,0
62142,1,1,0,0,0,0,0,0,0,0,0,0
62143,0,1,0,0,0,0,0,0,0,0,0,0
62143,0,2,0,0,0,0,0,0,0,0,0,15
62143,0,3,0,0,0,0,0,0,0,0,0,0
62143,1,1,0,0,0,0,0,0,0,0,0,0
62144,0,1,13,13,13,13,13,13,13,13,13,13
62144,1,1,0,17,0,0,0,0,0,0,0,0
62145,1,1,0,0,0,0,0,0,0,0,0,0
62145,2,1,0,5,0,0,0,0,0,0,0,0
62146,1,1,10,10,10,10,10,10,10,10,10,10
62147,0,1,0,0,0,0,0,0,0,0,0,0
62147,1,1,0,0,0,0,0,0,0,27,29,0
62148,1,1,0,0,0,0,0,0,0,0,0,0
62148,2,1,0,0,0,0,0,0,0,0,0,0
62149,1,1,0,0,0,0,0,0,0,0,0,0
62149,2,1,0,0,0,0,0,0,0,0,0,0
62150,1,1,0,0,0,0,0,0,0,3,0,0
62150,2,1,0,0,0,0,0,0,0,0,0,0
62150,3,1,0,0,0,0,0,0,0,0,0,0
62150,4,1,0,0,0,0,0,0,0,0,0,0
62150,5,1,0,0,0,0,0,0,6,0,0,0
62151,2,1,0,0,0,15,25,0,0,0,0,18
62151,3,1,0,21,23,23,14,0,0,0,0,14
62152,1,1,25,25,25,25,25,25,25,25,25,25
62153,1,1,0,0,0,0,0,0,0,0,0,0
62153,2,1,0,0,0,0,0,0,0,0,0,0
62154,0,1,30,30,30,30,30,30,30,30,30,30
62154,1,1,0,0,0,0,0,0,0,0,0,0
62154,2,1,0,0,0,0,0,0,0,0,0,0
62155,1,1,16,0,0,0,0,0,16,0,0,0
62156,1,1,0,0,0,0,0,0,0,0,0,0
62156,2,1,0,0,0,0,0,0,0,0,0,0
62157,0,1,19,19,19,19,19,19,19,19,19,19
62157,1,1,0,0,0,0,0,0,0,0,0,0
62158,0,1,18,18,18,18,18,18,18,18,18,18
62158,1,1,0,0,0,0,0,0,0,0,0,0
62159,1,1,0,0,0,0,0,0,0,0,0,0
62159,2,1,0,0,0,0,0,0,0,0,0,0
62160,0,1,0,0,0,0,0,0,0,0,0,0
62160,1,1,0,0,0,0,0,0,0,0,0,0
62161,1,1,0,0,0,0,0,0,0,0,0,0
62162,0,1,0,0,0,0,0,0,0,0,0,0
62162,1,1,0,0,0,16,0,0,0,0,0,22
62163,1,1,0,0,0,0,0,0,0,0,0,0
62164,0,1,0,0,0,0,0,0,0,0,0,0
62164,1,1,0,0,0,0,0,0,0,0,0,0
62165,0,1,0,0,0,0,0,0,0,0,0,0
62165,1,1,0,0,0,0,0,0,0,0,0,0
62166,0,1,0,0,0,0,0,0,0,0,0,0
62166,1,1,0,0,0,0,0,0,0,0,0,0
62167,0,1,0,0,0,0,0,0,0,0,0,0
62167,1,1,0,0,0,0,0,0,0,0,0,0
62168,1,1,4,4,4,4,4,4,4,4,4,4
62169,0,1,0,0,0,0,0,0,0,0,0,0
62169,1,1,0,0,0,0,0,0,0,0,0,0
62170,1,1,0,0,0,0,0,0,0,0,0,0
62170,2,1,13,9,20,10,15,33,7,19,14,16
62171,0,1,0,0,0,0,0,0,0,0,0,0
62171,1,1,0,0,0,0,0,0,0,0,0,0
62172,0,1,29,29,29,29,29,29,29,29,29,29
62172,1,1,0,0,0,8,0,0,0,0,0,0
62173,1,1,0,0,0,0,0,0,0,0,0,0
62174,0,1,15,15,15,15,15,15,15,15,15,15
62174,1,1,0,0,0,0,9,0,3,0,0,0
62175,1,1,0,0,0,0,0,0,0,0,0,0
62176,0,1,0,0,16,0,0,0,0,0,0,0
62176,1,1,0,0,0,0,0,0,0,0,0,0
62177,1,1,0,0,0,0,0,0,0,0,0,0
62178,0,1,0,0,0,0,0,0,0,0,0,0
62178,1,1,0,0,0,0,0,0,0,0,0,0
62179,1,1,0,0,0,0,0,0,0,0,0,0
62180,1,1,32,32,32,32,32,32,32,32,32,32
62181,0,1,0,0,0,0,0,0,0,0,0,0
62181,1,1,0,0,0,0,0,0,0,0,0,0
62182,0,1,0,0,0,0,0,0,0,0,0,0
62182,1,1,0,0,0,0,0,0,0,0,0,0
62183,0,1,0,0,0,0,0,0,0,0,0,0
62183,1,1,0,0,0,0,0,0,0,0,0,0
62184,0,1,9,9,9,9,9,9,9,9,9,9
62184,1,1,18,18,18,18,18,18,18,18,18,18
62185,0,1,0,0,0,0,0,0,0,0,0,0
62185,1,1,0,0,0,0,0,0,0,0,0,0
62186,0,1,2,2,2,2,2,2,2,2,2,2
62186,1,1,0,0,0,0,0,0,0,0,0,0
62187,0,1,15,15,15,15,15,15,15,15,15,15
62187,1,1,0,0,0,0,4,0,22,0,0,0
62187,2,1,0,0,0,0,0,0,0,0,0,0
62188,1,1,0,0,0,0,0,0,0,0,0,0
62189,1,1,0,0,0,0,0,0,0,0,0,0
62190,1,1,0,0,0,0,0,0,0,0,0,0
62191,1,1,0,0,0,0,0,0,0,0,0,0
62191,2,1,0,0,0,0,0,0,0,0,0,0
62191,3,1,0,0,0,0,0,0,0,0,0,0
62192,1,1,0,0,0,0,0,0,0,0,0,0
62192,2,1,0,0,0,0,0,0,0,0,0,0
62193,1,1,0,0,0,0,0,0,0,0,0,0
62193,2,1,0,0,0,0,0,0,0,0,0,0
62194,1,1,0,0,0,0,0,0,0,0,0,0
62194,2,1,0,0,0,0,0,0,0,0,0,0
62195,1,1,0,0,0,0,0,0,0,0,0,0
62196,1,1,30,30,30,30,30,30,30,30,30,30
62196,2,1,0,0,0,0,0,0,0,0,0,0
62197,1,1,0,0,0,0,0,0,0,0,0,0
62197,2,1,0,0,0,0,0,0,0,0,0,0
62198,1,1,19,19,19,19,19,19,19,19,19,19
62199,1,1,0,0,0,0,0,0,0,0,0,0
62199,2,1,0,0,0,0,0,0,0,0,0,0
62199,3,1,0,0,0,0,0,0,0,0,0,0
62199,4,1,0,14,0,0,0,28,0,0,0,0
62199,5,1,0,0,0,0,0,0,5,0,0,0
62199,6,1,0,0,0,0,0,0,0,0,0,0
62199,7,1,0,0,0,0,0,0,0,0,0,0
62200,1,1,0,0,0,0,0,0,0,0,0,0
62200,2,1,0,0,0,0,0,0,0,0,0,0
62201,1,1,12,12,12,12,12,12,12,12,12,12
62202,1,1,6,0,0,0,0,0,0,0,0,0
62202,2,1,0,0,0,0,0,0,0,0,0,0
62203,1,1,0,0,0,0,0,0,0,0,0,12
62204,1,1,0,0,0,0,0,0,0,0,0,0
62204,2,1,0,0,0,0,0,0,0,0,0,0
62204,3,1,0,0,0,0,0,0,0,0,0,0
62205,1,1,0,0,0,0,0,0,0,0,0,0
62206,1,1,0,0,0,0,0,0,0,0,0,0
62206,2,1,0,0,0,23,0,20,17,18,0,0
62207,1,1,19,19,19,19,19,19,19,19,19,19
62208,1,1,0,0,0,0,0,0,0,0,0,0
62209,1,1,4,4,4,4,4,4,4,4,4,4
62210,1,1,10,10,10,10,10,10,10,10,10,10
62211,1,1,17,17,17,17,17,17,17,17,17,17
62212,0,1,0,0,0,0,0,0,0,0,0,0
62213,1,1,24,24,24,24,24,24,24,24,24,24
62214,1,1,27,0,0,0,0,0,0,0,0,0
62215,1,1,0,0,0,0,0,0,0,0,0,0
62216,1,1,15,0,0,16,0,0,5,18,0,13
62217,1,1,0,0,0,0,0,0,0,0,0,0
62217,2,1,0,0,0,0,0,0,0,0,0,0
62218,1,1,0,0,0,0,0,0,0,0,0,0
62218,2,1,0,0,0,0,0,0,0,0,0,0
62219,1,1,0,0,0,0,0,0,0,0,0,0
62220,1,1,8,15,27,10,0,33,7,14,4,12
62221,1,1,0,0,0,0,0,0,0,0,0,0
62221,2,1,13,13,13,13,13,13,13,13,13,13
62222,1,1,0,0,0,0,0,0,0,0,0,16
62222,2,1,0,0,0,0,0,0,0,0,0,0
62223,1,1,16,16,16,16,16,16,16,16,16,16
62223,2,1,0,0,0,0,0,0,0,0,0,0
62224,1,1,0,0,0,0,0,0,0,0,0,0
62225,1,1,5,5,5,5,5,5,5,5,5,5
62225,2,1,0,0,0,0,0,0,0,0,0,0
62226,1,1,0,0,0,0,0,0,0,0,0,0
62226,2,1,0,0,0,0,0,0,0,0,0,0
62227,1,1,0,0,0,0,0,0,0,0,0,0
62227,2,1,0,0,0,0,0,0,0,0,0,0
62228,1,1,9,9,9,9,9,9,9,9,9,9
62228,2,1,0,0,0,0,0,0,0,0,0,0
62229,1,1,0,0,0,0,0,0,0,0,0,0
62229,2,1,0,0,0,0,0,0,10,0,6,0
62230,1,1,0,0,0,0,0,0,0,0,0,0
62230,2,1,0,0,0,0,0,0,0,0,0,0
62231,1,1,19,19,19,19,19,19,19,19,19,19
62231,3,1,0,0,0,0,0,0,0,0,0,0
62232,1,1,9,9,9,9,9,9,9,9,9,9
62232,2,1,0,0,0,0,0,0,0,0,0,0
62233,1,1,0,0,0,0,0,0,0,0,0,0
62234,1,1,0,0,0,0,0,0,0,0,0,0
62235,1,1,13,13,13,13,13,13,13,13,13,13
62235,2,1,0,0,0,0,0,0,0,0,0,0
62236,1,1,19,19,19,19,19,19,19,19,19,19
62237,1,1,0,0,0,0,0,0,0,0,0,0
62238,1,1,0,0,0,0,0,0,0,0,0,0
62239,1,1,0,0,0,0,0,0,0,0,0,0
62239,2,1,0,0,0,0,0,0,10,0,0,0
62240,0,1,28,28,28,28,28,28,28,28,28,28
62240,1,1,6,12,18,9,7,9,8,11,20,17
62241,0,1,22,22,22,22,22,22,22,22,22,22
62241,0,2,32,13,7,16,3,5,16,13,22,26
62241,1,1,10,10,10,10,10,10,10,10,10,10
62242,1,1,0,0,0,0,0,0,0,0,0,0
62242,2,1,0,0,0,0,0,0,0,0,0,0
62242,3,1,0,0,0,0,0,0,0,0,0,0
62242,4,1,0,0,0,0,0,0,0,0,5,0
62243,1,1,0,0,0,0,0,0,0,0,0,0
62243,2,1,10,10,10,10,10,10,10,10,10,10
62244,1,1,0,0,0,0,0,0,0,0,0,0
62244,2,1,0,0,0,0,0,0,0,0,0,0
62245,1,1,0,0,0,0,0,0,0,0,0,0
62245,2,1,0,0,0,0,0,0,0,0,0,0
62246,0,1,19,19,19,19,19,19,19,19,19,19
62246,1,1,0,0,0,0,0,0,0,0,0,0
62247,2,1,2,2,2,2,2,2,2,2,2,2
62248,1,1,0,0,0,0,0,0,0,0,0,0
62249,0,1,24,24,24,24,24,24,24,24,24,24
62249,1,1,0,0,0,0,0,0,0,0,0,0
62250,0,1,0,0,0,0,0,0,0,0,0,0
62250,1,1,0,0,0,0,0,0,0,0,0,0
62251,1,1,0,0,0,0,0,0,0,0,0,0
62251,2,1,0,0,0,0,0,0,0,0,0,0
62252,1,1,18,18,18,18,18,18,18,18,18,18
62253,1,1,12,12,12,12,12,12,12,12,12,12
62253,2,1,0,0,0,0,0,0,0,0,0,0
62254,1,1,0,0,0,0,0,0,0,0,0,0
62254,2,1,0,0,0,0,0,0,0,0,0,0
62255,1,1,0,0,0,0,0,0,0,0,0,0
62256,0,1,0,0,0,0,0,0,0,0,0,0
62256,1,1,0,0,0,0,0,0,0,0,0,0
62257,0,1,28,28,28,28,28,28,28,28,28,28
62257,1,1,0,0,0,0,10,0,0,0,0,0
62257,2,1,0,0,0,0,0,0,0,0,0,0
62258,0,1,11,0,0,18,0,0,0,17,10,17
62258,1,1,0,0,0,0,0,0,24,0,0,0
62258,2,1,0,0,0,0,0,0,0,0,0,0
62259,0,1,0,0,0,0,0,5,7,0,0,19
62259,1,1,0,0,0,0,0,0,0,0,0,0
62260,1,1,0,0,0,0,0,0,0,0,0,0
62261,1,1,19,19,19,19,19,19,19,19,19,19
62261,2,1,0,0,0,0,0,0,0,0,0,0
62262,1,1,0,0,0,0,0,0,0,0,0,0
62263,1,1,0,0,0,0,0,0,0,0,0,0
62263,2,1,0,0,0,0,0,0,0,0,0,0
62264,1,1,0,0,0,8,0,0,0,0,0,0
62264,2,1,0,0,0,0,0,0,0,0,0,0
62264,3,1,0,0,0,0,0,0,0,0,0,0
62265,1,1,16,16,16,16,16,16,16,16,16,16
62266,1,1,0,0,0,0,0,0,0,0,0,0
62266,2,1,0,0,0,0,0,0,0,0,0,0
62267,1,1,0,0,0,0,0,0,0,0,0,0
62267,2,1,0,0,0,0,0,0,0,0,0,9
62268,1,1,0,0,0,0,0,0,0,0,0,0
62268,2,1,0,0,0,0,0,0,0,0,0,0
62269,1,1,7,7,7,7,7,7,7,7,7,7
62269,2,1,0,0,0,0,0,0,0,0,0,0
62270,0,1,0,4,0,0,0,14,11,0,0,25
62270,1,1,0,0,0,0,0,0,0,0,0,0
62271,0,1,9,0,0,0,0,19,0,0,0,0
62271,1,1,0,0,0,0,0,0,0,0,0,0
62272,1,1,0,0,0,0,0,0,0,0,0,0
62272,2,1,0,0,0,0,0,0,0,0,0,0
62272,3,1,0,0,0,0,0,0,0,0,0,0
62272,4,1,0,0,0,5,0,0,0,0,0,0
62272,5,1,0,0,0,0,0,0,0,0,0,0
62273,1,1,17,17,17,17,17,17,17,17,17,17
62273,2,1,0,0,0,0,0,0,0,0,0,0
62274,1,1,0,0,0,0,0,0,0,0,0,0
62274,2,1,0,0,0,0,0,0,0,0,0,0
62275,1,1,19,19,19,19,19,19,19,19,19,19
62276,0,1,0,0,0,0,0,0,0,0,0,0
62276,1,1,0,0,0,0,0,0,0,0,0,0
62277,0,1,17,17,17,17,17,17,17,17,17,17
62277,1,1,0,0,0,0,0,0,0,0,0,0
62278,0,1,0,0,0,0,0,0,0,0,0,0
62278,1,1,0,0,0,0,0,0,0,0,0,0
62279,0,1,0,0,0,0,0,0,0,0,0,0
62279,1,1,0,0,0,0,0,0,0,0,0,0
62280,0,1,0,0,0,0,0,0,0,0,0,0
62280,1,1,0,0,0,0,0,0,0,0,0,0
62281,1,1,9,9,9,9,9,9,9,9,9,9
62282,1,1,0,0,0,0,0,0,0,0,0,0
62282,2,1,0,0,0,0,0,0,0,0,0,0
62283,1,1,30,30,30,30,30,30,30,30,30,30
62283,2,1,0,0,0,0,0,0,0,0,0,0
62283,3,1,0,0,0,0,0,0,0,0,0,0
62283,4,1,0,0,0,0,0,0,0,0,0,0
62283,5,1,0,0,0,0,0,0,0,0,0,0
62284,1,1,0,0,0,0,0,0,0,0,0,0
62285,1,1,9,9,9,9,9,9,9,9,9,9
62286,1,1,13,13,13,13,13,13,13,13,13,13
62287,1,1,0,0,0,0,0,0,0,0,0,0
62288,1,1,0,0,0,0,0,0,0,0,0,0
62288,2,1,0,0,0,0,0,0,0,0,0,0
62289,1,1,0,0,0,0,0,0,0,0,0,0
62290,1,1,0,0,0,0,0,0,0,0,0,0
62290,2,1,0,0,0,0,0,0,0,0,0,0
62291,1,1,0,0,0,0,0,0,0,0,0,0
62292,1,1,21,21,21,21,21,21,21,21,21,21
62293,1,1,9,9,9,9,9,9,9,9,9,9
62294,1,1,10,10,10,10,10,10,10,10,10,10
62294,2,1,0,0,0,0,0,0,0,0,0,0
62295,1,1,0,0,0,0,0,0,0,0,0,0
62295,2,1,0,0,0,0,0,0,0,0,0,0
62296,1,1,0,0,0,0,0,0,0,0,0,0
62296,2,1,0,0,0,0,0,0,0,0,0,0
62297,1,1,13,13,13,13,13,13,13,13,13,13
62297,2,1,28,0,16,13,0,0,0,0,0,0
62298,1,1,0,0,0,0,0,0,0,0,0,0
62298,2,1,0,0,0,0,0,0,0,0,0,0
62299,1,1,0,0,0,0,0,0,0,0,0,0
62299,2,1,0,0,0,0,0,0,0,0,0,0
62300,1,1,12,12,12,12,12,12,12,12,12,12
62301,1,1,0,0,0,0,0,0,0,0,0,0
62301,2,1,0,0,0,0,0,0,0,0,0,0
62302,1,1,0,0,0,0,0,0,0,0,0,0
62303,1,1,0,0,0,0,0,0,0,0,0,0
62304,1,1,13,13,13,13,13,13,13,13,13,13
62305,1,1,0,0,0,0,0,0,0,0,0,0
62305,2,1,0,0,0,0,0,0,0,0,0,0
62306,1,1,0,0,0,0,0,0,0,0,0,0
62306,2,1,0,0,0,0,0,0,0,10,0,0
62306,3,1,0,0,0,0,0,0,0,0,0,0
62307,1,1,28,28,28,28,28,28,28,28,28,28
62308,1,1,0,0,0,0,0,0,0,0,0,0
62308,2,1,0,0,0,0,0,0,0,0,0,0
62309,1,1,0,0,0,0,0,0,0,0,0,0
62309,2,1,0,0,0,0,0,0,7,14,0,0
62310,1,1,0,0,0,11,0,42,0,7,0,0
62311,1,1,20,20,20,20,20,20,20,20,20,20
62312,1,1,23,23,23,23,23,23,23,23,23,23
62313,1,1,1,1,1,1,1,1,1,1,1,1
62313,2,1,0,0,0,0,0,0,0,0,0,0
62314,1,1,20,20,20,20,20,20,20,20,20,20
62315,1,1,12,12,12,12,12,12,12,12,12,12
62316,1,1,25,25,25,25,25,25,25,25,25,25
62317,1,1,0,0,0,0,0,0,0,0,0,0
62317,2,1,0,0,0,0,0,0,0,0,0,0
62318,1,1,0,0,0,0,0,0,0,0,0,0
62319,1,1,0,0,0,0,0,0,0,0,0,0
62319,2,1,0,0,0,0,0,0,0,0,0,0
62320,1,1,22,22,22,22,22,22,22,22,22,22
62320,2,1,1,1,1,1,1,1,1,1,1,1
62321,1,1,0,0,0,0,0,0,0,0,0,0
62322,1,1,8,8,8,8,8,8,8,8,8,8
62323,1,1,0,0,0,0,0,0,0,0,0,0
62323,2,1,0,0,0,0,0,0,0,0,0,0
62324,1,1,0,0,0,0,0,0,0,0,0,0
62324,2,1,0,0,0,0,0,0,0,0,0,0
62325,1,1,11,11,11,11,11,11,11,11,11,11
62325,2,1,0,0,0,0,0,0,0,0,0,0
62326,1,1,9,9,9,9,9,9,9,9,9,9
62326,2,1,0,0,20,20,13,15,12,0,7,3
62327,1,1,21,21,21,21,21,21,21,21,21,21
62328,1,1,0,0,0,0,0,0,0,0,0,0
62328,2,1,6,0,0,0,0,0,0,0,0,0
62329,1,1,10,10,10,10,10,10,10,10,10,10
62329,2,1,0,0,0,0,0,0,0,0,0,0
62330,1,1,45,45,45,45,45,45,45,45,45,45
62330,2,1,0,0,0,0,0,0,0,0,0,0
62331,1,1,0,0,0,0,0,0,0,0,0,0
62331,2,1,0,0,0,0,0,0,0,0,0,0
62332,1,1,0,0,0,0,17,16,0,7,0,0
62333,1,1,0,0,0,0,0,0,0,0,0,0
62334,1,1,19,19,19,19,19,19,19,19,19,19
62335,1,1,0,0,0,0,0,0,0,0,0,0
62336,1,1,0,0,0,0,0,0,0,0,0,0
62336,2,1,0,0,0,0,0,0,0,0,0,0
62336,3,1,0,0,0,0,0,0,0,0,0,0
62337,1,1,0,0,0,0,0,0,0,0,0,0
62337,2,1,0,0,0,0,0,0,0,0,0,0
62338,1,1,16,16,16,16,16,16,16,16,16,16