ST_CASE,VEH_NO,PER_NO,P1,P2,P3,P4,P5,P6,P7,P8,P9,P10
62338,2,1,16,16,11,13,0,7,23,21,0,24
62339,1,1,17,17,17,17,17,17,17,17,17,17
62339,2,1,0,0,0,0,0,0,0,0,0,0
62340,1,1,23,23,23,23,23,23,23,23,23,23
62340,2,1,0,0,0,0,0,0,0,0,0,0
62341,1,1,0,0,0,0,0,0,0,0,0,0
62341,2,1,0,0,0,0,0,0,0,10,0,0
62342,1,1,0,0,0,0,0,0,0,0,0,0
62342,2,1,0,0,0,0,0,0,0,0,0,0
62343,1,1,0,0,0,0,0,0,0,0,0,0
62344,1,1,0,0,0,0,0,0,0,0,0,0
62344,2,1,0,0,0,0,0,0,0,0,0,0
62345,1,1,0,0,0,0,0,0,0,0,0,0
62346,1,1,17,12,29,22,13,29,12,21,8,15
62347,1,1,0,0,0,0,0,0,0,0,0,0
62348,1,1,0,0,0,0,0,0,0,0,0,0
62349,1,1,0,0,0,0,0,0,0,0,0,0
62350,1,1,43,43,43,43,43,43,43,43,43,43
62350,2,1,0,0,0,0,0,0,0,0,0,0
62351,1,1,0,0,0,0,5,0,0,0,0,0
62352,1,1,0,0,0,0,0,0,0,0,0,0
62352,2,1,0,0,0,0,0,0,0,0,0,0
62352,3,1,0,0,0,0,0,0,0,0,0,0
62352,4,1,0,0,0,0,0,0,0,0,0,0
62353,1,1,0,0,0,0,0,0,0,0,0,0
62353,2,1,0,0,0,0,0,0,0,0,0,0
62353,3,1,0,0,0,0,0,0,0,0,0,0
62354,1,1,0,0,0,0,0,0,0,0,0,0
62354,2,1,0,0,0,0,0,0,0,0,0,0
62355,1,1,0,0,0,0,0,0,0,0,0,0
62356,1,1,16,16,16,16,16,16,16,16,16,16
62357,1,1,0,0,0,0,15,0,0,0,0,20
62358,1,1,0,0,0,0,0,0,0,0,0,0
62359,1,1,0,0,0,0,0,0,0,0,0,0
62359,2,1,0,0,0,0,0,0,0,0,0,0
62360,1,1,0,0,0,0,0,0,0,0,0,0
62361,1,1,9,9,9,9,9,9,9,9,9,9
62362,1,1,26,26,26,26,26,26,26,26,26,26
62363,1,1,0,0,0,0,0,0,0,0,0,0
62363,2,1,0,0,0,0,0,0,0,0,0,0
62364,1,1,19,19,19,19,19,19,19,19,19,19
62365,1,1,15,15,15,15,15,15,15,15,15,15
62365,2,1,0,0,0,0,0,0,0,0,0,0
62366,1,1,0,0,0,0,0,0,0,0,0,0
62367,1,1,0,0,0,0,0,0,0,0,0,0
62367,2,1,0,0,0,0,0,0,0,0,0,0
62368,1,1,22,22,22,22,22,22,22,22,22,22
62369,1,1,5,5,5,5,5,5,5,5,5,5
62370,1,1,19,19,19,19,19,19,19,19,19,19
62371,1,1,24,24,24,24,24,24,24,24,24,24
62371,2,1,0,0,0,0,0,0,0,0,0,0
62372,1,1,0,0,0,0,0,0,0,0,0,0
62373,1,1,0,0,0,0,0,0,0,0,0,0
62374,1,1,0,0,0,0,0,0,0,0,0,0
62374,2,1,0,0,0,0,0,0,0,0,0,0
62375,1,1,20,20,20,20,20,20,20,20,20,20
62376,1,1,0,0,0,8,0,0,0,0,0,0
62376,2,1,0,0,0,0,0,0,0,0,0,0
62377,1,1,14,0,0,0,0,0,0,0,0,0
62377,2,1,0,0,0,0,0,0,0,0,0,0
62377,3,1,0,6,0,0,0,0,0,0,0,29
62377,4,1,0,0,0,0,0,0,0,0,0,0
62377,5,1,19,22,0,0,0,0,0,0,0,0
62377,6,1,0,0,0,0,0,0,0,0,0,0
62378,1,1,0,0,0,0,0,0,0,0,0,0
62378,2,1,0,0,0,0,0,0,0,0,0,0
62379,1,1,0,0,0,0,0,0,0,0,0,0
62380,1,1,0,0,0,0,0,0,0,0,0,0
62380,2,1,0,0,0,0,0,0,0,0,0,0
62381,0,1,0,0,0,0,0,0,0,0,0,0
62381,1,1,0,0,0,0,0,0,0,0,0,0
62382,0,1,0,0,0,0,0,0,0,0,0,0
62382,1,1,35,0,0,0,19,0,0,0,0,0
62383,0,1,0,0,0,0,0,0,0,0,0,0
62383,1,1,0,0,0,0,0,0,0,0,0,0
62384,1,1,28,28,28,28,28,28,28,28,28,28
62385,0,1,0,0,0,0,0,0,0,0,0,0
62385,0,2,0,0,0,0,0,0,0,0,0,0
62385,1,1,0,0,0,0,0,0,0,0,0,0
62386,1,1,19,19,19,19,19,19,19,19,19,19
62387,1,1,0,14,0,0,0,0,0,0,0,0
62387,2,1,0,0,0,0,0,0,0,0,0,0
62387,3,1,0,0,0,0,0,0,5,21,0,0
62388,1,1,0,0,0,0,0,0,0,0,0,0
62389,0,1,0,0,0,0,0,0,0,0,0,0
62389,1,1,0,0,0,0,0,0,0,0,0,0
62390,1,1,0,0,0,0,0,0,0,0,0,0
62390,2,1,0,0,0,0,0,0,0,0,0,0
62390,3,1,0,0,0,0,0,0,0,0,0,0
62391,0,1,0,0,0,0,0,0,0,0,0,0
62391,1,1,0,0,0,0,0,0,0,0,0,0
62392,0,1,0,0,0,0,0,0,0,0,0,0
62392,1,1,1,1,1,1,1,1,1,1,1,1
62393,0,1,0,0,0,0,0,0,0,0,0,0
62393,1,1,0,0,0,0,0,0,0,6,0,0
62394,1,1,7,7,7,7,7,7,7,7,7,7
62394,2,1,0,0,0,0,0,0,0,0,0,0
62395,1,1,0,0,0,0,0,0,0,0,0,0
62396,0,1,0,0,0,0,0,0,0,0,0,0
62396,1,1,0,0,0,0,0,0,0,0,0,0
62397,1,1,21,21,21,21,21,21,21,21,21,21
62398,0,1,0,0,0,0,0,0,0,0,0,0
62398,1,1,0,0,0,0,0,0,0,0,0,12
62399,0,1,34,34,34,34,34,34,34,34,34,34
62399,1,1,0,0,0,0,0,0,0,0,0,0
62399,2,1,0,0,0,0,0,0,0,0,0,0
62400,0,1,2,2,2,2,2,2,2,2,2,2
62400,1,1,0,0,0,0,0,0,0,0,0,0
62401,1,1,0,0,0,0,0,0,0,0,0,0
62401,2,1,0,0,0,0,0,0,0,0,0,0
62402,1,1,11,11,11,11,11,11,11,11,11,11
62403,0,1,0,0,0,0,0,0,0,0,0,0
62403,1,1,0,0,0,0,0,0,0,0,0,0
62404,1,1,17,17,17,17,17,17,17,17,17,17
62405,1,1,0,0,0,0,0,0,0,0,0,0
62405,2,1,0,0,0,0,0,0,0,0,0,0
62406,0,1,0,0,0,0,0,0,0,0,0,0
62406,1,1,0,0,0,0,0,0,0,0,0,0
62407,1,1,36,36,36,36,36,36,36,36,36,36
62408,0,1,0,0,0,0,0,0,0,0,0,0
62408,1,1,0,0,0,16,0,0,0,0,0,0
62409,1,1,19,19,19,19,19,19,19,19,19,19
62410,1,1,0,27,0,0,0,0,8,0,0,14
62410,2,1,0,0,0,0,0,0,0,0,0,0
62410,3,1,0,0,0,0,0,0,0,0,0,0
62411,1,1,20,12,17,11,17,33,24,19,31,5
62412,0,1,0,0,0,0,0,0,0,0,0,0
62412,1,1,0,0,0,0,0,0,0,0,0,0
62413,1,1,0,0,0,0,0,0,0,0,0,0
62413,2,1,0,0,0,0,0,0,0,0,0,0
62414,1,1,0,0,0,0,0,0,0,0,0,0
62414,2,1,0,0,0,0,0,0,0,0,0,0
62415,0,1,14,14,14,14,14,14,14,14,14,14
62415,1,1,0,0,0,0,0,0,0,0,0,0
62415,2,1,0,0,0,0,0,0,0,0,0,0
62416,1,1,0,0,0,0,0,20,0,0,0,0
62417,0,1,0,0,0,0,0,0,0,0,0,0
62417,0,2,6,0,0,0,0,0,0,27,0,0
62417,1,1,9,9,9,9,9,9,9,9,9,9
62418,1,1,0,0,0,0,0,0,0,0,0,0
62418,2,1,0,0,0,0,0,0,0,0,0,0
62419,0,1,34,34,34,34,34,34,34,34,34,34
62419,1,1,0,0,0,0,0,0,0,0,0,0
62420,0,1,23,23,23,23,23,23,23,23,23,23
62420,1,1,0,0,0,0,0,0,0,0,0,0
62421,0,1,40,40,40,40,40,40,40,40,40,40
62421,1,1,0,7,0,0,11,0,0,7,0,0
62422,0,1,0,0,0,0,0,0,0,0,0,0
62422,1,1,0,0,0,0,0,0,0,0,0,0
62423,1,1,0,0,0,0,0,0,0,0,0,0
62423,2,1,0,0,0,0,0,0,0,0,0,0
62424,1,1,0,0,0,0,0,0,0,0,0,0
62424,2,1,0,0,0,0,0,0,0,0,0,0
62425,0,1,12,12,12,12,12,12,12,12,12,12
62425,1,1,0,0,0,0,0,0,0,0,0,0
62426,1,1,0,0,0,0,0,0,0,0,0,0
62426,2,1,0,0,0,0,0,0,0,0,0,0
62427,1,1,0,0,0,0,0,0,0,0,0,0
62428,1,1,0,0,0,0,10,0,0,0,0,0
62428,2,1,0,0,0,0,0,0,0,0,0,0
62429,0,1,34,34,34,34,34,34,34,34,34,34
62429,1,1,0,0,0,0,0,0,0,0,0,0
62430,1,1,0,0,0,0,0,0,0,0,0,0
62430,2,1,0,0,0,0,0,0,0,0,0,0
62431,1,1,14,14,14,14,14,14,14,14,14,14
62431,2,1,0,0,0,0,0,0,0,0,0,0
62432,0,1,0,0,0,0,0,0,0,0,0,0
62432,1,1,0,0,0,0,0,0,0,0,0,0
62433,1,1,22,0,20,0,0,7,10,0,6,0
62434,1,1,0,0,0,0,0,0,0,0,0,0
62435,0,1,0,0,0,0,0,0,0,0,0,0
62435,1,1,0,0,0,0,0,0,0,0,0,0
62436,0,1,0,0,0,0,0,0,0,0,0,0
62436,1,1,0,0,0,0,0,0,0,0,0,0
62437,0,1,0,0,0,0,0,0,0,0,0,0
62437,1,1,0,0,0,0,0,0,0,0,9,0
62438,1,1,31,31,31,31,31,31,31,31,31,31
62439,1,1,21,21,21,21,21,21,21,21,21,21
62440,1,1,0,0,0,0,0,0,0,0,0,0
62440,2,1,0,25,0,0,0,0,0,0,0,18
62441,1,1,4,0,0,0,0,0,0,0,0,0
62442,1,1,0,0,20,0,0,0,0,0,0,0
62442,2,1,2,2,2,2,2,2,2,2,2,2
62443,0,1,0,0,0,0,0,0,0,0,0,0
62443,1,1,0,0,0,0,0,0,0,0,0,0
62444,1,1,0,0,11,0,0,16,0,0,0,0
62444,2,1,0,0,0,0,0,0,0,0,0,0
62445,1,1,0,0,0,0,0,0,0,0,0,0
62446,1,1,0,0,0,0,0,0,0,0,0,0
62446,2,1,0,0,0,0,0,0,0,0,0,0
62447,1,1,3,3,3,3,3,3,3,3,3,3
62448,1,1,19,19,19,19,19,19,19,19,19,19
62448,2,1,0,0,0,0,0,0,0,0,0,0
62449,1,1,0,0,0,0,0,0,0,0,0,0
62449,2,1,0,0,0,0,0,0,0,0,0,0
62450,1,1,0,0,0,0,0,0,0,0,0,0
62451,1,1,0,0,0,0,0,0,0,0,0,0
62452,0,1,4,4,4,4,4,4,4,4,4,4
62452,1,1,0,0,0,0,0,0,0,0,0,0
62453,1,1,4,0,0,0,0,0,0,0,0,0
62453,2,1,0,0,0,0,0,0,0,0,0,0
62454,0,1,25,25,25,25,25,25,25,25,25,25
62454,1,1,0,0,0,0,0,0,0,0,0,0
62455,1,1,21,21,21,21,21,21,21,21,21,21
62455,2,1,0,0,0,0,0,19,6,0,0,0
62456,1,1,9,9,9,9,9,9,9,9,9,9
62457,0,1,0,0,0,0,0,0,0,0,0,0
62457,1,1,0,0,9,0,7,0,0,5,0,11
62458,0,1,0,0,0,0,0,0,0,0,0,0
62458,1,1,0,0,0,0,0,0,0,0,0,0
62459,0,1,0,0,0,0,0,0,0,0,0,0
62459,1,1,0,0,0,0,0,0,0,0,0,0
62459,2,1,0,0,0,0,0,0,0,0,0,0
62460,0,1,26,24,24,33,24,18,30,38,15,16
62460,1,1,0,0,0,0,0,0,0,0,0,0
62461,1,1,0,0,0,0,0,0,0,0,0,0
62462,1,1,0,0,0,0,0,0,0,0,16,0
62463,0,1,0,0,0,0,0,0,0,0,0,0
62463,1,1,0,0,0,0,0,0,0,0,0,0
62464,0,1,0,0,0,0,0,0,0,0,0,0
62464,1,1,0,0,0,0,0,0,0,0,0,0
62465,1,1,32,32,32,32,32,32,32,32,32,32
62466,1,1,0,0,0,0,0,0,0,0,0,0
62466,2,1,0,0,0,0,0,0,0,0,0,0
62467,1,1,14,14,14,14,14,14,14,14,14,14
62468,1,1,25,0,0,0,0,0,16,0,16,30
62469,1,1,19,19,19,19,19,19,19,19,19,19
62469,2,1,0,0,0,0,0,0,0,0,0,0
62470,0,1,25,25,25,25,25,25,25,25,25,25
62470,1,1,0,0,0,0,0,0,0,0,0,0
62471,1,1,0,0,0,0,0,0,0,0,0,0
62471,2,1,0,0,0,0,0,0,13,0,0,0
62472,0,1,15,15,15,15,15,15,15,15,15,15
62472,1,1,0,0,0,0,0,0,0,0,0,0
62473,0,1,0,33,0,0,0,14,29,0,0,0
62473,1,1,0,0,0,0,0,0,0,0,0,0
62474,1,1,0,0,0,0,0,0,0,0,0,0
62474,2,1,5,5,5,5,5,5,5,5,5,5
62475,0,1,0,0,0,0,0,0,0,0,0,0
62475,1,1,0,0,0,0,0,0,0,0,0,0
62476,1,1,0,0,0,0,0,0,0,0,0,0
62476,2,1,0,0,0,0,0,0,0,0,0,0
62476,3,1,0,0,0,0,0,0,0,0,0,0
62476,4,1,0,0,0,0,0,0,0,13,0,0
62476,5,1,0,0,0,0,0,0,0,0,0,0
62476,6,1,0,0,0,0,0,0,0,0,0,0
62477,1,1,19,19,19,19,19,19,19,19,19,19
62478,0,1,0,16,0,0,0,0,0,0,0,28
62478,1,1,0,0,0,0,0,0,0,0,0,0
62479,1,1,0,0,0,0,0,0,7,0,0,0
62479,2,1,0,0,0,0,0,0,0,0,0,0
62479,3,1,0,0,0,0,0,12,0,0,0,0
62480,1,1,22,22,22,22,22,22,22,22,22,22
62480,2,1,0,0,0,0,0,0,0,0,0,0
62481,1,1,0,0,0,0,0,0,0,0,0,0
62482,0,1,0,0,0,0,0,0,0,0,0,0
62482,1,1,0,0,0,0,0,0,0,0,0,0
62483,0,1,0,0,0,0,0,0,0,0,0,0
62483,1,1,0,0,0,0,0,0,0,0,0,0
62484,0,1,0,0,0,0,0,0,0,0,0,0
62484,0,2,0,0,0,0,0,0,0,0,0,0
62484,1,1,18,18,18,18,18,18,18,18,18,18
62485,1,1,11,11,11,11,11,11,11,11,11,11
62485,2,1,0,0,0,0,0,0,0,0,0,0
62486,0,1,0,0,0,0,0,0,0,0,0,0
62486,1,1,0,0,0,0,0,0,0,0,0,0
62487,1,1,0,0,0,0,0,0,0,0,0,0
62487,2,1,0,0,0,0,0,0,0,0,0,0
62488,1,1,0,0,0,0,0,0,0,0,0,0
62489,1,1,0,0,0,0,0,0,0,0,0,0
62490,0,1,29,29,29,29,29,29,29,29,29,29
62490,1,1,13,13,13,13,13,13,13,13,13,13
62491,1,1,19,19,19,19,19,19,19,19,19,19
62492,1,1,9,9,9,9,9,9,9,9,9,9
62493,0,1,0,0,0,0,0,0,0,0,0,0
62493,1,1,0,0,0,0,0,0,0,0,0,0
62494,1,1,0,0,0,0,0,0,0,0,0,0
62495,1,1,0,0,0,0,0,0,0,0,0,0
62496,1,1,11,25,12,0,8,13,14,9,17,20
62497,1,1,10,10,10,10,10,10,10,10,10,10
62498,1,1,15,15,15,15,15,15,15,15,15,15
62499,1,1,0,0,0,0,0,0,0,0,0,0
62499,2,1,0,0,0,0,0,0,0,0,0,0
62500,0,1,0,0,15,6,23,0,0,0,0,12
62500,1,1,0,0,0,0,0,0,0,0,0,0
62501,1,1,0,0,0,0,0,9,0,0,0,17
62501,2,1,14,14,14,14,14,14,14,14,14,14
62502,1,1,30,30,30,30,30,30,30,30,30,30
62503,1,1,0,0,0,0,0,0,0,0,0,0
62504,0,1,0,0,0,0,0,0,0,0,0,0
62504,1,1,0,0,0,0,0,0,0,0,36,0
62505,1,1,24,24,24,24,24,24,24,24,24,24
62505,2,1,0,0,0,0,0,0,0,0,0,0
62506,0,1,0,0,0,0,0,0,0,0,0,0
62506,1,1,0,0,0,34,0,18,0,0,0,0
62507,1,1,15,15,15,15,15,15,15,15,15,15
62507,2,1,0,0,0,0,0,0,0,0,0,0
62507,3,1,0,0,0,0,0,0,0,0,0,0
62507,4,1,0,0,0,0,0,0,0,0,0,0
62508,0,1,0,0,0,0,0,0,0,0,0,0
62508,1,1,0,0,0,0,0,0,0,0,0,0
62509,0,1,0,0,0,0,0,0,0,0,0,0
62509,1,1,0,0,0,0,0,0,0,0,0,0
62510,1,1,0,9,0,14,0,0,0,0,0,0
62511,1,1,0,0,0,0,0,0,0,0,0,0
62511,2,1,0,0,0,0,0,0,0,0,0,0
62512,1,1,0,0,0,0,0,0,0,0,0,0
62512,2,1,0,0,0,0,0,0,0,0,0,0
62513,0,1,0,0,0,0,0,0,0,0,0,0
62513,1,1,0,0,0,0,0,0,0,0,0,0
62514,0,1,10,10,25,0,0,4,0,0,0,0
62514,1,1,0,0,0,0,0,0,0,0,0,0
62514,2,1,0,0,0,0,0,0,0,0,0,0
62515,1,1,11,11,11,11,11,11,11,11,11,11
62515,2,1,5,5,5,5,5,5,5,5,5,5
62516,0,1,0,0,0,0,0,0,0,0,0,0
62516,1,1,0,0,0,0,0,0,0,0,0,0
62517,1,1,0,0,0,0,8,0,0,0,0,9
62518,1,1,0,0,0,0,0,0,0,0,0,0
62519,0,1,15,15,15,15,15,15,15,15,15,15
62519,1,1,0,0,0,0,0,0,0,0,0,0
62520,1,1,0,0,0,0,0,0,0,0,0,0
62520,2,1,0,0,0,0,0,0,0,0,0,0
62520,3,1,0,13,0,0,0,0,0,0,0,0
62520,4,1,0,0,0,0,0,7,0,0,0,0
62521,1,1,0,0,0,0,0,0,0,0,0,0
62521,2,1,0,0,0,0,0,0,0,0,0,0
62522,0,1,16,16,16,16,16,16,16,16,16,16
62522,1,1,9,9,9,9,9,9,9,9,9,9
62522,2,1,4,4,4,4,4,4,4,4,4,4
62523,1,1,0,0,0,0,0,0,0,0,0,0
62523,2,1,0,0,0,0,0,0,0,0,0,0
62524,0,1,13,13,13,13,13,13,13,13,13,13
62524,0,2,25,25,25,25,25,25,25,25,25,25
62524,1,1,0,0,0,0,0,0,0,0,0,0
62525,1,1,0,0,0,0,0,0,0,0,0,0
62525,2,1,0,0,0,0,0,0,0,0,0,0
62526,0,1,0,0,0,0,0,0,0,0,0,0
62526,1,1,0,0,0,0,0,0,0,0,0,0
62526,2,1,0,0,0,13,0,0,0,0,0,0
62527,0,1,0,0,0,0,0,0,0,0,0,0
62527,1,1,0,17,0,0,0,0,0,0,23,0
62528,0,1,24,24,24,24,24,24,24,24,24,24
62528,1,1,12,12,12,12,12,12,12,12,12,12
62529,0,1,23,23,23,23,23,23,23,23,23,23
62529,1,1,0,0,0,0,0,0,0,0,0,0
62530,1,1,0,0,0,0,0,0,0,0,0,0
62530,2,1,0,0,0,0,0,0,0,0,0,0
62531,1,1,0,0,0,0,0,0,0,0,0,0
62531,2,1,0,0,0,0,0,0,0,0,0,0
62532,0,1,17,17,17,17,17,17,17,17,17,17
62532,1,1,0,0,0,0,0,0,0,0,0,0
62532,2,1,0,0,0,0,15,0,0,0,0,0
62533,1,1,24,24,24,24,24,24,24,24,24,24
62533,2,1,0,0,0,8,0,0,0,0,0,0
62534,1,1,4,4,4,4,4,4,4,4,4,4
62535,0,1,0,0,0,0,0,0,0,0,0,0
62535,0,2,0,0,0,0,0,0,0,0,0,0
62535,1,1,0,0,0,0,0,0,0,0,0,0
62536,1,1,0,0,0,0,0,0,0,0,0,0
62536,2,1,0,16,0,0,0,0,15,0,0,0
62536,3,1,0,0,0,0,0,0,0,0,0,0
62537,1,1,0,0,14,0,0,0,0,0,0,0
62537,2,1,0,0,0,0,0,0,0,0,0,0
62537,3,1,0,0,13,0,0,0,0,0,0,0
62538,1,1,0,0,0,0,0,0,0,0,0,0
62539,1,1,0,0,0,0,0,0,0,0,0,0
62539,2,1,0,0,0,0,0,0,0,0,0,0
62540,0,1,0,0,0,0,0,0,0,0,0,0
62540,1,1,0,0,0,0,0,0,0,0,0,0
62541,1,1,31,22,14,21,34,17,33,31,22,18
62542,0,1,6,6,6,6,6,6,6,6,6,6
62542,0,2,0,0,0,6,0,0,19,0,0,43
62542,0,3,0,0,0,0,0,0,0,0,0,0
62542,1,1,7,7,7,7,7,7,7,7,7,7
62543,1,1,28,28,28,28,28,28,28,28,28,28
62543,2,1,0,0,0,0,0,0,0,0,0,0
62544,0,1,42,42,42,42,42,42,42,42,42,42
62544,1,1,0,0,0,0,0,0,0,0,0,0
62545,0,1,30,30,30,30,30,30,30,30,30,30
62545,1,1,0,0,0,0,0,0,0,0,0,0
62546,0,1,0,0,0,0,0,0,0,0,0,0
62546,1,1,0,0,0,0,0,0,0,0,0,0
62546,2,1,0,0,0,0,0,0,0,0,0,0
62547,1,1,0,21,17,21,7,0,9,0,6,0
62548,1,1,0,0,0,0,0,0,0,0,0,0
62548,2,1,0,0,0,0,0,0,0,0,0,0
62549,1,1,0,0,0,0,0,0,0,0,0,0
62550,1,1,0,0,0,0,0,0,0,0,0,0
62551,1,1,8,8,8,8,8,8,8,8,8,8
62552,0,1,0,0,0,0,0,0,0,0,0,0
62552,1,1,0,0,0,0,0,0,0,0,0,0
62553,1,1,0,0,0,0,0,0,0,0,0,0
62554,0,1,0,0,0,0,0,0,0,0,0,0
62554,1,1,0,0,0,9,0,0,0,0,0,0
62555,1,1,0,0,0,0,0,0,11,0,0,12
62555,2,1,20,20,20,20,20,20,20,20,20,20
62556,0,1,0,0,0,0,0,0,0,0,0,0
62556,1,1,0,0,0,0,0,0,0,0,0,0
62557,0,1,0,0,0,0,0,0,0,0,0,0
62557,1,1,0,0,0,0,0,0,0,0,0,0
62558,0,1,0,0,0,0,0,0,0,0,0,0
62558,1,1,8,20,16,7,7,14,25,21,0,22
62559,1,1,21,21,21,21,21,21,21,21,21,21
62560,1,1,0,0,15,0,0,0,0,0,0,0
62560,2,1,0,0,16,0,0,0,0,0,18,0
62561,0,1,0,0,0,0,0,0,0,0,0,0
62561,1,1,0,0,0,0,0,0,0,0,0,0
62562,0,1,0,0,0,0,0,0,0,0,0,0
62562,1,1,0,0,0,0,0,0,0,0,0,0
62563,1,1,0,0,0,0,0,0,0,0,0,0
62563,2,1,0,0,0,0,0,0,0,0,0,0
62564,0,1,0,0,0,0,0,0,0,0,27,0
62564,1,1,0,0,0,0,0,0,0,0,0,0
62565,1,1,0,0,0,0,0,0,0,34,0,0
62566,1,1,15,15,15,15,15,15,15,15,15,15
62567,1,1,11,11,11,11,11,11,11,11,11,11
62567,2,1,0,0,0,0,0,0,0,0,0,0
62568,1,1,12,0,0,0,0,0,0,0,0,0
62569,0,1,0,0,0,0,0,0,0,0,0,0
62569,1,1,0,0,0,0,0,0,0,0,0,0
62570,1,1,0,0,0,0,0,0,0,0,0,0
62570,2,1,0,0,0,0,0,0,0,0,0,0
62570,3,1,0,0,0,0,0,0,0,0,0,0
62571,0,1,0,0,0,0,28,0,0,0,0,0
62571,1,1,0,0,0,0,0,0,0,0,0,6
62572,0,1,0,20,0,0,0,42,28,0,0,0
62572,1,1,0,0,0,0,0,0,0,0,0,0
62573,0,1,22,15,8,0,25,0,24,0,0,0
62573,0,2,0,0,0,0,0,0,0,0,0,0
62573,1,1,0,0,0,0,0,0,0,0,0,0
62574,1,1,0,0,0,0,0,0,0,0,0,0
62574,2,1,0,0,0,0,0,0,0,0,0,0
62574,3,1,0,0,0,0,0,0,0,0,0,0
62575,1,1,12,0,10,0,0,0,23,0,0,0
62575,2,1,0,0,0,0,0,0,0,0,0,0
62576,1,1,0,0,0,10,0,0,0,0,0,0
62576,2,1,0,0,0,0,0,0,0,0,0,0
62577,1,1,0,0,0,0,0,0,0,0,0,0
62578,0,1,0,0,0,0,0,0,0,0,0,0
62578,1,1,0,0,0,0,0,0,0,0,0,0
62579,0,1,0,0,0,0,0,0,0,0,0,0
62579,1,1,0,0,0,0,21,0,0,0,20,0
62580,1,1,0,0,0,0,0,0,0,0,0,0
62581,1,1,0,0,0,0,0,0,0,0,0,0
62582,1,1,0,0,0,0,0,0,0,0,0,0
62582,2,1,0,0,0,0,0,0,0,0,0,0
62583,1,1,0,0,0,0,0,0,0,0,0,0
62583,2,1,0,0,0,0,0,0,0,0,0,0
62584,0,1,0,0,0,0,18,0,0,0,0,14
62584,1,1,0,0,0,0,0,0,0,0,0,0
62585,1,1,0,0,0,0,0,0,0,0,0,0
62585,2,1,0,0,0,0,0,0,0,0,0,0
62586,0,1,11,0,0,0,0,0,0,0,0,0
62586,1,1,0,0,0,0,0,0,0,0,0,0
62587,1,1,14,14,14,14,14,14,14,14,14,14
62588,1,1,0,0,0,0,0,0,0,0,0,0
62588,2,1,0,0,0,0,0,0,0,0,0,0
62588,3,1,0,0,0,0,0,0,0,0,0,0
62589,1,1,0,0,0,0,0,0,0,0,0,0
62589,2,1,0,0,0,0,0,0,0,0,0,0
62590,0,1,0,0,0,0,0,0,0,0,0,0
62590,1,1,0,0,0,0,0,0,0,0,0,0
62591,0,1,0,0,0,0,0,0,0,0,0,0
62591,1,1,0,0,0,0,0,0,0,0,0,0
62592,1,1,25,25,25,25,25,25,25,25,25,25
62593,0,1,0,0,0,0,0,0,0,0,0,0
62593,1,1,0,0,0,0,0,0,0,0,0,0
62594,1,1,0,0,0,0,0,0,0,0,0,0
62594,2,1,0,0,0,0,0,0,0,0,0,0
62595,1,1,0,0,0,0,0,0,0,0,0,0
62595,2,1,0,0,0,0,0,0,0,0,0,0
62596,0,1,0,0,0,0,0,0,0,0,0,0
62596,1,1,0,0,0,0,0,0,0,14,0,0
62597,0,1,0,0,0,0,0,0,0,0,0,14
62597,1,1,0,0,0,0,0,0,0,0,0,0
62598,1,1,14,14,14,14,14,14,14,14,14,14
62598,2,1,11,0,0,0,0,0,8,0,0,0
62599,1,1,0,0,0,0,0,0,0,0,0,0
62600,1,1,3,3,3,3,3,3,3,3,3,3
62600,2,1,0,0,0,0,0,0,0,0,0,0
62601,0,1,0,0,0,0,0,0,0,0,0,0
62601,1,1,0,0,0,0,0,0,0,0,0,0
62602,1,1,0,0,0,0,0,0,0,0,0,0
62603,1,1,0,0,0,0,0,0,0,0,0,0
62603,2,1,0,0,0,0,0,0,0,0,0,0
62604,1,1,19,19,19,19,19,19,19,19,19,19
62605,0,1,0,0,0,0,0,0,0,0,0,0
62605,1,1,0,0,0,0,0,0,0,0,0,0
62606,1,1,0,0,0,0,0,0,0,0,0,0
62606,2,1,0,0,0,0,0,22,0,0,0,0
62606,3,1,0,0,0,0,0,0,0,0,0,0
62606,4,1,0,0,0,0,0,0,0,0,0,0
62607,0,1,22,22,22,22,22,22,22,22,22,22
62607,1,1,18,18,18,18,18,18,18,18,18,18
62607,2,1,0,0,0,0,0,0,0,0,0,0
62608,1,1,0,0,0,0,0,0,0,0,0,0
62609,0,1,0,0,0,0,0,0,0,0,0,0
62609,1,1,3,3,3,3,3,3,3,3,3,3
62610,1,1,0,0,0,0,0,0,0,0,0,0
62610,2,1,0,0,0,0,0,0,0,0,0,0
62611,0,1,0,0,0,0,0,0,0,0,0,0
62611,1,1,0,37,0,37,0,17,20,0,18,0
62612,0,1,0,0,0,0,0,0,0,0,0,0
62612,1,1,0,0,0,0,0,0,0,0,0,0
62613,0,1,0,0,0,0,0,0,0,0,0,0
62613,1,1,0,0,0,0,0,0,0,0,0,0
62614,0,1,0,0,0,0,10,0,16,0,0,0
62614,1,1,0,0,0,0,0,0,0,0,0,0
62615,1,1,0,0,0,0,0,0,0,0,0,0
62616,1,1,0,0,0,0,0,0,0,0,0,0
62617,1,1,33,33,33,33,33,33,33,33,33,33
62618,1,1,0,0,0,0,0,0,0,0,0,0
62618,2,1,0,0,0,0,0,0,11,0,0,0
62619,0,1,9,9,9,9,9,9,9,9,9,9
62619,1,1,16,0,0,0,0,0,0,0,6,0